disease_id,hpo_disease_id,hpo_id,hpo_label,frequency,onset,evidence,reference,hpo_release_tag
MONDO:0009266,OMIM:230900,HP:0001276,Hypertonia,1/2,,PCS,PMID:22713811,v2026-09-01
MONDO:0009266,OMIM:230900,HP:0002344,Progressive neurologic deterioration,,,PCS,PMID:22713811,v2026-09-01
MONDO:0009266,OMIM:230900,HP:0002100,Recurrent aspiration pneumonia,1/2,,PCS,PMID:22713811,v2026-09-01
MONDO:0009266,OMIM:230900,HP:0000486,Strabismus,2/4,,PCS,PMID:22713811,v2026-09-01
MONDO:0009266,OMIM:230900,HP:0010307,Stridor,1/2,,PCS,PMID:22713811,v2026-09-01
MONDO:0009266,OMIM:230900,HP:0002483,Bulbar signs,,,IEA,OMIM:230900,v2026-09-01
MONDO:0009266,OMIM:230900,HP:0001250,Seizure,,,IEA,OMIM:230900,v2026-09-01
MONDO:0009266,OMIM:230900,HP:0002063,Rigidity,,,IEA,OMIM:230900,v2026-09-01
MONDO:0009266,OMIM:230900,HP:0002020,Gastroesophageal reflux,1/2,,PCS,PMID:22713811,v2026-09-01
MONDO:0009266,OMIM:230900,HP:0002240,Hepatomegaly,1/2,,PCS,PMID:22713811,v2026-09-01
MONDO:0009266,OMIM:230900,HP:0011950,Unusual bronchiolitis,1/2,,PCS,PMID:22713811,v2026-09-01
MONDO:0009266,OMIM:230900,HP:0001508,Failure to thrive,2/2,,PCS,PMID:22713811,v2026-09-01
MONDO:0009266,OMIM:230900,HP:0001903,Anemia,1/2,,PCS,PMID:22713811,v2026-09-01
MONDO:0009266,OMIM:230900,HP:0000657,Oculomotor apraxia,1/2,,PCS,PMID:22713811,v2026-09-01
MONDO:0009266,OMIM:230900,HP:0001744,Splenomegaly,1/2,,PCS,PMID:22713811,v2026-09-01
MONDO:0009266,OMIM:230900,HP:0001347,Hyperreflexia,,,IEA,OMIM:230900,v2026-09-01
MONDO:0009266,OMIM:230900,HP:0002059,Cerebral atrophy,,,IEA,OMIM:230900,v2026-09-01
MONDO:0009266,OMIM:230900,HP:0002015,Dysphagia,1/2,,PCS,PMID:22713811,v2026-09-01
MONDO:0009266,OMIM:230900,HP:0000211,Trismus,,,IEA,OMIM:230900,v2026-09-01
MONDO:0009266,OMIM:230900,HP:0011968,Feeding difficulties,1/2,,PCS,PMID:22713811,v2026-09-01
MONDO:0009266,OMIM:230900,HP:0001263,Global developmental delay,2/2,,PCS,PMID:22713811,v2026-09-01
MONDO:0009266,OMIM:230900,HP:0012735,Cough,1/2,,PCS,PMID:22713811,v2026-09-01
MONDO:0009266,OMIM:230900,HP:0011590,Double aortic arch,1/2,,PCS,PMID:22713811,v2026-09-01
MONDO:0009266,OMIM:230900,HP:0000602,Ophthalmoplegia,1/2,,PCS,PMID:22713811,v2026-09-01
MONDO:0009266,OMIM:230900,HP:0001538,Protuberant abdomen,,,TAS,OMIM:230900,v2026-09-01
MONDO:0009266,OMIM:230900,HP:0000565,Esotropia,,,TAS,OMIM:230900,v2026-09-01
MONDO:0009266,OMIM:230900,HP:0001257,Spasticity,,,IEA,OMIM:230900,v2026-09-01
MONDO:0009266,OMIM:230900,HP:0001873,Thrombocytopenia,1/2,,PCS,PMID:22713811,v2026-09-01
MONDO:0009266,OMIM:230900,HP:0002104,Apnea,1/2,,PCS,PMID:22713811,v2026-09-01
MONDO:0009026,OMIM:218040,HP:0000286,Epicanthus,,,IEA,OMIM:218040,v2026-09-01
MONDO:0009026,OMIM:218040,HP:0001771,Achilles tendon contracture,,,IEA,OMIM:218040,v2026-09-01
MONDO:0009026,OMIM:218040,HP:0002862,Bladder carcinoma,,,IEA,OMIM:218040,v2026-09-01
MONDO:0009026,OMIM:218040,HP:0000486,Strabismus,,,IEA,OMIM:218040,v2026-09-01
MONDO:0009026,OMIM:218040,HP:0004322,Short stature,,,IEA,OMIM:218040,v2026-09-01
MONDO:0009026,OMIM:218040,HP:0002021,Pyloric stenosis,,,IEA,OMIM:218040,v2026-09-01
MONDO:0009026,OMIM:218040,HP:0002780,Bronchomalacia,,,IEA,OMIM:218040,v2026-09-01
MONDO:0009026,OMIM:218040,HP:0000083,Renal insufficiency,HP:0040283,,TAS,OMIM:218040,v2026-09-01
MONDO:0009026,OMIM:218040,HP:0000280,Coarse facial features,,,IEA,OMIM:218040,v2026-09-01
MONDO:0009026,OMIM:218040,HP:0006191,Deep palmar crease,,,IEA,OMIM:218040,v2026-09-01
MONDO:0009026,OMIM:218040,HP:0001808,Fragile nails,,,IEA,OMIM:218040,v2026-09-01
MONDO:0009026,OMIM:218040,HP:0001609,Hoarse voice,,,IEA,OMIM:218040,v2026-09-01
MONDO:0009026,OMIM:218040,HP:0000316,Hypertelorism,,,IEA,OMIM:218040,v2026-09-01
MONDO:0009026,OMIM:218040,HP:0009588,Vestibular schwannoma,,,IEA,OMIM:218040,v2026-09-01
MONDO:0009026,OMIM:218040,HP:0002859,Rhabdomyosarcoma,,,IEA,OMIM:218040,v2026-09-01
MONDO:0009026,OMIM:218040,HP:0000238,Hydrocephalus,,,TAS,OMIM:218040,v2026-09-01
MONDO:0009026,OMIM:218040,HP:0000953,Hyperpigmentation of the skin,,,IEA,OMIM:218040,v2026-09-01
MONDO:0009026,OMIM:218040,HP:0000956,Acanthosis nigricans,,,IEA,OMIM:218040,v2026-09-01
MONDO:0009026,OMIM:218040,HP:0002779,Tracheomalacia,,,IEA,OMIM:218040,v2026-09-01
MONDO:0009026,OMIM:218040,HP:0000158,Macroglossia,,,IEA,OMIM:218040,v2026-09-01
MONDO:0009026,OMIM:218040,HP:0001642,Pulmonic stenosis,,,IEA,OMIM:218040,v2026-09-01
MONDO:0009026,OMIM:218040,HP:0001249,Intellectual disability,,,IEA,OMIM:218040,v2026-09-01
MONDO:0009026,OMIM:218040,HP:0000358,Posteriorly rotated ears,,,TAS,OMIM:218040,v2026-09-01
MONDO:0009026,OMIM:218040,HP:0000494,Downslanted palpebral fissures,,,IEA,OMIM:218040,v2026-09-01
MONDO:0009026,OMIM:218040,HP:0001187,Hyperextensibility of the finger joints,,,IEA,OMIM:218040,v2026-09-01
MONDO:0009026,OMIM:218040,HP:0003764,Nevus,,,IEA,OMIM:218040,v2026-09-01
MONDO:0009026,OMIM:218040,HP:0002870,Obstructive sleep apnea,,,IEA,OMIM:218040,v2026-09-01
MONDO:0009026,OMIM:218040,HP:0000293,Full cheeks,,,TAS,OMIM:218040,v2026-09-01
MONDO:0009026,OMIM:218040,HP:0002033,Poor suck,,,IEA,OMIM:218040,v2026-09-01
MONDO:0009026,OMIM:218040,HP:0001263,Global developmental delay,,,TAS,OMIM:218040,v2026-09-01
MONDO:0009026,OMIM:218040,HP:0001816,Thin nail,,,TAS,OMIM:218040,v2026-09-01
MONDO:0009026,OMIM:218040,HP:0001814,Deep-set nails,,,IEA,OMIM:218040,v2026-09-01
MONDO:0009026,OMIM:218040,HP:0000768,Pectus carinatum,,,IEA,OMIM:218040,v2026-09-01
MONDO:0009026,OMIM:218040,HP:0002107,Pneumothorax,,,IEA,OMIM:218040,v2026-09-01
MONDO:0009026,OMIM:218040,HP:0000369,Low-set ears,,,IEA,OMIM:218040,v2026-09-01
MONDO:0009026,OMIM:218040,HP:0001699,Sudden death,,,IEA,OMIM:218040,v2026-09-01
MONDO:0009026,OMIM:218040,HP:0000463,Anteverted nares,,,IEA,OMIM:218040,v2026-09-01
MONDO:0009026,OMIM:218040,HP:0001552,Barrel-shaped chest,,,IEA,OMIM:218040,v2026-09-01
MONDO:0009026,OMIM:218040,HP:0000260,Wide anterior fontanel,,,TAS,OMIM:218040,v2026-09-01
MONDO:0009026,OMIM:218040,HP:0011675,Arrhythmia,,,TAS,OMIM:218040,v2026-09-01
MONDO:0009026,OMIM:218040,HP:0031842,Lymphangiectasis,,,IEA,OMIM:218040,v2026-09-01
MONDO:0009026,OMIM:218040,HP:0008070,Sparse hair,,,IEA,OMIM:218040,v2026-09-01
MONDO:0009026,OMIM:218040,HP:0001508,Failure to thrive,,,IEA,OMIM:218040,v2026-09-01
MONDO:0009026,OMIM:218040,HP:0001629,Ventricular septal defect,,,IEA,OMIM:218040,v2026-09-01
MONDO:0009026,OMIM:218040,HP:0001548,Overgrowth,,,TAS,OMIM:218040,v2026-09-01
MONDO:0009026,OMIM:218040,HP:0001943,Hypoglycemia,,,IEA,OMIM:218040,v2026-09-01
MONDO:0009026,OMIM:218040,HP:0001869,Deep plantar creases,,,IEA,OMIM:218040,v2026-09-01
MONDO:0009026,OMIM:218040,HP:0002119,Ventriculomegaly,,,TAS,OMIM:218040,v2026-09-01
MONDO:0009026,OMIM:218040,HP:0002878,Respiratory failure,,,TAS,OMIM:218040,v2026-09-01
MONDO:0009026,OMIM:218040,HP:0000218,High palate,,,IEA,OMIM:218040,v2026-09-01
MONDO:0009026,OMIM:218040,HP:0000179,Thick lower lip vermilion,,,IEA,OMIM:218040,v2026-09-01
MONDO:0009026,OMIM:218040,HP:0000256,Macrocephaly,,,IEA,OMIM:218040,v2026-09-01
MONDO:0009026,OMIM:218040,HP:0005989,Redundant neck skin,,,IEA,OMIM:218040,v2026-09-01
MONDO:0009026,OMIM:218040,HP:0002996,Limited elbow movement,,,IEA,OMIM:218040,v2026-09-01
MONDO:0009026,OMIM:218040,HP:0001622,Premature birth,,,TAS,OMIM:218040,v2026-09-01
MONDO:0009026,OMIM:218040,HP:0002212,Curly hair,,,IEA,OMIM:218040,v2026-09-01
MONDO:0009026,OMIM:218040,HP:0001561,Polyhydramnios,,,IEA,OMIM:218040,v2026-09-01
MONDO:0009026,OMIM:218040,HP:0002059,Cerebral atrophy,,,IEA,OMIM:218040,v2026-09-01
MONDO:0009026,OMIM:218040,HP:0001762,Talipes equinovarus,,,IEA,OMIM:218040,v2026-09-01
MONDO:0009026,OMIM:218040,HP:0000470,Short neck,,,IEA,OMIM:218040,v2026-09-01
MONDO:0009026,OMIM:218040,HP:0002093,Respiratory insufficiency,,,IEA,OMIM:218040,v2026-09-01
MONDO:0009026,OMIM:218040,HP:0005280,Depressed nasal bridge,,,IEA,OMIM:218040,v2026-09-01
MONDO:0009026,OMIM:218040,HP:0001639,Hypertrophic cardiomyopathy,,,IEA,OMIM:218040,v2026-09-01
MONDO:0009026,OMIM:218040,HP:0007099,Chiari type I malformation,,,TAS,OMIM:218040,v2026-09-01
MONDO:0009026,OMIM:218040,HP:0000508,Ptosis,,,IEA,OMIM:218040,v2026-09-01
MONDO:0009026,OMIM:218040,HP:0012081,Enlarged cerebellum,,,TAS,OMIM:218040,v2026-09-01
MONDO:0009026,OMIM:218040,HP:0000307,Pointed chin,,,TAS,OMIM:218040,v2026-09-01
MONDO:0009026,OMIM:218040,HP:0000465,Webbed neck,,,IEA,OMIM:218040,v2026-09-01
MONDO:0009026,OMIM:218040,HP:0001598,Concave nail,,,IEA,OMIM:218040,v2026-09-01
MONDO:0009026,OMIM:218040,HP:0001631,Atrial septal defect,,,IEA,OMIM:218040,v2026-09-01
MONDO:0009026,OMIM:218040,HP:0001634,Mitral valve prolapse,,,IEA,OMIM:218040,v2026-09-01
MONDO:0009026,OMIM:218040,HP:0000347,Micrognathia,,,TAS,OMIM:218040,v2026-09-01
MONDO:0010589,OMIM:305400,HP:0000486,Strabismus,,,IEA,OMIM:305400,v2026-09-01
MONDO:0010589,OMIM:305400,HP:0001773,Short foot,,,TAS,OMIM:305400,v2026-09-01
MONDO:0010589,OMIM:305400,HP:0001256,Mild intellectual disability,HP:0040284,,PCS,PMID:20082460,v2026-09-01
MONDO:0010589,OMIM:305400,HP:0004322,Short stature,16/16,,PCS,PMID:20082460;PMID:11093277;PMID:23211637,v2026-09-01
MONDO:0010589,OMIM:305400,HP:0003311,Hypoplasia of the odontoid process,,,IEA,OMIM:305400,v2026-09-01
MONDO:0010589,OMIM:305400,HP:0003196,Short nose,14/16,,PCS,PMID:20082460;PMID:11093277;PMID:23211637,v2026-09-01
MONDO:0010589,OMIM:305400,HP:0004482,Relative macrocephaly,2/3,,PCS,PMID:11093277,v2026-09-01
MONDO:0010589,OMIM:305400,HP:0032277,Lozenge-shaped umbilicus,3/5,,PCS,PMID:8076412,v2026-09-01
MONDO:0010589,OMIM:305400,HP:0000954,Single transverse palmar crease,6/13,,PCS,PMID:20082460;PMID:11093277,v2026-09-01
MONDO:0010589,OMIM:305400,HP:0000316,Hypertelorism,17/17,,PCS,PMID:20082460;PMID:11093277;PMID:23211637;PMID:34189097,v2026-09-01
MONDO:0010589,OMIM:305400,HP:0009466,Radial deviation of finger,,,IEA,OMIM:305400,v2026-09-01
MONDO:0010589,OMIM:305400,HP:0001769,Broad foot,8/11,,PCS,PMID:20082460,v2026-09-01
MONDO:0010589,OMIM:305400,HP:0000311,Round face,1/1,,PCS,PMID:34189097,v2026-09-01
MONDO:0010589,OMIM:305400,HP:0001763,Pes planus,1/1,,PCS,PMID:34189097,v2026-09-01
MONDO:0010589,OMIM:305400,HP:0001840,Metatarsus adductus,5/13,,PCS,PMID:20082460;PMID:23211637,v2026-09-01
MONDO:0010589,OMIM:305400,HP:0001169,Broad palm,22/22,,PCS,PMID:20082460,v2026-09-01
MONDO:0010589,OMIM:305400,HP:0009748,Large earlobe,,,IEA,OMIM:305400,v2026-09-01
MONDO:0010589,OMIM:305400,HP:0001249,Intellectual disability,0/2,,PCS,PMID:23211637,v2026-09-01
MONDO:0010589,OMIM:305400,HP:0003502,Mild short stature,,,IEA,OMIM:305400,v2026-09-01
MONDO:0010589,OMIM:305400,HP:0000252,Microcephaly,1/3,,PCS,PMID:11093277,v2026-09-01
MONDO:0010589,OMIM:305400,HP:0001187,Hyperextensibility of the finger joints,3/12,,PCS,PMID:20082460;PMID:34189097,v2026-09-01
MONDO:0010589,OMIM:305400,HP:0000494,Downslanted palpebral fissures,7/14,,PCS,PMID:20082460;PMID:11093277,v2026-09-01
MONDO:0010589,OMIM:305400,HP:0000175,Cleft palate,,HP:0003577,IEA,OMIM:305400,v2026-09-01
MONDO:0010589,OMIM:305400,HP:0002750,Delayed skeletal maturation,5/8,,PCS,PMID:20082460;PMID:11093277,v2026-09-01
MONDO:0010589,OMIM:305400,HP:0001382,Joint hypermobility,1/1,,PCS,PMID:34189097,v2026-09-01
MONDO:0010589,OMIM:305400,HP:0011969,Elevated circulating luteinizing hormone level,1/1,,PCS,PMID:34189097,v2026-09-01
MONDO:0010589,OMIM:305400,HP:0001263,Global developmental delay,5/13,,PCS,PMID:20082460;PMID:23211637,v2026-09-01
MONDO:0010589,OMIM:305400,HP:0011800,Midface retrusion,4/11,,PCS,PMID:20082460,v2026-09-01
MONDO:0010589,OMIM:305400,HP:0012774,Increased upper to lower segment ratio,,,TAS,OMIM:305400,v2026-09-01
MONDO:0010589,OMIM:305400,HP:0012385,Camptodactyly,5/11,,PCS,PMID:20082460,v2026-09-01
MONDO:0010589,OMIM:305400,HP:0001537,Umbilical hernia,3/14,,PCS,PMID:20082460;PMID:11093277,v2026-09-01
MONDO:0010589,OMIM:305400,HP:0000767,Pectus excavatum,,,IEA,OMIM:305400,v2026-09-01
MONDO:0010589,OMIM:305400,HP:0000327,Hypoplasia of the maxilla,,,IEA,OMIM:305400,v2026-09-01
MONDO:0010589,OMIM:305400,HP:0000689,Dental malocclusion,1/11,,PCS,PMID:20082460,v2026-09-01
MONDO:0010589,OMIM:305400,HP:0003318,Cervical spine hypermobility,,,IEA,OMIM:305400,v2026-09-01
MONDO:0010589,OMIM:305400,HP:0004209,Clinodactyly of the 5th finger,8/11,,PCS,PMID:20082460,v2026-09-01
MONDO:0010589,OMIM:305400,HP:0000047,Hypospadias,1/11,,PCS,PMID:20082460,v2026-09-01
MONDO:0010589,OMIM:305400,HP:0000289,Broad philtrum,13/13,,PCS,PMID:20082460;PMID:11093277,v2026-09-01
MONDO:0010589,OMIM:305400,HP:0008689,Bilateral cryptorchidism,1/1,,PCS,PMID:34189097,v2026-09-01
MONDO:0010589,OMIM:305400,HP:0000204,Cleft upper lip,,,IEA,OMIM:305400,v2026-09-01
MONDO:0010589,OMIM:305400,HP:0000049,Shawl scrotum,10/11,HP:0003577,PCS,PMID:20082460,v2026-09-01
MONDO:0010589,OMIM:305400,HP:0000049,Shawl scrotum,1/1,HP:0003577,PCS,PMID:34189097,v2026-09-01
MONDO:0010589,OMIM:305400,HP:0000049,Shawl scrotum,2/3,,PCS,PMID:11093277,v2026-09-01
MONDO:0010589,OMIM:305400,HP:0000049,Shawl scrotum,2/2,,PCS,PMID:23211637,v2026-09-01
MONDO:0010589,OMIM:305400,HP:0000384,Preauricular skin tag,1/11,,PCS,PMID:20082460,v2026-09-01
MONDO:0010589,OMIM:305400,HP:0000343,Long philtrum,9/11,,PCS,PMID:20082460,v2026-09-01
MONDO:0010589,OMIM:305400,HP:0000023,Inguinal hernia,4/14,,PCS,PMID:20082460;PMID:11093277,v2026-09-01
MONDO:0010589,OMIM:305400,HP:0000540,Hypermetropia,,,IEA,OMIM:305400,v2026-09-01
MONDO:0010589,OMIM:305400,HP:0001156,Brachydactyly,4/4,,PCS,PMID:11093277;PMID:34189097,v2026-09-01
MONDO:0010589,OMIM:305400,HP:0000463,Anteverted nares,14/16,,PCS,PMID:20082460;PMID:11093277;PMID:23211637,v2026-09-01
MONDO:0010589,OMIM:305400,HP:0001508,Failure to thrive,,,IEA,OMIM:305400,v2026-09-01
MONDO:0010589,OMIM:305400,HP:0008232,Elevated circulating follicle stimulating hormone level,1/1,,PCS,PMID:34189097,v2026-09-01
MONDO:0010589,OMIM:305400,HP:0000218,High palate,2/2,,PCS,PMID:23211637,v2026-09-01
MONDO:0010589,OMIM:305400,HP:0001544,Prominent umbilicus,2/5,,PCS,PMID:8076412,v2026-09-01
MONDO:0010589,OMIM:305400,HP:0000431,Wide nasal bridge,1/1,,IEA,PMID:34189097,v2026-09-01
MONDO:0010589,OMIM:305400,HP:0004279,Short palm,11/11,,PCS,PMID:20082460,v2026-09-01
MONDO:0010589,OMIM:305400,HP:0002650,Scoliosis,,,IEA,OMIM:305400,v2026-09-01
MONDO:0010589,OMIM:305400,HP:0002055,Curved linear dimple below the lower lip,6/11,,PCS,PMID:20082460,v2026-09-01
MONDO:0010589,OMIM:305400,HP:0000470,Short neck,11/11,,PCS,PMID:20082460,v2026-09-01
MONDO:0010589,OMIM:305400,HP:0040171,Decreased serum testosterone concentration,1/1,,PCS,PMID:34189097,v2026-09-01
MONDO:0010589,OMIM:305400,HP:0000508,Ptosis,9/16,,PCS,PMID:20082460;PMID:11093277;PMID:23211637,v2026-09-01
MONDO:0010589,OMIM:305400,HP:0000349,Widow's peak,9/14,,PCS,PMID:20082460;PMID:11093277,v2026-09-01
MONDO:0010589,OMIM:305400,HP:0000668,Hypodontia,,,IEA,OMIM:305400,v2026-09-01
MONDO:0010589,OMIM:305400,HP:0000029,Testicular atrophy,1/1,,PCS,PMID:34189097,v2026-09-01
MONDO:0010589,OMIM:305400,HP:0000307,Pointed chin,2/2,,PCS,PMID:11093277,v2026-09-01
MONDO:0010589,OMIM:305400,HP:0009237,Short 5th finger,8/11,,PCS,PMID:20082460,v2026-09-01
MONDO:0010589,OMIM:305400,HP:0000823,Delayed puberty,,,IEA,OMIM:305400,v2026-09-01
MONDO:0010589,OMIM:305400,HP:0001159,Syndactyly,,,IEA,OMIM:305400,v2026-09-01
MONDO:0010589,OMIM:305400,HP:0002007,Frontal bossing,4/11,,PCS,PMID:20082460,v2026-09-01
MONDO:0010589,OMIM:305400,HP:0007018,Attention deficit hyperactivity disorder,,,IEA,OMIM:305400,v2026-09-01
MONDO:0010589,OMIM:305400,HP:0001513,Obesity,4/11,,PCS,PMID:20082460,v2026-09-01
MONDO:0010589,OMIM:305400,HP:0000347,Micrognathia,2/2,,PCS,PMID:23211637,v2026-09-01
MONDO:0010589,OMIM:305400,HP:0000028,Cryptorchidism,6/11,HP:0003577,PCS,PMID:20082460,v2026-09-01
MONDO:0010589,OMIM:305400,HP:0000028,Cryptorchidism,1/1,,PCS,PMID:11093277,v2026-09-01
MONDO:0010589,OMIM:305400,HP:0000028,Cryptorchidism,0/2,,PCS,PMID:23211637,v2026-09-01
MONDO:0009267,OMIM:231000,HP:0002344,Progressive neurologic deterioration,,,IEA,OMIM:231000,v2026-09-01
MONDO:0009267,OMIM:231000,HP:0004325,Decreased body weight,,,IEA,OMIM:231000,v2026-09-01
MONDO:0009267,OMIM:231000,HP:0000486,Strabismus,,,IEA,OMIM:231000,v2026-09-01
MONDO:0009267,OMIM:231000,HP:0002123,Generalized myoclonic seizure,,,IEA,OMIM:231000,v2026-09-01
MONDO:0009267,OMIM:231000,HP:0002167,Abnormal speech pattern,,,TAS,OMIM:231000,v2026-09-01
MONDO:0009267,OMIM:231000,HP:0004322,Short stature,,,IEA,OMIM:231000,v2026-09-01
MONDO:0009267,OMIM:231000,HP:0007817,Horizontal supranuclear gaze palsy,,,IEA,OMIM:231000,v2026-09-01
MONDO:0009267,OMIM:231000,HP:0001251,Ataxia,,,IEA,OMIM:231000,v2026-09-01
MONDO:0009267,OMIM:231000,HP:0002240,Hepatomegaly,,,IEA,OMIM:231000,v2026-09-01
MONDO:0009267,OMIM:231000,HP:0001270,Motor delay,,,IEA,OMIM:231000,v2026-09-01
MONDO:0009267,OMIM:231000,HP:0000716,Depression,,,IEA,OMIM:231000,v2026-09-01
MONDO:0009267,OMIM:231000,HP:0000726,Dementia,,,IEA,OMIM:231000,v2026-09-01
MONDO:0009267,OMIM:231000,HP:0004934,Vascular calcification,,,IEA,OMIM:231000,v2026-09-01
MONDO:0009267,OMIM:231000,HP:0001873,Thrombocytopenia,,,TAS,OMIM:231000,v2026-09-01
MONDO:0009267,OMIM:231000,HP:0001744,Splenomegaly,,,IEA,OMIM:231000,v2026-09-01
MONDO:0009267,OMIM:231000,HP:0001876,Pancytopenia,,,IEA,OMIM:231000,v2026-09-01
MONDO:0009267,OMIM:231000,HP:0002313,Spastic paraparesis,,,IEA,OMIM:231000,v2026-09-01
MONDO:0009267,OMIM:231000,HP:0001336,Myoclonus,,,IEA,OMIM:231000,v2026-09-01
MONDO:0009267,OMIM:231000,HP:0003656,Decreased beta-glucocerebrosidase level,,,IEA,OMIM:231000,v2026-09-01
MONDO:0008944,OMIM:213300,HP:0000286,Epicanthus,,,IEA,OMIM:213300,v2026-09-01
MONDO:0008944,OMIM:213300,HP:0002421,Poor head control,1/1,,PCS,PMID:29230161,v2026-09-01
MONDO:0008944,OMIM:213300,HP:0000486,Strabismus,1/1,,PCS,PMID:29230161,v2026-09-01
MONDO:0008944,OMIM:213300,HP:0010808,Protruding tongue,,,TAS,OMIM:213300,v2026-09-01
MONDO:0008944,OMIM:213300,HP:0001252,Hypotonia,,,IEA,OMIM:213300,v2026-09-01
MONDO:0008944,OMIM:213300,HP:0001251,Ataxia,8/8,,PCS,PMID:29230161;PMID:19668216,v2026-09-01
MONDO:0008944,OMIM:213300,HP:0001290,Generalized hypotonia,8/8,,PCS,PMID:29230161;PMID:19668216,v2026-09-01
MONDO:0008944,OMIM:213300,HP:0011933,Elongated superior cerebellar peduncle,,,TAS,OMIM:213300,v2026-09-01
MONDO:0008944,OMIM:213300,HP:0000718,Aggressive behavior,,,IEA,OMIM:213300,v2026-09-01
MONDO:0008944,OMIM:213300,HP:0011220,Prominent forehead,,,PCS,OMIM:213300,v2026-09-01
MONDO:0008944,OMIM:213300,HP:0002419,Molar tooth sign on MRI,7/7,,PCS,PMID:19668216,v2026-09-01
MONDO:0008944,OMIM:213300,HP:0025336,Delayed ability to sit,1/1,,PCS,PMID:29230161,v2026-09-01
MONDO:0008944,OMIM:213300,HP:0000752,Hyperactivity,,,IEA,OMIM:213300,v2026-09-01
MONDO:0008944,OMIM:213300,HP:0000158,Macroglossia,,,IEA,OMIM:213300,v2026-09-01
MONDO:0008944,OMIM:213300,HP:0002335,Agenesis of cerebellar vermis,,,TAS,OMIM:213300,v2026-09-01
MONDO:0008944,OMIM:213300,HP:0001249,Intellectual disability,6/6,,PCS,PMID:19668216,v2026-09-01
MONDO:0008944,OMIM:213300,HP:0000556,Retinal dystrophy,,,IEA,OMIM:213300,v2026-09-01
MONDO:0008944,OMIM:213300,HP:0002553,Highly arched eyebrow,,,PCS,OMIM:213300,v2026-09-01
MONDO:0008944,OMIM:213300,HP:0000252,Microcephaly,1/7,,PCS,PMID:19668216,v2026-09-01
MONDO:0008944,OMIM:213300,HP:0002871,Central apnea,,,IEA,OMIM:213300,v2026-09-01
MONDO:0008944,OMIM:213300,HP:0000570,Abnormal saccadic eye movements,,,IEA,OMIM:213300,v2026-09-01
MONDO:0008944,OMIM:213300,HP:0002195,Dysgenesis of the cerebellar vermis,,,TAS,OMIM:213300,v2026-09-01
MONDO:0008944,OMIM:213300,HP:0001263,Global developmental delay,8/8,,PCS,PMID:29230161;PMID:19668216,v2026-09-01
MONDO:0008944,OMIM:213300,HP:0002790,Neonatal breathing dysregulation,,,IEA,OMIM:213300,v2026-09-01
MONDO:0008944,OMIM:213300,HP:0007271,Occipital myelomeningocele,HP:0040283,,PCS,OMIM:213300,v2026-09-01
MONDO:0008944,OMIM:213300,HP:0002508,Brainstem dysplasia,,,IEA,OMIM:213300,v2026-09-01
MONDO:0008944,OMIM:213300,HP:0000567,Chorioretinal coloboma,,,IEA,OMIM:213300,v2026-09-01
MONDO:0008944,OMIM:213300,HP:0000369,Low-set ears,1/1,,PCS,PMID:29230161,v2026-09-01
MONDO:0008944,OMIM:213300,HP:0000463,Anteverted nares,,,IEA,OMIM:213300,v2026-09-01
MONDO:0008944,OMIM:213300,HP:0002365,Hypoplasia of the brainstem,,,IEA,OMIM:213300,v2026-09-01
MONDO:0008944,OMIM:213300,HP:0001395,Hepatic fibrosis,2/7,,PCS,PMID:19668216,v2026-09-01
MONDO:0008944,OMIM:213300,HP:0010828,Hemifacial spasm,,,TAS,OMIM:213300,v2026-09-01
MONDO:0008944,OMIM:213300,HP:0000617,Abnormality of ocular smooth pursuit,,,IEA,OMIM:213300,v2026-09-01
MONDO:0008944,OMIM:213300,HP:0000657,Oculomotor apraxia,7/7,,PCS,PMID:19668216,v2026-09-01
MONDO:0008944,OMIM:213300,HP:0030084,Clinodactyly,1/1,,PCS,PMID:29230161,v2026-09-01
MONDO:0008944,OMIM:213300,HP:0002876,Episodic tachypnea,,,IEA,OMIM:213300,v2026-09-01
MONDO:0008944,OMIM:213300,HP:0000256,Macrocephaly,,,IEA,OMIM:213300,v2026-09-01
MONDO:0008944,OMIM:213300,HP:0001320,Cerebellar vermis hypoplasia,,,IEA,OMIM:213300,v2026-09-01
MONDO:0008944,OMIM:213300,HP:0000750,Delayed speech and language development,1/1,,PCS,PMID:29230161,v2026-09-01
MONDO:0008944,OMIM:213300,HP:0000112,Nephropathy,1/1,,PCS,PMID:29230161,v2026-09-01
MONDO:0008944,OMIM:213300,HP:0031936,Delayed ability to walk,1/1,,PCS,PMID:29230161,v2026-09-01
MONDO:0008944,OMIM:213300,HP:0001162,Postaxial hand polydactyly,,,IEA,OMIM:213300,v2026-09-01
MONDO:0008944,OMIM:213300,HP:0100951,Enlarged fossa interpeduncularis,,,PCS,OMIM:213300,v2026-09-01
MONDO:0008944,OMIM:213300,HP:0000508,Ptosis,1/1,,PCS,PMID:29230161,v2026-09-01
MONDO:0008944,OMIM:213300,HP:0007772,Impaired smooth pursuit,,,TAS,OMIM:213300,v2026-09-01
MONDO:0008944,OMIM:213300,HP:0000107,Renal cyst,HP:0040283,,PCS,OMIM:213300,v2026-09-01
MONDO:0008944,OMIM:213300,HP:0007973,Retinal dysplasia,HP:0040283,,PCS,OMIM:213300,v2026-09-01
MONDO:0008944,OMIM:213300,HP:0000543,Optic disc pallor,1/7,,PCS,PMID:19668216,v2026-09-01
MONDO:0008944,OMIM:213300,HP:0001357,Plagiocephaly,1/7,,PCS,PMID:19668216,v2026-09-01
MONDO:0008944,OMIM:213300,HP:0001830,Postaxial foot polydactyly,HP:0040283,,TAS,OMIM:213300,v2026-09-01
MONDO:0008944,OMIM:213300,HP:0000588,Optic disc coloboma,,,IEA,OMIM:213300,v2026-09-01
MONDO:0008944,OMIM:213300,HP:0000742,Self-mutilation,,,IEA,OMIM:213300,v2026-09-01
MONDO:0008944,OMIM:213300,HP:0200096,Triangular-shaped open mouth,,,TAS,OMIM:213300,v2026-09-01
MONDO:0009262,OMIM:230650,HP:0007759,Opacification of the corneal stroma,,,IEA,OMIM:230650,v2026-09-01
MONDO:0009262,OMIM:230650,HP:0003651,Foam cells,,,TAS,OMIM:230650,v2026-09-01
MONDO:0009262,OMIM:230650,HP:0001256,Mild intellectual disability,,,IEA,OMIM:230650,v2026-09-01
MONDO:0009262,OMIM:230650,HP:0001332,Dystonia,,,IEA,OMIM:230650,v2026-09-01
MONDO:0009262,OMIM:230650,HP:0004322,Short stature,,,IEA,OMIM:230650,v2026-09-01
MONDO:0009262,OMIM:230650,HP:0001250,Seizure,0/3,,PCS,PMID:8198123,v2026-09-01
MONDO:0009262,OMIM:230650,HP:0010729,Cherry red spot of the macula,0/3,,PCS,PMID:8198123,v2026-09-01
MONDO:0009262,OMIM:230650,HP:0002240,Hepatomegaly,0/3,,PCS,PMID:8198123,v2026-09-01
MONDO:0009262,OMIM:230650,HP:0003274,Hypoplastic acetabulae,,,IEA,OMIM:230650,v2026-09-01
MONDO:0009262,OMIM:230650,HP:0001350,Slurred speech,,,IEA,OMIM:230650,v2026-09-01
MONDO:0009262,OMIM:230650,HP:0001251,Ataxia,1/3,,PCS,PMID:8198123,v2026-09-01
MONDO:0009262,OMIM:230650,HP:0000280,Coarse facial features,0/3,,PCS,PMID:8198123,v2026-09-01
MONDO:0009262,OMIM:230650,HP:0008430,Anterior beaking of lumbar vertebrae,,,IEA,OMIM:230650,v2026-09-01
MONDO:0009262,OMIM:230650,HP:0002119,Ventriculomegaly,2/3,,PCS,PMID:8198123,v2026-09-01
MONDO:0009262,OMIM:230650,HP:0001744,Splenomegaly,0/3,,PCS,PMID:8198123,v2026-09-01
MONDO:0009262,OMIM:230650,HP:0001347,Hyperreflexia,,,PCS,PMID:8198123,v2026-09-01
MONDO:0009262,OMIM:230650,HP:0003202,Skeletal muscle atrophy,,,IEA,OMIM:230650,v2026-09-01
MONDO:0009262,OMIM:230650,HP:0002650,Scoliosis,1/1,,PCS,PMID:8198123,v2026-09-01
MONDO:0009262,OMIM:230650,HP:0000750,Delayed speech and language development,3/3,,PCS,PMID:8198123,v2026-09-01
MONDO:0009262,OMIM:230650,HP:0001761,Pes cavus,1/3,,PCS,PMID:8198123,v2026-09-01
MONDO:0009262,OMIM:230650,HP:0001260,Dysarthria,2/3,,PCS,PMID:8198123,v2026-09-01
MONDO:0009262,OMIM:230650,HP:0002808,Kyphosis,1/1,,PCS,PMID:8198123,v2026-09-01
MONDO:0009262,OMIM:230650,HP:0008166,Decreased beta-galactosidase activity,3/3,,PCS,PMID:8198123,v2026-09-01
MONDO:0009262,OMIM:230650,HP:0000926,Platyspondyly,1/1,,PCS,PMID:8198123,v2026-09-01
MONDO:0009262,OMIM:230650,HP:0002506,Diffuse cerebral atrophy,,,IEA,OMIM:230650,v2026-09-01
MONDO:0009262,OMIM:230650,HP:0002869,Flared iliac wing,,,IEA,OMIM:230650,v2026-09-01
MONDO:0009262,OMIM:230650,HP:0001336,Myoclonus,0/3,,PCS,PMID:8198123,v2026-09-01
MONDO:0012626,OMIM:611134,HP:0000252,Microcephaly,HP:0040283,,TAS,OMIM:611134,v2026-09-01
MONDO:0012626,OMIM:611134,HP:0000175,Cleft palate,HP:0040283,,TAS,OMIM:611134,v2026-09-01
MONDO:0012626,OMIM:611134,HP:0002323,Anencephaly,HP:0040283,,TAS,OMIM:611134,v2026-09-01
MONDO:0012626,OMIM:611134,HP:0002079,Hypoplasia of the corpus callosum,,,PCS,PMID:17564974,v2026-09-01
MONDO:0012626,OMIM:611134,HP:0001162,Postaxial hand polydactyly,,,TAS,OMIM:611134,v2026-09-01
MONDO:0012626,OMIM:611134,HP:0002084,Encephalocele,,,TAS,OMIM:611134,v2026-09-01
MONDO:0012626,OMIM:611134,HP:0001629,Ventricular septal defect,,,PCS,PMID:17564974,v2026-09-01
MONDO:0012626,OMIM:611134,HP:0001408,Bile duct proliferation,,,TAS,OMIM:611134,v2026-09-01
MONDO:0012626,OMIM:611134,HP:0000107,Renal cyst,,,TAS,OMIM:611134,v2026-09-01
MONDO:0012626,OMIM:611134,HP:0001305,Dandy-Walker malformation,,,PCS,PMID:17564974,v2026-09-01
MONDO:0012626,OMIM:611134,HP:0000568,Microphthalmia,HP:0040283,,TAS,OMIM:611134,v2026-09-01
MONDO:0012626,OMIM:611134,HP:0000238,Hydrocephalus,HP:0040283,,TAS,OMIM:611134,v2026-09-01
MONDO:0012626,OMIM:611134,HP:0002419,Molar tooth sign on MRI,HP:0040283,,TAS,OMIM:611134,v2026-09-01
MONDO:0012626,OMIM:611134,HP:0006487,Bowing of the long bones,HP:0040283,,TAS,OMIM:611134,v2026-09-01
MONDO:0012626,OMIM:611134,HP:0001511,Intrauterine growth retardation,,,TAS,OMIM:611134,v2026-09-01
MONDO:0012626,OMIM:611134,HP:0001631,Atrial septal defect,,,PCS,PMID:17564974,v2026-09-01
MONDO:0012626,OMIM:611134,HP:0002335,Agenesis of cerebellar vermis,,,PCS,PMID:17564974,v2026-09-01
MONDO:0012626,OMIM:611134,HP:0002435,Meningocele,,,IEA,OMIM:611134,v2026-09-01
MONDO:0009757,OMIM:257220,HP:0003651,Foam cells,,,IEA,OMIM:257220,v2026-09-01
MONDO:0009757,OMIM:257220,HP:0001332,Dystonia,,,IEA,OMIM:257220,v2026-09-01
MONDO:0009757,OMIM:257220,HP:0001250,Seizure,12/14,,PCS,PMID:11182931,v2026-09-01
MONDO:0009757,OMIM:257220,HP:0002066,Gait ataxia,4/4,,PCS,PMID:12408188,v2026-09-01
MONDO:0009757,OMIM:257220,HP:6000158,Unesterified cholesterol accumulation in cultured fibroblasts,,,PCS,PMID:25665455,v2026-09-01
MONDO:0009757,OMIM:257220,HP:0001791,Fetal ascites,,,IEA,OMIM:257220,v2026-09-01
MONDO:0009757,OMIM:257220,HP:0001252,Hypotonia,,,IEA,OMIM:257220,v2026-09-01
MONDO:0009757,OMIM:257220,HP:0002185,Neurofibrillary tangles,,,IEA,OMIM:257220,v2026-09-01
MONDO:0009757,OMIM:257220,HP:0001251,Ataxia,,,PCS,PMID:11182931,v2026-09-01
MONDO:0009757,OMIM:257220,HP:0002240,Hepatomegaly,7/13,,PCS,PMID:11182931,v2026-09-01
MONDO:0009757,OMIM:257220,HP:0001290,Generalized hypotonia,,,TAS,OMIM:257220,v2026-09-01
MONDO:0009757,OMIM:257220,HP:0003349,Low cholesterol esterification rate,13/13,,PCS,PMID:3378364;PMID:12408188,v2026-09-01
MONDO:0009757,OMIM:257220,HP:0006579,Prolonged neonatal jaundice,,,IEA,OMIM:257220,v2026-09-01
MONDO:0009757,OMIM:257220,HP:0001744,Splenomegaly,4/13,,PCS,PMID:11182931,v2026-09-01
MONDO:0009757,OMIM:257220,HP:0001249,Intellectual disability,4/4,HP:0003621,PCS,PMID:12408188,v2026-09-01
MONDO:0009757,OMIM:257220,HP:0000511,Vertical supranuclear gaze palsy,,,IEA,OMIM:257220,v2026-09-01
MONDO:0009757,OMIM:257220,HP:6001353,Elevated circulating C-triol concentration,,,PCS,PMID:34810067,v2026-09-01
MONDO:0009757,OMIM:257220,HP:0002015,Dysphagia,,,IEA,OMIM:257220,v2026-09-01
MONDO:0009757,OMIM:257220,HP:0003640,CNS foam cells,,,IEA,OMIM:257220,v2026-09-01
MONDO:0009757,OMIM:257220,HP:0001982,Sea-blue histiocytosis,4/4,,PCS,PMID:12408188,v2026-09-01
MONDO:0009757,OMIM:257220,HP:0004333,Bone-marrow foam cells,,,IEA,OMIM:257220,v2026-09-01
MONDO:0009757,OMIM:257220,HP:0001260,Dysarthria,,,IEA,OMIM:257220,v2026-09-01
MONDO:0009757,OMIM:257220,HP:0002371,Loss of speech,,,IEA,OMIM:257220,v2026-09-01
MONDO:0009757,OMIM:257220,HP:0001263,Global developmental delay,,,PCS,PMID:11182931,v2026-09-01
MONDO:0009757,OMIM:257220,HP:0000709,Psychosis,,,IEA,OMIM:257220,v2026-09-01
MONDO:0009757,OMIM:257220,HP:0000726,Dementia,,,IEA,OMIM:257220,v2026-09-01
MONDO:0009757,OMIM:257220,HP:0006583,Fatal liver failure in infancy,,,IEA,OMIM:257220,v2026-09-01
MONDO:0009757,OMIM:257220,HP:0002529,Neuronal loss in central nervous system,,,IEA,OMIM:257220,v2026-09-01
MONDO:0009757,OMIM:257220,HP:0002524,Cataplexy,,,IEA,OMIM:257220,v2026-09-01
MONDO:0009757,OMIM:257220,HP:0001257,Spasticity,,,IEA,OMIM:257220,v2026-09-01
MONDO:0009728,OMIM:256100,HP:0003158,Hyposthenuria,,,IEA,OMIM:256100,v2026-09-01
MONDO:0009728,OMIM:256100,HP:0003774,Stage 5 chronic kidney disease,,,IEA,OMIM:256100,v2026-09-01
MONDO:0009728,OMIM:256100,HP:0005576,Tubulointerstitial fibrosis,,,IEA,OMIM:256100,v2026-09-01
MONDO:0009728,OMIM:256100,HP:0005583,Tubular basement membrane disintegration,,,IEA,OMIM:256100,v2026-09-01
MONDO:0009728,OMIM:256100,HP:0000090,Nephronophthisis,2/2,,PCS,PMID:9361039,v2026-09-01
MONDO:0009728,OMIM:256100,HP:0000092,Renal tubular atrophy,,,IEA,OMIM:256100,v2026-09-01
MONDO:0009728,OMIM:256100,HP:0001959,Polydipsia,,,IEA,OMIM:256100,v2026-09-01
MONDO:0009728,OMIM:256100,HP:0001903,Anemia,,,IEA,OMIM:256100,v2026-09-01
MONDO:0009728,OMIM:256100,HP:0000822,Hypertension,,,IEA,OMIM:256100,v2026-09-01
MONDO:0009728,OMIM:256100,HP:0000108,Renal corticomedullary cysts,,,IEA,OMIM:256100,v2026-09-01
MONDO:0009728,OMIM:256100,HP:0000103,Polyuria,,,IEA,OMIM:256100,v2026-09-01
MONDO:0009728,OMIM:256100,HP:0001510,Growth delay,,,IEA,OMIM:256100,v2026-09-01
MONDO:0012432,OMIM:610188,HP:0003774,Stage 5 chronic kidney disease,11/12,HP:0003621,PCS,PMID:16682973,v2026-09-01
MONDO:0012432,OMIM:610188,HP:0000480,Retinal coloboma,2/12,HP:0003577,PCS,PMID:16682973,v2026-09-01
MONDO:0012432,OMIM:610188,HP:0001252,Hypotonia,9/9,,IEA,OMIM:610188,v2026-09-01
MONDO:0012432,OMIM:610188,HP:0002085,Occipital encephalocele,2/10,,PCS,PMID:16682973,v2026-09-01
MONDO:0012432,OMIM:610188,HP:0001251,Ataxia,19/19,,PCS,PMID:16682973;PMID:16682970,v2026-09-01
MONDO:0012432,OMIM:610188,HP:0001290,Generalized hypotonia,,,TAS,OMIM:610188,v2026-09-01
MONDO:0012432,OMIM:610188,HP:0000639,Nystagmus,11/21,,PCS,PMID:16682973;PMID:16682970,v2026-09-01
MONDO:0012432,OMIM:610188,HP:0000718,Aggressive behavior,1/9,,PCS,PMID:16682970,v2026-09-01
MONDO:0012432,OMIM:610188,HP:0000657,Oculomotor apraxia,9/9,,IEA,OMIM:610188,v2026-09-01
MONDO:0012432,OMIM:610188,HP:0002419,Molar tooth sign on MRI,9/9,,PCS,PMID:16682970,v2026-09-01
MONDO:0012432,OMIM:610188,HP:0007663,Reduced visual acuity,,,PCS,PMID:16682970,v2026-09-01
MONDO:0012432,OMIM:610188,HP:0002876,Episodic tachypnea,,,IEA,OMIM:610188,v2026-09-01
MONDO:0012432,OMIM:610188,HP:0000510,Rod-cone dystrophy,3/9,,PCS,PMID:16682970,v2026-09-01
MONDO:0012432,OMIM:610188,HP:0002335,Agenesis of cerebellar vermis,,,PCS,PMID:16682973,v2026-09-01
MONDO:0012432,OMIM:610188,HP:0001249,Intellectual disability,15/17,,PCS,PMID:16682973;PMID:16682970,v2026-09-01
MONDO:0012432,OMIM:610188,HP:0000175,Cleft palate,1/9,,PCS,PMID:16682970,v2026-09-01
MONDO:0012432,OMIM:610188,HP:0002871,Central apnea,,,IEA,OMIM:610188,v2026-09-01
MONDO:0012432,OMIM:610188,HP:0005565,Reduced renal corticomedullary differentiation,1/8,,PCS,PMID:16682970,v2026-09-01
MONDO:0012432,OMIM:610188,HP:0006817,Aplasia/Hypoplasia of the cerebellar vermis,10/10,,PCS,PMID:16682973,v2026-09-01
MONDO:0012432,OMIM:610188,HP:0001263,Global developmental delay,9/9,,PCS,PMID:16682970,v2026-09-01
MONDO:0012432,OMIM:610188,HP:0002790,Neonatal breathing dysregulation,,,IEA,OMIM:610188,v2026-09-01
MONDO:0012432,OMIM:610188,HP:0000090,Nephronophthisis,,,IEA,OMIM:610188,v2026-09-01
MONDO:0012432,OMIM:610188,HP:0000803,Renal cortical cysts,4/8,,PCS,PMID:16682970,v2026-09-01
MONDO:0012432,OMIM:610188,HP:0000508,Ptosis,1/9,,PCS,PMID:16682970,v2026-09-01
MONDO:0012432,OMIM:610188,HP:0004727,Impaired renal concentrating ability,,,IEA,OMIM:610188,v2026-09-01
MONDO:0012432,OMIM:610188,HP:0007875,Congenital blindness,11/19,HP:0003577,PCS,PMID:16682973;PMID:16682970,v2026-09-01
MONDO:0012432,OMIM:610188,HP:0002404,Thickened superior cerebellar peduncle,,,TAS,OMIM:610188,v2026-09-01
MONDO:0010526,OMIM:301500,HP:0001155,Abnormality of the hand,,,IEA,OMIM:301500,v2026-09-01
MONDO:0010526,OMIM:301500,HP:0001014,Angiokeratoma,,,IEA,OMIM:301500,v2026-09-01
MONDO:0010526,OMIM:301500,HP:0001250,Seizure,,,IEA,OMIM:301500,v2026-09-01
MONDO:0010526,OMIM:301500,HP:0000083,Renal insufficiency,134/699,HP:0011462,PCS,PMID:19473999,v2026-09-01
MONDO:0010526,OMIM:301500,HP:0000083,Renal insufficiency,21/754,HP:0011462,PCS,PMID:19473999,v2026-09-01
MONDO:0010526,OMIM:301500,HP:0001131,Corneal dystrophy,,,IEA,OMIM:301500,v2026-09-01
MONDO:0010526,OMIM:301500,HP:0003394,Muscle spasm,,,IEA,OMIM:301500,v2026-09-01
MONDO:0010526,OMIM:301500,HP:0002380,Fasciculations,,,IEA,OMIM:301500,v2026-09-01
MONDO:0010526,OMIM:301500,HP:0012702,Tenesmus,,,TAS,OMIM:301500,v2026-09-01
MONDO:0010526,OMIM:301500,HP:0011675,Arrhythmia,,,IEA,OMIM:301500,v2026-09-01
MONDO:0010526,OMIM:301500,HP:0001071,Angiokeratoma corporis diffusum,,,PCS,PMID:8993949,v2026-09-01
MONDO:0010526,OMIM:301500,HP:0012332,Abnormal autonomic nervous system physiology,,,IEA,OMIM:301500,v2026-09-01
MONDO:0010526,OMIM:301500,HP:0001903,Anemia,,,IEA,OMIM:301500,v2026-09-01
MONDO:0010526,OMIM:301500,HP:0033595,Elevated circulating globotriaosylceramide concentration,,,PCS,PMID:17073606,v2026-09-01
MONDO:0010526,OMIM:301500,HP:0002018,Nausea,,,IEA,OMIM:301500,v2026-09-01
MONDO:0010526,OMIM:301500,HP:0001004,Lymphedema,,,IEA,OMIM:301500,v2026-09-01
MONDO:0010526,OMIM:301500,HP:0006536,Airway obstruction,,,IEA,OMIM:301500,v2026-09-01
MONDO:0010526,OMIM:301500,HP:0002014,Diarrhea,,,IEA,OMIM:301500,v2026-09-01
MONDO:0010526,OMIM:301500,HP:0003401,Paresthesia,,,IEA,OMIM:301500,v2026-09-01
MONDO:0010526,OMIM:301500,HP:0002013,Vomiting,,,IEA,OMIM:301500,v2026-09-01
MONDO:0010526,OMIM:301500,HP:0001681,Angina pectoris,,,IEA,OMIM:301500,v2026-09-01
MONDO:0010526,OMIM:301500,HP:0005144,Ventricular septal hypertrophy,,,PCS,PMID:19473999,v2026-09-01
MONDO:0010526,OMIM:301500,HP:0000093,Proteinuria,332/699,,PCS,PMID:19473999,v2026-09-01
MONDO:0010526,OMIM:301500,HP:0000093,Proteinuria,246/754,,PCS,PMID:19473999,v2026-09-01
MONDO:0010526,OMIM:301500,HP:0034864,Decreased alpha-galactosidase A activity,,,TAS,OMIM:301500,v2026-09-01
MONDO:0010526,OMIM:301500,HP:0032567,Lipiduria,,,PCS,PMID:26124059,v2026-09-01
MONDO:0010526,OMIM:301500,HP:0032568,Urinary mulberry cells,,HP:0003584,PCS,PMID:28593486,v2026-09-01
MONDO:0010526,OMIM:301500,HP:0000822,Hypertension,,,IEA,OMIM:301500,v2026-09-01
MONDO:0010526,OMIM:301500,HP:0001658,Myocardial infarction,,,IEA,OMIM:301500,v2026-09-01
MONDO:0010526,OMIM:301500,HP:0001635,Congestive heart failure,,,IEA,OMIM:301500,v2026-09-01
MONDO:0010526,OMIM:301500,HP:0001712,Left ventricular hypertrophy,284/699,,PCS,PMID:19473999,v2026-09-01
MONDO:0010526,OMIM:301500,HP:0001712,Left ventricular hypertrophy,180/754,,PCS,PMID:19473999,v2026-09-01
MONDO:0010526,OMIM:301500,HP:0000823,Delayed puberty,,,IEA,OMIM:301500,v2026-09-01
MONDO:0010526,OMIM:301500,HP:0000966,Hypohidrosis,,,IEA,OMIM:301500,v2026-09-01
MONDO:0010526,OMIM:301500,HP:0002326,Transient ischemic attack,60/699,HP:0003596,PCS,PMID:19473999,v2026-09-01
MONDO:0010526,OMIM:301500,HP:0002326,Transient ischemic attack,46/754,,PCS,PMID:19473999,v2026-09-01
MONDO:0010526,OMIM:301500,HP:0002027,Abdominal pain,,,IEA,OMIM:301500,v2026-09-01
MONDO:0012433,OMIM:610189,HP:0003774,Stage 5 chronic kidney disease,2/2,HP:0003621,PCS,PMID:16682973,v2026-09-01
MONDO:0012433,OMIM:610189,HP:0006817,Aplasia/Hypoplasia of the cerebellar vermis,0/2,,PCS,PMID:16682973,v2026-09-01
MONDO:0012433,OMIM:610189,HP:0007663,Reduced visual acuity,2/2,HP:0011463,PCS,PMID:16682973,v2026-09-01
MONDO:0012433,OMIM:610189,HP:0000505,Visual impairment,2/2,HP:0011463,PCS,PMID:16682973,v2026-09-01
MONDO:0012433,OMIM:610189,HP:0000510,Rod-cone dystrophy,2/2,,PCS,PMID:16682973,v2026-09-01
MONDO:0100082,OMIM:151100,HP:0000286,Epicanthus,,,IEA,OMIM:151100,v2026-09-01
MONDO:0100082,OMIM:151100,HP:0000242,Parietal bossing,,,IEA,OMIM:151100,v2026-09-01
MONDO:0100082,OMIM:151100,HP:0001256,Mild intellectual disability,2/9,,PCS,PMID:12058348,v2026-09-01
MONDO:0100082,OMIM:151100,HP:0000486,Strabismus,,,IEA,OMIM:151100,v2026-09-01
MONDO:0100082,OMIM:151100,HP:0001674,Complete atrioventricular canal defect,1/9,,PCS,PMID:12058348,v2026-09-01
MONDO:0100082,OMIM:151100,HP:0004322,Short stature,2/9,,PCS,PMID:12058348,v2026-09-01
MONDO:0100082,OMIM:151100,HP:0000122,Unilateral renal agenesis,,,IEA,OMIM:151100,v2026-09-01
MONDO:0100082,OMIM:151100,HP:0003298,Spina bifida occulta,,,IEA,OMIM:151100,v2026-09-01
MONDO:0100082,OMIM:151100,HP:0003691,Scapular winging,,,IEA,OMIM:151100,v2026-09-01
MONDO:0100082,OMIM:151100,HP:0012569,Delayed menarche,,,TAS,OMIM:151100,v2026-09-01
MONDO:0100082,OMIM:151100,HP:0011710,Bundle branch block,,,TAS,OMIM:151100,v2026-09-01
MONDO:0100082,OMIM:151100,HP:0001709,Third degree atrioventricular block,,,TAS,OMIM:151100,v2026-09-01
MONDO:0100082,OMIM:151100,HP:0000957,Cafe-au-lait spot,9/9,,PCS,PMID:12058348,v2026-09-01
MONDO:0100082,OMIM:151100,HP:0000316,Hypertelorism,9/9,,PCS,PMID:12058348,v2026-09-01
MONDO:0100082,OMIM:151100,HP:0000411,Protruding ear,,,IEA,OMIM:151100,v2026-09-01
MONDO:0100082,OMIM:151100,HP:0001642,Pulmonic stenosis,3/9,,TAS,OMIM:151100,v2026-09-01
MONDO:0100082,OMIM:151100,HP:0000256,Macrocephaly,7/9,,PCS,PMID:12058348,v2026-09-01
MONDO:0100082,OMIM:151100,HP:0000457,Depressed nasal ridge,,,IEA,OMIM:151100,v2026-09-01
MONDO:0100082,OMIM:151100,HP:0000358,Posteriorly rotated ears,9/9,,PCS,PMID:12058348,v2026-09-01
MONDO:0100082,OMIM:151100,HP:0002996,Limited elbow movement,,,IEA,OMIM:151100,v2026-09-01
MONDO:0100082,OMIM:151100,HP:0002751,Kyphoscoliosis,,,IEA,OMIM:151100,v2026-09-01
MONDO:0100082,OMIM:151100,HP:0000175,Cleft palate,,,IEA,OMIM:151100,v2026-09-01
MONDO:0100082,OMIM:151100,HP:0000054,Micropenis,,,IEA,OMIM:151100,v2026-09-01
MONDO:0100082,OMIM:151100,HP:0001682,Subvalvular aortic stenosis,1/9,,PCS,PMID:12058348,v2026-09-01
MONDO:0100082,OMIM:151100,HP:0001003,Multiple lentigines,9/9,,PCS,PMID:12058348,v2026-09-01
MONDO:0100082,OMIM:151100,HP:0000470,Short neck,,,IEA,OMIM:151100,v2026-09-01
MONDO:0100082,OMIM:151100,HP:0010463,Aplasia of the ovary,,,TAS,OMIM:151100,v2026-09-01
MONDO:0100082,OMIM:151100,HP:0001639,Hypertrophic cardiomyopathy,3/9,,PCS,PMID:12058348,v2026-09-01
MONDO:0100082,OMIM:151100,HP:0000407,Sensorineural hearing impairment,,,IEA,OMIM:151100,v2026-09-01
MONDO:0100082,OMIM:151100,HP:0000508,Ptosis,8/9,,PCS,PMID:12058348,v2026-09-01
MONDO:0100082,OMIM:151100,HP:0000921,Missing ribs,,,IEA,OMIM:151100,v2026-09-01
MONDO:0100082,OMIM:151100,HP:0000767,Pectus excavatum,,,PCS,PMID:12058348,v2026-09-01
MONDO:0100082,OMIM:151100,HP:0004409,Hyposmia,,,IEA,OMIM:151100,v2026-09-01
MONDO:0100082,OMIM:151100,HP:0002967,Cubitus valgus,,,IEA,OMIM:151100,v2026-09-01
MONDO:0100082,OMIM:151100,HP:0000823,Delayed puberty,,,IEA,OMIM:151100,v2026-09-01
MONDO:0100082,OMIM:151100,HP:0000768,Pectus carinatum,,,PCS,PMID:12058348,v2026-09-01
MONDO:0100082,OMIM:151100,HP:0000047,Hypospadias,,,IEA,OMIM:151100,v2026-09-01
MONDO:0100082,OMIM:151100,HP:0000465,Webbed neck,,,IEA,OMIM:151100,v2026-09-01
MONDO:0100082,OMIM:151100,HP:0000028,Cryptorchidism,,,IEA,OMIM:151100,v2026-09-01
MONDO:0100082,OMIM:151100,HP:0000369,Low-set ears,,,IEA,OMIM:151100,v2026-09-01
MONDO:0100082,OMIM:151100,HP:0000303,Mandibular prognathia,,,IEA,OMIM:151100,v2026-09-01
MONDO:0100082,OMIM:151100,HP:0000325,Triangular face,,,IEA,OMIM:151100,v2026-09-01
MONDO:0100082,OMIM:151100,HP:0001634,Mitral valve prolapse,1/9,,PCS,PMID:12058348,v2026-09-01
MONDO:0100082,OMIM:151100,HP:0008724,Hypoplasia of the ovary,,,IEA,OMIM:151100,v2026-09-01
MONDO:0008104,OMIM:163950,HP:0001892,Abnormal bleeding,3/18,,PCS,PMID:15240615,v2026-09-01
MONDO:0008104,OMIM:163950,HP:0000286,Epicanthus,15/28,,PCS,PMID:12634870,v2026-09-01
MONDO:0008104,OMIM:163950,HP:0004841,Reduced factor XII activity,,,IEA,OMIM:163950,v2026-09-01
MONDO:0008104,OMIM:163950,HP:0002224,Woolly hair,9/107,,PCS,PMID:32164556,v2026-09-01
MONDO:0008104,OMIM:163950,HP:0001531,Failure to thrive in infancy,,,IEA,OMIM:163950,v2026-09-01
MONDO:0008104,OMIM:163950,HP:0000365,Hearing impairment,2/17,,PCS,PMID:15240615,v2026-09-01
MONDO:0008104,OMIM:163950,HP:0004322,Short stature,41/56,HP:0003593,PCS,PMID:15723289,v2026-09-01
MONDO:0008104,OMIM:163950,HP:0004322,Short stature,43/107,,PCS,PMID:32164556,v2026-09-01
MONDO:0008104,OMIM:163950,HP:0000917,Superior pectus carinatum,,,IEA,OMIM:163950,v2026-09-01
MONDO:0008104,OMIM:163950,HP:0000958,Dry skin,5/107,,PCS,PMID:32164556,v2026-09-01
MONDO:0008104,OMIM:163950,HP:0000914,Shield chest,,,IEA,OMIM:163950,v2026-09-01
MONDO:0008104,OMIM:163950,HP:0100769,Synovitis,,,TAS,OMIM:163950,v2026-09-01
MONDO:0008104,OMIM:163950,HP:0000957,Cafe-au-lait spot,10/107,,PCS,PMID:32164556,v2026-09-01
MONDO:0008104,OMIM:163950,HP:0000915,Pectus excavatum of inferior sternum,,,IEA,OMIM:163950,v2026-09-01
MONDO:0008104,OMIM:163950,HP:0000316,Hypertelorism,68/135,,PCS,PMID:12634870;PMID:32164556,v2026-09-01
MONDO:0008104,OMIM:163950,HP:0009466,Radial deviation of finger,,,PCS,OMIM:163950,v2026-09-01
MONDO:0008104,OMIM:163950,HP:0008897,Postnatal growth retardation,,,PCS,OMIM:163950,v2026-09-01
MONDO:0008104,OMIM:163950,HP:0001643,Patent ductus arteriosus,,,IEA,OMIM:163950,v2026-09-01
MONDO:0008104,OMIM:163950,HP:0000476,Cystic hygroma,,,IEA,OMIM:163950,v2026-09-01
MONDO:0008104,OMIM:163950,HP:0001004,Lymphedema,,,IEA,OMIM:163950,v2026-09-01
MONDO:0008104,OMIM:163950,HP:0001642,Pulmonic stenosis,92/181,,PCS,PMID:15723289;PMID:32164556;PMID:15240615,v2026-09-01
MONDO:0008104,OMIM:163950,HP:0001249,Intellectual disability,4/17,,PCS,PMID:15240615,v2026-09-01
MONDO:0008104,OMIM:163950,HP:0002751,Kyphoscoliosis,,,TAS,OMIM:163950,v2026-09-01
MONDO:0008104,OMIM:163950,HP:0000175,Cleft palate,1/18,,PCS,PMID:15240615,v2026-09-01
MONDO:0008104,OMIM:163950,HP:0000494,Downslanted palpebral fissures,19/28,,PCS,PMID:12634870,v2026-09-01
MONDO:0008104,OMIM:163950,HP:0010310,Chylothorax,1/18,,PCS,PMID:15240615,v2026-09-01
MONDO:0008104,OMIM:163950,HP:0100697,Malignant peripheral nerve sheath tumor,,,TAS,OMIM:163950,v2026-09-01
MONDO:0008104,OMIM:163950,HP:0000407,Sensorineural hearing impairment,,,PCS,OMIM:163950,v2026-09-01
MONDO:0008104,OMIM:163950,HP:0000766,Abnormal sternum morphology,3/18,,PCS,PMID:15240615,v2026-09-01
MONDO:0008104,OMIM:163950,HP:0000689,Dental malocclusion,,,IEA,OMIM:163950,v2026-09-01
MONDO:0008104,OMIM:163950,HP:0002705,"High, narrow palate",,,TAS,OMIM:163950,v2026-09-01
MONDO:0008104,OMIM:163950,HP:0000047,Hypospadias,1/8,,PCS,PMID:15240615,v2026-09-01
MONDO:0008104,OMIM:163950,HP:0000369,Low-set ears,96/137,,PCS,PMID:12634870;PMID:32164556,v2026-09-01
MONDO:0008104,OMIM:163950,HP:0000325,Triangular face,,,PCS,OMIM:163950,v2026-09-01
MONDO:0008104,OMIM:163950,HP:0001156,Brachydactyly,,,IEA,OMIM:163950,v2026-09-01
MONDO:0008104,OMIM:163950,HP:0002162,Low posterior hairline,86/138,,PCS,PMID:12634870;PMID:32164556,v2026-09-01
MONDO:0008104,OMIM:163950,HP:0003251,Male infertility,,,TAS,OMIM:163950,v2026-09-01
MONDO:0008104,OMIM:163950,HP:0012209,Juvenile myelomonocytic leukemia,2/18,,PCS,PMID:15240615,v2026-09-01
MONDO:0008104,OMIM:163950,HP:0001629,Ventricular septal defect,5/107,HP:0003577,PCS,PMID:32164556,v2026-09-01
MONDO:0008104,OMIM:163950,HP:0000337,Broad forehead,34/107,,PCS,PMID:32164556,v2026-09-01
MONDO:0008104,OMIM:163950,HP:0008872,Feeding difficulties in infancy,35/56,HP:0003593,PCS,PMID:15723289,v2026-09-01
MONDO:0008104,OMIM:163950,HP:0004859,Amegakaryocytic thrombocytopenia,,,IEA,OMIM:163950,v2026-09-01
MONDO:0008104,OMIM:163950,HP:0000978,Bruising susceptibility,32/56,,PCS,PMID:15723289,v2026-09-01
MONDO:0008104,OMIM:163950,HP:0030084,Clinodactyly,,,TAS,OMIM:163950,v2026-09-01
MONDO:0008104,OMIM:163950,HP:0000218,High palate,,,IEA,OMIM:163950,v2026-09-01
MONDO:0008104,OMIM:163950,HP:0008357,Reduced factor XIII activity,,,TAS,OMIM:163950,v2026-09-01
MONDO:0008104,OMIM:163950,HP:0006610,Wide intermamillary distance,37/107,,PCS,PMID:32164556,v2026-09-01
MONDO:0008104,OMIM:163950,HP:0000135,Hypogonadism,HP:0040283,,TAS,OMIM:163950,v2026-09-01
MONDO:0008104,OMIM:163950,HP:0001680,Coarctation of aorta,,,TAS,OMIM:163950,v2026-09-01
MONDO:0008104,OMIM:163950,HP:0000470,Short neck,15/29,,PCS,PMID:12634870,v2026-09-01
MONDO:0008104,OMIM:163950,HP:0001639,Hypertrophic cardiomyopathy,13/181,,PCS,PMID:15723289;PMID:32164556;PMID:15240615,v2026-09-01
MONDO:0008104,OMIM:163950,HP:0000508,Ptosis,77/136,,PCS,PMID:12634870;PMID:32164556,v2026-09-01
MONDO:0008104,OMIM:163950,HP:0002967,Cubitus valgus,13/107,,PCS,PMID:32164556,v2026-09-01
MONDO:0008104,OMIM:163950,HP:0001631,Atrial septal defect,70/181,HP:0003577,PCS,PMID:15723289;PMID:32164556;PMID:15240615,v2026-09-01
MONDO:0008104,OMIM:163950,HP:0000465,Webbed neck,13/32,,PCS,PMID:12634870,v2026-09-01
MONDO:0008104,OMIM:163950,HP:0000465,Webbed neck,10/56,HP:0003577,PCS,PMID:12634870,v2026-09-01
MONDO:0008104,OMIM:163950,HP:0000465,Webbed neck,65/107,,PCS,PMID:32164556,v2026-09-01
MONDO:0008104,OMIM:163950,HP:0000028,Cryptorchidism,5/8,,PCS,PMID:15240615,v2026-09-01
MONDO:0008104,OMIM:163950,HP:0000028,Cryptorchidism,27/32,,PCS,PMID:15723289,v2026-09-01
MONDO:0008104,OMIM:163950,HP:0000347,Micrognathia,,,PCS,OMIM:163950,v2026-09-01
MONDO:0008104,OMIM:163950,HP:0000545,Myopia,,,IEA,OMIM:163950,v2026-09-01
MONDO:0010079,OMIM:271900,HP:0002069,Bilateral tonic-clonic seizure,5/12,,PCS,PMID:34446995,v2026-09-01
MONDO:0010079,OMIM:271900,HP:0002521,Hypsarrhythmia,1/5,,PCS,PMID:34446995,v2026-09-01
MONDO:0010079,OMIM:271900,HP:0001476,Delayed closure of the anterior fontanelle,,,PCS,OMIM:264470,v2026-09-01
MONDO:0010079,OMIM:271900,HP:0000365,Hearing impairment,,,PCS,OMIM:264470,v2026-09-01
MONDO:0010079,OMIM:271900,HP:0001252,Hypotonia,,,PCS,OMIM:264470,v2026-09-01
MONDO:0010079,OMIM:271900,HP:6000354,Reduced aspartoacylase activity in cultured fibroblasts,22/22,,PCS,PMID:8252036,v2026-09-01
MONDO:0010079,OMIM:271900,HP:0010841,Multifocal epileptiform discharges,2/5,,PCS,PMID:34446995,v2026-09-01
MONDO:0010079,OMIM:271900,HP:0012444,Brain atrophy,,,TAS,OMIM:271900,v2026-09-01
MONDO:0010079,OMIM:271900,HP:0000639,Nystagmus,6/12,,PCS,PMID:34446995,v2026-09-01
MONDO:0010079,OMIM:271900,HP:0000618,Blindness,,,PCS,PMID:34446995,v2026-09-01
MONDO:0010079,OMIM:271900,HP:0000256,Macrocephaly,7/12,,PCS,PMID:34446995,v2026-09-01
MONDO:0010079,OMIM:271900,HP:0007305,CNS demyelination,,,PCS,OMIM:264470,v2026-09-01
MONDO:0010079,OMIM:271900,HP:0002179,Opisthotonus,,,PCS,OMIM:264470,v2026-09-01
MONDO:0010079,OMIM:271900,HP:0000252,Microcephaly,2/12,,PCS,PMID:34446995,v2026-09-01
MONDO:0010079,OMIM:271900,HP:0002376,Developmental regression,,,PCS,OMIM:264470,v2026-09-01
MONDO:0010079,OMIM:271900,HP:0025053,Elevated brain N-acetyl aspartate level by MRS,10/10,,PCS,PMID:34446995,v2026-09-01
MONDO:0010079,OMIM:271900,HP:0001263,Global developmental delay,12/12,,PCS,PMID:34446995,v2026-09-01
MONDO:0010079,OMIM:271900,HP:0034649,Elevated urine N-acetylaspartic acid level,6/8,,PCS,PMID:34446995,v2026-09-01
MONDO:0010079,OMIM:271900,HP:0011097,Epileptic spasm,1/12,,PCS,PMID:34446995,v2026-09-01
MONDO:0010079,OMIM:271900,HP:0032273,Increased circulating N-acetylaspartic acid concentration,,,TAS,OMIM:271900,v2026-09-01
MONDO:0010079,OMIM:271900,HP:0032274,Increased CSF N-acetylaspartic acid concentration,,,TAS,OMIM:271900,v2026-09-01
MONDO:0010079,OMIM:271900,HP:0007256,Abnormal pyramidal sign,12/12,,PCS,PMID:34446995,v2026-09-01
MONDO:0010079,OMIM:271900,HP:0000648,Optic atrophy,4/12,,PCS,PMID:34446995,v2026-09-01
MONDO:0010079,OMIM:271900,HP:0000505,Visual impairment,12/12,,PCS,PMID:34446995,v2026-09-01
MONDO:0009265,OMIM:230800,HP:0001650,Aortic valve stenosis,1/69,,PCS,PMID:34072542,v2026-09-01
MONDO:0009265,OMIM:230800,HP:0001971,Hypersplenism,,,IEA,OMIM:230800,v2026-09-01
MONDO:0009265,OMIM:230800,HP:6001185,Elevated circulating glucosylsphingosine concentration,64/64,,PCS,PMID:21868580,v2026-09-01
MONDO:0009265,OMIM:230800,HP:0002240,Hepatomegaly,,,IEA,OMIM:230800,v2026-09-01
MONDO:0009265,OMIM:230800,HP:0010885,Avascular necrosis,,,TAS,OMIM:230800,v2026-09-01
MONDO:0009265,OMIM:230800,HP:0001903,Anemia,,,TAS,OMIM:230800,v2026-09-01
MONDO:0009265,OMIM:230800,HP:0006530,Abnormal pulmonary interstitial morphology,,,IEA,OMIM:230800,v2026-09-01
MONDO:0009265,OMIM:230800,HP:0000953,Hyperpigmentation of the skin,,,IEA,OMIM:230800,v2026-09-01
MONDO:0009265,OMIM:230800,HP:0007401,Macular atrophy,,,TAS,OMIM:230800,v2026-09-01
MONDO:0009265,OMIM:230800,HP:0006775,Multiple myeloma,,,IEA,OMIM:230800,v2026-09-01
MONDO:0009265,OMIM:230800,HP:0002953,Vertebral compression fracture,,,IEA,OMIM:230800,v2026-09-01
MONDO:0009265,OMIM:230800,HP:0002756,Pathologic fracture,,,IEA,OMIM:230800,v2026-09-01
MONDO:0009265,OMIM:230800,HP:0001744,Splenomegaly,,,IEA,OMIM:230800,v2026-09-01
MONDO:0009265,OMIM:230800,HP:0000478,Abnormality of the eye,,,IEA,OMIM:230800,v2026-09-01
MONDO:0009265,OMIM:230800,HP:0004975,Erlenmeyer flask deformity of the femurs,,,IEA,OMIM:230800,v2026-09-01
MONDO:0009265,OMIM:230800,HP:0002113,Pulmonary infiltrates,HP:0040283,,TAS,OMIM:230800,v2026-09-01
MONDO:0009265,OMIM:230800,HP:0002653,Bone pain,,,IEA,OMIM:230800,v2026-09-01
MONDO:0009265,OMIM:230800,HP:0002094,Dyspnea,,,IEA,OMIM:230800,v2026-09-01
MONDO:0009265,OMIM:230800,HP:0002092,Pulmonary arterial hypertension,9/69,,PCS,PMID:34072542,v2026-09-01
MONDO:0009265,OMIM:230800,HP:0000822,Hypertension,,,IEA,OMIM:230800,v2026-09-01
MONDO:0009265,OMIM:230800,HP:0000421,Epistaxis,,,IEA,OMIM:230800,v2026-09-01
MONDO:0009265,OMIM:230800,HP:0001873,Thrombocytopenia,,,TAS,OMIM:230800,v2026-09-01
MONDO:0009265,OMIM:230800,HP:0001653,Mitral regurgitation,33/69,,PCS,PMID:34072542,v2026-09-01
MONDO:0009265,OMIM:230800,HP:0001876,Pancytopenia,,,IEA,OMIM:230800,v2026-09-01
MONDO:0014113,OMIM:615279,HP:0000154,Wide mouth,,,PCS,PMID:18042262,v2026-09-01
MONDO:0014113,OMIM:615279,HP:0002212,Curly hair,3/3,,PCS,PMID:16439621,v2026-09-01
MONDO:0014113,OMIM:615279,HP:0002650,Scoliosis,2/3,,PCS,PMID:16439621,v2026-09-01
MONDO:0014113,OMIM:615279,HP:0004322,Short stature,,,PCS,PMID:18042262,v2026-09-01
MONDO:0014113,OMIM:615279,HP:0002046,Heat intolerance,3/3,,PCS,PMID:16439621,v2026-09-01
MONDO:0014113,OMIM:615279,HP:0001250,Seizure,1/3,,PCS,PMID:16439621,v2026-09-01
MONDO:0014113,OMIM:615279,HP:0001252,Hypotonia,3/3,,PCS,PMID:16439621,v2026-09-01
MONDO:0014113,OMIM:615279,HP:0001263,Global developmental delay,,,PCS,PMID:16439621,v2026-09-01
MONDO:0014113,OMIM:615279,HP:0000470,Short neck,,,PCS,PMID:18042262,v2026-09-01
MONDO:0014113,OMIM:615279,HP:0001629,Ventricular septal defect,,,PCS,PMID:18042262,v2026-09-01
MONDO:0014113,OMIM:615279,HP:0000639,Nystagmus,,,PCS,PMID:16439621,v2026-09-01
MONDO:0014113,OMIM:615279,HP:0032152,Keratosis pilaris,,,PCS,PMID:18042262,v2026-09-01
MONDO:0014113,OMIM:615279,HP:0001508,Failure to thrive,,,PCS,PMID:16439621,v2026-09-01
MONDO:0014113,OMIM:615279,HP:0001639,Hypertrophic cardiomyopathy,,,PCS,PMID:18042262,v2026-09-01
MONDO:0014113,OMIM:615279,HP:0000767,Pectus excavatum,3/3,,PCS,PMID:16439621,v2026-09-01
MONDO:0014113,OMIM:615279,HP:0000975,Hyperhidrosis,3/3,,PCS,PMID:16439621,v2026-09-01
MONDO:0014113,OMIM:615279,HP:0000465,Webbed neck,,,PCS,PMID:18042262,v2026-09-01
MONDO:0014113,OMIM:615279,HP:0001642,Pulmonic stenosis,,,PCS,PMID:18042262,v2026-09-01
MONDO:0014113,OMIM:615279,HP:0001631,Atrial septal defect,,,PCS,PMID:18042262,v2026-09-01
MONDO:0014113,OMIM:615279,HP:0004349,Reduced bone mineral density,1/3,,PCS,PMID:16439621,v2026-09-01
MONDO:0014113,OMIM:615279,HP:0001249,Intellectual disability,,,PCS,PMID:18042262,v2026-09-01
MONDO:0014113,OMIM:615279,HP:0000962,Hyperkeratosis,3/3,,PCS,PMID:16439621,v2026-09-01
MONDO:0012690,OMIM:611553,HP:0000286,Epicanthus,13/23,,PCS,PMID:17603483,v2026-09-01
MONDO:0012690,OMIM:611553,HP:0001792,Small nail,1/23,,PCS,PMID:17603483,v2026-09-01
MONDO:0012690,OMIM:611553,HP:0004322,Short stature,30/33,,PCS,PMID:17603482;PMID:17603483,v2026-09-01
MONDO:0012690,OMIM:611553,HP:0011675,Arrhythmia,,,TAS,OMIM:611553,v2026-09-01
MONDO:0012690,OMIM:611553,HP:0045075,Sparse eyebrow,2/23,,PCS,PMID:17603483,v2026-09-01
MONDO:0012690,OMIM:611553,HP:0000958,Dry skin,8/23,,PCS,PMID:17603483,v2026-09-01
MONDO:0012690,OMIM:611553,HP:0000957,Cafe-au-lait spot,4/22,,PCS,PMID:17603483,v2026-09-01
MONDO:0012690,OMIM:611553,HP:0011220,Prominent forehead,18/23,,PCS,PMID:17603483,v2026-09-01
MONDO:0012690,OMIM:611553,HP:0012471,Thick vermilion border,8/23,,PCS,PMID:17603483,v2026-09-01
MONDO:0012690,OMIM:611553,HP:0000316,Hypertelorism,22/23,,PCS,PMID:17603483,v2026-09-01
MONDO:0012690,OMIM:611553,HP:0000256,Macrocephaly,17/23,,PCS,PMID:17603483,v2026-09-01
MONDO:0012690,OMIM:611553,HP:0001642,Pulmonic stenosis,5/23,,PCS,PMID:17603483,v2026-09-01
MONDO:0012690,OMIM:611553,HP:0001249,Intellectual disability,8/23,,PCS,PMID:17603483,v2026-09-01
MONDO:0012690,OMIM:611553,HP:0001601,Laryngomalacia,4/18,,PCS,PMID:17603483,v2026-09-01
MONDO:0012690,OMIM:611553,HP:0002212,Curly hair,6/23,,PCS,PMID:17603483,v2026-09-01
MONDO:0012690,OMIM:611553,HP:0000154,Wide mouth,5/23,,PCS,PMID:17603483,v2026-09-01
MONDO:0012690,OMIM:611553,HP:0000494,Downslanted palpebral fissures,21/23,,PCS,PMID:17603483,v2026-09-01
MONDO:0012690,OMIM:611553,HP:0003764,Nevus,8/23,,PCS,PMID:17603483,v2026-09-01
MONDO:0012690,OMIM:611553,HP:0001561,Polyhydramnios,6/19,HP:0011461,PCS,PMID:17603483,v2026-09-01
MONDO:0012690,OMIM:611553,HP:0002213,Fine hair,3/23,,PCS,PMID:17603483,v2026-09-01
MONDO:0012690,OMIM:611553,HP:0001520,Large for gestational age,6/22,,PCS,PMID:17603483,v2026-09-01
MONDO:0012690,OMIM:611553,HP:0001003,Multiple lentigines,4/23,,PCS,PMID:17603483,v2026-09-01
MONDO:0012690,OMIM:611553,HP:0000391,Thickened helices,20/23,,PCS,PMID:17603483,v2026-09-01
MONDO:0012690,OMIM:611553,HP:0001263,Global developmental delay,,,PCS,PMID:17603482,v2026-09-01
MONDO:0012690,OMIM:611553,HP:0000470,Short neck,15/32,,PCS,PMID:17603482;PMID:17603483,v2026-09-01
MONDO:0012690,OMIM:611553,HP:0005280,Depressed nasal bridge,14/23,,PCS,PMID:17603483,v2026-09-01
MONDO:0012690,OMIM:611553,HP:0032152,Keratosis pilaris,2/23,,PCS,PMID:17603483,v2026-09-01
MONDO:0012690,OMIM:611553,HP:0001639,Hypertrophic cardiomyopathy,24/34,,PCS,PMID:17603482;PMID:17603483,v2026-09-01
MONDO:0012690,OMIM:611553,HP:0000508,Ptosis,20/23,,PCS,PMID:17603483,v2026-09-01
MONDO:0012690,OMIM:611553,HP:0001999,Abnormal facial shape,,,PCS,PMID:17603482,v2026-09-01
MONDO:0012690,OMIM:611553,HP:0000766,Abnormal sternum morphology,,,PCS,PMID:17603482,v2026-09-01
MONDO:0012690,OMIM:611553,HP:0002967,Cubitus valgus,8/23,,PCS,PMID:17603483,v2026-09-01
MONDO:0012690,OMIM:611553,HP:0000268,Dolichocephaly,12/22,,PCS,PMID:17603483,v2026-09-01
MONDO:0012690,OMIM:611553,HP:0001631,Atrial septal defect,11/34,,PCS,PMID:17603482;PMID:17603483,v2026-09-01
MONDO:0012690,OMIM:611553,HP:0000465,Webbed neck,12/31,,PCS,PMID:17603482;PMID:17603483,v2026-09-01
MONDO:0012690,OMIM:611553,HP:0000028,Cryptorchidism,6/10,,PCS,PMID:17603483,v2026-09-01
MONDO:0012690,OMIM:611553,HP:0000369,Low-set ears,20/23,,PCS,PMID:17603483,v2026-09-01
MONDO:0012690,OMIM:611553,HP:0000303,Mandibular prognathia,13/21,,PCS,PMID:17603483,v2026-09-01
MONDO:0009591,OMIM:250100,HP:0001332,Dystonia,,,IEA,OMIM:250100,v2026-09-01
MONDO:0009591,OMIM:250100,HP:0001250,Seizure,,,IEA,OMIM:250100,v2026-09-01
MONDO:0009591,OMIM:250100,HP:0000020,Urinary incontinence,,,IEA,OMIM:250100,v2026-09-01
MONDO:0009591,OMIM:250100,HP:0001252,Hypotonia,,,IEA,OMIM:250100,v2026-09-01
MONDO:0009591,OMIM:250100,HP:0001251,Ataxia,,,IEA,OMIM:250100,v2026-09-01
MONDO:0009591,OMIM:250100,HP:0001290,Generalized hypotonia,,,TAS,OMIM:250100,v2026-09-01
MONDO:0009591,OMIM:250100,HP:0000738,Hallucinations,,,IEA,OMIM:250100,v2026-09-01
MONDO:0009591,OMIM:250100,HP:0005609,Gallbladder dysfunction,,,IEA,OMIM:250100,v2026-09-01
MONDO:0009591,OMIM:250100,HP:0000712,Emotional lability,,,PCS,OMIM:250100,v2026-09-01
MONDO:0009591,OMIM:250100,HP:0001268,Mental deterioration,,,PCS,OMIM:250100,v2026-09-01
MONDO:0009591,OMIM:250100,HP:0001249,Intellectual disability,,,TAS,OMIM:250100,v2026-09-01
MONDO:0009591,OMIM:250100,HP:0001347,Hyperreflexia,,,IEA,OMIM:250100,v2026-09-01
MONDO:0009591,OMIM:250100,HP:0001265,Hyporeflexia,,,IEA,OMIM:250100,v2026-09-01
MONDO:0009591,OMIM:250100,HP:0003445,EMG: neuropathic changes,,,IEA,OMIM:250100,v2026-09-01
MONDO:0009591,OMIM:250100,HP:0002510,Spastic tetraplegia,,,PCS,OMIM:250100,v2026-09-01
MONDO:0009591,OMIM:250100,HP:0001288,Gait disturbance,,,IEA,OMIM:250100,v2026-09-01
MONDO:0009591,OMIM:250100,HP:0003487,Babinski sign,,,IEA,OMIM:250100,v2026-09-01
MONDO:0009591,OMIM:250100,HP:0001283,Bulbar palsy,,,IEA,OMIM:250100,v2026-09-01
MONDO:0009591,OMIM:250100,HP:0001260,Dysarthria,,,IEA,OMIM:250100,v2026-09-01
MONDO:0009591,OMIM:250100,HP:0002371,Loss of speech,,,IEA,OMIM:250100,v2026-09-01
MONDO:0009591,OMIM:250100,HP:0002072,Chorea,,,IEA,OMIM:250100,v2026-09-01
MONDO:0009591,OMIM:250100,HP:0034687,Impaired cerebroside sulfate hydrolysis,,,PCS,PMID:6137805,v2026-09-01
MONDO:0009591,OMIM:250100,HP:0034863,Reduced leukocyte arylsulfatase A activity,,,TAS,OMIM:250100,v2026-09-01
MONDO:0009591,OMIM:250100,HP:0001082,Cholecystitis,,,IEA,OMIM:250100,v2026-09-01
MONDO:0009591,OMIM:250100,HP:0011096,Peripheral demyelination,,,PCS,OMIM:250100,v2026-09-01
MONDO:0009591,OMIM:250100,HP:0007133,Progressive peripheral neuropathy,,,IEA,OMIM:250100,v2026-09-01
MONDO:0009591,OMIM:250100,HP:0000648,Optic atrophy,,,IEA,OMIM:250100,v2026-09-01
MONDO:0009591,OMIM:250100,HP:0002922,Increased CSF protein concentration,,,IEA,OMIM:250100,v2026-09-01
MONDO:0009591,OMIM:250100,HP:0000746,Delusion,,,IEA,OMIM:250100,v2026-09-01
MONDO:0009591,OMIM:250100,HP:0000762,Decreased nerve conduction velocity,,,IEA,OMIM:250100,v2026-09-01
MONDO:0009591,OMIM:250100,HP:0002500,Abnormal cerebral white matter morphology,,,IEA,OMIM:250100,v2026-09-01
MONDO:0009591,OMIM:250100,HP:0002445,Tetraplegia,,,TAS,OMIM:250100,v2026-09-01
MONDO:0012669,OMIM:611431,HP:0000286,Epicanthus,,,IEA,OMIM:611431,v2026-09-01
MONDO:0012669,OMIM:611431,HP:0001012,Multiple lipomas,11/40,,PCS,PMID:17704776,v2026-09-01
MONDO:0012669,OMIM:611431,HP:0001252,Hypotonia,,,TAS,OMIM:611431,v2026-09-01
MONDO:0012669,OMIM:611431,HP:0002162,Low posterior hairline,,,TAS,OMIM:611431,v2026-09-01
MONDO:0012669,OMIM:611431,HP:0000957,Cafe-au-lait spot,62/62,,PCS,PMID:17704776;PMID:19366998,v2026-09-01
MONDO:0012669,OMIM:611431,HP:0000316,Hypertelorism,,,IEA,OMIM:611431,v2026-09-01
MONDO:0012669,OMIM:611431,HP:0001328,Specific learning disability,,,IEA,OMIM:611431,v2026-09-01
MONDO:0012669,OMIM:611431,HP:0000997,Axillary freckling,10/18,,PCS,PMID:19366998,v2026-09-01
MONDO:0012669,OMIM:611431,HP:0000218,High palate,,,IEA,OMIM:611431,v2026-09-01
MONDO:0012669,OMIM:611431,HP:0000256,Macrocephaly,7/49,,PCS,PMID:17704776;PMID:19366998,v2026-09-01
MONDO:0012669,OMIM:611431,HP:0000358,Posteriorly rotated ears,,,TAS,OMIM:611431,v2026-09-01
MONDO:0012669,OMIM:611431,HP:0001067,Neurofibroma,0/18,,IEA,OMIM:611431,v2026-09-01
MONDO:0012669,OMIM:611431,HP:0000494,Downslanted palpebral fissures,,,IEA,OMIM:611431,v2026-09-01
MONDO:0012669,OMIM:611431,HP:0001480,Freckling,14/43,,PCS,PMID:17704776,v2026-09-01
MONDO:0012669,OMIM:611431,HP:0000470,Short neck,,,TAS,OMIM:611431,v2026-09-01
MONDO:0012669,OMIM:611431,HP:0034349,Supravalvar pulmonary stenosis,1/40,,PCS,PMID:17704776,v2026-09-01
MONDO:0012669,OMIM:611431,HP:0000508,Ptosis,,,IEA,OMIM:611431,v2026-09-01
MONDO:0012669,OMIM:611431,HP:0000767,Pectus excavatum,3/40,,PCS,PMID:17704776,v2026-09-01
MONDO:0012669,OMIM:611431,HP:0002705,"High, narrow palate",,,TAS,OMIM:611431,v2026-09-01
MONDO:0012669,OMIM:611431,HP:0030052,Inguinal freckling,9/18,,PCS,PMID:19366998,v2026-09-01
MONDO:0012669,OMIM:611431,HP:0007018,Attention deficit hyperactivity disorder,2/40,,PCS,PMID:17704776,v2026-09-01
MONDO:0012669,OMIM:611431,HP:0000347,Micrognathia,,,IEA,OMIM:611431,v2026-09-01
MONDO:0012669,OMIM:611431,HP:0000325,Triangular face,,,IEA,OMIM:611431,v2026-09-01
MONDO:0012669,OMIM:611431,HP:0000369,Low-set ears,,,TAS,OMIM:611431,v2026-09-01
MONDO:0009659,OMIM:253000,HP:0007759,Opacification of the corneal stroma,,,IEA,OMIM:253000,v2026-09-01
MONDO:0009659,OMIM:253000,HP:0003277,Constricted iliac wing,,,IEA,OMIM:253000,v2026-09-01
MONDO:0009659,OMIM:253000,HP:0000365,Hearing impairment,,,IEA,OMIM:253000,v2026-09-01
MONDO:0009659,OMIM:253000,HP:0000683,Grayish enamel,,,IEA,OMIM:253000,v2026-09-01
MONDO:0009659,OMIM:253000,HP:0003311,Hypoplasia of the odontoid process,,,IEA,OMIM:253000,v2026-09-01
MONDO:0009659,OMIM:253000,HP:0000280,Coarse facial features,,,IEA,OMIM:253000,v2026-09-01
MONDO:0009659,OMIM:253000,HP:0012070,Chondroitin sulfate excretion in urine,,,TAS,OMIM:253000,v2026-09-01
MONDO:0009659,OMIM:253000,HP:0008454,Lumbar kyphosis,1/1,,PCS,PMID:32024277,v2026-09-01
MONDO:0009659,OMIM:253000,HP:0003307,Hyperlordosis,,,IEA,OMIM:253000,v2026-09-01
MONDO:0009659,OMIM:253000,HP:0003308,Cervical subluxation,,,IEA,OMIM:253000,v2026-09-01
MONDO:0009659,OMIM:253000,HP:0002857,Genu valgum,1/1,,PCS,PMID:35477222,v2026-09-01
MONDO:0009659,OMIM:253000,HP:4000007,Bronchoconstriction,1/1,,PCS,PMID:35477222,v2026-09-01
MONDO:0009659,OMIM:253000,HP:0001249,Intellectual disability,0/1,,PCS,PMID:32024277,v2026-09-01
MONDO:0009659,OMIM:253000,HP:0003521,Disproportionate short-trunk short stature,1/1,,PCS,PMID:35477222,v2026-09-01
MONDO:0009659,OMIM:253000,HP:0030865,Large elbow,,,PCS,PMID:24602160,v2026-09-01
MONDO:0009659,OMIM:253000,HP:0003049,Ulnar deviation of the wrist,,,IEA,OMIM:253000,v2026-09-01
MONDO:0009659,OMIM:253000,HP:0001223,Pointed proximal second through fifth metacarpals,,,IEA,OMIM:253000,v2026-09-01
MONDO:0009659,OMIM:253000,HP:0002673,Coxa valga,,,IEA,OMIM:253000,v2026-09-01
MONDO:0009659,OMIM:253000,HP:0001382,Joint hypermobility,,,IEA,OMIM:253000,v2026-09-01
MONDO:0009659,OMIM:253000,HP:0012069,Keratan sulfate excretion in urine,,,TAS,OMIM:253000,v2026-09-01
MONDO:0009659,OMIM:253000,HP:0000926,Platyspondyly,,,IEA,OMIM:253000,v2026-09-01
MONDO:0009659,OMIM:253000,HP:0000768,Pectus carinatum,1/1,,PCS,PMID:35477222,v2026-09-01
MONDO:0009659,OMIM:253000,HP:0001654,Abnormal heart valve morphology,,,TAS,OMIM:253000,v2026-09-01
MONDO:0009659,OMIM:253000,HP:0000884,Prominent sternum,,,IEA,OMIM:253000,v2026-09-01
MONDO:0009659,OMIM:253000,HP:0002788,Recurrent upper respiratory tract infections,,,IEA,OMIM:253000,v2026-09-01
MONDO:0009659,OMIM:253000,HP:0000687,Widely spaced teeth,,,IEA,OMIM:253000,v2026-09-01
MONDO:0009659,OMIM:253000,HP:0003016,Metaphyseal widening,,,IEA,OMIM:253000,v2026-09-01
MONDO:0009659,OMIM:253000,HP:0000023,Inguinal hernia,,,IEA,OMIM:253000,v2026-09-01
MONDO:0009659,OMIM:253000,HP:0003053,Epiphyseal deformities of tubular bones,,,IEA,OMIM:253000,v2026-09-01
MONDO:0009659,OMIM:253000,HP:0002240,Hepatomegaly,,,IEA,OMIM:253000,v2026-09-01
MONDO:0009659,OMIM:253000,HP:0001270,Motor delay,1/1,,PCS,PMID:32024277,v2026-09-01
MONDO:0009659,OMIM:253000,HP:0000939,Osteoporosis,,,IEA,OMIM:253000,v2026-09-01
MONDO:0009659,OMIM:253000,HP:0008430,Anterior beaking of lumbar vertebrae,1/1,,PCS,PMID:32024277,v2026-09-01
MONDO:0009659,OMIM:253000,HP:0002515,Waddling gait,1/1,,PCS,PMID:32024277,v2026-09-01
MONDO:0009659,OMIM:253000,HP:0002318,Cervical myelopathy,,,IEA,OMIM:253000,v2026-09-01
MONDO:0009659,OMIM:253000,HP:0006532,Recurrent pneumonia,1/1,,PCS,PMID:35477222,v2026-09-01
MONDO:0009659,OMIM:253000,HP:0000154,Wide mouth,,,IEA,OMIM:253000,v2026-09-01
MONDO:0009659,OMIM:253000,HP:0000670,Carious teeth,,,IEA,OMIM:253000,v2026-09-01
MONDO:0009659,OMIM:253000,HP:0002650,Scoliosis,1/1,,PCS,PMID:35477222,v2026-09-01
MONDO:0009659,OMIM:253000,HP:0031936,Delayed ability to walk,1/1,,PCS,PMID:32024277,v2026-09-01
MONDO:0009659,OMIM:253000,HP:0003300,Ovoid vertebral bodies,,,IEA,OMIM:253000,v2026-09-01
MONDO:0009659,OMIM:253000,HP:0000470,Short neck,1/1,,PCS,PMID:35477222,v2026-09-01
MONDO:0009659,OMIM:253000,HP:0002091,Restrictive ventilatory defect,,,IEA,OMIM:253000,v2026-09-01
MONDO:0009659,OMIM:253000,HP:0002808,Kyphosis,,,IEA,OMIM:253000,v2026-09-01
MONDO:0009659,OMIM:253000,HP:0000904,Flaring of rib cage,,,IEA,OMIM:253000,v2026-09-01
MONDO:0009659,OMIM:253000,HP:0000943,Dysostosis multiplex,1/1,,PCS,PMID:32024277,v2026-09-01
MONDO:0009659,OMIM:253000,HP:0000303,Mandibular prognathia,,,IEA,OMIM:253000,v2026-09-01
MONDO:0009737,OMIM:256540,HP:0003510,Severe short stature,,,IEA,OMIM:256540,v2026-09-01
MONDO:0009737,OMIM:256540,HP:0007759,Opacification of the corneal stroma,,,IEA,OMIM:256540,v2026-09-01
MONDO:0009737,OMIM:256540,HP:0000365,Hearing impairment,,,IEA,OMIM:256540,v2026-09-01
MONDO:0009737,OMIM:256540,HP:0001250,Seizure,,,IEA,OMIM:256540,v2026-09-01
MONDO:0009737,OMIM:256540,HP:0001790,Nonimmune hydrops fetalis,,HP:0030674,PCS,PMID:19466716,v2026-09-01
MONDO:0009737,OMIM:256540,HP:0010729,Cherry red spot of the macula,,HP:0003593,PCS,PMID:23915561,v2026-09-01
MONDO:0009737,OMIM:256540,HP:0003271,Visceromegaly,,HP:0003593,PCS,PMID:23915561,v2026-09-01
MONDO:0009737,OMIM:256540,HP:0000280,Coarse facial features,,HP:0003593,PCS,PMID:23915561,v2026-09-01
MONDO:0009737,OMIM:256540,HP:0008166,Decreased beta-galactosidase activity,,,TAS,OMIM:256540,v2026-09-01
MONDO:0009737,OMIM:256540,HP:0000943,Dysostosis multiplex,,,IEA,OMIM:256540,v2026-09-01
MONDO:0009737,OMIM:256540,HP:0000524,Conjunctival telangiectasia,,,IEA,OMIM:256540,v2026-09-01
MONDO:0009737,OMIM:256540,HP:0001433,Hepatosplenomegaly,HP:0040283,,TAS,OMIM:256540,v2026-09-01
MONDO:0009737,OMIM:256540,HP:0001249,Intellectual disability,4/4,,PCS,PMID:23915561,v2026-09-01
MONDO:0009737,OMIM:256540,HP:0001028,Hemangioma,,,IEA,OMIM:256540,v2026-09-01
MONDO:0008854,OMIM:209900,HP:0000483,Astigmatism,3/3,,PCS,PMID:22940089,v2026-09-01
MONDO:0008854,OMIM:209900,HP:0000365,Hearing impairment,,,IEA,OMIM:209900,v2026-09-01
MONDO:0008854,OMIM:209900,HP:0001773,Short foot,,,TAS,OMIM:209900,v2026-09-01
MONDO:0008854,OMIM:209900,HP:0000486,Strabismus,,,IEA,OMIM:209900,v2026-09-01
MONDO:0008854,OMIM:209900,HP:0001251,Ataxia,,,IEA,OMIM:209900,v2026-09-01
MONDO:0008854,OMIM:209900,HP:0002141,Gait imbalance,,,IEA,OMIM:209900,v2026-09-01
MONDO:0008854,OMIM:209900,HP:0012743,Abdominal obesity,1/1,,PCS,PMID:31997113,v2026-09-01
MONDO:0008854,OMIM:209900,HP:0000518,Cataract,2/13,,PCS,PMID:22940089;PMID:18669544,v2026-09-01
MONDO:0008854,OMIM:209900,HP:0000639,Nystagmus,11/11,,PCS,OMIM:209900;PMID:22940089,v2026-09-01
MONDO:0008854,OMIM:209900,HP:0012393,Allergy,,,PCS,PMID:26762677,v2026-09-01
MONDO:0008854,OMIM:209900,HP:0001328,Specific learning disability,,,PCS,PMID:26762677,v2026-09-01
MONDO:0008854,OMIM:209900,HP:0000678,Dental crowding,,,IEA,OMIM:209900,v2026-09-01
MONDO:0008854,OMIM:209900,HP:0009466,Radial deviation of finger,,,IEA,OMIM:209900,v2026-09-01
MONDO:0008854,OMIM:209900,HP:0001769,Broad foot,,,TAS,OMIM:209900,v2026-09-01
MONDO:0008854,OMIM:209900,HP:0008734,Decreased testicular size,,,IEA,OMIM:209900,v2026-09-01
MONDO:0008854,OMIM:209900,HP:0000510,Rod-cone dystrophy,24/24,,PCS,PMID:31997113;PMID:34526762;PMID:34262361,v2026-09-01
MONDO:0008854,OMIM:209900,HP:0007843,Attenuation of retinal blood vessels,4/4,,PCS,PMID:31997113;PMID:34262361,v2026-09-01
MONDO:0008854,OMIM:209900,HP:0001007,Hirsutism,,,IEA,OMIM:209900,v2026-09-01
MONDO:0008854,OMIM:209900,HP:0001249,Intellectual disability,26/33,,PCS,PMID:34526762;PMID:22940089;PMID:18669544,v2026-09-01
MONDO:0008854,OMIM:209900,HP:0000556,Retinal dystrophy,,,IEA,OMIM:209900,v2026-09-01
MONDO:0008854,OMIM:209900,HP:0002311,Incoordination,,,IEA,OMIM:209900,v2026-09-01
MONDO:0008854,OMIM:209900,HP:0000054,Micropenis,,,IEA,OMIM:209900,v2026-09-01
MONDO:0008854,OMIM:209900,HP:0009806,Nephrogenic diabetes insipidus,,,IEA,OMIM:209900,v2026-09-01
MONDO:0008854,OMIM:209900,HP:0001263,Global developmental delay,2/4,,PCS,PMID:31997113;PMID:22940089,v2026-09-01
MONDO:0008854,OMIM:209900,HP:0010750,Dermatochalasis,1/3,,PCS,PMID:22940089,v2026-09-01
MONDO:0008854,OMIM:209900,HP:0100259,Postaxial polydactyly,21/33,,PCS,PMID:34526762;PMID:22940089;PMID:18669544,v2026-09-01
MONDO:0008854,OMIM:209900,HP:0002705,"High, narrow palate",,,TAS,OMIM:209900,v2026-09-01
MONDO:0008854,OMIM:209900,HP:0007994,Peripheral visual field loss,1/1,,PCS,PMID:34262361,v2026-09-01
MONDO:0008854,OMIM:209900,HP:0007737,Spicular pigmentation of the retina,3/3,,PCS,PMID:34262361,v2026-09-01
MONDO:0008854,OMIM:209900,HP:0000662,Nyctalopia,14/14,,PCS,PMID:22940089;PMID:34262361;PMID:18669544,v2026-09-01
MONDO:0008854,OMIM:209900,HP:0002167,Abnormal speech pattern,,,IEA,OMIM:209900,v2026-09-01
MONDO:0008854,OMIM:209900,HP:0001156,Brachydactyly,,,IEA,OMIM:209900,v2026-09-01
MONDO:0008854,OMIM:209900,HP:0030631,Hyperautofluorescent macular lesion,1/1,,PCS,PMID:31997113,v2026-09-01
MONDO:0008854,OMIM:209900,HP:0001395,Hepatic fibrosis,,,IEA,OMIM:209900,v2026-09-01
MONDO:0008854,OMIM:209900,HP:0000819,Diabetes mellitus,7/22,,PCS,PMID:34526762,v2026-09-01
MONDO:0008854,OMIM:209900,HP:0001829,Foot polydactyly,,,IEA,OMIM:209900,v2026-09-01
MONDO:0008854,OMIM:209900,HP:0000855,Insulin resistance,1/1,,PCS,PMID:31997113,v2026-09-01
MONDO:0008854,OMIM:209900,HP:0007663,Reduced visual acuity,15/15,,PCS,PMID:31997113;PMID:22940089;PMID:34262361;PMID:18669544,v2026-09-01
MONDO:0008854,OMIM:209900,HP:0000218,High palate,1/1,,PCS,PMID:31997113,v2026-09-01
MONDO:0008854,OMIM:209900,HP:0000135,Hypogonadism,,,PCS,PMID:26762677,v2026-09-01
MONDO:0008854,OMIM:209900,HP:0000256,Macrocephaly,,,IEA,OMIM:209900,v2026-09-01
MONDO:0008854,OMIM:209900,HP:0000137,Abnormality of the ovary,,,IEA,OMIM:209900,v2026-09-01
MONDO:0008854,OMIM:209900,HP:0000077,Abnormality of the kidney,,,IEA,OMIM:209900,v2026-09-01
MONDO:0008854,OMIM:209900,HP:0000750,Delayed speech and language development,,,IEA,OMIM:209900,v2026-09-01
MONDO:0008854,OMIM:209900,HP:0002650,Scoliosis,1/10,,PCS,PMID:18669544,v2026-09-01
MONDO:0008854,OMIM:209900,HP:0001162,Postaxial hand polydactyly,1/1,,PCS,PMID:31997113,v2026-09-01
MONDO:0008854,OMIM:209900,HP:0002099,Asthma,,,IEA,OMIM:209900,v2026-09-01
MONDO:0008854,OMIM:209900,HP:0002251,Aganglionic megacolon,HP:0040283,,TAS,OMIM:209900,v2026-09-01
MONDO:0008854,OMIM:209900,HP:0001080,Biliary tract abnormality,,,IEA,OMIM:209900,v2026-09-01
MONDO:0008854,OMIM:209900,HP:0000508,Ptosis,2/3,,PCS,PMID:22940089,v2026-09-01
MONDO:0008854,OMIM:209900,HP:0000822,Hypertension,,,IEA,OMIM:209900,v2026-09-01
MONDO:0008854,OMIM:209900,HP:0000668,Hypodontia,,,IEA,OMIM:209900,v2026-09-01
MONDO:0008854,OMIM:209900,HP:0001712,Left ventricular hypertrophy,,,IEA,OMIM:209900,v2026-09-01
MONDO:0008854,OMIM:209900,HP:0000546,Retinal degeneration,1/1,,PCS,PMID:31997113,v2026-09-01
MONDO:0008854,OMIM:209900,HP:0001956,Truncal obesity,18/22,,PCS,PMID:34526762,v2026-09-01
MONDO:0008854,OMIM:209900,HP:0001830,Postaxial foot polydactyly,1/1,,PCS,PMID:34262361,v2026-09-01
MONDO:0008854,OMIM:209900,HP:0001159,Syndactyly,,,IEA,OMIM:209900,v2026-09-01
MONDO:0008854,OMIM:209900,HP:0000501,Glaucoma,,,IEA,OMIM:209900,v2026-09-01
MONDO:0008854,OMIM:209900,HP:0000545,Myopia,6/13,,PCS,PMID:22940089;PMID:18669544,v2026-09-01
MONDO:0008854,OMIM:209900,HP:0001513,Obesity,11/12,,PCS,PMID:22940089;PMID:18669544,v2026-09-01
MONDO:0008854,OMIM:209900,HP:0000786,Primary amenorrhea,2/2,,PCS,PMID:18669544,v2026-09-01
MONDO:0008854,OMIM:209900,HP:0000148,Vaginal atresia,,,IEA,OMIM:209900,v2026-09-01
MONDO:0010100,OMIM:272800,HP:0002267,Exaggerated startle response,,,TAS,OMIM:272800,v2026-09-01
MONDO:0010100,OMIM:272800,HP:0002421,Poor head control,,,TAS,OMIM:272800,v2026-09-01
MONDO:0010100,OMIM:272800,HP:0001276,Hypertonia,,,IEA,OMIM:272800,v2026-09-01
MONDO:0010100,OMIM:272800,HP:0000980,Pallor,,,IEA,OMIM:272800,v2026-09-01
MONDO:0010100,OMIM:272800,HP:0001250,Seizure,,,TAS,OMIM:272800,v2026-09-01
MONDO:0010100,OMIM:272800,HP:0003495,GM2-ganglioside accumulation,,,TAS,OMIM:272800,v2026-09-01
MONDO:0010100,OMIM:272800,HP:0001252,Hypotonia,,,TAS,OMIM:272800,v2026-09-01
MONDO:0010100,OMIM:272800,HP:0002361,Psychomotor deterioration,,,TAS,OMIM:272800,v2026-09-01
MONDO:0010100,OMIM:272800,HP:0010729,Cherry red spot of the macula,,,TAS,OMIM:272800,v2026-09-01
MONDO:0010100,OMIM:272800,HP:0001290,Generalized hypotonia,,,TAS,OMIM:272800,v2026-09-01
MONDO:0010100,OMIM:272800,HP:0000726,Dementia,,,TAS,OMIM:272800,v2026-09-01
MONDO:0010100,OMIM:272800,HP:0000618,Blindness,,,TAS,OMIM:272800,v2026-09-01
MONDO:0010100,OMIM:272800,HP:0002835,Aspiration,,,TAS,OMIM:272800,v2026-09-01
MONDO:0010100,OMIM:272800,HP:0000741,Apathy,,,TAS,OMIM:272800,v2026-09-01
MONDO:0009738,OMIM:256550,HP:0000023,Inguinal hernia,,,IEA,OMIM:256550,v2026-09-01
MONDO:0009738,OMIM:256550,HP:0001310,Dysmetria,,,IEA,OMIM:256550,v2026-09-01
MONDO:0009738,OMIM:256550,HP:0004322,Short stature,,,IEA,OMIM:256550,v2026-09-01
MONDO:0009738,OMIM:256550,HP:0000282,Facial edema,,,IEA,OMIM:256550,v2026-09-01
MONDO:0009738,OMIM:256550,HP:0001250,Seizure,,,IEA,OMIM:256550,v2026-09-01
MONDO:0009738,OMIM:256550,HP:0001252,Hypotonia,,,IEA,OMIM:256550,v2026-09-01
MONDO:0009738,OMIM:256550,HP:0001350,Slurred speech,,,IEA,OMIM:256550,v2026-09-01
MONDO:0009738,OMIM:256550,HP:0002240,Hepatomegaly,,,IEA,OMIM:256550,v2026-09-01
MONDO:0009738,OMIM:256550,HP:0010729,Cherry red spot of the macula,,,IEA,OMIM:256550,v2026-09-01
MONDO:0009738,OMIM:256550,HP:0001290,Generalized hypotonia,,,TAS,OMIM:256550,v2026-09-01
MONDO:0009738,OMIM:256550,HP:0000280,Coarse facial features,,,IEA,OMIM:256550,v2026-09-01
MONDO:0009738,OMIM:256550,HP:6000911,Reduced tissue neuraminidase activity,1/1,,PCS,PMID:610423,v2026-09-01
MONDO:0009738,OMIM:256550,HP:0000518,Cataract,,,IEA,OMIM:256550,v2026-09-01
MONDO:0009738,OMIM:256550,HP:0000639,Nystagmus,,,IEA,OMIM:256550,v2026-09-01
MONDO:0009738,OMIM:256550,HP:0001922,Vacuolated lymphocytes,,,IEA,OMIM:256550,v2026-09-01
MONDO:0009738,OMIM:256550,HP:0001789,Hydrops fetalis,,,IEA,OMIM:256550,v2026-09-01
MONDO:0009738,OMIM:256550,HP:0001324,Muscle weakness,,,IEA,OMIM:256550,v2026-09-01
MONDO:0009738,OMIM:256550,HP:0001249,Intellectual disability,,,IEA,OMIM:256550,v2026-09-01
MONDO:0009738,OMIM:256550,HP:0001744,Splenomegaly,,,IEA,OMIM:256550,v2026-09-01
MONDO:0009738,OMIM:256550,HP:0001347,Hyperreflexia,,,IEA,OMIM:256550,v2026-09-01
MONDO:0009738,OMIM:256550,HP:0003202,Skeletal muscle atrophy,,,IEA,OMIM:256550,v2026-09-01
MONDO:0009738,OMIM:256550,HP:0001541,Ascites,,,TAS,OMIM:256550,v2026-09-01
MONDO:0009738,OMIM:256550,HP:0001640,Cardiomegaly,,,IEA,OMIM:256550,v2026-09-01
MONDO:0009738,OMIM:256550,HP:0004333,Bone-marrow foam cells,,,IEA,OMIM:256550,v2026-09-01
MONDO:0009738,OMIM:256550,HP:0003461,Increased urinary O-linked sialopeptides,,,TAS,OMIM:256550,v2026-09-01
MONDO:0009738,OMIM:256550,HP:0000093,Proteinuria,,,IEA,OMIM:256550,v2026-09-01
MONDO:0009738,OMIM:256550,HP:0010655,Epiphyseal stippling,,,IEA,OMIM:256550,v2026-09-01
MONDO:0009738,OMIM:256550,HP:0000529,Progressive visual loss,,,IEA,OMIM:256550,v2026-09-01
MONDO:0009738,OMIM:256550,HP:0000407,Sensorineural hearing impairment,,,IEA,OMIM:256550,v2026-09-01
MONDO:0009738,OMIM:256550,HP:0000943,Dysostosis multiplex,,,IEA,OMIM:256550,v2026-09-01
MONDO:0009738,OMIM:256550,HP:0001638,Cardiomyopathy,,,IEA,OMIM:256550,v2026-09-01
MONDO:0009738,OMIM:256550,HP:0012061,Urinary excretion of sialylated oligosaccharides,,,TAS,OMIM:256550,v2026-09-01
MONDO:0009738,OMIM:256550,HP:0001336,Myoclonus,,,IEA,OMIM:256550,v2026-09-01
MONDO:0009660,OMIM:253010,HP:0001650,Aortic valve stenosis,,,IEA,OMIM:253010,v2026-09-01
MONDO:0009660,OMIM:253010,HP:0007759,Opacification of the corneal stroma,,,IEA,OMIM:253010,v2026-09-01
MONDO:0009660,OMIM:253010,HP:0007957,Corneal opacity,3/9,,PCS,PMID:33558080,v2026-09-01
MONDO:0009660,OMIM:253010,HP:0003277,Constricted iliac wing,,,IEA,OMIM:253010,v2026-09-01
MONDO:0009660,OMIM:253010,HP:0000365,Hearing impairment,,,IEA,OMIM:253010,v2026-09-01
MONDO:0009660,OMIM:253010,HP:0000683,Grayish enamel,,,IEA,OMIM:253010,v2026-09-01
MONDO:0009660,OMIM:253010,HP:0003311,Hypoplasia of the odontoid process,14/19,,PCS,OMIM:253010;PMID:33558080,v2026-09-01
MONDO:0009660,OMIM:253010,HP:0001251,Ataxia,2/9,,PCS,PMID:33558080,v2026-09-01
MONDO:0009660,OMIM:253010,HP:0000280,Coarse facial features,6/9,,PCS,PMID:33558080,v2026-09-01
MONDO:0009660,OMIM:253010,HP:0005292,Intimal thickening in the coronary arteries,,,IEA,OMIM:253010,v2026-09-01
MONDO:0009660,OMIM:253010,HP:0033725,Thin corpus callosum,2/9,,PCS,PMID:33558080,v2026-09-01
MONDO:0009660,OMIM:253010,HP:0012070,Chondroitin sulfate excretion in urine,4/9,,PCS,PMID:33558080,v2026-09-01
MONDO:0009660,OMIM:253010,HP:0003307,Hyperlordosis,,,IEA,OMIM:253010,v2026-09-01
MONDO:0009660,OMIM:253010,HP:0003308,Cervical subluxation,,,IEA,OMIM:253010,v2026-09-01
MONDO:0009660,OMIM:253010,HP:0002857,Genu valgum,4/9,,IEA,OMIM:253010,v2026-09-01
MONDO:0009660,OMIM:253010,HP:0001249,Intellectual disability,0/9,,PCS,PMID:33558080,v2026-09-01
MONDO:0009660,OMIM:253010,HP:0003521,Disproportionate short-trunk short stature,,,IEA,OMIM:253010,v2026-09-01
MONDO:0009660,OMIM:253010,HP:0003049,Ulnar deviation of the wrist,,,IEA,OMIM:253010,v2026-09-01
MONDO:0009660,OMIM:253010,HP:0001385,Hip dysplasia,2/9,,PCS,PMID:33558080,v2026-09-01
MONDO:0009660,OMIM:253010,HP:0001223,Pointed proximal second through fifth metacarpals,,,IEA,OMIM:253010,v2026-09-01
MONDO:0009660,OMIM:253010,HP:0002673,Coxa valga,,,IEA,OMIM:253010,v2026-09-01
MONDO:0009660,OMIM:253010,HP:0001387,Joint stiffness,1/9,,PCS,PMID:33558080,v2026-09-01
MONDO:0009660,OMIM:253010,HP:0001382,Joint hypermobility,,,IEA,OMIM:253010,v2026-09-01
MONDO:0009660,OMIM:253010,HP:0012069,Keratan sulfate excretion in urine,,,TAS,OMIM:253010,v2026-09-01
MONDO:0009660,OMIM:253010,HP:0008166,Decreased beta-galactosidase activity,,,PCS,PMID:33558080,v2026-09-01
MONDO:0009660,OMIM:253010,HP:0000926,Platyspondyly,2/9,,PCS,PMID:33558080,v2026-09-01
MONDO:0009660,OMIM:253010,HP:0000884,Prominent sternum,,,IEA,OMIM:253010,v2026-09-01
MONDO:0009660,OMIM:253010,HP:0002788,Recurrent upper respiratory tract infections,,,IEA,OMIM:253010,v2026-09-01
MONDO:0009660,OMIM:253010,HP:0001653,Mitral regurgitation,5/9,,PCS,PMID:33558080,v2026-09-01
MONDO:0009660,OMIM:253010,HP:0000687,Widely spaced teeth,,,IEA,OMIM:253010,v2026-09-01
MONDO:0009660,OMIM:253010,HP:0001776,Bilateral talipes equinovarus,2/9,,PCS,PMID:33558080,v2026-09-01
MONDO:0009660,OMIM:253010,HP:0003016,Metaphyseal widening,,,IEA,OMIM:253010,v2026-09-01
MONDO:0009660,OMIM:253010,HP:0000023,Inguinal hernia,,,IEA,OMIM:253010,v2026-09-01
MONDO:0009660,OMIM:253010,HP:0003053,Epiphyseal deformities of tubular bones,,,IEA,OMIM:253010,v2026-09-01
MONDO:0009660,OMIM:253010,HP:0002240,Hepatomegaly,2/9,,PCS,PMID:33558080,v2026-09-01
MONDO:0009660,OMIM:253010,HP:0003090,Hypoplasia of the capital femoral epiphysis,4/9,,PCS,PMID:33558080,v2026-09-01
MONDO:0009660,OMIM:253010,HP:0000939,Osteoporosis,,,IEA,OMIM:253010,v2026-09-01
MONDO:0009660,OMIM:253010,HP:0002318,Cervical myelopathy,,,IEA,OMIM:253010,v2026-09-01
MONDO:0009660,OMIM:253010,HP:0000154,Wide mouth,,,IEA,OMIM:253010,v2026-09-01
MONDO:0009660,OMIM:253010,HP:0000670,Carious teeth,,,IEA,OMIM:253010,v2026-09-01
MONDO:0009660,OMIM:253010,HP:0002650,Scoliosis,1/9,,PCS,PMID:33558080,v2026-09-01
MONDO:0009660,OMIM:253010,HP:0003300,Ovoid vertebral bodies,,,IEA,OMIM:253010,v2026-09-01
MONDO:0009660,OMIM:253010,HP:0002091,Restrictive ventilatory defect,,,IEA,OMIM:253010,v2026-09-01
MONDO:0009660,OMIM:253010,HP:0002808,Kyphosis,3/9,,PCS,PMID:33558080,v2026-09-01
MONDO:0009660,OMIM:253010,HP:0000904,Flaring of rib cage,,,IEA,OMIM:253010,v2026-09-01
MONDO:0009660,OMIM:253010,HP:0000943,Dysostosis multiplex,6/9,,PCS,PMID:33558080,v2026-09-01
MONDO:0009660,OMIM:253010,HP:0000303,Mandibular prognathia,,,IEA,OMIM:253010,v2026-09-01
MONDO:0008763,OMIM:203800,HP:0001133,Constriction of peripheral visual field,,,TAS,OMIM:203800,v2026-09-01
MONDO:0008763,OMIM:203800,HP:0000164,Abnormality of the dentition,,,IEA,OMIM:203800,v2026-09-01
MONDO:0008763,OMIM:203800,HP:0003233,Decreased circulating HDL-C concentration,,,IEA,OMIM:203800,v2026-09-01
MONDO:0008763,OMIM:203800,HP:0000123,Nephritis,,,TAS,OMIM:203800,v2026-09-01
MONDO:0008763,OMIM:203800,HP:0004322,Short stature,1/1,,PCS,PMID:34148947,v2026-09-01
MONDO:0008763,OMIM:203800,HP:0001970,Tubulointerstitial nephritis,,,PCS,PMID:21358663,v2026-09-01
MONDO:0008763,OMIM:203800,HP:0000083,Renal insufficiency,,,IEA,OMIM:203800,v2026-09-01
MONDO:0008763,OMIM:203800,HP:0003074,Hyperglycemia,1/1,,PCS,PMID:34148947,v2026-09-01
MONDO:0008763,OMIM:203800,HP:0010442,Polydactyly,0/1,,PCS,PMID:34148947,v2026-09-01
MONDO:0008763,OMIM:203800,HP:0000639,Nystagmus,1/1,,PCS,PMID:34148947,v2026-09-01
MONDO:0008763,OMIM:203800,HP:0000956,Acanthosis nigricans,,,IEA,OMIM:203800,v2026-09-01
MONDO:0008763,OMIM:203800,HP:0000873,Diabetes insipidus,,,IEA,OMIM:203800,v2026-09-01
MONDO:0008763,OMIM:203800,HP:0040217,Elevated hemoglobin A1c,1/1,,PCS,PMID:34148947,v2026-09-01
MONDO:0008763,OMIM:203800,HP:0007843,Attenuation of retinal blood vessels,1/1,,PCS,PMID:34148947,v2026-09-01
MONDO:0008763,OMIM:203800,HP:0004438,Hyperostosis frontalis interna,,,IEA,OMIM:203800,v2026-09-01
MONDO:0008763,OMIM:203800,HP:0001763,Pes planus,,,IEA,OMIM:203800,v2026-09-01
MONDO:0008763,OMIM:203800,HP:0000831,Insulin-resistant diabetes mellitus,,,IEA,OMIM:203800,v2026-09-01
MONDO:0008763,OMIM:203800,HP:0001644,Dilated cardiomyopathy,,HP:0003593,IEA,OMIM:203800,v2026-09-01
MONDO:0008763,OMIM:203800,HP:0000572,Visual loss,,,IEA,OMIM:203800,v2026-09-01
MONDO:0008763,OMIM:203800,HP:0002155,Hypertriglyceridemia,,,IEA,OMIM:203800,v2026-09-01
MONDO:0008763,OMIM:203800,HP:0000771,Gynecomastia,,,IEA,OMIM:203800,v2026-09-01
MONDO:0008763,OMIM:203800,HP:0001263,Global developmental delay,,,IEA,OMIM:203800,v2026-09-01
MONDO:0008763,OMIM:203800,HP:0000408,Progressive sensorineural hearing impairment,,,IEA,OMIM:203800,v2026-09-01
MONDO:0008763,OMIM:203800,HP:0000407,Sensorineural hearing impairment,1/1,,PCS,PMID:34148947,v2026-09-01
MONDO:0008763,OMIM:203800,HP:0005616,Accelerated skeletal maturation,,,IEA,OMIM:203800,v2026-09-01
MONDO:0008763,OMIM:203800,HP:0002621,Atherosclerosis,,,IEA,OMIM:203800,v2026-09-01
MONDO:0008763,OMIM:203800,HP:0000842,Hyperinsulinemia,,,IEA,OMIM:203800,v2026-09-01
MONDO:0008763,OMIM:203800,HP:0000523,Subcapsular cataract,,,IEA,OMIM:203800,v2026-09-01
MONDO:0008763,OMIM:203800,HP:0002149,Hyperuricemia,,,IEA,OMIM:203800,v2026-09-01
MONDO:0008763,OMIM:203800,HP:0001397,Hepatic steatosis,,,IEA,OMIM:203800,v2026-09-01
MONDO:0008763,OMIM:203800,HP:0001596,Alopecia,,,IEA,OMIM:203800,v2026-09-01
MONDO:0008763,OMIM:203800,HP:0002240,Hepatomegaly,,,IEA,OMIM:203800,v2026-09-01
MONDO:0008763,OMIM:203800,HP:0000580,Pigmentary retinopathy,,,IEA,OMIM:203800,v2026-09-01
MONDO:0008763,OMIM:203800,HP:0000815,Hypergonadotropic hypogonadism,,,IEA,OMIM:203800,v2026-09-01
MONDO:0008763,OMIM:203800,HP:0000858,Irregular menstruation,,,IEA,OMIM:203800,v2026-09-01
MONDO:0008763,OMIM:203800,HP:0000618,Blindness,,,IEA,OMIM:203800,v2026-09-01
MONDO:0008763,OMIM:203800,HP:0000613,Photophobia,1/1,,PCS,PMID:34148947,v2026-09-01
MONDO:0008763,OMIM:203800,HP:0006532,Recurrent pneumonia,,,IEA,OMIM:203800,v2026-09-01
MONDO:0008763,OMIM:203800,HP:0200120,Chronic active hepatitis,,,TAS,OMIM:203800,v2026-09-01
MONDO:0008763,OMIM:203800,HP:0002910,Elevated circulating hepatic transaminase concentration,,,IEA,OMIM:203800,v2026-09-01
MONDO:0008763,OMIM:203800,HP:0005987,Multinodular goiter,,,IEA,OMIM:203800,v2026-09-01
MONDO:0008763,OMIM:203800,HP:0000230,Gingivitis,,,IEA,OMIM:203800,v2026-09-01
MONDO:0008763,OMIM:203800,HP:0002650,Scoliosis,,,IEA,OMIM:203800,v2026-09-01
MONDO:0008763,OMIM:203800,HP:0002099,Asthma,,,IEA,OMIM:203800,v2026-09-01
MONDO:0008763,OMIM:203800,HP:0002808,Kyphosis,,,IEA,OMIM:203800,v2026-09-01
MONDO:0008763,OMIM:203800,HP:0000822,Hypertension,,,IEA,OMIM:203800,v2026-09-01
MONDO:0008763,OMIM:203800,HP:0001635,Congestive heart failure,,,IEA,OMIM:203800,v2026-09-01
MONDO:0008763,OMIM:203800,HP:0000821,Hypothyroidism,,,IEA,OMIM:203800,v2026-09-01
MONDO:0008763,OMIM:203800,HP:0000824,Decreased response to growth hormone stimulation test,,,IEA,OMIM:203800,v2026-09-01
MONDO:0008763,OMIM:203800,HP:0000505,Visual impairment,1/1,,PCS,PMID:34148947,v2026-09-01
MONDO:0008763,OMIM:203800,HP:0000548,Cone/cone-rod dystrophy,,,IEA,OMIM:203800,v2026-09-01
MONDO:0008763,OMIM:203800,HP:0001956,Truncal obesity,,,IEA,OMIM:203800,v2026-09-01
MONDO:0008763,OMIM:203800,HP:0000388,Otitis media,,,IEA,OMIM:203800,v2026-09-01
MONDO:0008763,OMIM:203800,HP:0001513,Obesity,1/1,,PCS,PMID:34148947,v2026-09-01
MONDO:0012547,OMIM:610733,HP:0000286,Epicanthus,1/1,,PCS,PMID:18925667,v2026-09-01
MONDO:0012547,OMIM:610733,HP:0001892,Abnormal bleeding,6/17,,PCS,PMID:17143282;PMID:18925667,v2026-09-01
MONDO:0012547,OMIM:610733,HP:0004322,Short stature,19/53,,PCS,PMID:17143282;PMID:17143285;PMID:17586837,v2026-09-01
MONDO:0012547,OMIM:610733,HP:0045075,Sparse eyebrow,1/1,,PCS,PMID:18925667,v2026-09-01
MONDO:0012547,OMIM:610733,HP:0001929,Reduced factor XI activity,1/1,,PCS,PMID:18925667,v2026-09-01
MONDO:0012547,OMIM:610733,HP:0001629,Ventricular septal defect,2/14,,PCS,PMID:17143285;PMID:18925667,v2026-09-01
MONDO:0012547,OMIM:610733,HP:0012471,Thick vermilion border,15/17,,PCS,PMID:17143282;PMID:18925667,v2026-09-01
MONDO:0012547,OMIM:610733,HP:0000915,Pectus excavatum of inferior sternum,,,TAS,OMIM:610733,v2026-09-01
MONDO:0012547,OMIM:610733,HP:0000316,Hypertelorism,1/1,,PCS,PMID:18925667,v2026-09-01
MONDO:0012547,OMIM:610733,HP:0000635,Blue irides,1/1,,PCS,PMID:18925667,v2026-09-01
MONDO:0012547,OMIM:610733,HP:0000978,Bruising susceptibility,8/38,,PCS,PMID:17143285;PMID:17586837,v2026-09-01
MONDO:0012547,OMIM:610733,HP:0006610,Wide intermamillary distance,1/1,,PCS,PMID:18925667,v2026-09-01
MONDO:0012547,OMIM:610733,HP:0001642,Pulmonic stenosis,40/55,,PCS,PMID:17143282;PMID:17143285;PMID:17586837;PMID:18925667,v2026-09-01
MONDO:0012547,OMIM:610733,HP:0000256,Macrocephaly,9/15,,PCS,PMID:17143282,v2026-09-01
MONDO:0012547,OMIM:610733,HP:0001488,Bilateral ptosis,1/1,,PCS,PMID:18925667,v2026-09-01
MONDO:0012547,OMIM:610733,HP:0000358,Posteriorly rotated ears,1/1,,PCS,PMID:18925667,v2026-09-01
MONDO:0012547,OMIM:610733,HP:0001249,Intellectual disability,6/40,,PCS,PMID:17143282;PMID:17586837,v2026-09-01
MONDO:0012547,OMIM:610733,HP:0003645,Prolonged partial thromboplastin time,1/1,,PCS,PMID:18925667,v2026-09-01
MONDO:0012547,OMIM:610733,HP:0000154,Wide mouth,14/16,,PCS,PMID:17143282,v2026-09-01
MONDO:0012547,OMIM:610733,HP:0003125,Reduced factor VIII activity,1/1,,PCS,PMID:18925667,v2026-09-01
MONDO:0012547,OMIM:610733,HP:0002212,Curly hair,15/17,,PCS,PMID:17143282;PMID:18925667,v2026-09-01
MONDO:0012547,OMIM:610733,HP:0001561,Polyhydramnios,8/15,HP:0011461,PCS,PMID:17143282,v2026-09-01
MONDO:0012547,OMIM:610733,HP:0001561,Polyhydramnios,1/1,,PCS,PMID:18925667,v2026-09-01
MONDO:0012547,OMIM:610733,HP:0000494,Downslanted palpebral fissures,15/16,,PCS,PMID:17143282,v2026-09-01
MONDO:0012547,OMIM:610733,HP:0002650,Scoliosis,1/1,,PCS,PMID:18925667,v2026-09-01
MONDO:0012547,OMIM:610733,HP:0001520,Large for gestational age,9/15,HP:0011461,PCS,PMID:17143282,v2026-09-01
MONDO:0012547,OMIM:610733,HP:0002750,Delayed skeletal maturation,1/1,,PCS,PMID:18925667,v2026-09-01
MONDO:0012547,OMIM:610733,HP:0000073,Ureteral duplication,1/13,,PCS,PMID:17143285,v2026-09-01
MONDO:0012547,OMIM:610733,HP:0000391,Thickened helices,17/17,,PCS,PMID:17143282;PMID:18925667,v2026-09-01
MONDO:0012547,OMIM:610733,HP:0000470,Short neck,15/16,,PCS,PMID:17143282,v2026-09-01
MONDO:0012547,OMIM:610733,HP:0005280,Depressed nasal bridge,1/1,,PCS,PMID:18925667,v2026-09-01
MONDO:0012547,OMIM:610733,HP:0009890,High anterior hairline,,,TAS,OMIM:610733,v2026-09-01
MONDO:0012547,OMIM:610733,HP:0032152,Keratosis pilaris,9/17,,PCS,PMID:17143282;PMID:18925667,v2026-09-01
MONDO:0012547,OMIM:610733,HP:0001639,Hypertrophic cardiomyopathy,6/54,,PCS,PMID:17143282;PMID:17143285;PMID:17586837,v2026-09-01
MONDO:0012547,OMIM:610733,HP:0000508,Ptosis,16/16,,PCS,PMID:17143282,v2026-09-01
MONDO:0012547,OMIM:610733,HP:0000767,Pectus excavatum,1/1,,PCS,PMID:18925667,v2026-09-01
MONDO:0012547,OMIM:610733,HP:0000689,Dental malocclusion,,,TAS,OMIM:610733,v2026-09-01
MONDO:0012547,OMIM:610733,HP:0000766,Abnormal sternum morphology,16/16,,PCS,PMID:17143282,v2026-09-01
MONDO:0012547,OMIM:610733,HP:0002967,Cubitus valgus,,,TAS,OMIM:610733,v2026-09-01
MONDO:0012547,OMIM:610733,HP:0000465,Webbed neck,15/16,,PCS,PMID:17143282,v2026-09-01
MONDO:0012547,OMIM:610733,HP:0001873,Thrombocytopenia,2/13,,PCS,PMID:17143285,v2026-09-01
MONDO:0012547,OMIM:610733,HP:0001631,Atrial septal defect,6/38,,PCS,PMID:17143285;PMID:17586837,v2026-09-01
MONDO:0012547,OMIM:610733,HP:0000369,Low-set ears,17/17,,PCS,PMID:17143282;PMID:18925667,v2026-09-01
MONDO:0012547,OMIM:610733,HP:0000028,Cryptorchidism,6/9,,PCS,PMID:17143282,v2026-09-01
MONDO:0012547,OMIM:610733,HP:0000028,Cryptorchidism,5/11,,PCS,PMID:17586837,v2026-09-01
MONDO:0012547,OMIM:610733,HP:0000028,Cryptorchidism,5/9,,PCS,PMID:17143285,v2026-09-01
MONDO:0012547,OMIM:610733,HP:0000126,Hydronephrosis,1/13,,PCS,PMID:17143285,v2026-09-01
MONDO:0009261,OMIM:230600,HP:0002123,Generalized myoclonic seizure,,,IEA,OMIM:230600,v2026-09-01
MONDO:0009261,OMIM:230600,HP:0010808,Protruding tongue,1/1,,PCS,PMID:30187681,v2026-09-01
MONDO:0009261,OMIM:230600,HP:0000160,Narrow mouth,1/1,,PCS,PMID:30187681,v2026-09-01
MONDO:0009261,OMIM:230600,HP:0002240,Hepatomegaly,1/1,,PCS,PMID:30187681,v2026-09-01
MONDO:0009261,OMIM:230600,HP:0001251,Ataxia,,,IEA,OMIM:230600,v2026-09-01
MONDO:0009261,OMIM:230600,HP:0001290,Generalized hypotonia,1/1,,PCS,PMID:30187681,v2026-09-01
MONDO:0009261,OMIM:230600,HP:0000280,Coarse facial features,1/1,,PCS,PMID:30187681,v2026-09-01
MONDO:0009261,OMIM:230600,HP:0012368,Flat face,1/1,,PCS,PMID:30187681,v2026-09-01
MONDO:0009261,OMIM:230600,HP:0007281,Developmental stagnation,,,TAS,OMIM:230600,v2026-09-01
MONDO:0009261,OMIM:230600,HP:0001508,Failure to thrive,1/1,,PCS,PMID:30187681,v2026-09-01
MONDO:0009261,OMIM:230600,HP:0002119,Ventriculomegaly,,,IEA,OMIM:230600,v2026-09-01
MONDO:0009261,OMIM:230600,HP:0008479,Hypoplastic vertebral bodies,1/1,,PCS,PMID:30187681,v2026-09-01
MONDO:0009261,OMIM:230600,HP:0001643,Patent ductus arteriosus,1/1,,PCS,PMID:30187681,v2026-09-01
MONDO:0009261,OMIM:230600,HP:0000212,Gingival overgrowth,1/1,,PCS,PMID:30187681,v2026-09-01
MONDO:0009261,OMIM:230600,HP:0002753,Thin bony cortex,1/1,,PCS,PMID:30187681,v2026-09-01
MONDO:0009261,OMIM:230600,HP:0001744,Splenomegaly,0/1,,PCS,PMID:30187681,v2026-09-01
MONDO:0009261,OMIM:230600,HP:0001622,Premature birth,1/1,,PCS,PMID:30187681,v2026-09-01
MONDO:0009261,OMIM:230600,HP:0002510,Spastic tetraplegia,,,IEA,OMIM:230600,v2026-09-01
MONDO:0009261,OMIM:230600,HP:0009826,Limb undergrowth,1/1,,PCS,PMID:30187681,v2026-09-01
MONDO:0009261,OMIM:230600,HP:0002015,Dysphagia,1/1,,PCS,PMID:30187681,v2026-09-01
MONDO:0009261,OMIM:230600,HP:0002059,Cerebral atrophy,,,IEA,OMIM:230600,v2026-09-01
MONDO:0009261,OMIM:230600,HP:0001982,Sea-blue histiocytosis,,,IEA,OMIM:230600,v2026-09-01
MONDO:0009261,OMIM:230600,HP:0002650,Scoliosis,1/1,,PCS,PMID:30187681,v2026-09-01
MONDO:0009261,OMIM:230600,HP:0001387,Joint stiffness,1/1,,PCS,PMID:30187681,v2026-09-01
MONDO:0009261,OMIM:230600,HP:0001288,Gait disturbance,1/1,,PCS,PMID:30187681,v2026-09-01
MONDO:0009261,OMIM:230600,HP:0002673,Coxa valga,,,IEA,OMIM:230600,v2026-09-01
MONDO:0009261,OMIM:230600,HP:0007272,Progressive psychomotor deterioration,,,IEA,OMIM:230600,v2026-09-01
MONDO:0009261,OMIM:230600,HP:0033044,Motor regression,1/1,,PCS,PMID:30187681,v2026-09-01
MONDO:0009261,OMIM:230600,HP:0000926,Platyspondyly,,,IEA,OMIM:230600,v2026-09-01
MONDO:0009261,OMIM:230600,HP:0008166,Decreased beta-galactosidase activity,1/1,,PCS,PMID:30187681,v2026-09-01
MONDO:0009261,OMIM:230600,HP:0000943,Dysostosis multiplex,1/1,,PCS,PMID:30187681,v2026-09-01
MONDO:0009261,OMIM:230600,HP:0005619,Thoracolumbar kyphosis,1/1,,PCS,PMID:30187681,v2026-09-01
MONDO:0009261,OMIM:230600,HP:0000648,Optic atrophy,,,IEA,OMIM:230600,v2026-09-01
MONDO:0009261,OMIM:230600,HP:0004568,Beaking of vertebral bodies,1/1,,PCS,PMID:30187681,v2026-09-01
MONDO:0010099,OMIM:272750,HP:0002267,Exaggerated startle response,1/1,,PCS,PMID:9932959,v2026-09-01
MONDO:0010099,OMIM:272750,HP:0001276,Hypertonia,,,IEA,OMIM:272750,v2026-09-01
MONDO:0010099,OMIM:272750,HP:0002421,Poor head control,,,IEA,OMIM:272750,v2026-09-01
MONDO:0010099,OMIM:272750,HP:0001332,Dystonia,,,TAS,OMIM:272750,v2026-09-01
MONDO:0010099,OMIM:272750,HP:0003495,GM2-ganglioside accumulation,1/1,,PCS,PMID:9932959,v2026-09-01
MONDO:0010099,OMIM:272750,HP:0001250,Seizure,,,IEA,OMIM:272750,v2026-09-01
MONDO:0010099,OMIM:272750,HP:0001252,Hypotonia,1/1,,PCS,PMID:9932959,v2026-09-01
MONDO:0010099,OMIM:272750,HP:0001290,Generalized hypotonia,,,TAS,OMIM:272750,v2026-09-01
MONDO:0010099,OMIM:272750,HP:0032794,Myoclonic seizure,1/1,,PCS,PMID:9932959,v2026-09-01
MONDO:0010099,OMIM:272750,HP:0003470,Paralysis,,,IEA,OMIM:272750,v2026-09-01
MONDO:0010099,OMIM:272750,HP:0002180,Neurodegeneration,,,TAS,OMIM:272750,v2026-09-01
MONDO:0010099,OMIM:272750,HP:0000618,Blindness,,,IEA,OMIM:272750,v2026-09-01
MONDO:0010099,OMIM:272750,HP:0002835,Aspiration,,,IEA,OMIM:272750,v2026-09-01
MONDO:0010099,OMIM:272750,HP:0001347,Hyperreflexia,,,TAS,OMIM:272750,v2026-09-01
MONDO:0010099,OMIM:272750,HP:0008936,Axial hypotonia,,,TAS,OMIM:272750,v2026-09-01
MONDO:0010099,OMIM:272750,HP:0002476,Primitive reflex,,,TAS,OMIM:272750,v2026-09-01
MONDO:0010099,OMIM:272750,HP:0002059,Cerebral atrophy,,,TAS,OMIM:272750,v2026-09-01
MONDO:0010099,OMIM:272750,HP:0001263,Global developmental delay,1/1,,PCS,PMID:9932959,v2026-09-01
MONDO:0010099,OMIM:272750,HP:0002371,Loss of speech,,,TAS,OMIM:272750,v2026-09-01
MONDO:0010099,OMIM:272750,HP:0001285,Spastic tetraparesis,,,TAS,OMIM:272750,v2026-09-01
MONDO:0010099,OMIM:272750,HP:0002072,Chorea,,,TAS,OMIM:272750,v2026-09-01
MONDO:0010099,OMIM:272750,HP:0000726,Dementia,,,IEA,OMIM:272750,v2026-09-01
MONDO:0010099,OMIM:272750,HP:0010780,Hyperacusis,,,TAS,OMIM:272750,v2026-09-01
MONDO:0010099,OMIM:272750,HP:0007256,Abnormal pyramidal sign,,,TAS,OMIM:272750,v2026-09-01
MONDO:0010099,OMIM:272750,HP:0000741,Apathy,,,IEA,OMIM:272750,v2026-09-01
MONDO:0008300,OMIM:176270,HP:0000044,Hypogonadotropic hypogonadism,HP:0040281,,PCS,PMID:20301505,v2026-09-01
MONDO:0008300,OMIM:176270,HP:0000486,Strabismus,,,PCS,PMID:20301505,v2026-09-01
MONDO:0008300,OMIM:176270,HP:0000046,Small scrotum,,,PCS,PMID:20301505,v2026-09-01
MONDO:0008300,OMIM:176270,HP:0001773,Short foot,HP:0040281,,PCS,PMID:20301505,v2026-09-01
MONDO:0008300,OMIM:176270,HP:0001531,Failure to thrive in infancy,HP:0040281,,PCS,PMID:20301505,v2026-09-01
MONDO:0008300,OMIM:176270,HP:0003233,Decreased circulating HDL-C concentration,23/66,,PCS,PMID:36793093,v2026-09-01
MONDO:0008300,OMIM:176270,HP:0004322,Short stature,HP:0040281,,PCS,PMID:20301505,v2026-09-01
MONDO:0008300,OMIM:176270,HP:0001250,Seizure,31/154,,PCS,PMID:22585395;PMID:23824702,v2026-09-01
MONDO:0008300,OMIM:176270,HP:0003199,Decreased muscle mass,HP:0040282,HP:0003581,PCS,PMID:20301505,v2026-09-01
MONDO:0008300,OMIM:176270,HP:0001290,Generalized hypotonia,HP:0040281,HP:0003623,PCS,PMID:20301505,v2026-09-01
MONDO:0008300,OMIM:176270,HP:0004283,Narrow palm,HP:0040281,,PCS,PMID:20301505,v2026-09-01
MONDO:0008300,OMIM:176270,HP:0012743,Abdominal obesity,,,TAS,OMIM:176270,v2026-09-01
MONDO:0008300,OMIM:176270,HP:0000717,Autism,210/786,,PCS,PMID:26331980,v2026-09-01
MONDO:0008300,OMIM:176270,HP:0001328,Specific learning disability,HP:0040281,,PCS,PMID:20301505,v2026-09-01
MONDO:0008300,OMIM:176270,HP:0009466,Radial deviation of finger,HP:0040283,,TAS,OMIM:176270,v2026-09-01
MONDO:0008300,OMIM:176270,HP:0000876,Oligomenorrhea,HP:0040282,,PCS,PMID:20301505,v2026-09-01
MONDO:0008300,OMIM:176270,HP:0002857,Genu valgum,,,PCS,PMID:22043168,v2026-09-01
MONDO:0008300,OMIM:176270,HP:0005968,Temperature instability,HP:0040283,,TAS,OMIM:176270,v2026-09-01
MONDO:0008300,OMIM:176270,HP:0001249,Intellectual disability,12/12,,PCS,PMID:22585395,v2026-09-01
MONDO:0008300,OMIM:176270,HP:0007328,Impaired pain sensation,HP:0040282,,PCS,PMID:20301505,v2026-09-01
MONDO:0008300,OMIM:176270,HP:0031878,Acromicria,,,PCS,PMID:22043168,v2026-09-01
MONDO:0008300,OMIM:176270,HP:0000054,Micropenis,HP:0040282,,PCS,PMID:20301505,v2026-09-01
MONDO:0008300,OMIM:176270,HP:0001385,Hip dysplasia,27/90,,PCS,PMID:29309382,v2026-09-01
MONDO:0008300,OMIM:176270,HP:0002155,Hypertriglyceridemia,10/66,,PCS,PMID:36793093,v2026-09-01
MONDO:0008300,OMIM:176270,HP:0003124,Hypercholesterolemia,42/66,,PCS,PMID:36793093,v2026-09-01
MONDO:0008300,OMIM:176270,HP:0002791,Hypoventilation,,,TAS,OMIM:176270,v2026-09-01
MONDO:0008300,OMIM:176270,HP:0002033,Poor suck,HP:0040281,,PCS,PMID:20301505,v2026-09-01
MONDO:0008300,OMIM:176270,HP:0002591,Polyphagia,HP:0040281,HP:0003593,PCS,PMID:20301505,v2026-09-01
MONDO:0008300,OMIM:176270,HP:0002591,Polyphagia,105/165,,PCS,PMID:36793093,v2026-09-01
MONDO:0008300,OMIM:176270,HP:0001263,Global developmental delay,HP:0040281,,PCS,PMID:20301505,v2026-09-01
MONDO:0008300,OMIM:176270,HP:0003241,External genital hypoplasia,HP:0040281,,PCS,PMID:20301505,v2026-09-01
MONDO:0008300,OMIM:176270,HP:0001262,Excessive daytime somnolence,8/12,,PCS,PMID:22585395,v2026-09-01
MONDO:0008300,OMIM:176270,HP:0033454,Tube feeding,216/244,,PCS,PMID:35160130,v2026-09-01
MONDO:0008300,OMIM:176270,HP:0000969,Edema,9/12,,PCS,PMID:22585395,v2026-09-01
MONDO:0008300,OMIM:176270,HP:0000846,Adrenal insufficiency,1/82,,PCS,PMID:32443153,v2026-09-01
MONDO:0008300,OMIM:176270,HP:0007874,Almond-shaped palpebral fissure,HP:0040282,,PCS,PMID:20301505,v2026-09-01
MONDO:0008300,OMIM:176270,HP:0000565,Esotropia,HP:0040283,,PCS,PMID:20301505,v2026-09-01
MONDO:0008300,OMIM:176270,HP:0005978,Type II diabetes mellitus,12/82,HP:0011462,PCS,PMID:35887798,v2026-09-01
MONDO:0008300,OMIM:176270,HP:0007513,Generalized hypopigmentation,,,TAS,OMIM:176270,v2026-09-01
MONDO:0008300,OMIM:176270,HP:0000446,Narrow nasal bridge,HP:0040282,,PCS,PMID:20301505,v2026-09-01
MONDO:0008300,OMIM:176270,HP:0000842,Hyperinsulinemia,,,TAS,OMIM:176270,v2026-09-01
MONDO:0008300,OMIM:176270,HP:0001611,Hypernasal speech,HP:0040282,,TAS,OMIM:176270,v2026-09-01
MONDO:0008300,OMIM:176270,HP:0000341,Narrow forehead,HP:0040282,,PCS,PMID:20301505,v2026-09-01
MONDO:0008300,OMIM:176270,HP:0000582,Upslanted palpebral fissure,HP:0040283,,TAS,OMIM:176270,v2026-09-01
MONDO:0008300,OMIM:176270,HP:0000540,Hypermetropia,,,TAS,OMIM:176270,v2026-09-01
MONDO:0008300,OMIM:176270,HP:0002360,Sleep disturbance,HP:0040282,,PCS,PMID:20301505,v2026-09-01
MONDO:0008300,OMIM:176270,HP:0000064,Hypoplastic labia minora,HP:0040282,,PCS,PMID:20301505,v2026-09-01
MONDO:0008300,OMIM:176270,HP:0001270,Motor delay,HP:0040281,,PCS,PMID:20301505,v2026-09-01
MONDO:0008300,OMIM:176270,HP:0000060,Clitoral hypoplasia,HP:0040282,,PCS,PMID:20301505,v2026-09-01
MONDO:0008300,OMIM:176270,HP:0000939,Osteoporosis,2/12,,PCS,PMID:22585395,v2026-09-01
MONDO:0008300,OMIM:176270,HP:0000938,Osteopenia,HP:0040283,,PCS,PMID:20301505,v2026-09-01
MONDO:0008300,OMIM:176270,HP:0030919,Low 5-minute APGAR score,14/244,,PCS,PMID:35160130,v2026-09-01
MONDO:0008300,OMIM:176270,HP:0030918,Low 1-minute APGAR score,55/244,,PCS,PMID:35160130,v2026-09-01
MONDO:0008300,OMIM:176270,HP:0012450,Chronic constipation,5/12,,PCS,PMID:22585395,v2026-09-01
MONDO:0008300,OMIM:176270,HP:0008872,Feeding difficulties in infancy,HP:0040281,,PCS,PMID:20301505,v2026-09-01
MONDO:0008300,OMIM:176270,HP:0002119,Ventriculomegaly,HP:0040282,,PCS,PMID:20301505,v2026-09-01
MONDO:0008300,OMIM:176270,HP:0000219,Thin upper lip vermilion,15/20,,PCS,PMID:20301505;OMIM:176270,v2026-09-01
MONDO:0008300,OMIM:176270,HP:0002714,Downturned corners of mouth,HP:0040282,,PCS,PMID:20301505,v2026-09-01
MONDO:0008300,OMIM:176270,HP:0030084,Clinodactyly,,,TAS,OMIM:176270,v2026-09-01
MONDO:0008300,OMIM:176270,HP:0002236,Frontal upsweep of hair,HP:0040283,,TAS,OMIM:176270,v2026-09-01
MONDO:0008300,OMIM:176270,HP:0001623,Breech presentation,70/244,,PCS,PMID:35160130,v2026-09-01
MONDO:0008300,OMIM:176270,HP:0001562,Oligohydramnios,16/244,,PCS,PMID:35160130,v2026-09-01
MONDO:0008300,OMIM:176270,HP:0001561,Polyhydramnios,57/244,HP:0011461,PCS,PMID:35160130,v2026-09-01
MONDO:0008300,OMIM:176270,HP:0000670,Carious teeth,HP:0040283,,TAS,OMIM:176270,v2026-09-01
MONDO:0008300,OMIM:176270,HP:0004279,Short palm,HP:0040281,,PCS,PMID:20301505,v2026-09-01
MONDO:0008300,OMIM:176270,HP:0002650,Scoliosis,150/180,,PCS,PMID:35329900,v2026-09-01
MONDO:0008300,OMIM:176270,HP:0000750,Delayed speech and language development,HP:0040281,,PCS,PMID:20301505,v2026-09-01
MONDO:0008300,OMIM:176270,HP:0000992,Cutaneous photosensitivity,HP:0040282,,TAS,OMIM:176270,v2026-09-01
MONDO:0008300,OMIM:176270,HP:0010535,Sleep apnea,HP:0040282,,PCS,PMID:20301505,v2026-09-01
MONDO:0008300,OMIM:176270,HP:0000709,Psychosis,18/92,,PCS,PMID:35887798,v2026-09-01
MONDO:0008300,OMIM:176270,HP:0000708,Atypical behavior,HP:0040282,,PCS,PMID:20301505,v2026-09-01
MONDO:0008300,OMIM:176270,HP:0000826,Precocious puberty,,,PCS,PMID:20301505,v2026-09-01
MONDO:0008300,OMIM:176270,HP:0007010,Poor fine motor coordination,HP:0040283,,TAS,OMIM:176270,v2026-09-01
MONDO:0008300,OMIM:176270,HP:0002808,Kyphosis,HP:0040282,,PCS,PMID:20301505,v2026-09-01
MONDO:0008300,OMIM:176270,HP:0000789,Infertility,HP:0040281,,PCS,PMID:20301505,v2026-09-01
MONDO:0008300,OMIM:176270,HP:0001558,Decreased fetal movement,146/244,,PCS,PMID:20301505,v2026-09-01
MONDO:0008300,OMIM:176270,HP:0100716,Self-injurious behavior,50/62,,PCS,PMID:10349467,v2026-09-01
MONDO:0008300,OMIM:176270,HP:0007015,Poor gross motor coordination,,,TAS,OMIM:176270,v2026-09-01
MONDO:0008300,OMIM:176270,HP:0001319,Neonatal hypotonia,244/244,,PCS,PMID:35160130,v2026-09-01
MONDO:0008300,OMIM:176270,HP:0000824,Decreased response to growth hormone stimulation test,HP:0040281,,PCS,PMID:20301505,v2026-09-01
MONDO:0008300,OMIM:176270,HP:0000823,Delayed puberty,HP:0040282,,PCS,PMID:20301505,v2026-09-01
MONDO:0008300,OMIM:176270,HP:0025501,Class III obesity,90/165,,PCS,PMID:36793093,v2026-09-01
MONDO:0008300,OMIM:176270,HP:0001159,Syndactyly,HP:0040283,,TAS,OMIM:176270,v2026-09-01
MONDO:0008300,OMIM:176270,HP:0200055,Small hand,,,TAS,OMIM:176270,v2026-09-01
MONDO:0008300,OMIM:176270,HP:0002205,Recurrent respiratory infections,HP:0040282,,PCS,PMID:20301505,v2026-09-01
MONDO:0008300,OMIM:176270,HP:0001511,Intrauterine growth retardation,50/244,,PCS,PMID:35160130,v2026-09-01
MONDO:0008300,OMIM:176270,HP:0000268,Dolichocephaly,,,TAS,OMIM:176270,v2026-09-01
MONDO:0008300,OMIM:176270,HP:0007018,Attention deficit hyperactivity disorder,HP:0040282,HP:0003593,PCS,PMID:20301505,v2026-09-01
MONDO:0008300,OMIM:176270,HP:0001513,Obesity,85/180,HP:0011463,PCS,PMID:35329900,v2026-09-01
MONDO:0008300,OMIM:176270,HP:0000545,Myopia,HP:0040283,,PCS,PMID:20301505,v2026-09-01
MONDO:0008300,OMIM:176270,HP:0000028,Cryptorchidism,118/130,,PCS,PMID:35160130,v2026-09-01
MONDO:0008300,OMIM:176270,HP:0000786,Primary amenorrhea,1/7,,PCS,PMID:22585395,v2026-09-01
MONDO:0014432,OMIM:615981,HP:0011939,3-4 finger cutaneous syndactyly,1/3,,PCS,PMID:20618352;PMID:33688495,v2026-09-01
MONDO:0014432,OMIM:615981,HP:0010946,Dilatation of the renal pelvis,1/1,,PCS,PMID:20618352,v2026-09-01
MONDO:0014432,OMIM:615981,HP:0000662,Nyctalopia,1/1,,PCS,PMID:20618352,v2026-09-01
MONDO:0014432,OMIM:615981,HP:0000041,Chordee,1/2,,PCS,PMID:20618352;PMID:33688495,v2026-09-01
MONDO:0014432,OMIM:615981,HP:0012745,Short palpebral fissure,1/4,,PCS,PMID:20618352;PMID:33688495;PMID:26078953,v2026-09-01
MONDO:0014432,OMIM:615981,HP:0012622,Chronic kidney disease,2/2,,PCS,PMID:20618352;PMID:26078953,v2026-09-01
MONDO:0014432,OMIM:615981,HP:0031624,Moderate myopia,1/1,,PCS,PMID:20618352,v2026-09-01
MONDO:0014432,OMIM:615981,HP:0000819,Diabetes mellitus,13/14,,PCS,PMID:20618352;PMID:33688495;PMID:23829372;PMID:26078953,v2026-09-01
MONDO:0014432,OMIM:615981,HP:0000319,Smooth philtrum,1/4,,PCS,PMID:20618352;PMID:33688495;PMID:26078953,v2026-09-01
MONDO:0014432,OMIM:615981,HP:0032285,Ultra-low vision with retained light projection,2/2,,PCS,PMID:20618352;PMID:26078953,v2026-09-01
MONDO:0014432,OMIM:615981,HP:0001647,Bicuspid aortic valve,HP:0040283,,TAS,OMIM:615981,v2026-09-01
MONDO:0014432,OMIM:615981,HP:0000414,Bulbous nose,1/4,,PCS,PMID:20618352;PMID:33688495;PMID:26078953,v2026-09-01
MONDO:0014432,OMIM:615981,HP:0000678,Dental crowding,1/1,,PCS,PMID:26078953,v2026-09-01
MONDO:0014432,OMIM:615981,HP:0000752,Hyperactivity,2/2,,PCS,PMID:33688495,v2026-09-01
MONDO:0014432,OMIM:615981,HP:0000510,Rod-cone dystrophy,14/14,,PCS,PMID:20618352;PMID:33688495;PMID:23829372;PMID:26078953,v2026-09-01
MONDO:0014432,OMIM:615981,HP:0000135,Hypogonadism,2/2,,PCS,PMID:33688495,v2026-09-01
MONDO:0014432,OMIM:615981,HP:0000311,Round face,1/4,,PCS,PMID:20618352;PMID:33688495;PMID:26078953,v2026-09-01
MONDO:0014432,OMIM:615981,HP:0001249,Intellectual disability,14/14,,PCS,PMID:20618352;PMID:11285252;PMID:33688495;PMID:26078953,v2026-09-01
MONDO:0014432,OMIM:615981,HP:0001644,Dilated cardiomyopathy,HP:0040283,,PCS,PMID:7802002,v2026-09-01
MONDO:0014432,OMIM:615981,HP:0000494,Downslanted palpebral fissures,1/4,,PCS,PMID:20618352;PMID:33688495;PMID:26078953,v2026-09-01
MONDO:0014432,OMIM:615981,HP:0000054,Micropenis,1/1,,PCS,PMID:33688495,v2026-09-01
MONDO:0014432,OMIM:615981,HP:0000233,Thin vermilion border,1/4,,PCS,PMID:20618352;PMID:33688495;PMID:26078953,v2026-09-01
MONDO:0014432,OMIM:615981,HP:0001162,Postaxial hand polydactyly,14/14,,PCS,PMID:20618352;PMID:11285252;PMID:33688495;PMID:26078953,v2026-09-01
MONDO:0014432,OMIM:615981,HP:0000490,Deeply set eye,1/4,,PCS,PMID:20618352;PMID:33688495;PMID:26078953,v2026-09-01
MONDO:0014432,OMIM:615981,HP:0001263,Global developmental delay,3/3,,PCS,PMID:20618352;PMID:16823392,v2026-09-01
MONDO:0014432,OMIM:615981,HP:0003241,External genital hypoplasia,,,TAS,OMIM:615981,v2026-09-01
MONDO:0014432,OMIM:615981,HP:0000470,Short neck,2/3,,PCS,PMID:33688495;PMID:26078953,v2026-09-01
MONDO:0014432,OMIM:615981,HP:0005280,Depressed nasal bridge,2/3,,PCS,PMID:33688495;PMID:26078953,v2026-09-01
MONDO:0014432,OMIM:615981,HP:0001959,Polydipsia,1/1,,PCS,PMID:20618352,v2026-09-01
MONDO:0014432,OMIM:615981,HP:0000822,Hypertension,1/1,,PCS,PMID:20618352,v2026-09-01
MONDO:0014432,OMIM:615981,HP:0000546,Retinal degeneration,,,PCS,PMID:23829372,v2026-09-01
MONDO:0014432,OMIM:615981,HP:0007994,Peripheral visual field loss,1/1,,PCS,PMID:20618352,v2026-09-01
MONDO:0014432,OMIM:615981,HP:0001511,Intrauterine growth retardation,1/4,,PCS,PMID:20618352;PMID:33688495;PMID:26078953,v2026-09-01
MONDO:0014432,OMIM:615981,HP:0000103,Polyuria,1/1,,PCS,PMID:20618352,v2026-09-01
MONDO:0014432,OMIM:615981,HP:0001830,Postaxial foot polydactyly,13/14,,PCS,PMID:20618352;PMID:11285252;PMID:33688495;PMID:26078953,v2026-09-01
MONDO:0014432,OMIM:615981,HP:0001631,Atrial septal defect,HP:0040283,,TAS,OMIM:615981,v2026-09-01
MONDO:0014432,OMIM:615981,HP:0000047,Hypospadias,1/2,,PCS,PMID:20618352;PMID:33688495,v2026-09-01
MONDO:0014432,OMIM:615981,HP:0000003,Multicystic kidney dysplasia,1/4,,PCS,PMID:20618352;PMID:33688495;PMID:26078953,v2026-09-01
MONDO:0014432,OMIM:615981,HP:0001513,Obesity,14/14,,PCS,PMID:20618352;PMID:11285252;PMID:33688495;PMID:26078953,v2026-09-01
MONDO:0011963,OMIM:608091,HP:0002365,Hypoplasia of the brainstem,,,IEA,OMIM:608091,v2026-09-01
MONDO:0011963,OMIM:608091,HP:0001250,Seizure,1/13,,PCS,PMID:20036350,v2026-09-01
MONDO:0011963,OMIM:608091,HP:0000083,Renal insufficiency,2/13,,PCS,PMID:20036350,v2026-09-01
MONDO:0011963,OMIM:608091,HP:0001252,Hypotonia,13/13,,PCS,PMID:20036350,v2026-09-01
MONDO:0011963,OMIM:608091,HP:0001251,Ataxia,,,IEA,OMIM:608091,v2026-09-01
MONDO:0011963,OMIM:608091,HP:0001273,Abnormal corpus callosum morphology,,,IEA,OMIM:608091,v2026-09-01
MONDO:0011963,OMIM:608091,HP:0002084,Encephalocele,,,IEA,OMIM:608091,v2026-09-01
MONDO:0011963,OMIM:608091,HP:0011933,Elongated superior cerebellar peduncle,,,TAS,OMIM:608091,v2026-09-01
MONDO:0011963,OMIM:608091,HP:0000639,Nystagmus,,,IEA,OMIM:608091,v2026-09-01
MONDO:0011963,OMIM:608091,HP:0001508,Failure to thrive,,,PCS,PMID:20036350,v2026-09-01
MONDO:0011963,OMIM:608091,HP:0000617,Abnormality of ocular smooth pursuit,,,IEA,OMIM:608091,v2026-09-01
MONDO:0011963,OMIM:608091,HP:0000657,Oculomotor apraxia,,,PCS,PMID:20036350,v2026-09-01
MONDO:0011963,OMIM:608091,HP:0000316,Hypertelorism,,,IEA,OMIM:608091,v2026-09-01
MONDO:0011963,OMIM:608091,HP:0002419,Molar tooth sign on MRI,13/13,,PCS,PMID:20036350,v2026-09-01
MONDO:0011963,OMIM:608091,HP:0000238,Hydrocephalus,1/13,,PCS,PMID:20036350,v2026-09-01
MONDO:0011963,OMIM:608091,HP:0000218,High palate,,,IEA,OMIM:608091,v2026-09-01
MONDO:0011963,OMIM:608091,HP:0002876,Episodic tachypnea,,,IEA,OMIM:608091,v2026-09-01
MONDO:0011963,OMIM:608091,HP:0000256,Macrocephaly,,,IEA,OMIM:608091,v2026-09-01
MONDO:0011963,OMIM:608091,HP:0000556,Retinal dystrophy,,,IEA,OMIM:608091,v2026-09-01
MONDO:0011963,OMIM:608091,HP:0001249,Intellectual disability,13/13,,PCS,PMID:20036350,v2026-09-01
MONDO:0011963,OMIM:608091,HP:0002335,Agenesis of cerebellar vermis,,,PCS,PMID:20036350,v2026-09-01
MONDO:0011963,OMIM:608091,HP:0001760,Abnormal foot morphology,,,IEA,OMIM:608091,v2026-09-01
MONDO:0011963,OMIM:608091,HP:0001583,Rotary nystagmus,11/13,,PCS,PMID:20036350,v2026-09-01
MONDO:0011963,OMIM:608091,HP:0002871,Central apnea,,,IEA,OMIM:608091,v2026-09-01
MONDO:0011963,OMIM:608091,HP:0001162,Postaxial hand polydactyly,2/13,HP:0003577,PCS,PMID:20036350,v2026-09-01
MONDO:0011963,OMIM:608091,HP:0000050,Hypoplastic male external genitalia,,,IEA,OMIM:608091,v2026-09-01
MONDO:0011963,OMIM:608091,HP:0001263,Global developmental delay,13/13,,PCS,PMID:20036350,v2026-09-01
MONDO:0011963,OMIM:608091,HP:0002195,Dysgenesis of the cerebellar vermis,,,PCS,PMID:20036350,v2026-09-01
MONDO:0011963,OMIM:608091,HP:0000570,Abnormal saccadic eye movements,,,IEA,OMIM:608091,v2026-09-01
MONDO:0011963,OMIM:608091,HP:0002790,Neonatal breathing dysregulation,,,IEA,OMIM:608091,v2026-09-01
MONDO:0011963,OMIM:608091,HP:0000090,Nephronophthisis,,,IEA,OMIM:608091,v2026-09-01
MONDO:0011963,OMIM:608091,HP:0005280,Depressed nasal bridge,,,IEA,OMIM:608091,v2026-09-01
MONDO:0011963,OMIM:608091,HP:0100951,Enlarged fossa interpeduncularis,,,PCS,OMIM:608091,v2026-09-01
MONDO:0011963,OMIM:608091,HP:0011330,Metopic synostosis,1/13,,PCS,PMID:20036350,v2026-09-01
MONDO:0011963,OMIM:608091,HP:0002508,Brainstem dysplasia,,,IEA,OMIM:608091,v2026-09-01
MONDO:0011963,OMIM:608091,HP:0000107,Renal cyst,,,IEA,OMIM:608091,v2026-09-01
MONDO:0011963,OMIM:608091,HP:0007772,Impaired smooth pursuit,,,TAS,OMIM:608091,v2026-09-01
MONDO:0011963,OMIM:608091,HP:0000568,Microphthalmia,,,IEA,OMIM:608091,v2026-09-01
MONDO:0011963,OMIM:608091,HP:0000505,Visual impairment,,,IEA,OMIM:608091,v2026-09-01
MONDO:0011963,OMIM:608091,HP:0001830,Postaxial foot polydactyly,3/13,HP:0003577,PCS,PMID:20036350,v2026-09-01
MONDO:0011963,OMIM:608091,HP:0002007,Frontal bossing,6/13,,PCS,PMID:20036350,v2026-09-01
MONDO:0011963,OMIM:608091,HP:0000565,Esotropia,5/13,,PCS,PMID:20036350,v2026-09-01
MONDO:0011963,OMIM:608091,HP:0000268,Dolichocephaly,6/13,,PCS,PMID:20036350,v2026-09-01
MONDO:0011963,OMIM:608091,HP:0002404,Thickened superior cerebellar peduncle,,,TAS,OMIM:608091,v2026-09-01
MONDO:0011963,OMIM:608091,HP:0000369,Low-set ears,,,IEA,OMIM:608091,v2026-09-01
MONDO:0011963,OMIM:608091,HP:0000567,Chorioretinal coloboma,,,IEA,OMIM:608091,v2026-09-01
MONDO:0011963,OMIM:608091,HP:0000588,Optic disc coloboma,,,IEA,OMIM:608091,v2026-09-01
MONDO:0010006,OMIM:268800,HP:0002069,Bilateral tonic-clonic seizure,2/5,,PCS,PMID:33407268,v2026-09-01
MONDO:0010006,OMIM:268800,HP:0002267,Exaggerated startle response,5/5,,PCS,PMID:33407268,v2026-09-01
MONDO:0010006,OMIM:268800,HP:0001278,Orthostatic hypotension,,,IEA,OMIM:268800,v2026-09-01
MONDO:0010006,OMIM:268800,HP:0004343,Abnormal glycosphingolipid metabolism,,,IEA,OMIM:268800,v2026-09-01
MONDO:0010006,OMIM:268800,HP:0010829,Impaired temperature sensation,,,IEA,OMIM:268800,v2026-09-01
MONDO:0010006,OMIM:268800,HP:0000020,Urinary incontinence,,,IEA,OMIM:268800,v2026-09-01
MONDO:0010006,OMIM:268800,HP:0001252,Hypotonia,2/5,,PCS,PMID:33407268,v2026-09-01
MONDO:0010006,OMIM:268800,HP:0001251,Ataxia,,,IEA,OMIM:268800,v2026-09-01
MONDO:0010006,OMIM:268800,HP:0010729,Cherry red spot of the macula,5/5,,PCS,PMID:33407268,v2026-09-01
MONDO:0010006,OMIM:268800,HP:0002240,Hepatomegaly,1/5,,PCS,PMID:33407268,v2026-09-01
MONDO:0010006,OMIM:268800,HP:0002380,Fasciculations,,,IEA,OMIM:268800,v2026-09-01
MONDO:0010006,OMIM:268800,HP:0032794,Myoclonic seizure,3/5,,PCS,PMID:33407268,v2026-09-01
MONDO:0010006,OMIM:268800,HP:0000280,Coarse facial features,,,IEA,OMIM:268800,v2026-09-01
MONDO:0010006,OMIM:268800,HP:0000618,Blindness,,HP:0003593,PCS,PMID:23785136,v2026-09-01
MONDO:0010006,OMIM:268800,HP:0000975,Hyperhidrosis,,,IEA,OMIM:268800,v2026-09-01
MONDO:0010006,OMIM:268800,HP:0003429,CNS hypomyelination,1/5,,PCS,PMID:33407268,v2026-09-01
MONDO:0010006,OMIM:268800,HP:0000158,Macroglossia,,,IEA,OMIM:268800,v2026-09-01
MONDO:0010006,OMIM:268800,HP:0001324,Muscle weakness,,,IEA,OMIM:268800,v2026-09-01
MONDO:0010006,OMIM:268800,HP:0000256,Macrocephaly,2/5,,PCS,PMID:33407268,v2026-09-01
MONDO:0010006,OMIM:268800,HP:0001347,Hyperreflexia,4/4,,PCS,PMID:33407268,v2026-09-01
MONDO:0010006,OMIM:268800,HP:0003202,Skeletal muscle atrophy,,,IEA,OMIM:268800,v2026-09-01
MONDO:0010006,OMIM:268800,HP:0001640,Cardiomegaly,,,IEA,OMIM:268800,v2026-09-01
MONDO:0010006,OMIM:268800,HP:0002574,Episodic abdominal pain,,,IEA,OMIM:268800,v2026-09-01
MONDO:0010006,OMIM:268800,HP:0002376,Developmental regression,5/5,,PCS,PMID:33407268,v2026-09-01
MONDO:0010006,OMIM:268800,HP:0001260,Dysarthria,,,IEA,OMIM:268800,v2026-09-01
MONDO:0010006,OMIM:268800,HP:6000122,Increased urinary N-acetylglucosamine-rich oligosaccharide level,,,TAS,OMIM:268800,v2026-09-01
MONDO:0010006,OMIM:268800,HP:0002493,Upper motor neuron dysfunction,,,TAS,OMIM:268800,v2026-09-01
MONDO:0010006,OMIM:268800,HP:0033978,Reduced beta-hexosaminidase B activity,5/5,,PCS,PMID:33407268,v2026-09-01
MONDO:0010006,OMIM:268800,HP:0007272,Progressive psychomotor deterioration,,,IEA,OMIM:268800,v2026-09-01
MONDO:0010006,OMIM:268800,HP:0000802,Impotence,,,IEA,OMIM:268800,v2026-09-01
MONDO:0010006,OMIM:268800,HP:0000966,Hypohidrosis,,,IEA,OMIM:268800,v2026-09-01
MONDO:0010006,OMIM:268800,HP:0001433,Hepatosplenomegaly,,,IEA,OMIM:268800,v2026-09-01
MONDO:0010006,OMIM:268800,HP:0001257,Spasticity,2/5,,PCS,PMID:33407268,v2026-09-01
MONDO:0010006,OMIM:268800,HP:0002028,Chronic diarrhea,,,IEA,OMIM:268800,v2026-09-01
MONDO:0009218,OMIM:228000,HP:0010729,Cherry red spot of the macula,,,IEA,OMIM:228000,v2026-09-01
MONDO:0009218,OMIM:228000,HP:0002240,Hepatomegaly,,,PCS,PMID:30029679,v2026-09-01
MONDO:0009218,OMIM:228000,HP:0001270,Motor delay,,,IEA,OMIM:228000,v2026-09-01
MONDO:0009218,OMIM:228000,HP:0010501,Limitation of knee mobility,1/1,,PCS,PMID:26945816,v2026-09-01
MONDO:0009218,OMIM:228000,HP:0001508,Failure to thrive,,,IEA,OMIM:228000,v2026-09-01
MONDO:0009218,OMIM:228000,HP:0000737,Irritability,,,IEA,OMIM:228000,v2026-09-01
MONDO:0009218,OMIM:228000,HP:0001609,Hoarse voice,1/1,,PCS,PMID:26945816,v2026-09-01
MONDO:0009218,OMIM:228000,HP:0040139,Lipogranulomatosis,,,IEA,OMIM:228000,v2026-09-01
MONDO:0009218,OMIM:228000,HP:0001249,Intellectual disability,,,IEA,OMIM:228000,v2026-09-01
MONDO:0009218,OMIM:228000,HP:0001744,Splenomegaly,,,PCS,PMID:30029679,v2026-09-01
MONDO:0009218,OMIM:228000,HP:0001369,Arthritis,,,PCS,PMID:30029679,v2026-09-01
MONDO:0009218,OMIM:228000,HP:0001386,Joint swelling,1/1,,PCS,PMID:26945816,v2026-09-01
MONDO:0009218,OMIM:228000,HP:0001187,Hyperextensibility of the finger joints,1/1,,PCS,PMID:26945816,v2026-09-01
MONDO:0009218,OMIM:228000,HP:0003049,Ulnar deviation of the wrist,1/1,,PCS,PMID:26945816,v2026-09-01
MONDO:0009218,OMIM:228000,HP:0001482,Subcutaneous nodule,1/1,,PCS,PMID:26945816,v2026-09-01
MONDO:0009218,OMIM:228000,HP:0002093,Respiratory insufficiency,,,IEA,OMIM:228000,v2026-09-01
MONDO:0009218,OMIM:228000,HP:0007470,Periarticular subcutaneous nodules,,,PCS,PMID:26945816,v2026-09-01
MONDO:0009218,OMIM:228000,HP:0034053,Decreased acid ceramidase activity,,,PCS,PMID:30029679,v2026-09-01
MONDO:0009218,OMIM:228000,HP:0002829,Arthralgia,1/1,,PCS,PMID:26945816,v2026-09-01
MONDO:0009218,OMIM:228000,HP:0009771,Osteolytic defects of the phalanges of the hand,1/1,,PCS,PMID:26945816,v2026-09-01
MONDO:0009218,OMIM:228000,HP:0009134,Osteolysis involving bones of the feet,1/1,,PCS,PMID:26945816,v2026-09-01
MONDO:0009218,OMIM:228000,HP:0001954,Recurrent fever,1/1,,PCS,PMID:26945816,v2026-09-01
MONDO:0009218,OMIM:228000,HP:0001615,Hoarse cry,,,IEA,OMIM:228000,v2026-09-01
MONDO:0013379,OMIM:613706,HP:0000341,Narrow forehead,3/5,,PCS,PMID:19206169,v2026-09-01
MONDO:0013379,OMIM:613706,HP:0000286,Epicanthus,0/5,,PCS,PMID:19206169,v2026-09-01
MONDO:0013379,OMIM:613706,HP:0000486,Strabismus,3/5,,PCS,PMID:19206169,v2026-09-01
MONDO:0013379,OMIM:613706,HP:0004322,Short stature,5/5,,PCS,PMID:19206169,v2026-09-01
MONDO:0013379,OMIM:613706,HP:0001250,Seizure,2/5,,PCS,PMID:19206169,v2026-09-01
MONDO:0013379,OMIM:613706,HP:0001054,Numerous nevi,2/5,,PCS,PMID:19206169,v2026-09-01
MONDO:0013379,OMIM:613706,HP:0001252,Hypotonia,,,TAS,OMIM:613706,v2026-09-01
MONDO:0013379,OMIM:613706,HP:0002162,Low posterior hairline,2/5,,PCS,PMID:19206169,v2026-09-01
MONDO:0013379,OMIM:613706,HP:0030939,Palpebral thickening,2/5,,PCS,PMID:19206169,v2026-09-01
MONDO:0013379,OMIM:613706,HP:0001290,Generalized hypotonia,4/5,,PCS,PMID:19206169,v2026-09-01
MONDO:0013379,OMIM:613706,HP:0006191,Deep palmar crease,1/5,,PCS,PMID:19206169,v2026-09-01
MONDO:0013379,OMIM:613706,HP:0100543,Cognitive impairment,,,TAS,OMIM:613706,v2026-09-01
MONDO:0013379,OMIM:613706,HP:0000914,Shield chest,3/5,,PCS,PMID:19206169,v2026-09-01
MONDO:0013379,OMIM:613706,HP:0012471,Thick vermilion border,2/5,,PCS,PMID:19206169,v2026-09-01
MONDO:0013379,OMIM:613706,HP:0011220,Prominent forehead,4/5,,PCS,PMID:19206169,v2026-09-01
MONDO:0013379,OMIM:613706,HP:0000316,Hypertelorism,5/5,,PCS,PMID:19206169,v2026-09-01
MONDO:0013379,OMIM:613706,HP:0000975,Hyperhidrosis,1/5,,PCS,PMID:19206169,v2026-09-01
MONDO:0013379,OMIM:613706,HP:0008872,Feeding difficulties in infancy,,,TAS,OMIM:613706,v2026-09-01
MONDO:0013379,OMIM:613706,HP:0001642,Pulmonic stenosis,3/10,,PCS,PMID:19206169,v2026-09-01
MONDO:0013379,OMIM:613706,HP:0000256,Macrocephaly,5/5,,PCS,PMID:19206169,v2026-09-01
MONDO:0013379,OMIM:613706,HP:0009748,Large earlobe,2/5,,PCS,PMID:19206169,v2026-09-01
MONDO:0013379,OMIM:613706,HP:0001249,Intellectual disability,5/5,,PCS,PMID:19206169,v2026-09-01
MONDO:0013379,OMIM:613706,HP:0002212,Curly hair,1/5,,PCS,PMID:19206169,v2026-09-01
MONDO:0013379,OMIM:613706,HP:0002015,Dysphagia,,,TAS,OMIM:613706,v2026-09-01
MONDO:0013379,OMIM:613706,HP:0000494,Downslanted palpebral fissures,3/5,,PCS,PMID:19206169,v2026-09-01
MONDO:0013379,OMIM:613706,HP:0002650,Scoliosis,5/5,,PCS,PMID:19206169,v2026-09-01
MONDO:0013379,OMIM:613706,HP:0001520,Large for gestational age,2/4,,PCS,PMID:19206169,v2026-09-01
MONDO:0013379,OMIM:613706,HP:0001382,Joint hypermobility,3/5,,PCS,PMID:19206169,v2026-09-01
MONDO:0013379,OMIM:613706,HP:0000391,Thickened helices,4/5,,PCS,PMID:19206169,v2026-09-01
MONDO:0013379,OMIM:613706,HP:0002033,Poor suck,4/5,,PCS,PMID:19206169,v2026-09-01
MONDO:0013379,OMIM:613706,HP:0000470,Short neck,2/5,,PCS,PMID:19206169,v2026-09-01
MONDO:0013379,OMIM:613706,HP:0002031,Abnormal esophagus morphology,2/5,,PCS,PMID:19206169,v2026-09-01
MONDO:0013379,OMIM:613706,HP:0012059,Lentigo maligna melanoma,3/5,,PCS,PMID:19206169,v2026-09-01
MONDO:0013379,OMIM:613706,HP:0005280,Depressed nasal bridge,3/5,,PCS,PMID:19206169,v2026-09-01
MONDO:0013379,OMIM:613706,HP:0011470,Nasogastric tube feeding in infancy,2/5,,PCS,PMID:19206169,v2026-09-01
MONDO:0013379,OMIM:613706,HP:0031162,Impaired oropharyngeal swallow response,4/5,,PCS,PMID:19206169,v2026-09-01
MONDO:0013379,OMIM:613706,HP:0001639,Hypertrophic cardiomyopathy,0/5,,PCS,PMID:19206169,v2026-09-01
MONDO:0013379,OMIM:613706,HP:0000767,Pectus excavatum,2/5,,PCS,PMID:19206169,v2026-09-01
MONDO:0013379,OMIM:613706,HP:0000768,Pectus carinatum,,,PCS,PMID:19206169,v2026-09-01
MONDO:0013379,OMIM:613706,HP:0002967,Cubitus valgus,3/5,,PCS,PMID:19206169,v2026-09-01
MONDO:0013379,OMIM:613706,HP:0000306,Abnormality of the chin,2/5,,PCS,PMID:19206169,v2026-09-01
MONDO:0013379,OMIM:613706,HP:0000268,Dolichocephaly,,,TAS,OMIM:613706,v2026-09-01
MONDO:0013379,OMIM:613706,HP:0000465,Webbed neck,2/5,,PCS,PMID:19206169,v2026-09-01
MONDO:0013379,OMIM:613706,HP:0001510,Growth delay,5/5,HP:0003623,PCS,PMID:19206169,v2026-09-01
MONDO:0013379,OMIM:613706,HP:0001631,Atrial septal defect,1/5,,PCS,PMID:19206169,v2026-09-01
MONDO:0013379,OMIM:613706,HP:0000369,Low-set ears,4/5,,PCS,PMID:19206169,v2026-09-01
MONDO:0009756,OMIM:257200,HP:0002540,Inability to walk,10/10,,PCS,PMID:16434659,v2026-09-01
MONDO:0009756,OMIM:257200,HP:0002188,Delayed CNS myelination,3/3,,PCS,PMID:16434659,v2026-09-01
MONDO:0009756,OMIM:257200,HP:0004322,Short stature,,,IEA,OMIM:257200,v2026-09-01
MONDO:0009756,OMIM:257200,HP:0001252,Hypotonia,,,PCS,PMID:16434659,v2026-09-01
MONDO:0009756,OMIM:257200,HP:0002063,Rigidity,,,IEA,OMIM:257200,v2026-09-01
MONDO:0009756,OMIM:257200,HP:0010729,Cherry red spot of the macula,10/10,,PCS,PMID:16434659,v2026-09-01
MONDO:0009756,OMIM:257200,HP:0002240,Hepatomegaly,10/10,,PCS,PMID:16434659,v2026-09-01
MONDO:0009756,OMIM:257200,HP:0031964,Elevated circulating alanine aminotransferase concentration,10/10,,PCS,PMID:16434659,v2026-09-01
MONDO:0009756,OMIM:257200,HP:0000939,Osteoporosis,,,IEA,OMIM:257200,v2026-09-01
MONDO:0009756,OMIM:257200,HP:0001508,Failure to thrive,10/10,,PCS,PMID:16434659,v2026-09-01
MONDO:0009756,OMIM:257200,HP:0000737,Irritability,10/10,,PCS,PMID:16434659,v2026-09-01
MONDO:0009756,OMIM:257200,HP:0003609,Foam cells with lamellar inclusion bodies,,,IEA,OMIM:257200,v2026-09-01
MONDO:0009756,OMIM:257200,HP:0008872,Feeding difficulties in infancy,10/10,HP:0003593,PCS,PMID:16434659,v2026-09-01
MONDO:0009756,OMIM:257200,HP:0002716,Lymphadenopathy,,,IEA,OMIM:257200,v2026-09-01
MONDO:0009756,OMIM:257200,HP:0001324,Muscle weakness,,,IEA,OMIM:257200,v2026-09-01
MONDO:0009756,OMIM:257200,HP:0002019,Constipation,,,IEA,OMIM:257200,v2026-09-01
MONDO:0009756,OMIM:257200,HP:0000256,Macrocephaly,2/10,,PCS,PMID:16434659,v2026-09-01
MONDO:0009756,OMIM:257200,HP:0001249,Intellectual disability,,,IEA,OMIM:257200,v2026-09-01
MONDO:0009756,OMIM:257200,HP:0006579,Prolonged neonatal jaundice,1/10,,PCS,PMID:16434659,v2026-09-01
MONDO:0009756,OMIM:257200,HP:0001744,Splenomegaly,,,IEA,OMIM:257200,v2026-09-01
MONDO:0009756,OMIM:257200,HP:0001265,Hyporeflexia,,,IEA,OMIM:257200,v2026-09-01
MONDO:0009756,OMIM:257200,HP:0003202,Skeletal muscle atrophy,10/10,,PCS,PMID:16434659,v2026-09-01
MONDO:0009756,OMIM:257200,HP:0031956,Elevated circulating aspartate aminotransferase concentration,10/10,,PCS,PMID:16434659,v2026-09-01
MONDO:0009756,OMIM:257200,HP:0001982,Sea-blue histiocytosis,,,IEA,OMIM:257200,v2026-09-01
MONDO:0009756,OMIM:257200,HP:0004333,Bone-marrow foam cells,,,IEA,OMIM:257200,v2026-09-01
MONDO:0009756,OMIM:257200,HP:0002013,Vomiting,,,IEA,OMIM:257200,v2026-09-01
MONDO:0009756,OMIM:257200,HP:0000991,Xanthomatosis,,,TAS,OMIM:257200,v2026-09-01
MONDO:0009756,OMIM:257200,HP:0002376,Developmental regression,10/10,,PCS,PMID:16434659,v2026-09-01
MONDO:0009756,OMIM:257200,HP:0001541,Ascites,2/10,,PCS,PMID:16434659,v2026-09-01
MONDO:0009756,OMIM:257200,HP:0001263,Global developmental delay,10/10,,PCS,PMID:16434659,v2026-09-01
MONDO:0009756,OMIM:257200,HP:0002207,Diffuse reticular or finely nodular infiltrations,,,IEA,OMIM:257200,v2026-09-01
MONDO:0009756,OMIM:257200,HP:0001935,Microcytic anemia,,,IEA,OMIM:257200,v2026-09-01
MONDO:0009756,OMIM:257200,HP:0001538,Protuberant abdomen,,,IEA,OMIM:257200,v2026-09-01
MONDO:0009756,OMIM:257200,HP:0002205,Recurrent respiratory infections,,,PCS,PMID:16434659,v2026-09-01
MONDO:0009756,OMIM:257200,HP:0002305,Athetosis,,,IEA,OMIM:257200,v2026-09-01
MONDO:0009756,OMIM:257200,HP:0001257,Spasticity,,,IEA,OMIM:257200,v2026-09-01
MONDO:0009756,OMIM:257200,HP:6001380,Elevated circulating lysosphingomyelin concentration,,,PCS,PMID:36348386,v2026-09-01
MONDO:0014438,OMIM:615987,HP:0001256,Mild intellectual disability,1/1,,PCS,PMID:34900151,v2026-09-01
MONDO:0014438,OMIM:615987,HP:0001250,Seizure,1/1,,PCS,PMID:34900151,v2026-09-01
MONDO:0014438,OMIM:615987,HP:0000083,Renal insufficiency,,,TAS,OMIM:615987,v2026-09-01
MONDO:0014438,OMIM:615987,HP:0001263,Global developmental delay,1/1,,PCS,PMID:34900151,v2026-09-01
MONDO:0014438,OMIM:615987,HP:0000107,Renal cyst,,,TAS,OMIM:615987,v2026-09-01
MONDO:0014438,OMIM:615987,HP:0010442,Polydactyly,0/1,,PCS,PMID:34900151,v2026-09-01
MONDO:0014438,OMIM:615987,HP:0000510,Rod-cone dystrophy,1/1,,PCS,PMID:34900151,v2026-09-01
MONDO:0014438,OMIM:615987,HP:0000135,Hypogonadism,,,TAS,OMIM:615987,v2026-09-01
MONDO:0014438,OMIM:615987,HP:0001513,Obesity,1/1,,PCS,PMID:34900151,v2026-09-01
MONDO:0014438,OMIM:615987,HP:0000556,Retinal dystrophy,1/1,,PCS,PMID:34900151,v2026-09-01
MONDO:0009499,OMIM:245200,HP:0006801,Hyperactive deep tendon reflexes,,,PCS,OMIM:245200,v2026-09-01
MONDO:0009499,OMIM:245200,HP:0001276,Hypertonia,,,PCS,PMID:20886637,v2026-09-01
MONDO:0009499,OMIM:245200,HP:0000365,Hearing impairment,,,PCS,OMIM:245200,v2026-09-01
MONDO:0009499,OMIM:245200,HP:0001250,Seizure,,,IEA,OMIM:245200,v2026-09-01
MONDO:0009499,OMIM:245200,HP:0001252,Hypotonia,,,PCS,PMID:20886637,v2026-09-01
MONDO:0009499,OMIM:245200,HP:0002180,Neurodegeneration,,,IEA,OMIM:245200,v2026-09-01
MONDO:0009499,OMIM:245200,HP:0001508,Failure to thrive,,,IEA,OMIM:245200,v2026-09-01
MONDO:0009499,OMIM:245200,HP:0000639,Nystagmus,,,PCS,PMID:20886637,v2026-09-01
MONDO:0009499,OMIM:245200,HP:0007141,Sensorimotor neuropathy,,,IEA,OMIM:245200,v2026-09-01
MONDO:0009499,OMIM:245200,HP:0034322,Reduced tissue galactocerebrosidase activity,29/29,,PCS,PMID:20886637,v2026-09-01
MONDO:0009499,OMIM:245200,HP:0000618,Blindness,,,IEA,OMIM:245200,v2026-09-01
MONDO:0009499,OMIM:245200,HP:0000238,Hydrocephalus,,,IEA,OMIM:245200,v2026-09-01
MONDO:0009499,OMIM:245200,HP:0007305,CNS demyelination,5/22,,PCS,PMID:20886637,v2026-09-01
MONDO:0009499,OMIM:245200,HP:0002333,Motor deterioration,,,IEA,OMIM:245200,v2026-09-01
MONDO:0009499,OMIM:245200,HP:0008936,Axial hypotonia,23/30,,PCS,PMID:20886637,v2026-09-01
MONDO:0009499,OMIM:245200,HP:0002353,EEG abnormality,,,IEA,OMIM:245200,v2026-09-01
MONDO:0009499,OMIM:245200,HP:0002376,Developmental regression,12/30,,PCS,PMID:20886637,v2026-09-01
MONDO:0009499,OMIM:245200,HP:0002013,Vomiting,,,IEA,OMIM:245200,v2026-09-01
MONDO:0009499,OMIM:245200,HP:0007928,Abnormal flash visual evoked potentials,,,IEA,OMIM:245200,v2026-09-01
MONDO:0009499,OMIM:245200,HP:0025013,Decerebrate rigidity,,,TAS,OMIM:245200,v2026-09-01
MONDO:0009499,OMIM:245200,HP:0002191,Progressive spasticity,30/30,,PCS,PMID:20886637,v2026-09-01
MONDO:0009499,OMIM:245200,HP:0011096,Peripheral demyelination,,,PCS,OMIM:245200,v2026-09-01
MONDO:0009499,OMIM:245200,HP:0002506,Diffuse cerebral atrophy,,,IEA,OMIM:245200,v2026-09-01
MONDO:0009499,OMIM:245200,HP:0001954,Recurrent fever,,,TAS,OMIM:245200,v2026-09-01
MONDO:0009499,OMIM:245200,HP:0002922,Increased CSF protein concentration,,,IEA,OMIM:245200,v2026-09-01
MONDO:0009499,OMIM:245200,HP:0000648,Optic atrophy,,,IEA,OMIM:245200,v2026-09-01
MONDO:0009499,OMIM:245200,HP:0001973,Autoimmune thrombocytopenia,,,IEA,OMIM:245200,v2026-09-01
MONDO:0009499,OMIM:245200,HP:0000762,Decreased nerve conduction velocity,,,IEA,OMIM:245200,v2026-09-01
MONDO:0018975,OMIM:162200,HP:0001256,Mild intellectual disability,,,IEA,OMIM:162200,v2026-09-01
MONDO:0018975,OMIM:162200,HP:0004322,Short stature,50/385,,PCS,PMID:11106357,v2026-09-01
MONDO:0018975,OMIM:162200,HP:0001250,Seizure,19/437,,PCS,PMID:29566708,v2026-09-01
MONDO:0018975,OMIM:162200,HP:6001124,Sphenoid wing dysplasia,,,TAS,OMIM:162200,v2026-09-01
MONDO:0018975,OMIM:162200,HP:0012032,Lipoma,9/328,,PCS,PMID:7607663;PMID:26178382;PMID:36659944;PMID:9101303;PMID:8664912;PMID:29290338;PMID:17160901,v2026-09-01
MONDO:0018975,OMIM:162200,HP:0000316,Hypertelorism,3/15,,PCS,PMID:38596211,v2026-09-01
MONDO:0018975,OMIM:162200,HP:0002858,Meningioma,,,IEA,OMIM:162200,v2026-09-01
MONDO:0018975,OMIM:162200,HP:0001328,Specific learning disability,186/300,,PCS,PMID:10204844,v2026-09-01
MONDO:0018975,OMIM:162200,HP:0000997,Axillary freckling,435/546,,PCS,PMID:7607663;PMID:26178382;PMID:36659944;PMID:38596211;PMID:9101303;PMID:8664912;PMID:10204844;PMID:29290338,v2026-09-01
MONDO:0018975,OMIM:162200,HP:0000238,Hydrocephalus,,,IEA,OMIM:162200,v2026-09-01
MONDO:0018975,OMIM:162200,HP:0002859,Rhabdomyosarcoma,,,IEA,OMIM:162200,v2026-09-01
MONDO:0018975,OMIM:162200,HP:0007565,Multiple cafe-au-lait spots,677/781,,PCS,PMID:7607663;PMID:20513137;PMID:26178382;PMID:36659944;PMID:38596211;PMID:9101303;PMID:8664912;PMID:10204844;PMID:29290338,v2026-09-01
MONDO:0018975,OMIM:162200,HP:0002857,Genu valgum,,,IEA,OMIM:162200,v2026-09-01
MONDO:0018975,OMIM:162200,HP:0002414,Spina bifida,151/357,,IEA,OMIM:162200,v2026-09-01
MONDO:0018975,OMIM:162200,HP:0001642,Pulmonic stenosis,18/267,,PCS,PMID:26178382;PMID:29290338;PMID:17160901,v2026-09-01
MONDO:0018975,OMIM:162200,HP:0001920,Renal artery stenosis,4/641,,PCS,PMID:10204844;PMID:29290338,v2026-09-01
MONDO:0018975,OMIM:162200,HP:0002897,Parathyroid adenoma,,,IEA,OMIM:162200,v2026-09-01
MONDO:0018975,OMIM:162200,HP:0001067,Neurofibroma,297/457,,PCS,PMID:7607663;PMID:20513137;PMID:26178382;PMID:38596211;PMID:9101303;PMID:8664912;PMID:10204844;PMID:29290338,v2026-09-01
MONDO:0018975,OMIM:162200,HP:0000494,Downslanted palpebral fissures,4/15,,PCS,PMID:38596211,v2026-09-01
MONDO:0018975,OMIM:162200,HP:0007429,Few cafe-au-lait spots,48/56,,PCS,PMID:20513137;PMID:26178382;PMID:38596211;PMID:29290338,v2026-09-01
MONDO:0018975,OMIM:162200,HP:0003002,Breast carcinoma,1/148,,PCS,PMID:7607663;PMID:36659944;PMID:9101303;PMID:8664912;PMID:29290338,v2026-09-01
MONDO:0018975,OMIM:162200,HP:0003003,Colon cancer,1/148,,PCS,PMID:7607663;PMID:36659944;PMID:9101303;PMID:8664912;PMID:29290338,v2026-09-01
MONDO:0018975,OMIM:162200,HP:0010795,Cerebellar glioma,2/163,,PCS,PMID:7607663;PMID:38596211;PMID:36659944;PMID:9101303;PMID:8664912;PMID:29290338,v2026-09-01
MONDO:0018975,OMIM:162200,HP:0100697,Malignant peripheral nerve sheath tumor,,,PCS,OMIM:162200,v2026-09-01
MONDO:0018975,OMIM:162200,HP:0000767,Pectus excavatum,24/439,,PCS,PMID:7607663;PMID:26178382;PMID:36659944;PMID:38596211;PMID:9101303;PMID:8664912;PMID:29618358;PMID:29290338;PMID:17160901,v2026-09-01
MONDO:0018975,OMIM:162200,HP:0009733,Glioma,2/2,,PCS,PMID:26178382;PMID:38596211,v2026-09-01
MONDO:0018975,OMIM:162200,HP:0000768,Pectus carinatum,13/274,,PCS,PMID:26178382;PMID:38596211;PMID:29290338,v2026-09-01
MONDO:0018975,OMIM:162200,HP:0009732,Plexiform neurofibroma,139/554,,PCS,PMID:7607663;PMID:20513137;PMID:23035791;PMID:26178382;PMID:36659944;PMID:38596211;PMID:9101303;PMID:8664912;PMID:29290338;PMID:17160901,v2026-09-01
MONDO:0018975,OMIM:162200,HP:0002865,Medullary thyroid carcinoma,1/148,,PCS,PMID:7607663;PMID:36659944;PMID:9101303;PMID:8664912;PMID:29290338,v2026-09-01
MONDO:0018975,OMIM:162200,HP:0009735,Spinal neurofibroma,34/354,,PCS,PMID:10204844;PMID:29290338,v2026-09-01
MONDO:0018975,OMIM:162200,HP:0006743,Embryonal rhabdomyosarcoma,3/148,,PCS,PMID:7607663;PMID:36659944;PMID:9101303;PMID:8664912;PMID:29290338,v2026-09-01
MONDO:0018975,OMIM:162200,HP:0009734,Optic nerve glioma,64/476,,PCS,PMID:20513137;PMID:26178382;PMID:38596211;PMID:8664912;PMID:10204844;PMID:29290338,v2026-09-01
MONDO:0018975,OMIM:162200,HP:0009737,Lisch nodules,240/533,,PCS,PMID:7607663;PMID:20513137;PMID:26178382;PMID:38596211;PMID:36659944;PMID:8664912;PMID:10204844;PMID:29290338;PMID:17160901,v2026-09-01
MONDO:0018975,OMIM:162200,HP:0000369,Low-set ears,2/15,,PCS,PMID:38596211,v2026-09-01
MONDO:0018975,OMIM:162200,HP:0002666,Pheochromocytoma,3/3,,PCS,PMID:25130111,v2026-09-01
MONDO:0018975,OMIM:162200,HP:0009736,Tibial pseudarthrosis,10/300,,PCS,PMID:10204844,v2026-09-01
MONDO:0018975,OMIM:162200,HP:0002521,Hypsarrhythmia,,,PCS,PMID:18802710,v2026-09-01
MONDO:0018975,OMIM:162200,HP:0020073,Hypopigmented macule,,,PCS,PMID:17105749,v2026-09-01
MONDO:0018975,OMIM:162200,HP:0001629,Ventricular septal defect,2/223,,PCS,PMID:26178382;PMID:29290338,v2026-09-01
MONDO:0018975,OMIM:162200,HP:0001548,Overgrowth,,,IEA,OMIM:162200,v2026-09-01
MONDO:0018975,OMIM:162200,HP:0001701,Pericarditis,1/118,,PCS,PMID:29290338,v2026-09-01
MONDO:0018975,OMIM:162200,HP:0000256,Macrocephaly,48/128,,PCS,PMID:31326214,v2026-09-01
MONDO:0018975,OMIM:162200,HP:0002410,Aqueductal stenosis,,,IEA,OMIM:162200,v2026-09-01
MONDO:0018975,OMIM:162200,HP:0002650,Scoliosis,56/365,,PCS,PMID:7607663;PMID:20513137;PMID:26178382;PMID:36659944;PMID:38596211;PMID:9101303;PMID:8664912;PMID:29290338;PMID:17160901,v2026-09-01
MONDO:0018975,OMIM:162200,HP:0001480,Freckling,146/224,,PCS,PMID:20513137;PMID:26178382;PMID:29290338;PMID:17160901,v2026-09-01
MONDO:0018975,OMIM:162200,HP:0001680,Coarctation of aorta,1/118,,PCS,PMID:29290338,v2026-09-01
MONDO:0018975,OMIM:162200,HP:0033680,Pilocytic astrocytoma,1/148,,PCS,PMID:7607663;PMID:36659944;PMID:9101303;PMID:8664912;PMID:29290338,v2026-09-01
MONDO:0018975,OMIM:162200,HP:0009592,Astrocytoma,2/137,,PCS,PMID:26178382;PMID:29290338,v2026-09-01
MONDO:0018975,OMIM:162200,HP:0001639,Hypertrophic cardiomyopathy,1/118,,PCS,PMID:29290338,v2026-09-01
MONDO:0018975,OMIM:162200,HP:0002808,Kyphosis,2/145,,PCS,PMID:7607663;PMID:26178382;PMID:38596211;PMID:36659944;PMID:9101303;PMID:8664912,v2026-09-01
MONDO:0018975,OMIM:162200,HP:0001718,Mitral stenosis,1/118,,PCS,PMID:29290338,v2026-09-01
MONDO:0018975,OMIM:162200,HP:0000822,Hypertension,10/238,,PCS,OMIM:162200;PMID:26178382;PMID:29290338,v2026-09-01
MONDO:0018975,OMIM:162200,HP:0030052,Inguinal freckling,151/357,HP:0011463,PCS,PMID:10204844,v2026-09-01
MONDO:0018975,OMIM:162200,HP:0030052,Inguinal freckling,11/15,,PCS,PMID:38596211,v2026-09-01
MONDO:0018975,OMIM:162200,HP:0030052,Inguinal freckling,1/1,,PCS,PMID:9101303,v2026-09-01
MONDO:0018975,OMIM:162200,HP:0030052,Inguinal freckling,8/22,,PCS,PMID:26178382,v2026-09-01
MONDO:0018975,OMIM:162200,HP:0030052,Inguinal freckling,1/1,,PCS,PMID:36659944,v2026-09-01
MONDO:0018975,OMIM:162200,HP:0030052,Inguinal freckling,2/2,,PCS,PMID:8664912,v2026-09-01
MONDO:0018975,OMIM:162200,HP:0030052,Inguinal freckling,69/130,,PCS,PMID:29290338,v2026-09-01
MONDO:0018975,OMIM:162200,HP:0001631,Atrial septal defect,3/267,,PCS,PMID:26178382;PMID:29290338;PMID:17160901,v2026-09-01
MONDO:0018975,OMIM:162200,HP:0000465,Webbed neck,1/15,,PCS,PMID:38596211,v2026-09-01
MONDO:0018975,OMIM:162200,HP:0000501,Glaucoma,,,PCS,PMID:22138687,v2026-09-01
MONDO:0012371,OMIM:609942,HP:0000286,Epicanthus,1/2,,PCS,PMID:19396835,v2026-09-01
MONDO:0012371,OMIM:609942,HP:0000486,Strabismus,8/14,,PCS,PMID:17056636;PMID:16474405;PMID:19396835,v2026-09-01
MONDO:0012371,OMIM:609942,HP:0004322,Short stature,9/12,,PCS,PMID:17056636;PMID:16474405,v2026-09-01
MONDO:0012371,OMIM:609942,HP:0004442,Sagittal craniosynostosis,2/7,,PCS,PMID:16474405;PMID:19396835,v2026-09-01
MONDO:0012371,OMIM:609942,HP:0001250,Seizure,1/7,,PCS,PMID:17056636,v2026-09-01
MONDO:0012371,OMIM:609942,HP:0003196,Short nose,1/2,,PCS,PMID:19396835,v2026-09-01
MONDO:0012371,OMIM:609942,HP:0004482,Relative macrocephaly,6/7,,PCS,PMID:17056636,v2026-09-01
MONDO:0012371,OMIM:609942,HP:0000280,Coarse facial features,0/7,,PCS,PMID:17056636,v2026-09-01
MONDO:0012371,OMIM:609942,HP:0045075,Sparse eyebrow,0/7,,PCS,PMID:17056636,v2026-09-01
MONDO:0012371,OMIM:609942,HP:0006191,Deep palmar crease,0/7,,PCS,PMID:17056636,v2026-09-01
MONDO:0012371,OMIM:609942,HP:0000639,Nystagmus,1/12,,PCS,PMID:17056636;PMID:16474405,v2026-09-01
MONDO:0012371,OMIM:609942,HP:0000914,Shield chest,2/12,,PCS,PMID:17056636;PMID:16474405,v2026-09-01
MONDO:0012371,OMIM:609942,HP:0000316,Hypertelorism,9/9,,PCS,PMID:17056636;PMID:19396835,v2026-09-01
MONDO:0012371,OMIM:609942,HP:0001643,Patent ductus arteriosus,,,IEA,OMIM:609942,v2026-09-01
MONDO:0012371,OMIM:609942,HP:0000476,Cystic hygroma,1/2,,PCS,PMID:19396835,v2026-09-01
MONDO:0012371,OMIM:609942,HP:0001642,Pulmonic stenosis,1/5,HP:0003577,PCS,PMID:16474405,v2026-09-01
MONDO:0012371,OMIM:609942,HP:0001642,Pulmonic stenosis,3/7,,PCS,PMID:17056636,v2026-09-01
MONDO:0012371,OMIM:609942,HP:0001249,Intellectual disability,7/7,,PCS,PMID:17056636,v2026-09-01
MONDO:0012371,OMIM:609942,HP:0000358,Posteriorly rotated ears,4/9,,PCS,PMID:17056636;PMID:19396835,v2026-09-01
MONDO:0012371,OMIM:609942,HP:0000494,Downslanted palpebral fissures,5/9,,PCS,PMID:17056636;PMID:19396835,v2026-09-01
MONDO:0012371,OMIM:609942,HP:0002750,Delayed skeletal maturation,,,IEA,OMIM:609942,v2026-09-01
MONDO:0012371,OMIM:609942,HP:0011968,Feeding difficulties,1/7,,PCS,PMID:17056636,v2026-09-01
MONDO:0012371,OMIM:609942,HP:0001263,Global developmental delay,9/9,,PCS,PMID:17056636;PMID:19396835,v2026-09-01
MONDO:0012371,OMIM:609942,HP:0001582,Redundant skin,1/7,,PCS,PMID:17056636,v2026-09-01
MONDO:0012371,OMIM:609942,HP:0000767,Pectus excavatum,7/9,,PCS,PMID:17056636;PMID:19396835,v2026-09-01
MONDO:0012371,OMIM:609942,HP:0000768,Pectus carinatum,1/12,,PCS,PMID:17056636;PMID:16474405,v2026-09-01
MONDO:0012371,OMIM:609942,HP:0000369,Low-set ears,6/9,,PCS,PMID:17056636;PMID:19396835,v2026-09-01
MONDO:0012371,OMIM:609942,HP:0001655,Patent foramen ovale,1/2,,PCS,PMID:19396835,v2026-09-01
MONDO:0012371,OMIM:609942,HP:0030799,Scaphocephaly,,,IEA,OMIM:609942,v2026-09-01
MONDO:0012371,OMIM:609942,HP:0000463,Anteverted nares,2/9,,PCS,PMID:17056636;PMID:19396835,v2026-09-01
MONDO:0012371,OMIM:609942,HP:0001156,Brachydactyly,1/7,,PCS,PMID:17056636,v2026-09-01
MONDO:0012371,OMIM:609942,HP:0002162,Low posterior hairline,0/7,,PCS,PMID:17056636,v2026-09-01
MONDO:0012371,OMIM:609942,HP:0012209,Juvenile myelomonocytic leukemia,1/5,,PCS,PMID:16474405,v2026-09-01
MONDO:0012371,OMIM:609942,HP:0008070,Sparse hair,2/7,,PCS,PMID:17056636,v2026-09-01
MONDO:0012371,OMIM:609942,HP:0001508,Failure to thrive,1/7,,PCS,PMID:17056636,v2026-09-01
MONDO:0012371,OMIM:609942,HP:0011321,Left unilambdoid synostosis,1/2,,PCS,PMID:19396835,v2026-09-01
MONDO:0012371,OMIM:609942,HP:0001629,Ventricular septal defect,1/5,,PCS,PMID:16474405,v2026-09-01
MONDO:0012371,OMIM:609942,HP:0001305,Dandy-Walker malformation,0/7,,PCS,PMID:17056636,v2026-09-01
MONDO:0012371,OMIM:609942,HP:0000978,Bruising susceptibility,1/5,,PCS,PMID:16474405,v2026-09-01
MONDO:0012371,OMIM:609942,HP:0001869,Deep plantar creases,0/7,,PCS,PMID:17056636,v2026-09-01
MONDO:0012371,OMIM:609942,HP:0001704,Tricuspid valve prolapse,1/5,,PCS,PMID:16474405,v2026-09-01
MONDO:0012371,OMIM:609942,HP:0000218,High palate,1/2,,IEA,PMID:19396835,v2026-09-01
MONDO:0012371,OMIM:609942,HP:0006610,Wide intermamillary distance,0/7,,PCS,PMID:17056636,v2026-09-01
MONDO:0012371,OMIM:609942,HP:0001561,Polyhydramnios,1/2,,PCS,PMID:19396835,v2026-09-01
MONDO:0012371,OMIM:609942,HP:0000391,Thickened helices,1/2,,PCS,PMID:19396835,v2026-09-01
MONDO:0012371,OMIM:609942,HP:0000470,Short neck,6/7,,PCS,PMID:17056636,v2026-09-01
MONDO:0012371,OMIM:609942,HP:0005281,Hypoplastic nasal bridge,,,IEA,OMIM:609942,v2026-09-01
MONDO:0012371,OMIM:609942,HP:0005280,Depressed nasal bridge,1/7,,PCS,PMID:17056636,v2026-09-01
MONDO:0012371,OMIM:609942,HP:0001639,Hypertrophic cardiomyopathy,2/12,,PCS,PMID:17056636;PMID:16474405,v2026-09-01
MONDO:0012371,OMIM:609942,HP:0007099,Chiari type I malformation,1/2,,PCS,PMID:19396835,v2026-09-01
MONDO:0012371,OMIM:609942,HP:0000508,Ptosis,7/12,,PCS,PMID:17056636;PMID:16474405,v2026-09-01
MONDO:0012371,OMIM:609942,HP:0002967,Cubitus valgus,1/7,,PCS,PMID:17056636,v2026-09-01
MONDO:0012371,OMIM:609942,HP:0000268,Dolichocephaly,1/2,,PCS,PMID:19396835,v2026-09-01
MONDO:0012371,OMIM:609942,HP:0002007,Frontal bossing,1/2,,PCS,PMID:19396835,v2026-09-01
MONDO:0012371,OMIM:609942,HP:0001631,Atrial septal defect,2/12,,PCS,PMID:17056636;PMID:16474405,v2026-09-01
MONDO:0012371,OMIM:609942,HP:0000465,Webbed neck,5/9,,PCS,PMID:17056636;PMID:19396835,v2026-09-01
MONDO:0012371,OMIM:609942,HP:0000028,Cryptorchidism,3/8,,PCS,PMID:17056636;PMID:16474405,v2026-09-01
MONDO:0012371,OMIM:609942,HP:0001634,Mitral valve prolapse,2/5,,PCS,PMID:16474405,v2026-09-01
MONDO:0009571,OMIM:249000,HP:0002023,Anal atresia,,,IEA,OMIM:249000,v2026-09-01
MONDO:0009571,OMIM:249000,HP:0100490,Camptodactyly of finger,1/1,,PCS,PMID:27377014,v2026-09-01
MONDO:0009571,OMIM:249000,HP:0001252,Hypotonia,2/2,,PCS,PMID:27377014;PMID:33193692,v2026-09-01
MONDO:0009571,OMIM:249000,HP:0001408,Bile duct proliferation,,,IEA,OMIM:249000,v2026-09-01
MONDO:0009571,OMIM:249000,HP:0000319,Smooth philtrum,1/1,,PCS,PMID:27377014,v2026-09-01
MONDO:0009571,OMIM:249000,HP:0000316,Hypertelorism,,,IEA,OMIM:249000,v2026-09-01
MONDO:0009571,OMIM:249000,HP:0000238,Hydrocephalus,,,IEA,OMIM:249000,v2026-09-01
MONDO:0009571,OMIM:249000,HP:0002419,Molar tooth sign on MRI,2/2,,PCS,PMID:27377014;PMID:33193692,v2026-09-01
MONDO:0009571,OMIM:249000,HP:0009466,Radial deviation of finger,,,IEA,OMIM:249000,v2026-09-01
MONDO:0009571,OMIM:249000,HP:0002617,Vascular dilatation,,,IEA,OMIM:249000,v2026-09-01
MONDO:0009571,OMIM:249000,HP:0000835,Adrenal hypoplasia,,,IEA,OMIM:249000,v2026-09-01
MONDO:0009571,OMIM:249000,HP:0006872,Cerebral hypoplasia,,,IEA,OMIM:249000,v2026-09-01
MONDO:0009571,OMIM:249000,HP:0004639,Elevated amniotic fluid alpha-fetoprotein concentration,,,TAS,OMIM:249000,v2026-09-01
MONDO:0009571,OMIM:249000,HP:0025336,Delayed ability to sit,1/1,,PCS,PMID:27377014,v2026-09-01
MONDO:0009571,OMIM:249000,HP:0001643,Patent ductus arteriosus,,,IEA,OMIM:249000,v2026-09-01
MONDO:0009571,OMIM:249000,HP:0000113,Polycystic kidney dysplasia,5/5,,PCS,PMID:17377820,v2026-09-01
MONDO:0009571,OMIM:249000,HP:0001600,Abnormality of the larynx,,,IEA,OMIM:249000,v2026-09-01
MONDO:0009571,OMIM:249000,HP:0000175,Cleft palate,0/3,,PCS,PMID:35360848,v2026-09-01
MONDO:0009571,OMIM:249000,HP:0000252,Microcephaly,,,IEA,OMIM:249000,v2026-09-01
MONDO:0009571,OMIM:249000,HP:0001341,Olfactory lobe agenesis,,,IEA,OMIM:249000,v2026-09-01
MONDO:0009571,OMIM:249000,HP:0001583,Rotary nystagmus,1/1,,PCS,PMID:27377014,v2026-09-01
MONDO:0009571,OMIM:249000,HP:0001344,Absent speech,1/1,,PCS,PMID:27377014,v2026-09-01
MONDO:0009571,OMIM:249000,HP:0000695,Natal tooth,,,IEA,OMIM:249000,v2026-09-01
MONDO:0009571,OMIM:249000,HP:0002198,Dilated fourth ventricle,3/3,,PCS,PMID:35360848,v2026-09-01
MONDO:0009571,OMIM:249000,HP:0005343,Hypoplasia of the bladder,,,IEA,OMIM:249000,v2026-09-01
MONDO:0009571,OMIM:249000,HP:0000130,Abnormality of the uterus,,,IEA,OMIM:249000,v2026-09-01
MONDO:0009571,OMIM:249000,HP:0001263,Global developmental delay,2/2,,PCS,PMID:27377014;PMID:33193692,v2026-09-01
MONDO:0009571,OMIM:249000,HP:0003241,External genital hypoplasia,,,IEA,OMIM:249000,v2026-09-01
MONDO:0009571,OMIM:249000,HP:0100259,Postaxial polydactyly,3/3,,PCS,PMID:35360848,v2026-09-01
MONDO:0009571,OMIM:249000,HP:0002308,Chiari malformation,,,IEA,OMIM:249000,v2026-09-01
MONDO:0009571,OMIM:249000,HP:0000800,Cystic renal dysplasia,0/3,,PCS,PMID:35360848,v2026-09-01
MONDO:0009571,OMIM:249000,HP:0000601,Hypotelorism,,,IEA,OMIM:249000,v2026-09-01
MONDO:0009571,OMIM:249000,HP:0000568,Microphthalmia,,,IEA,OMIM:249000,v2026-09-01
MONDO:0009571,OMIM:249000,HP:0009931,Enlarged naris,1/1,,PCS,PMID:27377014,v2026-09-01
MONDO:0009571,OMIM:249000,HP:0006267,Large placenta,,,IEA,OMIM:249000,v2026-09-01
MONDO:0009571,OMIM:249000,HP:0001539,Omphalocele,,,IEA,OMIM:249000,v2026-09-01
MONDO:0009571,OMIM:249000,HP:0000204,Cleft upper lip,0/3,,PCS,PMID:35360848,v2026-09-01
MONDO:0009571,OMIM:249000,HP:0000369,Low-set ears,,,IEA,OMIM:249000,v2026-09-01
MONDO:0009571,OMIM:249000,HP:0001671,Abnormal cardiac septum morphology,,,IEA,OMIM:249000,v2026-09-01
MONDO:0009571,OMIM:249000,HP:0002323,Anencephaly,,,IEA,OMIM:249000,v2026-09-01
MONDO:0009571,OMIM:249000,HP:0000340,Sloping forehead,,,IEA,OMIM:249000,v2026-09-01
MONDO:0009571,OMIM:249000,HP:0002089,Pulmonary hypoplasia,,,IEA,OMIM:249000,v2026-09-01
MONDO:0009571,OMIM:249000,HP:0001195,Single umbilical artery,,,IEA,OMIM:249000,v2026-09-01
MONDO:0009571,OMIM:249000,HP:0000061,"Ambiguous genitalia, female",,,IEA,OMIM:249000,v2026-09-01
MONDO:0009571,OMIM:249000,HP:0001274,Agenesis of corpus callosum,4/4,,PCS,PMID:27377014;PMID:35360848,v2026-09-01
MONDO:0009571,OMIM:249000,HP:0002085,Occipital encephalocele,9/9,,PCS,PMID:35360848;PMID:17377820,v2026-09-01
MONDO:0009571,OMIM:249000,HP:0000180,Lobulated tongue,,,IEA,OMIM:249000,v2026-09-01
MONDO:0009571,OMIM:249000,HP:0001829,Foot polydactyly,,,IEA,OMIM:249000,v2026-09-01
MONDO:0009571,OMIM:249000,HP:0001746,Asplenia,,,IEA,OMIM:249000,v2026-09-01
MONDO:0009571,OMIM:249000,HP:0000337,Broad forehead,1/1,,PCS,PMID:27377014,v2026-09-01
MONDO:0009571,OMIM:249000,HP:0001305,Dandy-Walker malformation,,,IEA,OMIM:249000,v2026-09-01
MONDO:0009571,OMIM:249000,HP:0000612,Iris coloboma,,,IEA,OMIM:249000,v2026-09-01
MONDO:0009571,OMIM:249000,HP:0000219,Thin upper lip vermilion,1/1,,PCS,PMID:27377014,v2026-09-01
MONDO:0009571,OMIM:249000,HP:0002119,Ventriculomegaly,1/1,,PCS,PMID:27377014,v2026-09-01
MONDO:0009571,OMIM:249000,HP:0001747,Accessory spleen,,,IEA,OMIM:249000,v2026-09-01
MONDO:0009571,OMIM:249000,HP:0030084,Clinodactyly,,,TAS,OMIM:249000,v2026-09-01
MONDO:0009571,OMIM:249000,HP:0000537,Epicanthus inversus,1/1,,PCS,PMID:27377014,v2026-09-01
MONDO:0009571,OMIM:249000,HP:0001623,Breech presentation,,,IEA,OMIM:249000,v2026-09-01
MONDO:0009571,OMIM:249000,HP:0001744,Splenomegaly,,,IEA,OMIM:249000,v2026-09-01
MONDO:0009571,OMIM:249000,HP:0000033,"Ambiguous genitalia, male",,,IEA,OMIM:249000,v2026-09-01
MONDO:0009571,OMIM:249000,HP:0008936,Axial hypotonia,1/1,,PCS,PMID:27377014,v2026-09-01
MONDO:0009571,OMIM:249000,HP:0001562,Oligohydramnios,,,IEA,OMIM:249000,v2026-09-01
MONDO:0009571,OMIM:249000,HP:0000154,Wide mouth,,,IEA,OMIM:249000,v2026-09-01
MONDO:0009571,OMIM:249000,HP:0001883,Talipes,,,IEA,OMIM:249000,v2026-09-01
MONDO:0009571,OMIM:249000,HP:0001321,Cerebellar hypoplasia,,,IEA,OMIM:249000,v2026-09-01
MONDO:0009571,OMIM:249000,HP:0031936,Delayed ability to walk,1/1,,PCS,PMID:27377014,v2026-09-01
MONDO:0009571,OMIM:249000,HP:0001162,Postaxial hand polydactyly,4/6,,PCS,PMID:17377820;PMID:33193692,v2026-09-01
MONDO:0009571,OMIM:249000,HP:0001680,Coarctation of aorta,,,IEA,OMIM:249000,v2026-09-01
MONDO:0009571,OMIM:249000,HP:0000470,Short neck,,,IEA,OMIM:249000,v2026-09-01
MONDO:0009571,OMIM:249000,HP:0000508,Ptosis,1/1,,PCS,PMID:27377014,v2026-09-01
MONDO:0009571,OMIM:249000,HP:0006563,Malformation of the hepatic ductal plate,1/1,,PCS,PMID:17377820,v2026-09-01
MONDO:0009571,OMIM:249000,HP:0006487,Bowing of the long bones,,,IEA,OMIM:249000,v2026-09-01
MONDO:0009571,OMIM:249000,HP:0001511,Intrauterine growth retardation,,,IEA,OMIM:249000,v2026-09-01
MONDO:0009571,OMIM:249000,HP:0001830,Postaxial foot polydactyly,5/5,,PCS,PMID:17377820,v2026-09-01
MONDO:0009571,OMIM:249000,HP:0001159,Syndactyly,,,IEA,OMIM:249000,v2026-09-01
MONDO:0009571,OMIM:249000,HP:0000069,Abnormality of the ureter,,,IEA,OMIM:249000,v2026-09-01
MONDO:0009571,OMIM:249000,HP:0000465,Webbed neck,,,IEA,OMIM:249000,v2026-09-01
MONDO:0009571,OMIM:249000,HP:0000028,Cryptorchidism,,,IEA,OMIM:249000,v2026-09-01
MONDO:0009571,OMIM:249000,HP:0002566,Intestinal malrotation,,,IEA,OMIM:249000,v2026-09-01
MONDO:0009571,OMIM:249000,HP:0000347,Micrognathia,,,IEA,OMIM:249000,v2026-09-01
MONDO:0009571,OMIM:249000,HP:0000104,Renal agenesis,,,IEA,OMIM:249000,v2026-09-01
MONDO:0009260,OMIM:230500,HP:0003510,Severe short stature,,,IEA,OMIM:230500,v2026-09-01
MONDO:0009260,OMIM:230500,HP:0001276,Hypertonia,3/111,,PCS,PMID:18524657,v2026-09-01
MONDO:0009260,OMIM:230500,HP:0000023,Inguinal hernia,,,IEA,OMIM:230500,v2026-09-01
MONDO:0009260,OMIM:230500,HP:0001250,Seizure,10/115,,PCS,PMID:18524657,v2026-09-01
MONDO:0009260,OMIM:230500,HP:0001252,Hypotonia,111/115,,PCS,PMID:18524657;PMID:22234367,v2026-09-01
MONDO:0009260,OMIM:230500,HP:0010729,Cherry red spot of the macula,50/84,,PCS,PMID:18524657,v2026-09-01
MONDO:0009260,OMIM:230500,HP:0002240,Hepatomegaly,104/122,,PCS,PMID:18524657,v2026-09-01
MONDO:0009260,OMIM:230500,HP:0000280,Coarse facial features,4/4,,IEA,OMIM:230500,v2026-09-01
MONDO:0009260,OMIM:230500,HP:0001071,Angiokeratoma corporis diffusum,,,IEA,OMIM:230500,v2026-09-01
MONDO:0009260,OMIM:230500,HP:0000316,Hypertelorism,,,IEA,OMIM:230500,v2026-09-01
MONDO:0009260,OMIM:230500,HP:0000998,Hypertrichosis,,,IEA,OMIM:230500,v2026-09-01
MONDO:0009260,OMIM:230500,HP:0001922,Vacuolated lymphocytes,,,PCS,PMID:18524657,v2026-09-01
MONDO:0009260,OMIM:230500,HP:0001789,Hydrops fetalis,8/130,,PCS,PMID:18524657,v2026-09-01
MONDO:0009260,OMIM:230500,HP:0008479,Hypoplastic vertebral bodies,,,IEA,OMIM:230500,v2026-09-01
MONDO:0009260,OMIM:230500,HP:0000212,Gingival overgrowth,,,IEA,OMIM:230500,v2026-09-01
MONDO:0009260,OMIM:230500,HP:0000457,Depressed nasal ridge,,,IEA,OMIM:230500,v2026-09-01
MONDO:0009260,OMIM:230500,HP:0001249,Intellectual disability,119/119,,PCS,PMID:18524657;PMID:22234367,v2026-09-01
MONDO:0009260,OMIM:230500,HP:0001744,Splenomegaly,104/122,,PCS,PMID:18524657,v2026-09-01
MONDO:0009260,OMIM:230500,HP:0001644,Dilated cardiomyopathy,,,IEA,OMIM:230500,v2026-09-01
MONDO:0009260,OMIM:230500,HP:0000079,Abnormality of the urinary system,,,IEA,OMIM:230500,v2026-09-01
MONDO:0009260,OMIM:230500,HP:0002650,Scoliosis,,,IEA,OMIM:230500,v2026-09-01
MONDO:0009260,OMIM:230500,HP:0001387,Joint stiffness,,,IEA,OMIM:230500,v2026-09-01
MONDO:0009260,OMIM:230500,HP:0001263,Global developmental delay,119/119,,PCS,PMID:18524657;PMID:22234367,v2026-09-01
MONDO:0009260,OMIM:230500,HP:0000470,Short neck,,,IEA,OMIM:230500,v2026-09-01
MONDO:0009260,OMIM:230500,HP:0001639,Hypertrophic cardiomyopathy,,,IEA,OMIM:230500,v2026-09-01
MONDO:0009260,OMIM:230500,HP:0002808,Kyphosis,,,IEA,OMIM:230500,v2026-09-01
MONDO:0009260,OMIM:230500,HP:0008166,Decreased beta-galactosidase activity,,,IEA,OMIM:230500,v2026-09-01
MONDO:0009260,OMIM:230500,HP:0000943,Dysostosis multiplex,4/4,,PCS,PMID:22234367,v2026-09-01
MONDO:0009260,OMIM:230500,HP:0001635,Congestive heart failure,,,IEA,OMIM:230500,v2026-09-01
MONDO:0009260,OMIM:230500,HP:0007313,Cerebral degeneration,,,IEA,OMIM:230500,v2026-09-01
MONDO:0009260,OMIM:230500,HP:0000900,Thickened ribs,,,TAS,OMIM:230500,v2026-09-01
MONDO:0009260,OMIM:230500,HP:0001654,Abnormal heart valve morphology,,,IEA,OMIM:230500,v2026-09-01
MONDO:0009260,OMIM:230500,HP:0002007,Frontal bossing,,,IEA,OMIM:230500,v2026-09-01
MONDO:0009260,OMIM:230500,HP:0001511,Intrauterine growth retardation,2/130,HP:0011461,PCS,PMID:18524657,v2026-09-01
MONDO:0009260,OMIM:230500,HP:0004568,Beaking of vertebral bodies,,,IEA,OMIM:230500,v2026-09-01
