hpo_id,hpo_label,parents,annotated_disease_count,corpus_disease_count,information_content,hpo_release_tag
HP:0000001,All,,12867,12867,-0.000000,v2026-09-01
HP:0000002,Abnormality of body height,HP:0001507,2438,12867,1.663488,v2026-09-01
HP:0000003,Multicystic kidney dysplasia,HP:0000107,82,12867,5.055702,v2026-09-01
HP:0000008,Abnormal morphology of female internal genitalia,HP:0000812; HP:0010460,482,12867,3.284477,v2026-09-01
HP:0000009,Functional abnormality of the bladder,HP:0000014,568,12867,3.120300,v2026-09-01
HP:0000014,Abnormality of the bladder,HP:0010936,645,12867,2.993171,v2026-09-01
HP:0000020,Urinary incontinence,HP:0000009; HP:0031064,183,12867,4.252935,v2026-09-01
HP:0000023,Inguinal hernia,HP:0004299,432,12867,3.393996,v2026-09-01
HP:0000028,Cryptorchidism,HP:0000035,1012,12867,2.542737,v2026-09-01
HP:0000029,Testicular atrophy,HP:0000035,22,12867,6.371379,v2026-09-01
HP:0000032,Abnormal male external genitalia morphology,HP:0000811; HP:0010461,1576,12867,2.099776,v2026-09-01
HP:0000033,"Ambiguous genitalia, male",HP:0000032; HP:0000062,18,12867,6.572049,v2026-09-01
HP:0000035,Abnormal testis morphology,HP:0000032,1255,12867,2.327530,v2026-09-01
HP:0000036,Abnormal penis morphology,HP:0000032,819,12867,2.754337,v2026-09-01
HP:0000041,Chordee,HP:6000085,30,12867,6.061224,v2026-09-01
HP:0000044,Hypogonadotropic hypogonadism,HP:0000135,116,12867,4.708831,v2026-09-01
HP:0000045,Abnormal scrotum morphology,HP:0000032,198,12867,4.174154,v2026-09-01
HP:0000046,Small scrotum,HP:0000045; HP:0000050,81,12867,5.067972,v2026-09-01
HP:0000047,Hypospadias,HP:0100627,462,12867,3.326856,v2026-09-01
HP:0000049,Shawl scrotum,HP:0000045,44,12867,5.678232,v2026-09-01
HP:0000050,Hypoplastic male external genitalia,HP:0000032; HP:0003241,572,12867,3.113282,v2026-09-01
HP:0000054,Micropenis,HP:0008736,337,12867,3.642338,v2026-09-01
HP:0000055,Abnormal female external genitalia morphology,HP:0000811; HP:0010460,192,12867,4.204926,v2026-09-01
HP:0000056,Abnormal clitoris morphology,HP:0000055,103,12867,4.827692,v2026-09-01
HP:0000058,Abnormal labia morphology,HP:0000055,101,12867,4.847301,v2026-09-01
HP:0000060,Clitoral hypoplasia,HP:0012815; HP:0040255,24,12867,6.284367,v2026-09-01
HP:0000061,"Ambiguous genitalia, female",HP:0000055; HP:0000062,14,12867,6.823364,v2026-09-01
HP:0000062,Ambiguous genitalia,HP:0000811,138,12867,4.535167,v2026-09-01
HP:0000064,Hypoplastic labia minora,HP:0000066; HP:0012880,23,12867,6.326927,v2026-09-01
HP:0000066,Labial hypoplasia,HP:0000058; HP:0012815,74,12867,5.158356,v2026-09-01
HP:0000069,Abnormality of the ureter,HP:0010935,362,12867,3.570777,v2026-09-01
HP:0000073,Ureteral duplication,HP:0025633,40,12867,5.773542,v2026-09-01
HP:0000077,Abnormality of the kidney,HP:0010935,1940,12867,1.891978,v2026-09-01
HP:0000078,Abnormality of the genital system,HP:0000119,2528,12867,1.627237,v2026-09-01
HP:0000079,Abnormality of the urinary system,HP:0000119,3179,12867,1.398099,v2026-09-01
HP:0000080,Abnormality of reproductive system physiology,HP:0000078,938,12867,2.618671,v2026-09-01
HP:0000083,Renal insufficiency,HP:0012211,531,12867,3.187659,v2026-09-01
HP:0000090,Nephronophthisis,HP:0100957,46,12867,5.633780,v2026-09-01
HP:0000091,Abnormal renal tubule morphology,HP:0012575,109,12867,4.771073,v2026-09-01
HP:0000092,Renal tubular atrophy,HP:0032599,29,12867,6.095125,v2026-09-01
HP:0000093,Proteinuria,HP:0020129,289,12867,3.795994,v2026-09-01
HP:0000098,Tall stature,HP:0000002,239,12867,3.985958,v2026-09-01
HP:0000103,Polyuria,HP:0012590,47,12867,5.612274,v2026-09-01
HP:0000104,Renal agenesis,HP:0008678,200,12867,4.164104,v2026-09-01
HP:0000107,Renal cyst,HP:0012210,317,12867,3.703519,v2026-09-01
HP:0000108,Renal corticomedullary cysts,HP:0000107; HP:0011035; HP:0100957,11,12867,7.064526,v2026-09-01
HP:0000112,Nephropathy,HP:0012211,70,12867,5.213926,v2026-09-01
HP:0000113,Polycystic kidney dysplasia,HP:0000107,63,12867,5.319286,v2026-09-01
HP:0000118,Phenotypic abnormality,HP:0000001,12867,12867,-0.000000,v2026-09-01
HP:0000119,Abnormality of the genitourinary system,HP:0000118,4539,12867,1.041959,v2026-09-01
HP:0000122,Unilateral renal agenesis,HP:0000104,108,12867,4.780290,v2026-09-01
HP:0000123,Nephritis,HP:0012211; HP:0012649,131,12867,4.587224,v2026-09-01
HP:0000124,Renal tubular dysfunction,HP:0012211,117,12867,4.700247,v2026-09-01
HP:0000126,Hydronephrosis,HP:0010946,328,12867,3.669408,v2026-09-01
HP:0000130,Abnormality of the uterus,HP:0000008,227,12867,4.037471,v2026-09-01
HP:0000135,Hypogonadism,HP:0000080; HP:0008373,362,12867,3.570777,v2026-09-01
HP:0000137,Abnormality of the ovary,HP:0000008,197,12867,4.179217,v2026-09-01
HP:0000140,Abnormality of the menstrual cycle,HP:0030012,342,12867,3.627610,v2026-09-01
HP:0000141,Amenorrhea,HP:0000140,203,12867,4.149215,v2026-09-01
HP:0000142,Abnormal vagina morphology,HP:0000008,154,12867,4.425469,v2026-09-01
HP:0000144,Decreased fertility,HP:0000080,316,12867,3.706679,v2026-09-01
HP:0000148,Vaginal atresia,HP:0000142; HP:0001827,21,12867,6.417899,v2026-09-01
HP:0000152,Abnormality of head or neck,HP:0000118,6686,12867,0.654650,v2026-09-01
HP:0000153,Abnormality of the mouth,HP:0000271,4114,12867,1.140270,v2026-09-01
HP:0000154,Wide mouth,HP:0011337,302,12867,3.751994,v2026-09-01
HP:0000157,Abnormality of the tongue,HP:0000153,537,12867,3.176423,v2026-09-01
HP:0000158,Macroglossia,HP:0003712; HP:0030809,182,12867,4.258414,v2026-09-01
HP:0000159,Abnormal lip morphology,HP:0000163,1905,12867,1.910184,v2026-09-01
HP:0000160,Narrow mouth,HP:0011337,351,12867,3.601635,v2026-09-01
HP:0000163,Abnormal oral cavity morphology,HP:0031816,3435,12867,1.320649,v2026-09-01
HP:0000164,Abnormality of the dentition,HP:0000153,1434,12867,2.194198,v2026-09-01
HP:0000168,Abnormal gingiva morphology,HP:0011830,268,12867,3.871434,v2026-09-01
HP:0000174,Abnormal palate morphology,HP:0000163,1864,12867,1.931941,v2026-09-01
HP:0000175,Cleft palate,HP:0000174; HP:0000202,901,12867,2.658916,v2026-09-01
HP:0000177,Abnormal upper lip morphology,HP:0000159,1526,12867,2.132016,v2026-09-01
HP:0000178,Abnormal lower lip morphology,HP:0000159,331,12867,3.660303,v2026-09-01
HP:0000179,Thick lower lip vermilion,HP:0000178; HP:0012471,152,12867,4.438541,v2026-09-01
HP:0000180,Lobulated tongue,HP:0030809,18,12867,6.572049,v2026-09-01
HP:0000189,Narrow palate,HP:0000174,255,12867,3.921158,v2026-09-01
HP:0000194,Open mouth,HP:0011338,155,12867,4.418996,v2026-09-01
HP:0000202,Orofacial cleft,HP:0000163; HP:5201015,981,12867,2.573849,v2026-09-01
HP:0000204,Cleft upper lip,HP:0000177; HP:0410030,267,12867,3.875173,v2026-09-01
HP:0000207,Triangular mouth,HP:0011338,24,12867,6.284367,v2026-09-01
HP:0000211,Trismus,HP:0000277,28,12867,6.130217,v2026-09-01
HP:0000212,Gingival overgrowth,HP:0000168,141,12867,4.513661,v2026-09-01
HP:0000218,High palate,HP:0000174,1080,12867,2.477705,v2026-09-01
HP:0000219,Thin upper lip vermilion,HP:0000233; HP:0011339,415,12867,3.434143,v2026-09-01
HP:0000230,Gingivitis,HP:0000168; HP:5210280,40,12867,5.773542,v2026-09-01
HP:0000233,Thin vermilion border,HP:0000159,576,12867,3.106314,v2026-09-01
HP:0000234,Abnormality of the head,HP:0000152,6580,12867,0.670631,v2026-09-01
HP:0000235,Abnormal cranial suture/fontanelle morphology,HP:0000929,707,12867,2.901391,v2026-09-01
HP:0000236,Abnormal anterior fontanelle morphology,HP:0011328,176,12867,4.291937,v2026-09-01
HP:0000238,Hydrocephalus,HP:0002118; HP:0002921,493,12867,3.261912,v2026-09-01
HP:0000239,Large fontanelles,HP:0011328,231,12867,4.020003,v2026-09-01
HP:0000240,Abnormality of skull size,HP:0000929,2518,12867,1.631201,v2026-09-01
HP:0000242,Parietal bossing,HP:0002696,15,12867,6.754371,v2026-09-01
HP:0000252,Microcephaly,HP:0007364; HP:0040195,1982,12867,1.870559,v2026-09-01
HP:0000256,Macrocephaly,HP:0040194,663,12867,2.965646,v2026-09-01
HP:0000260,Wide anterior fontanel,HP:0000236; HP:0000239,121,12867,4.666631,v2026-09-01
HP:0000268,Dolichocephaly,HP:0002683,266,12867,3.878925,v2026-09-01
HP:0000270,Delayed cranial suture closure,HP:0011329,111,12867,4.752891,v2026-09-01
HP:0000271,Abnormality of the face,HP:0000234,5814,12867,0.794397,v2026-09-01
HP:0000277,Abnormal mandible morphology,HP:0030791,1730,12867,2.006544,v2026-09-01
HP:0000280,Coarse facial features,HP:0001999,340,12867,3.633476,v2026-09-01
HP:0000282,Facial edema,HP:0000969; HP:0011799,125,12867,4.634107,v2026-09-01
HP:0000286,Epicanthus,HP:0000492,846,12867,2.721902,v2026-09-01
HP:0000288,Abnormality of the philtrum,HP:0000177,1085,12867,2.473086,v2026-09-01
HP:0000289,Broad philtrum,HP:0000288,41,12867,5.748849,v2026-09-01
HP:0000290,Abnormal forehead morphology,HP:0000271,1706,12867,2.020514,v2026-09-01
HP:0000293,Full cheeks,HP:0004426,198,12867,4.174154,v2026-09-01
HP:0000303,Mandibular prognathia,HP:0000277; HP:0000306,337,12867,3.642338,v2026-09-01
HP:0000306,Abnormality of the chin,HP:0000271,592,12867,3.078915,v2026-09-01
HP:0000307,Pointed chin,HP:0000306,158,12867,4.399826,v2026-09-01
HP:0000309,Abnormal midface morphology,HP:0000271,1020,12867,2.534863,v2026-09-01
HP:0000311,Round face,HP:0001999,164,12867,4.362555,v2026-09-01
HP:0000315,Abnormality of the orbital region,HP:0000271,2736,12867,1.548169,v2026-09-01
HP:0000316,Hypertelorism,HP:0100886,1286,12867,2.303129,v2026-09-01
HP:0000319,Smooth philtrum,HP:0000288,289,12867,3.795994,v2026-09-01
HP:0000325,Triangular face,HP:0001999,239,12867,3.985958,v2026-09-01
HP:0000326,Abnormal maxilla morphology,HP:0030791,198,12867,4.174154,v2026-09-01
HP:0000327,Hypoplasia of the maxilla,HP:0000326,150,12867,4.451786,v2026-09-01
HP:0000337,Broad forehead,HP:0000290,261,12867,3.897901,v2026-09-01
HP:0000340,Sloping forehead,HP:0000290,155,12867,4.418996,v2026-09-01
HP:0000341,Narrow forehead,HP:0000290,250,12867,3.940960,v2026-09-01
HP:0000343,Long philtrum,HP:0000288,579,12867,3.101119,v2026-09-01
HP:0000347,Micrognathia,HP:0009118,1230,12867,2.347652,v2026-09-01
HP:0000349,Widow's peak,HP:0009890,34,12867,5.936061,v2026-09-01
HP:0000356,Abnormality of the outer ear,HP:0031703,2079,12867,1.822779,v2026-09-01
HP:0000357,Abnormal location of ears,HP:0000377,1354,12867,2.251603,v2026-09-01
HP:0000358,Posteriorly rotated ears,HP:0000357,590,12867,3.082299,v2026-09-01
HP:0000359,Abnormality of the inner ear,HP:0031703,81,12867,5.067972,v2026-09-01
HP:0000363,Abnormal earlobe morphology,HP:0000377,179,12867,4.275035,v2026-09-01
HP:0000364,Hearing abnormality,HP:0031704,2166,12867,1.781784,v2026-09-01
HP:0000365,Hearing impairment,HP:0000364,2104,12867,1.810826,v2026-09-01
HP:0000366,Abnormality of the nose,HP:0000271,2892,12867,1.492718,v2026-09-01
HP:0000369,Low-set ears,HP:0000357,1064,12867,2.492631,v2026-09-01
HP:0000370,Abnormality of the middle ear,HP:0031703,659,12867,2.971698,v2026-09-01
HP:0000377,Abnormal pinna morphology,HP:0000356,2022,12867,1.850579,v2026-09-01
HP:0000383,Abnormal periauricular region morphology,HP:0004426,188,12867,4.225979,v2026-09-01
HP:0000384,Preauricular skin tag,HP:0000383; HP:0010609,116,12867,4.708831,v2026-09-01
HP:0000388,Otitis media,HP:0008609; HP:0012649,360,12867,3.576317,v2026-09-01
HP:0000391,Thickened helices,HP:0011039,48,12867,5.591220,v2026-09-01
HP:0000407,Sensorineural hearing impairment,HP:0000365; HP:0011389,1092,12867,2.466655,v2026-09-01
HP:0000408,Progressive sensorineural hearing impairment,HP:0000407; HP:0001730,48,12867,5.591220,v2026-09-01
HP:0000411,Protruding ear,HP:0000377,251,12867,3.936968,v2026-09-01
HP:0000414,Bulbous nose,HP:0000436,280,12867,3.827632,v2026-09-01
HP:0000421,Epistaxis,HP:0000366; HP:0001892,146,12867,4.478815,v2026-09-01
HP:0000422,Abnormal nasal bridge morphology,HP:0005105,1505,12867,2.145873,v2026-09-01
HP:0000429,Abnormal morphology of the nasal alae,HP:0010938,819,12867,2.754337,v2026-09-01
HP:0000431,Wide nasal bridge,HP:0000422,675,12867,2.947708,v2026-09-01
HP:0000436,Abnormal nasal tip morphology,HP:0010938,552,12867,3.148873,v2026-09-01
HP:0000446,Narrow nasal bridge,HP:0000422,47,12867,5.612274,v2026-09-01
HP:0000457,Depressed nasal ridge,HP:0011119,100,12867,4.857251,v2026-09-01
HP:0000463,Anteverted nares,HP:0000429; HP:0005288,634,12867,3.010372,v2026-09-01
HP:0000464,Abnormality of the neck,HP:0000152,1043,12867,2.512565,v2026-09-01
HP:0000465,Webbed neck,HP:0025668,159,12867,4.393517,v2026-09-01
HP:0000470,Short neck,HP:0003319; HP:0025668,564,12867,3.127367,v2026-09-01
HP:0000476,Cystic hygroma,HP:0025668,57,12867,5.419370,v2026-09-01
HP:0000478,Abnormality of the eye,HP:0000118,5925,12867,0.775485,v2026-09-01
HP:0000479,Abnormal retinal morphology,HP:0001098,1273,12867,2.313290,v2026-09-01
HP:0000480,Retinal coloboma,HP:0000479; HP:0000589,42,12867,5.724752,v2026-09-01
HP:0000481,Abnormal cornea morphology,HP:0004328,900,12867,2.660026,v2026-09-01
HP:0000483,Astigmatism,HP:0000539; HP:0100691,232,12867,4.015684,v2026-09-01
HP:0000486,Strabismus,HP:0000549,1455,12867,2.179660,v2026-09-01
HP:0000490,Deeply set eye,HP:0100886,404,12867,3.461006,v2026-09-01
HP:0000492,Abnormal eyelid morphology,HP:0030669,2228,12867,1.753562,v2026-09-01
HP:0000494,Downslanted palpebral fissures,HP:0200006,723,12867,2.879012,v2026-09-01
HP:0000496,Abnormality of eye movement,HP:0012373,2581,12867,1.606489,v2026-09-01
HP:0000501,Glaucoma,HP:0012373,303,12867,3.748688,v2026-09-01
HP:0000502,Abnormal conjunctiva morphology,HP:0030669,260,12867,3.901740,v2026-09-01
HP:0000504,Abnormality of vision,HP:0012373,1793,12867,1.970776,v2026-09-01
HP:0000505,Visual impairment,HP:0000504,1469,12867,2.170084,v2026-09-01
HP:0000508,Ptosis,HP:0012373,927,12867,2.630468,v2026-09-01
HP:0000510,Rod-cone dystrophy,HP:0000556,229,12867,4.028699,v2026-09-01
HP:0000511,Vertical supranuclear gaze palsy,HP:0000605,44,12867,5.678232,v2026-09-01
HP:0000517,Abnormal lens morphology,HP:0004328,972,12867,2.583065,v2026-09-01
HP:0000518,Cataract,HP:0000517,925,12867,2.632627,v2026-09-01
HP:0000523,Subcapsular cataract,HP:0000518,68,12867,5.242913,v2026-09-01
HP:0000524,Conjunctival telangiectasia,HP:0008054; HP:0100579,19,12867,6.517982,v2026-09-01
HP:0000525,Abnormality iris morphology,HP:0000553; HP:0004328,486,12867,3.276213,v2026-09-01
HP:0000529,Progressive visual loss,HP:0000572,100,12867,4.857251,v2026-09-01
HP:0000532,Abnormal chorioretinal morphology,HP:0000479; HP:0000610,177,12867,4.286271,v2026-09-01
HP:0000534,Abnormal eyebrow morphology,HP:0001595; HP:0030669,983,12867,2.571812,v2026-09-01
HP:0000537,Epicanthus inversus,HP:0000286,21,12867,6.417899,v2026-09-01
HP:0000539,Abnormality of refraction,HP:0012373,925,12867,2.632627,v2026-09-01
HP:0000540,Hypermetropia,HP:0000539,314,12867,3.713028,v2026-09-01
HP:0000543,Optic disc pallor,HP:0012795,219,12867,4.073349,v2026-09-01
HP:0000545,Myopia,HP:0000539,618,12867,3.035933,v2026-09-01
HP:0000546,Retinal degeneration,HP:0000479,267,12867,3.875173,v2026-09-01
HP:0000548,Cone/cone-rod dystrophy,HP:0000556,44,12867,5.678232,v2026-09-01
HP:0000549,Abnormal conjugate eye movement,HP:0000496,1516,12867,2.138591,v2026-09-01
HP:0000553,Abnormal uvea morphology,HP:0012372,687,12867,2.930087,v2026-09-01
HP:0000556,Retinal dystrophy,HP:0000479,388,12867,3.501416,v2026-09-01
HP:0000565,Esotropia,HP:0020045; HP:0032012,213,12867,4.101129,v2026-09-01
HP:0000567,Chorioretinal coloboma,HP:0000532; HP:0000589,73,12867,5.171962,v2026-09-01
HP:0000568,Microphthalmia,HP:0008056; HP:0100887,417,12867,3.429335,v2026-09-01
HP:0000570,Abnormal saccadic eye movements,HP:0000496,133,12867,4.572072,v2026-09-01
HP:0000572,Visual loss,HP:0000505,251,12867,3.936968,v2026-09-01
HP:0000580,Pigmentary retinopathy,HP:0007703,208,12867,4.124883,v2026-09-01
HP:0000582,Upslanted palpebral fissure,HP:0200006,438,12867,3.380202,v2026-09-01
HP:0000587,Abnormal optic nerve morphology,HP:0001098,1074,12867,2.483276,v2026-09-01
HP:0000588,Optic disc coloboma,HP:0000589; HP:0012795,47,12867,5.612274,v2026-09-01
HP:0000589,Coloboma,HP:0012372,335,12867,3.648291,v2026-09-01
HP:0000597,Ophthalmoparesis,HP:0000496,273,12867,3.852949,v2026-09-01
HP:0000598,Abnormality of the ear,HP:0000118,3823,12867,1.213630,v2026-09-01
HP:0000599,Abnormality of the frontal hairline,HP:0000290; HP:0009553,260,12867,3.901740,v2026-09-01
HP:0000600,Abnormality of the pharynx,HP:0002087,293,12867,3.782249,v2026-09-01
HP:0000601,Hypotelorism,HP:0100886,176,12867,4.291937,v2026-09-01
HP:0000602,Ophthalmoplegia,HP:0000597,219,12867,4.073349,v2026-09-01
HP:0000605,Supranuclear gaze palsy,HP:0000549,75,12867,5.144933,v2026-09-01
HP:0000608,Macular degeneration,HP:0000546; HP:0001103,120,12867,4.674929,v2026-09-01
HP:0000610,Abnormal choroid morphology,HP:0000553; HP:0001098,212,12867,4.105835,v2026-09-01
HP:0000612,Iris coloboma,HP:0000525; HP:0000589,179,12867,4.275035,v2026-09-01
HP:0000613,Photophobia,HP:0000504; HP:5200058,290,12867,3.792540,v2026-09-01
HP:0000617,Abnormality of ocular smooth pursuit,HP:0000496,115,12867,4.717489,v2026-09-01
HP:0000618,Blindness,HP:0007663,203,12867,4.149215,v2026-09-01
HP:0000630,Abnormal retinal arterial/arteriolar morphology,HP:0008046; HP:0011004; HP:3000036,61,12867,5.351547,v2026-09-01
HP:0000635,Blue irides,HP:0008034,35,12867,5.907073,v2026-09-01
HP:0000639,Nystagmus,HP:0012547,1299,12867,2.293071,v2026-09-01
HP:0000648,Optic atrophy,HP:0012795,637,12867,3.005652,v2026-09-01
HP:0000649,Abnormality of visual evoked potentials,HP:0030453; HP:0430106,79,12867,5.092973,v2026-09-01
HP:0000657,Oculomotor apraxia,HP:0000496; HP:0002186,120,12867,4.674929,v2026-09-01
HP:0000662,Nyctalopia,HP:0000504,228,12867,4.033076,v2026-09-01
HP:0000668,Hypodontia,HP:0001592,171,12867,4.320758,v2026-09-01
HP:0000670,Carious teeth,HP:0011061,183,12867,4.252935,v2026-09-01
HP:0000678,Dental crowding,HP:0000692,173,12867,4.309130,v2026-09-01
HP:0000682,Abnormal dental enamel morphology,HP:0011061; HP:3000050,232,12867,4.015684,v2026-09-01
HP:0000683,Grayish enamel,HP:0000682; HP:0011073,5,12867,7.852983,v2026-09-01
HP:0000687,Widely spaced teeth,HP:0000692,152,12867,4.438541,v2026-09-01
HP:0000689,Dental malocclusion,HP:0000692,168,12867,4.338457,v2026-09-01
HP:0000692,Tooth malposition,HP:0006482,558,12867,3.138062,v2026-09-01
HP:0000695,Natal tooth,HP:0006288,52,12867,5.511177,v2026-09-01
HP:0000707,Abnormality of the nervous system,HP:0000118,8457,12867,0.419671,v2026-09-01
HP:0000708,Atypical behavior,HP:0011446,2065,12867,1.829536,v2026-09-01
HP:0000709,Psychosis,HP:5200430,134,12867,4.564581,v2026-09-01
HP:0000712,Emotional lability,HP:0020007; HP:0031466,128,12867,4.610391,v2026-09-01
HP:0000716,Depression,HP:0000745; HP:0100851,335,12867,3.648291,v2026-09-01
HP:0000717,Autism,HP:0000729,215,12867,4.091783,v2026-09-01
HP:0000718,Aggressive behavior,HP:0000734,384,12867,3.511779,v2026-09-01
HP:0000726,Dementia,HP:0001268,268,12867,3.871434,v2026-09-01
HP:0000729,Autistic behavior,HP:0025783,673,12867,2.950676,v2026-09-01
HP:0000734,Disinhibition,HP:5200241; HP:5200263,857,12867,2.708983,v2026-09-01
HP:0000736,Short attention span,HP:5200044,476,12867,3.297003,v2026-09-01
HP:0000737,Irritability,HP:0031467,271,12867,3.860302,v2026-09-01
HP:0000738,Hallucinations,HP:5200423,127,12867,4.618234,v2026-09-01
HP:0000741,Apathy,HP:0000745,77,12867,5.118616,v2026-09-01
HP:0000742,Self-mutilation,HP:0100716,64,12867,5.303538,v2026-09-01
HP:0000745,Abnormal diminished volition,HP:0025780,581,12867,3.097670,v2026-09-01
HP:0000746,Delusion,HP:0025779; HP:5200401,31,12867,6.028434,v2026-09-01
HP:0000750,Delayed speech and language development,HP:0002167; HP:0002463; HP:0012758,1512,12867,2.141233,v2026-09-01
HP:0000752,Hyperactivity,HP:0000734,615,12867,3.040799,v2026-09-01
HP:0000759,Abnormal peripheral nervous system morphology,HP:0012639,574,12867,3.109792,v2026-09-01
HP:0000762,Decreased nerve conduction velocity,HP:0040129,170,12867,4.326623,v2026-09-01
HP:0000765,Abnormal thorax morphology,HP:0009121,1490,12867,2.155890,v2026-09-01
HP:0000766,Abnormal sternum morphology,HP:0000765,694,12867,2.919949,v2026-09-01
HP:0000767,Pectus excavatum,HP:0000766,467,12867,3.316092,v2026-09-01
HP:0000768,Pectus carinatum,HP:0000766,246,12867,3.957090,v2026-09-01
HP:0000769,Abnormality of the breast,HP:0000118,570,12867,3.116785,v2026-09-01
HP:0000771,Gynecomastia,HP:0031093,103,12867,4.827692,v2026-09-01
HP:0000772,Abnormal rib morphology,HP:0001547,470,12867,3.309688,v2026-09-01
HP:0000782,Abnormal scapula morphology,HP:0000765,211,12867,4.110563,v2026-09-01
HP:0000786,Primary amenorrhea,HP:0000141,129,12867,4.602609,v2026-09-01
HP:0000789,Infertility,HP:0000144,272,12867,3.856619,v2026-09-01
HP:0000795,Abnormality of the urethra,HP:0010936,543,12867,3.165312,v2026-09-01
HP:0000800,Cystic renal dysplasia,HP:0000107,14,12867,6.823364,v2026-09-01
HP:0000802,Impotence,HP:0100639,45,12867,5.655759,v2026-09-01
HP:0000803,Renal cortical cysts,HP:0000107; HP:0011035,16,12867,6.689832,v2026-09-01
HP:0000811,Abnormal external genitalia morphology,HP:0012243,1667,12867,2.043640,v2026-09-01
HP:0000812,Abnormal internal genitalia,HP:0012243,551,12867,3.150686,v2026-09-01
HP:0000815,Hypergonadotropic hypogonadism,HP:0000135,78,12867,5.105712,v2026-09-01
HP:0000818,Abnormality of the endocrine system,HP:0000118,1934,12867,1.895075,v2026-09-01
HP:0000819,Diabetes mellitus,HP:0000818; HP:0001952,403,12867,3.463485,v2026-09-01
HP:0000820,Abnormality of the thyroid gland,HP:0000818,573,12867,3.111535,v2026-09-01
HP:0000821,Hypothyroidism,HP:0002926,381,12867,3.519622,v2026-09-01
HP:0000822,Hypertension,HP:0032263,432,12867,3.393996,v2026-09-01
HP:0000823,Delayed puberty,HP:0001510; HP:0008373,206,12867,4.134545,v2026-09-01
HP:0000824,Decreased response to growth hormone stimulation test,HP:0000830; HP:0031073,144,12867,4.492608,v2026-09-01
HP:0000826,Precocious puberty,HP:0100000,130,12867,4.594887,v2026-09-01
HP:0000828,Abnormality of the parathyroid gland,HP:0000818,124,12867,4.642140,v2026-09-01
HP:0000830,Anterior hypopituitarism,HP:0040075,189,12867,4.220674,v2026-09-01
HP:0000831,Insulin-resistant diabetes mellitus,HP:0000819; HP:0000855,34,12867,5.936061,v2026-09-01
HP:0000834,Abnormality of the adrenal glands,HP:0000818,232,12867,4.015684,v2026-09-01
HP:0000835,Adrenal hypoplasia,HP:0011732,39,12867,5.798860,v2026-09-01
HP:0000837,Increased circulating gonadotropin level,HP:0010514; HP:0030338,105,12867,4.808461,v2026-09-01
HP:0000842,Hyperinsulinemia,HP:0011014; HP:0040214,90,12867,4.962612,v2026-09-01
HP:0000846,Adrenal insufficiency,HP:0011733,93,12867,4.929822,v2026-09-01
HP:0000853,Goiter,HP:0011772,73,12867,5.171962,v2026-09-01
HP:0000855,Insulin resistance,HP:0011014,81,12867,5.067972,v2026-09-01
HP:0000858,Irregular menstruation,HP:0000140,36,12867,5.878902,v2026-09-01
HP:0000864,Abnormality of the hypothalamus-pituitary axis,HP:0000818,425,12867,3.410332,v2026-09-01
HP:0000873,Diabetes insipidus,HP:0000818,80,12867,5.080395,v2026-09-01
HP:0000876,Oligomenorrhea,HP:0000140,45,12867,5.655759,v2026-09-01
HP:0000884,Prominent sternum,HP:0000766,14,12867,6.823364,v2026-09-01
HP:0000900,Thickened ribs,HP:0000772,7,12867,7.516511,v2026-09-01
HP:0000904,Flaring of rib cage,HP:0000772,12,12867,6.977515,v2026-09-01
HP:0000914,Shield chest,HP:0100625,27,12867,6.166584,v2026-09-01
HP:0000915,Pectus excavatum of inferior sternum,HP:0000767,5,12867,7.852983,v2026-09-01
HP:0000917,Superior pectus carinatum,HP:0000768,3,12867,8.363809,v2026-09-01
HP:0000921,Missing ribs,HP:0006712,83,12867,5.043581,v2026-09-01
HP:0000924,Abnormality of the skeletal system,HP:0033127,6777,12867,0.641131,v2026-09-01
HP:0000925,Abnormality of the vertebral column,HP:0009121,2667,12867,1.573712,v2026-09-01
HP:0000926,Platyspondyly,HP:0003312,238,12867,3.990150,v2026-09-01
HP:0000927,Abnormality of skeletal maturation,HP:0011843,500,12867,3.247813,v2026-09-01
HP:0000929,Abnormal skull morphology,HP:0000234; HP:0009121,4224,12867,1.113883,v2026-09-01
HP:0000932,Abnormal posterior cranial fossa morphology,HP:0002693,284,12867,3.813447,v2026-09-01
HP:0000938,Osteopenia,HP:0004349,330,12867,3.663329,v2026-09-01
HP:0000939,Osteoporosis,HP:0004349,292,12867,3.785667,v2026-09-01
HP:0000940,Abnormal diaphysis morphology,HP:0002813; HP:0011314,546,12867,3.159802,v2026-09-01
HP:0000943,Dysostosis multiplex,HP:0011842,40,12867,5.773542,v2026-09-01
HP:0000944,Abnormal metaphysis morphology,HP:0002813; HP:0011314,348,12867,3.610219,v2026-09-01
HP:0000951,Abnormality of the skin,HP:0001574,3986,12867,1.171878,v2026-09-01
HP:0000952,Jaundice,HP:0001005; HP:0001396,322,12867,3.687870,v2026-09-01
HP:0000953,Hyperpigmentation of the skin,HP:0001000,448,12867,3.357628,v2026-09-01
HP:0000954,Single transverse palmar crease,HP:0010490,321,12867,3.690980,v2026-09-01
HP:0000956,Acanthosis nigricans,HP:0011368,90,12867,4.962612,v2026-09-01
HP:0000957,Cafe-au-lait spot,HP:0001034,167,12867,4.344427,v2026-09-01
HP:0000958,Dry skin,HP:0011121,218,12867,4.077926,v2026-09-01
HP:0000962,Hyperkeratosis,HP:0011368,409,12867,3.448706,v2026-09-01
HP:0000966,Hypohidrosis,HP:0007550,115,12867,4.717489,v2026-09-01
HP:0000969,Edema,HP:0011032,808,12867,2.767859,v2026-09-01
HP:0000973,Cutis laxa,HP:0008067,174,12867,4.303366,v2026-09-01
HP:0000975,Hyperhidrosis,HP:0007550,189,12867,4.220674,v2026-09-01
HP:0000978,Bruising susceptibility,HP:0001933,190,12867,4.215397,v2026-09-01
HP:0000980,Pallor,HP:0011121,124,12867,4.642140,v2026-09-01
HP:0000991,Xanthomatosis,HP:0011355,49,12867,5.570601,v2026-09-01
HP:0000992,Cutaneous photosensitivity,HP:0011354,123,12867,4.650237,v2026-09-01
HP:0000997,Axillary freckling,HP:0001480,12,12867,6.977515,v2026-09-01
HP:0000998,Hypertrichosis,HP:0011362,424,12867,3.412688,v2026-09-01
HP:0001000,Abnormal skin pigmentation,HP:0011121,732,12867,2.866641,v2026-09-01
HP:0001003,Multiple lentigines,HP:0001034,24,12867,6.284367,v2026-09-01
HP:0001004,Lymphedema,HP:0000969,111,12867,4.752891,v2026-09-01
HP:0001005,Dermatological manifestations of systemic disorders,HP:0011354,487,12867,3.274157,v2026-09-01
HP:0001007,Hirsutism,HP:0011362,261,12867,3.897901,v2026-09-01
HP:0001009,Telangiectasia,HP:0011276,167,12867,4.344427,v2026-09-01
HP:0001010,Hypopigmentation of the skin,HP:0001000,250,12867,3.940960,v2026-09-01
HP:0001012,Multiple lipomas,HP:0012031,62,12867,5.335287,v2026-09-01
HP:0001014,Angiokeratoma,HP:0011276,10,12867,7.159836,v2026-09-01
HP:0001018,Abnormal palmar dermatoglyphics,HP:0007477; HP:0040211,395,12867,3.483535,v2026-09-01
HP:0001028,Hemangioma,HP:0100742,175,12867,4.297635,v2026-09-01
HP:0001034,Hypermelanotic macule,HP:0007400; HP:0012733,231,12867,4.020003,v2026-09-01
HP:0001054,Numerous nevi,HP:0003764,13,12867,6.897472,v2026-09-01
HP:0001067,Neurofibroma,HP:0008069; HP:0010614; HP:0100007,23,12867,6.326927,v2026-09-01
HP:0001071,Angiokeratoma corporis diffusum,HP:0001014,6,12867,7.670662,v2026-09-01
HP:0001072,Thickened skin,HP:0011121,697,12867,2.915636,v2026-09-01
HP:0001080,Biliary tract abnormality,HP:0004297,151,12867,4.445141,v2026-09-01
HP:0001082,Cholecystitis,HP:0012438; HP:0032166,27,12867,6.166584,v2026-09-01
HP:0001098,Abnormal fundus morphology,HP:0004329,2002,12867,1.860519,v2026-09-01
HP:0001103,Abnormal macular morphology,HP:0000479,337,12867,3.642338,v2026-09-01
HP:0001105,Retinal atrophy,HP:0000546,130,12867,4.594887,v2026-09-01
HP:0001123,Visual field defect,HP:0000505,270,12867,3.863999,v2026-09-01
HP:0001131,Corneal dystrophy,HP:0000481,62,12867,5.335287,v2026-09-01
HP:0001133,Constriction of peripheral visual field,HP:0001123,123,12867,4.650237,v2026-09-01
HP:0001155,Abnormality of the hand,HP:0002817,2987,12867,1.460396,v2026-09-01
HP:0001156,Brachydactyly,HP:0011927,597,12867,3.070504,v2026-09-01
HP:0001159,Syndactyly,HP:0011297,678,12867,2.943274,v2026-09-01
HP:0001161,Hand polydactyly,HP:0009997; HP:0010442,262,12867,3.894077,v2026-09-01
HP:0001162,Postaxial hand polydactyly,HP:0001161; HP:0004207; HP:0100259,158,12867,4.399826,v2026-09-01
HP:0001167,Abnormal finger morphology,HP:0001155; HP:0011297,2176,12867,1.777178,v2026-09-01
HP:0001169,Broad palm,HP:0100871,44,12867,5.678232,v2026-09-01
HP:0001187,Hyperextensibility of the finger joints,HP:0006094,31,12867,6.028434,v2026-09-01
HP:0001194,Abnormalities of placenta or umbilical cord,HP:0001197,144,12867,4.492608,v2026-09-01
HP:0001195,Single umbilical artery,HP:0010948; HP:0011403; HP:0011425,63,12867,5.319286,v2026-09-01
HP:0001197,Abnormality of prenatal development or birth,HP:0000118,1205,12867,2.368186,v2026-09-01
HP:0001220,Interphalangeal joint contracture of finger,HP:0012785,266,12867,3.878925,v2026-09-01
HP:0001223,Pointed proximal second through fifth metacarpals,HP:0006119,2,12867,8.769274,v2026-09-01
HP:0001249,Intellectual disability,HP:0011446; HP:0012759,3385,12867,1.335312,v2026-09-01
HP:0001250,Seizure,HP:0012638,3129,12867,1.413952,v2026-09-01
HP:0001251,Ataxia,HP:0011443,1445,12867,2.186557,v2026-09-01
HP:0001252,Hypotonia,HP:0003808,2774,12867,1.534376,v2026-09-01
HP:0001256,Mild intellectual disability,HP:0001249,488,12867,3.272106,v2026-09-01
HP:0001257,Spasticity,HP:0001276; HP:0002493,1327,12867,2.271745,v2026-09-01
HP:0001260,Dysarthria,HP:0002167,813,12867,2.761690,v2026-09-01
HP:0001262,Excessive daytime somnolence,HP:0002360; HP:0004372,74,12867,5.158356,v2026-09-01
HP:0001263,Global developmental delay,HP:0012758,2877,12867,1.497918,v2026-09-01
HP:0001265,Hyporeflexia,HP:0001315,458,12867,3.335552,v2026-09-01
HP:0001268,Mental deterioration,HP:0100543,486,12867,3.276213,v2026-09-01
HP:0001270,Motor delay,HP:0012758,1343,12867,2.259760,v2026-09-01
HP:0001273,Abnormal corpus callosum morphology,HP:0002500,1224,12867,2.352542,v2026-09-01
HP:0001274,Agenesis of corpus callosum,HP:0007370,411,12867,3.443828,v2026-09-01
HP:0001276,Hypertonia,HP:0003808,1731,12867,2.005967,v2026-09-01
HP:0001278,Orthostatic hypotension,HP:0002615; HP:0012332,63,12867,5.319286,v2026-09-01
HP:0001283,Bulbar palsy,HP:0001324; HP:0012638,50,12867,5.550398,v2026-09-01
HP:0001285,Spastic tetraparesis,HP:0002273; HP:0034353,90,12867,4.962612,v2026-09-01
HP:0001288,Gait disturbance,HP:0100022,1780,12867,1.978053,v2026-09-01
HP:0001290,Generalized hypotonia,HP:0001252,740,12867,2.855771,v2026-09-01
HP:0001291,Abnormal cranial nerve morphology,HP:0000759,75,12867,5.144933,v2026-09-01
HP:0001297,Stroke,HP:0100659,196,12867,4.184307,v2026-09-01
HP:0001305,Dandy-Walker malformation,HP:0001320; HP:0002198; HP:0002350; HP:0005445,154,12867,4.425469,v2026-09-01
HP:0001310,Dysmetria,HP:0001251,231,12867,4.020003,v2026-09-01
HP:0001311,Abnormal nervous system electrophysiology,HP:0012638,945,12867,2.611236,v2026-09-01
HP:0001315,Diminished deep tendon reflex,HP:0031826,828,12867,2.743408,v2026-09-01
HP:0001317,Abnormal cerebellum morphology,HP:0011283,1476,12867,2.165330,v2026-09-01
HP:0001319,Neonatal hypotonia,HP:0001252,244,12867,3.965253,v2026-09-01
HP:0001320,Cerebellar vermis hypoplasia,HP:0001321; HP:0006817,351,12867,3.601635,v2026-09-01
HP:0001321,Cerebellar hypoplasia,HP:0007360,625,12867,3.024670,v2026-09-01
HP:0001324,Muscle weakness,HP:0011804,1614,12867,2.075950,v2026-09-01
HP:0001328,Specific learning disability,HP:0012759,301,12867,3.755311,v2026-09-01
HP:0001332,Dystonia,HP:0100022,762,12867,2.826475,v2026-09-01
HP:0001336,Myoclonus,HP:0004305,404,12867,3.461006,v2026-09-01
HP:0001341,Olfactory lobe agenesis,HP:0025057,5,12867,7.852983,v2026-09-01
HP:0001344,Absent speech,HP:0000750,554,12867,3.145256,v2026-09-01
HP:0001347,Hyperreflexia,HP:0031826,979,12867,2.575890,v2026-09-01
HP:0001350,Slurred speech,HP:0011443,69,12867,5.228315,v2026-09-01
HP:0001357,Plagiocephaly,HP:0002683,188,12867,4.225979,v2026-09-01
HP:0001363,Craniosynostosis,HP:0002683; HP:0011329,272,12867,3.856619,v2026-09-01
HP:0001367,Abnormal joint morphology,HP:0011842,2154,12867,1.787339,v2026-09-01
HP:0001369,Arthritis,HP:0001367,350,12867,3.604488,v2026-09-01
HP:0001371,Flexion contracture,HP:0034392,954,12867,2.601758,v2026-09-01
HP:0001376,Limitation of joint mobility,HP:0011729,621,12867,3.031090,v2026-09-01
HP:0001382,Joint hypermobility,HP:0011729,712,12867,2.894343,v2026-09-01
HP:0001384,Abnormal hip joint morphology,HP:0003272; HP:0100491,494,12867,3.259886,v2026-09-01
HP:0001385,Hip dysplasia,HP:0003272,303,12867,3.748688,v2026-09-01
HP:0001386,Joint swelling,HP:0000969; HP:0001367,52,12867,5.511177,v2026-09-01
HP:0001387,Joint stiffness,HP:0001376,229,12867,4.028699,v2026-09-01
HP:0001392,Abnormality of the liver,HP:0002012,1510,12867,2.142556,v2026-09-01
HP:0001395,Hepatic fibrosis,HP:0410042,140,12867,4.520779,v2026-09-01
HP:0001396,Cholestasis,HP:0004297,408,12867,3.451154,v2026-09-01
HP:0001397,Hepatic steatosis,HP:0006561,193,12867,4.199731,v2026-09-01
HP:0001399,Hepatic failure,HP:0001410,167,12867,4.344427,v2026-09-01
HP:0001408,Bile duct proliferation,HP:0012440,30,12867,6.061224,v2026-09-01
HP:0001410,Decreased liver function,HP:0025155,232,12867,4.015684,v2026-09-01
HP:0001433,Hepatosplenomegaly,HP:0001744; HP:0002240,187,12867,4.231313,v2026-09-01
HP:0001435,Abnormality of the shoulder girdle musculature,HP:0001446,165,12867,4.356476,v2026-09-01
HP:0001438,Abnormal abdomen morphology,HP:0025031,1170,12867,2.397662,v2026-09-01
HP:0001446,Abnormality of the musculature of the upper limbs,HP:0002817; HP:0009127,356,12867,3.587490,v2026-09-01
HP:0001476,Delayed closure of the anterior fontanelle,HP:0000236; HP:0000270,47,12867,5.612274,v2026-09-01
HP:0001480,Freckling,HP:0001000,47,12867,5.612274,v2026-09-01
HP:0001482,Subcutaneous nodule,HP:0200036,100,12867,4.857251,v2026-09-01
HP:0001488,Bilateral ptosis,HP:0000508,84,12867,5.031604,v2026-09-01
HP:0001507,Growth abnormality,HP:0000118,4504,12867,1.049700,v2026-09-01
HP:0001508,Failure to thrive,HP:0004325,1228,12867,2.349279,v2026-09-01
HP:0001510,Growth delay,HP:0001507,3172,12867,1.400304,v2026-09-01
HP:0001511,Intrauterine growth retardation,HP:0001510,798,12867,2.780313,v2026-09-01
HP:0001513,Obesity,HP:0004324,403,12867,3.463485,v2026-09-01
HP:0001520,Large for gestational age,HP:0004324,64,12867,5.303538,v2026-09-01
HP:0001531,Failure to thrive in infancy,HP:0001508,117,12867,4.700247,v2026-09-01
HP:0001537,Umbilical hernia,HP:0001551; HP:0004299,308,12867,3.732321,v2026-09-01
HP:0001538,Protuberant abdomen,HP:0003270,52,12867,5.511177,v2026-09-01
HP:0001539,Omphalocele,HP:0004299,127,12867,4.618234,v2026-09-01
HP:0001541,Ascites,HP:0001438,167,12867,4.344427,v2026-09-01
HP:0001544,Prominent umbilicus,HP:0001551,6,12867,7.670662,v2026-09-01
HP:0001547,Abnormal rib cage morphology,HP:0000765,581,12867,3.097670,v2026-09-01
HP:0001548,Overgrowth,HP:0000098,58,12867,5.401978,v2026-09-01
HP:0001551,Abnormal umbilicus morphology,HP:0004298,316,12867,3.706679,v2026-09-01
HP:0001552,Barrel-shaped chest,HP:0100625,34,12867,5.936061,v2026-09-01
HP:0001557,Prenatal movement abnormality,HP:0034059,239,12867,3.985958,v2026-09-01
HP:0001558,Decreased fetal movement,HP:0001557,229,12867,4.028699,v2026-09-01
HP:0001560,Abnormality of the amniotic fluid,HP:0001197,598,12867,3.068830,v2026-09-01
HP:0001561,Polyhydramnios,HP:0001560,398,12867,3.475969,v2026-09-01
HP:0001562,Oligohydramnios,HP:0001560,207,12867,4.129702,v2026-09-01
HP:0001574,Abnormality of the integument,HP:0000118,5041,12867,0.937061,v2026-09-01
HP:0001582,Redundant skin,HP:0000973,98,12867,4.877454,v2026-09-01
HP:0001583,Rotary nystagmus,HP:0000639,31,12867,6.028434,v2026-09-01
HP:0001592,Selective tooth agenesis,HP:0009804,279,12867,3.831209,v2026-09-01
HP:0001595,Abnormal hair morphology,HP:0011138,2171,12867,1.779478,v2026-09-01
HP:0001596,Alopecia,HP:0011362,364,12867,3.565267,v2026-09-01
HP:0001597,Abnormal nail morphology,HP:0011138,824,12867,2.748251,v2026-09-01
HP:0001598,Concave nail,HP:0002164,20,12867,6.466689,v2026-09-01
HP:0001600,Abnormality of the larynx,HP:0002087,251,12867,3.936968,v2026-09-01
HP:0001601,Laryngomalacia,HP:0025423,109,12867,4.771073,v2026-09-01
HP:0001608,Abnormality of the voice,HP:0000118,517,12867,3.214378,v2026-09-01
HP:0001609,Hoarse voice,HP:0001608,118,12867,4.691737,v2026-09-01
HP:0001611,Hypernasal speech,HP:0001608,106,12867,4.798982,v2026-09-01
HP:0001615,Hoarse cry,HP:0001609,16,12867,6.689832,v2026-09-01
HP:0001622,Premature birth,HP:0001197,222,12867,4.059744,v2026-09-01
HP:0001623,Breech presentation,HP:0001787,56,12867,5.437069,v2026-09-01
HP:0001626,Abnormality of the cardiovascular system,HP:0000118,4967,12867,0.951850,v2026-09-01
HP:0001627,Abnormal heart morphology,HP:0030680,2365,12867,1.693888,v2026-09-01
HP:0001629,Ventricular septal defect,HP:0010438,676,12867,2.946228,v2026-09-01
HP:0001631,Atrial septal defect,HP:0005120; HP:0011994,609,12867,3.050603,v2026-09-01
HP:0001633,Abnormal mitral valve morphology,HP:0006705,203,12867,4.149215,v2026-09-01
HP:0001634,Mitral valve prolapse,HP:0001633,146,12867,4.478815,v2026-09-01
HP:0001635,Congestive heart failure,HP:0011025,317,12867,3.703519,v2026-09-01
HP:0001637,Abnormal myocardium morphology,HP:0001627,732,12867,2.866641,v2026-09-01
HP:0001638,Cardiomyopathy,HP:0001637,666,12867,2.961132,v2026-09-01
HP:0001639,Hypertrophic cardiomyopathy,HP:0001638,255,12867,3.921158,v2026-09-01
HP:0001640,Cardiomegaly,HP:0001627,135,12867,4.557146,v2026-09-01
HP:0001642,Pulmonic stenosis,HP:0031654,199,12867,4.169116,v2026-09-01
HP:0001643,Patent ductus arteriosus,HP:0011603,488,12867,3.272106,v2026-09-01
HP:0001644,Dilated cardiomyopathy,HP:0001638,203,12867,4.149215,v2026-09-01
HP:0001646,Abnormal aortic valve morphology,HP:0001654,188,12867,4.225979,v2026-09-01
HP:0001647,Bicuspid aortic valve,HP:0031567,142,12867,4.506594,v2026-09-01
HP:0001650,Aortic valve stenosis,HP:0031652,105,12867,4.808461,v2026-09-01
HP:0001653,Mitral regurgitation,HP:0031481; HP:0034376,170,12867,4.326623,v2026-09-01
HP:0001654,Abnormal heart valve morphology,HP:0001627,438,12867,3.380202,v2026-09-01
HP:0001655,Patent foramen ovale,HP:0011994,187,12867,4.231313,v2026-09-01
HP:0001658,Myocardial infarction,HP:0033678,71,12867,5.199741,v2026-09-01
HP:0001671,Abnormal cardiac septum morphology,HP:0001627,1127,12867,2.435107,v2026-09-01
HP:0001674,Complete atrioventricular canal defect,HP:0006695,24,12867,6.284367,v2026-09-01
HP:0001678,Atrioventricular block,HP:0005150; HP:0012722,95,12867,4.908544,v2026-09-01
HP:0001679,Abnormal aortic morphology,HP:0011004; HP:0030962,408,12867,3.451154,v2026-09-01
HP:0001680,Coarctation of aorta,HP:0001679,159,12867,4.393517,v2026-09-01
HP:0001681,Angina pectoris,HP:0011025,38,12867,5.824835,v2026-09-01
HP:0001682,Subvalvular aortic stenosis,HP:0011103,23,12867,6.326927,v2026-09-01
HP:0001697,Abnormal pericardium morphology,HP:0001627,128,12867,4.610391,v2026-09-01
HP:0001699,Sudden death,HP:0025142,139,12867,4.527947,v2026-09-01
HP:0001701,Pericarditis,HP:0001697; HP:0045073,59,12867,5.384884,v2026-09-01
HP:0001702,Abnormal tricuspid valve morphology,HP:0006705,66,12867,5.272766,v2026-09-01
HP:0001704,Tricuspid valve prolapse,HP:0001702,19,12867,6.517982,v2026-09-01
HP:0001709,Third degree atrioventricular block,HP:0001678,18,12867,6.572049,v2026-09-01
HP:0001711,Abnormal left ventricle morphology,HP:0001713,160,12867,4.387247,v2026-09-01
HP:0001712,Left ventricular hypertrophy,HP:0001711; HP:0001714,118,12867,4.691737,v2026-09-01
HP:0001713,Abnormal cardiac ventricle morphology,HP:0001627,933,12867,2.624016,v2026-09-01
HP:0001714,Ventricular hypertrophy,HP:0001713,199,12867,4.169116,v2026-09-01
HP:0001718,Mitral stenosis,HP:0031481,31,12867,6.028434,v2026-09-01
HP:0001730,Progressive hearing impairment,HP:0000365,67,12867,5.257729,v2026-09-01
HP:0001739,Abnormal nasopharynx morphology,HP:0000366; HP:0033151,244,12867,3.965253,v2026-09-01
HP:0001743,Abnormality of the spleen,HP:0002012; HP:0100763,783,12867,2.799288,v2026-09-01
HP:0001744,Splenomegaly,HP:0003271; HP:0025408,672,12867,2.952163,v2026-09-01
HP:0001746,Asplenia,HP:0010451,39,12867,5.798860,v2026-09-01
HP:0001747,Accessory spleen,HP:0009799,21,12867,6.417899,v2026-09-01
HP:0001760,Abnormal foot morphology,HP:0002814,2679,12867,1.569222,v2026-09-01
HP:0001761,Pes cavus,HP:0001760,414,12867,3.436555,v2026-09-01
HP:0001762,Talipes equinovarus,HP:0001883,548,12867,3.156146,v2026-09-01
HP:0001763,Pes planus,HP:0001760,404,12867,3.461006,v2026-09-01
HP:0001769,Broad foot,HP:0001760,43,12867,5.701221,v2026-09-01
HP:0001771,Achilles tendon contracture,HP:0005109; HP:0008366,61,12867,5.351547,v2026-09-01
HP:0001773,Short foot,HP:0006494,199,12867,4.169116,v2026-09-01
HP:0001776,Bilateral talipes equinovarus,HP:0001762,64,12867,5.303538,v2026-09-01
HP:0001780,Abnormal toe morphology,HP:0001760; HP:0011297,1090,12867,2.468488,v2026-09-01
HP:0001787,Abnormal delivery,HP:0001197,125,12867,4.634107,v2026-09-01
HP:0001789,Hydrops fetalis,HP:0000969; HP:0034058,150,12867,4.451786,v2026-09-01
HP:0001790,Nonimmune hydrops fetalis,HP:0001789,56,12867,5.437069,v2026-09-01
HP:0001791,Fetal ascites,HP:0001541; HP:0034207,14,12867,6.823364,v2026-09-01
HP:0001792,Small nail,HP:0008386,232,12867,4.015684,v2026-09-01
HP:0001808,Fragile nails,HP:0001597,32,12867,5.996685,v2026-09-01
HP:0001814,Deep-set nails,HP:0002164,7,12867,7.516511,v2026-09-01
HP:0001816,Thin nail,HP:0001597,24,12867,6.284367,v2026-09-01
HP:0001827,Genital tract atresia,HP:0012243,21,12867,6.417899,v2026-09-01
HP:0001829,Foot polydactyly,HP:0001780; HP:0009136; HP:0010442,122,12867,4.658400,v2026-09-01
HP:0001830,Postaxial foot polydactyly,HP:0001829; HP:0010322; HP:0100259,72,12867,5.185755,v2026-09-01
HP:0001832,Abnormal metatarsal morphology,HP:0001760; HP:0040069,225,12867,4.046321,v2026-09-01
HP:0001840,Metatarsus adductus,HP:0001832,70,12867,5.213926,v2026-09-01
HP:0001869,Deep plantar creases,HP:0100872,26,12867,6.204325,v2026-09-01
HP:0001871,Abnormality of blood and blood-forming tissues,HP:0000118,2429,12867,1.667186,v2026-09-01
HP:0001872,Abnormality of thrombocytes,HP:0001871,605,12867,3.057193,v2026-09-01
HP:0001873,Thrombocytopenia,HP:0011873,525,12867,3.199023,v2026-09-01
HP:0001876,Pancytopenia,HP:0012145,156,12867,4.412565,v2026-09-01
HP:0001877,Abnormal erythrocyte morphology,HP:0001871,988,12867,2.566738,v2026-09-01
HP:0001881,Abnormal leukocyte morphology,HP:0001871; HP:0010987,902,12867,2.657807,v2026-09-01
HP:0001883,Talipes,HP:0005656,652,12867,2.982377,v2026-09-01
HP:0001892,Abnormal bleeding,HP:0001871,735,12867,2.862551,v2026-09-01
HP:0001903,Anemia,HP:0001877,872,12867,2.691632,v2026-09-01
HP:0001909,Leukemia,HP:0001881; HP:0004377,150,12867,4.451786,v2026-09-01
HP:0001920,Renal artery stenosis,HP:0008776; HP:0100545,16,12867,6.689832,v2026-09-01
HP:0001922,Vacuolated lymphocytes,HP:0004332,14,12867,6.823364,v2026-09-01
HP:0001928,Abnormality of coagulation,HP:0001871,273,12867,3.852949,v2026-09-01
HP:0001929,Reduced factor XI activity,HP:0010989,20,12867,6.466689,v2026-09-01
HP:0001933,Subcutaneous hemorrhage,HP:0001892; HP:0011276,296,12867,3.772062,v2026-09-01
HP:0001935,Microcytic anemia,HP:0010972,74,12867,5.158356,v2026-09-01
HP:0001939,Abnormality of metabolism/homeostasis,HP:0000118,4584,12867,1.032094,v2026-09-01
HP:0001943,Hypoglycemia,HP:0011015,337,12867,3.642338,v2026-09-01
HP:0001945,Fever,HP:0004370,534,12867,3.182025,v2026-09-01
HP:0001952,Glucose intolerance,HP:0011014,424,12867,3.412688,v2026-09-01
HP:0001954,Recurrent fever,HP:0001945,120,12867,4.674929,v2026-09-01
HP:0001956,Truncal obesity,HP:0001513,64,12867,5.303538,v2026-09-01
HP:0001959,Polydipsia,HP:0030082,68,12867,5.242913,v2026-09-01
HP:0001965,Abnormal scalp morphology,HP:0000234,617,12867,3.037552,v2026-09-01
HP:0001969,Abnormal tubulointerstitial morphology,HP:0000091; HP:0032581,63,12867,5.319286,v2026-09-01
HP:0001970,Tubulointerstitial nephritis,HP:0001969,42,12867,5.724752,v2026-09-01
HP:0001971,Hypersplenism,HP:0025409,23,12867,6.326927,v2026-09-01
HP:0001973,Autoimmune thrombocytopenia,HP:0001873; HP:5210419,59,12867,5.384884,v2026-09-01
HP:0001982,Sea-blue histiocytosis,HP:0004311,6,12867,7.670662,v2026-09-01
HP:0001999,Abnormal facial shape,HP:0000271,1646,12867,2.056318,v2026-09-01
HP:0002007,Frontal bossing,HP:0000290; HP:0011218,607,12867,3.053892,v2026-09-01
HP:0002011,Morphological central nervous system abnormality,HP:0012639,5058,12867,0.933695,v2026-09-01
HP:0002012,Abnormality of the abdominal organs,HP:0025031,1837,12867,1.946532,v2026-09-01
HP:0002013,Vomiting,HP:0002017,481,12867,3.286554,v2026-09-01
HP:0002014,Diarrhea,HP:0011458,598,12867,3.068830,v2026-09-01
HP:0002015,Dysphagia,HP:0012638; HP:0025270,723,12867,2.879012,v2026-09-01
HP:0002017,Nausea and vomiting,HP:0011458,668,12867,2.958133,v2026-09-01
HP:0002018,Nausea,HP:0002017,136,12867,4.549766,v2026-09-01
HP:0002019,Constipation,HP:0011458,516,12867,3.216314,v2026-09-01
HP:0002020,Gastroesophageal reflux,HP:0025270,494,12867,3.259886,v2026-09-01
HP:0002021,Pyloric stenosis,HP:0004400,90,12867,4.962612,v2026-09-01
HP:0002023,Anal atresia,HP:0034915,190,12867,4.215397,v2026-09-01
HP:0002027,Abdominal pain,HP:0011458; HP:0012531,374,12867,3.538165,v2026-09-01
HP:0002028,Chronic diarrhea,HP:0002014,143,12867,4.499577,v2026-09-01
HP:0002031,Abnormal esophagus morphology,HP:0012718,216,12867,4.087143,v2026-09-01
HP:0002033,Poor suck,HP:0008872,144,12867,4.492608,v2026-09-01
HP:0002046,Heat intolerance,HP:0004370,33,12867,5.965914,v2026-09-01
HP:0002055,Curved linear dimple below the lower lip,HP:0000178,2,12867,8.769274,v2026-09-01
HP:0002059,Cerebral atrophy,HP:0007369,780,12867,2.803127,v2026-09-01
HP:0002060,Abnormal cerebral morphology,HP:0100547,3373,12867,1.338863,v2026-09-01
HP:0002061,Lower limb spasticity,HP:0034353,389,12867,3.498842,v2026-09-01
HP:0002063,Rigidity,HP:0001276,231,12867,4.020003,v2026-09-01
HP:0002066,Gait ataxia,HP:0001251; HP:0001288,356,12867,3.587490,v2026-09-01
HP:0002069,Bilateral tonic-clonic seizure,HP:0001250,491,12867,3.265977,v2026-09-01
HP:0002071,Abnormality of extrapyramidal motor function,HP:0011442,379,12867,3.524885,v2026-09-01
HP:0002072,Chorea,HP:0004305,297,12867,3.768689,v2026-09-01
HP:0002079,Hypoplasia of the corpus callosum,HP:0007370,592,12867,3.078915,v2026-09-01
HP:0002084,Encephalocele,HP:0011815; HP:0034237,117,12867,4.700247,v2026-09-01
HP:0002085,Occipital encephalocele,HP:0002084,38,12867,5.824835,v2026-09-01
HP:0002086,Abnormality of the respiratory system,HP:0000118,3140,12867,1.410443,v2026-09-01
HP:0002087,Abnormality of the upper respiratory tract,HP:0012252,629,12867,3.018290,v2026-09-01
HP:0002088,Abnormal lung morphology,HP:0012252,1687,12867,2.031714,v2026-09-01
HP:0002089,Pulmonary hypoplasia,HP:0006703,186,12867,4.236674,v2026-09-01
HP:0002090,Pneumonia,HP:0012649; HP:5210123,388,12867,3.501416,v2026-09-01
HP:0002091,Restrictive ventilatory defect,HP:0030878,109,12867,4.771073,v2026-09-01
HP:0002092,Pulmonary arterial hypertension,HP:0033578,194,12867,4.194563,v2026-09-01
HP:0002093,Respiratory insufficiency,HP:0002795,816,12867,2.758007,v2026-09-01
HP:0002094,Dyspnea,HP:0002793,562,12867,3.130919,v2026-09-01
HP:0002099,Asthma,HP:0002795; HP:0100326,147,12867,4.471989,v2026-09-01
HP:0002100,Recurrent aspiration pneumonia,HP:0011951,27,12867,6.166584,v2026-09-01
HP:0002103,Abnormal pleura morphology,HP:0002088,220,12867,4.068794,v2026-09-01
HP:0002104,Apnea,HP:0002793,232,12867,4.015684,v2026-09-01
HP:0002107,Pneumothorax,HP:0002103,65,12867,5.288034,v2026-09-01
HP:0002113,Pulmonary infiltrates,HP:0031983,63,12867,5.319286,v2026-09-01
HP:0002118,Abnormal cerebral ventricle morphology,HP:0012443,1283,12867,2.305465,v2026-09-01
HP:0002119,Ventriculomegaly,HP:0002118,909,12867,2.650076,v2026-09-01
HP:0002123,Generalized myoclonic seizure,HP:0032677; HP:0032794,139,12867,4.527947,v2026-09-01
HP:0002141,Gait imbalance,HP:0001288,59,12867,5.384884,v2026-09-01
HP:0002143,Abnormal spinal cord morphology,HP:0002011,419,12867,3.424550,v2026-09-01
HP:0002149,Hyperuricemia,HP:0002157; HP:0010932,60,12867,5.368077,v2026-09-01
HP:0002155,Hypertriglyceridemia,HP:0003077,146,12867,4.478815,v2026-09-01
HP:0002157,Azotemia,HP:0004364,267,12867,3.875173,v2026-09-01
HP:0002162,Low posterior hairline,HP:0025668; HP:0030141,153,12867,4.431983,v2026-09-01
HP:0002164,Nail dysplasia,HP:0001597,215,12867,4.091783,v2026-09-01
HP:0002167,Abnormal speech pattern,HP:4000072,2482,12867,1.645601,v2026-09-01
HP:0002179,Opisthotonus,HP:0001257,72,12867,5.185755,v2026-09-01
HP:0002180,Neurodegeneration,HP:0007367,51,12867,5.530596,v2026-09-01
HP:0002185,Neurofibrillary tangles,HP:0100314,24,12867,6.284367,v2026-09-01
HP:0002186,Apraxia,HP:0011442,234,12867,4.007100,v2026-09-01
HP:0002188,Delayed CNS myelination,HP:0011400; HP:0012448,249,12867,3.944968,v2026-09-01
HP:0002191,Progressive spasticity,HP:0001257,41,12867,5.748849,v2026-09-01
HP:0002194,Delayed gross motor development,HP:0001270,594,12867,3.075542,v2026-09-01
HP:0002195,Dysgenesis of the cerebellar vermis,HP:0002334,9,12867,7.265197,v2026-09-01
HP:0002196,Myelopathy,HP:0002143; HP:0034238,25,12867,6.243545,v2026-09-01
HP:0002197,Generalized-onset seizure,HP:0001250,457,12867,3.337738,v2026-09-01
HP:0002198,Dilated fourth ventricle,HP:0002119; HP:0010950,187,12867,4.231313,v2026-09-01
HP:0002202,Pleural effusion,HP:0000969; HP:0002103,120,12867,4.674929,v2026-09-01
HP:0002205,Recurrent respiratory infections,HP:0002719; HP:0011947,773,12867,2.812142,v2026-09-01
HP:0002207,Diffuse reticular or finely nodular infiltrations,HP:0002113,8,12867,7.382980,v2026-09-01
HP:0002212,Curly hair,HP:0010719,53,12867,5.492129,v2026-09-01
HP:0002213,Fine hair,HP:0010719,118,12867,4.691737,v2026-09-01
HP:0002224,Woolly hair,HP:0010719,37,12867,5.851503,v2026-09-01
HP:0002236,Frontal upsweep of hair,HP:0010721,33,12867,5.965914,v2026-09-01
HP:0002240,Hepatomegaly,HP:0003271; HP:0410042,902,12867,2.657807,v2026-09-01
HP:0002242,Abnormal intestine morphology,HP:0012718,808,12867,2.767859,v2026-09-01
HP:0002250,Abnormal large intestine morphology,HP:0002242,407,12867,3.453608,v2026-09-01
HP:0002251,Aganglionic megacolon,HP:0004362; HP:6000852,100,12867,4.857251,v2026-09-01
HP:0002267,Exaggerated startle response,HP:0002071,44,12867,5.678232,v2026-09-01
HP:0002270,Abnormality of the autonomic nervous system,HP:0410008,259,12867,3.905593,v2026-09-01
HP:0002273,Tetraparesis,HP:0030182,154,12867,4.425469,v2026-09-01
HP:0002305,Athetosis,HP:0004305,202,12867,4.154153,v2026-09-01
HP:0002308,Chiari malformation,HP:0001317,139,12867,4.527947,v2026-09-01
HP:0002311,Incoordination,HP:0011443,171,12867,4.320758,v2026-09-01
HP:0002313,Spastic paraparesis,HP:0002061; HP:0002385,80,12867,5.080395,v2026-09-01
HP:0002318,Cervical myelopathy,HP:0002196,12,12867,6.977515,v2026-09-01
HP:0002323,Anencephaly,HP:0007364; HP:0034237,45,12867,5.655759,v2026-09-01
HP:0002326,Transient ischemic attack,HP:0001297; HP:0002637,46,12867,5.633780,v2026-09-01
HP:0002333,Motor deterioration,HP:0001268,20,12867,6.466689,v2026-09-01
HP:0002334,Abnormal cerebellar vermis morphology,HP:0001317,470,12867,3.309688,v2026-09-01
HP:0002335,Agenesis of cerebellar vermis,HP:0006817,31,12867,6.028434,v2026-09-01
HP:0002344,Progressive neurologic deterioration,HP:0001268,82,12867,5.055702,v2026-09-01
HP:0002350,Cerebellar cyst,HP:0001317; HP:0010576,189,12867,4.220674,v2026-09-01
HP:0002353,EEG abnormality,HP:0030178,644,12867,2.994722,v2026-09-01
HP:0002360,Sleep disturbance,HP:0011446,661,12867,2.968667,v2026-09-01
HP:0002361,Psychomotor deterioration,HP:0001268,15,12867,6.754371,v2026-09-01
HP:0002363,Abnormal brainstem morphology,HP:0012443,293,12867,3.782249,v2026-09-01
HP:0002365,Hypoplasia of the brainstem,HP:0007362,102,12867,4.837448,v2026-09-01
HP:0002371,Loss of speech,HP:0002167,37,12867,5.851503,v2026-09-01
HP:0002376,Developmental regression,HP:0012759,414,12867,3.436555,v2026-09-01
HP:0002380,Fasciculations,HP:0004305,153,12867,4.431983,v2026-09-01
HP:0002385,Paraparesis,HP:0010551,108,12867,4.780290,v2026-09-01
HP:0002404,Thickened superior cerebellar peduncle,HP:0011932,4,12867,8.076127,v2026-09-01
HP:0002410,Aqueductal stenosis,HP:0002118,25,12867,6.243545,v2026-09-01
HP:0002414,Spina bifida,HP:0010301,139,12867,4.527947,v2026-09-01
HP:0002418,Abnormal midbrain morphology,HP:0012443,90,12867,4.962612,v2026-09-01
HP:0002419,Molar tooth sign on MRI,HP:0002418,57,12867,5.419370,v2026-09-01
HP:0002421,Poor head control,HP:0001324,177,12867,4.286271,v2026-09-01
HP:0002423,Long-tract sign,HP:0034482,616,12867,3.039174,v2026-09-01
HP:0002435,Meningocele,HP:0010651; HP:0034238,40,12867,5.773542,v2026-09-01
HP:0002436,Occipital meningocele,HP:0002435,11,12867,7.064526,v2026-09-01
HP:0002445,Tetraplegia,HP:0030182,55,12867,5.455088,v2026-09-01
HP:0002463,Language impairment,HP:0034434,1576,12867,2.099776,v2026-09-01
HP:0002476,Primitive reflex,HP:0031826,36,12867,5.878902,v2026-09-01
HP:0002483,Bulbar signs,HP:0012638,30,12867,6.061224,v2026-09-01
HP:0002493,Upper motor neuron dysfunction,HP:0011442,1738,12867,2.001931,v2026-09-01
HP:0002500,Abnormal cerebral white matter morphology,HP:0010993,1520,12867,2.135956,v2026-09-01
HP:0002506,Diffuse cerebral atrophy,HP:0002059,45,12867,5.655759,v2026-09-01
HP:0002508,Brainstem dysplasia,HP:0002363,6,12867,7.670662,v2026-09-01
HP:0002510,Spastic tetraplegia,HP:0034353; HP:0100021,136,12867,4.549766,v2026-09-01
HP:0002515,Waddling gait,HP:0001288,147,12867,4.471989,v2026-09-01
HP:0002521,Hypsarrhythmia,HP:0011198,171,12867,4.320758,v2026-09-01
HP:0002524,Cataplexy,HP:0011442,13,12867,6.897472,v2026-09-01
HP:0002529,Neuronal loss in central nervous system,HP:0007367,43,12867,5.701221,v2026-09-01
HP:0002540,Inability to walk,HP:0001288,457,12867,3.337738,v2026-09-01
HP:0002553,Highly arched eyebrow,HP:0000534,257,12867,3.913345,v2026-09-01
HP:0002566,Intestinal malrotation,HP:0002242,139,12867,4.527947,v2026-09-01
HP:0002574,Episodic abdominal pain,HP:0002027; HP:0032148,37,12867,5.851503,v2026-09-01
HP:0002577,Abnormal stomach morphology,HP:0012718,223,12867,4.055249,v2026-09-01
HP:0002591,Polyphagia,HP:0100738,88,12867,4.985084,v2026-09-01
HP:0002597,Abnormality of the vasculature,HP:0001626,3158,12867,1.404727,v2026-09-01
HP:0002615,Hypotension,HP:0030972,170,12867,4.326623,v2026-09-01
HP:0002617,Vascular dilatation,HP:0033353,236,12867,3.998589,v2026-09-01
HP:0002621,Atherosclerosis,HP:0002634,101,12867,4.847301,v2026-09-01
HP:0002634,Arteriosclerosis,HP:0011004,109,12867,4.771073,v2026-09-01
HP:0002637,Cerebral ischemia,HP:0033401,88,12867,4.985084,v2026-09-01
HP:0002644,Abnormal pelvic girdle bone morphology,HP:0011844,938,12867,2.618671,v2026-09-01
HP:0002650,Scoliosis,HP:0010674,1670,12867,2.041842,v2026-09-01
HP:0002653,Bone pain,HP:0011843; HP:0012531,98,12867,4.877454,v2026-09-01
HP:0002659,Increased susceptibility to fractures,HP:0011843,248,12867,3.948992,v2026-09-01
HP:0002664,Neoplasm,HP:0000118,1389,12867,2.226082,v2026-09-01
HP:0002666,Pheochromocytoma,HP:0100634,24,12867,6.284367,v2026-09-01
HP:0002673,Coxa valga,HP:0003367,118,12867,4.691737,v2026-09-01
HP:0002683,Abnormal calvaria morphology,HP:0000929,1561,12867,2.109339,v2026-09-01
HP:0002693,Abnormal skull base morphology,HP:0000929,316,12867,3.706679,v2026-09-01
HP:0002696,Abnormal parietal bone morphology,HP:0002683,38,12867,5.824835,v2026-09-01
HP:0002705,"High, narrow palate",HP:0000189; HP:0000218,171,12867,4.320758,v2026-09-01
HP:0002714,Downturned corners of mouth,HP:0011338,248,12867,3.948992,v2026-09-01
HP:0002715,Abnormality of the immune system,HP:0000118,3423,12867,1.324149,v2026-09-01
HP:0002716,Lymphadenopathy,HP:0002733,276,12867,3.842020,v2026-09-01
HP:0002719,Recurrent infections,HP:0032101,1296,12867,2.295383,v2026-09-01
HP:0002733,Abnormal lymph node morphology,HP:0100763,308,12867,3.732321,v2026-09-01
HP:0002750,Delayed skeletal maturation,HP:0000927,413,12867,3.438974,v2026-09-01
HP:0002751,Kyphoscoliosis,HP:0002650; HP:0002808,263,12867,3.890267,v2026-09-01
HP:0002753,Thin bony cortex,HP:0003103,34,12867,5.936061,v2026-09-01
HP:0002756,Pathologic fracture,HP:0002659,53,12867,5.492129,v2026-09-01
HP:0002778,Abnormal tracheal morphology,HP:0005607,184,12867,4.247485,v2026-09-01
HP:0002779,Tracheomalacia,HP:0002778,80,12867,5.080395,v2026-09-01
HP:0002780,Bronchomalacia,HP:0025426,32,12867,5.996685,v2026-09-01
HP:0002783,Recurrent lower respiratory tract infections,HP:0002205,299,12867,3.761978,v2026-09-01
HP:0002788,Recurrent upper respiratory tract infections,HP:0001739; HP:0002205,224,12867,4.050775,v2026-09-01
HP:0002789,Tachypnea,HP:0002793,101,12867,4.847301,v2026-09-01
HP:0002790,Neonatal breathing dysregulation,HP:0005957,5,12867,7.852983,v2026-09-01
HP:0002791,Hypoventilation,HP:0002793,49,12867,5.570601,v2026-09-01
HP:0002793,Abnormal pattern of respiration,HP:0002795,873,12867,2.690486,v2026-09-01
HP:0002795,Abnormal respiratory system physiology,HP:0002086,1951,12867,1.886324,v2026-09-01
HP:0002797,Osteolysis,HP:0003330,111,12867,4.752891,v2026-09-01
HP:0002808,Kyphosis,HP:0010674,696,12867,2.917072,v2026-09-01
HP:0002813,Abnormal limb bone morphology,HP:0011844; HP:0040068,3453,12867,1.315422,v2026-09-01
HP:0002814,Abnormality of the lower limb,HP:0040064,3511,12867,1.298765,v2026-09-01
HP:0002815,Abnormality of the knee,HP:0100491,622,12867,3.029481,v2026-09-01
HP:0002817,Abnormality of the upper limb,HP:0040064,3362,12867,1.342130,v2026-09-01
HP:0002823,Abnormal femur morphology,HP:0040069,494,12867,3.259886,v2026-09-01
HP:0002829,Arthralgia,HP:0012531,298,12867,3.765328,v2026-09-01
HP:0002835,Aspiration,HP:0002795,45,12867,5.655759,v2026-09-01
HP:0002857,Genu valgum,HP:0002979; HP:0034669,222,12867,4.059744,v2026-09-01
HP:0002858,Meningioma,HP:0010651; HP:0100835,38,12867,5.824835,v2026-09-01
HP:0002859,Rhabdomyosarcoma,HP:0009728; HP:0030448,21,12867,6.417899,v2026-09-01
HP:0002861,Melanoma,HP:0011792,63,12867,5.319286,v2026-09-01
HP:0002862,Bladder carcinoma,HP:0009725,8,12867,7.382980,v2026-09-01
HP:0002865,Medullary thyroid carcinoma,HP:0002890,10,12867,7.159836,v2026-09-01
HP:0002867,Abnormal ilium morphology,HP:0003272,176,12867,4.291937,v2026-09-01
HP:0002869,Flared iliac wing,HP:0011867,26,12867,6.204325,v2026-09-01
HP:0002870,Obstructive sleep apnea,HP:0010535,111,12867,4.752891,v2026-09-01
HP:0002871,Central apnea,HP:0002104,34,12867,5.936061,v2026-09-01
HP:0002876,Episodic tachypnea,HP:0002789,14,12867,6.823364,v2026-09-01
HP:0002878,Respiratory failure,HP:0002093,210,12867,4.115314,v2026-09-01
HP:0002890,Thyroid carcinoma,HP:0100031,46,12867,5.633780,v2026-09-01
HP:0002897,Parathyroid adenoma,HP:0100733,20,12867,6.466689,v2026-09-01
HP:0002898,Embryonal neoplasm,HP:0011792,93,12867,4.929822,v2026-09-01
HP:0002910,Elevated circulating hepatic transaminase concentration,HP:0430135,458,12867,3.335552,v2026-09-01
HP:0002921,Abnormal cerebrospinal fluid morphology,HP:0002011,777,12867,2.806981,v2026-09-01
HP:0002922,Increased CSF protein concentration,HP:0025456,87,12867,4.996513,v2026-09-01
HP:0002926,Abnormality of thyroid physiology,HP:0000820,440,12867,3.375646,v2026-09-01
HP:0002942,Thoracic kyphosis,HP:0002808; HP:0100711,66,12867,5.272766,v2026-09-01
HP:0002953,Vertebral compression fracture,HP:0003468,36,12867,5.878902,v2026-09-01
HP:0002955,Granulomatosis,HP:0004311,13,12867,6.897472,v2026-09-01
HP:0002960,Autoimmunity,HP:0010978,420,12867,3.422166,v2026-09-01
HP:0002967,Cubitus valgus,HP:0020300,86,12867,5.008074,v2026-09-01
HP:0002977,Aplasia/Hypoplasia involving the central nervous system,HP:0002011,3047,12867,1.440508,v2026-09-01
HP:0002979,Bowing of the legs,HP:0002981; HP:0006487,396,12867,3.481007,v2026-09-01
HP:0002981,Abnormality of the calf,HP:0002814,533,12867,3.183900,v2026-09-01
HP:0002992,Abnormal tibia morphology,HP:0002981; HP:0040069,182,12867,4.258414,v2026-09-01
HP:0002996,Limited elbow movement,HP:0001376; HP:0020301,235,12867,4.002836,v2026-09-01
HP:0003002,Breast carcinoma,HP:0100013,45,12867,5.655759,v2026-09-01
HP:0003003,Colon cancer,HP:0100273,40,12867,5.773542,v2026-09-01
HP:0003011,Abnormality of the musculature,HP:0033127,5461,12867,0.857034,v2026-09-01
HP:0003016,Metaphyseal widening,HP:0000944,147,12867,4.471989,v2026-09-01
HP:0003019,Abnormality of the wrist,HP:0009810,275,12867,3.845650,v2026-09-01
HP:0003049,Ulnar deviation of the wrist,HP:0025798,17,12867,6.629208,v2026-09-01
HP:0003053,Epiphyseal deformities of tubular bones,HP:0005930,3,12867,8.363809,v2026-09-01
HP:0003074,Hyperglycemia,HP:0011015,70,12867,5.213926,v2026-09-01
HP:0003077,Hyperlipidemia,HP:0003119,193,12867,4.199731,v2026-09-01
HP:0003090,Hypoplasia of the capital femoral epiphysis,HP:0005003,20,12867,6.466689,v2026-09-01
HP:0003103,Abnormal cortical bone morphology,HP:0003330,90,12867,4.962612,v2026-09-01
HP:0003107,Abnormal circulating cholesterol concentration,HP:0003119,183,12867,4.252935,v2026-09-01
HP:0003110,Abnormality of urine homeostasis,HP:0001939; HP:0011277,1088,12867,2.470325,v2026-09-01
HP:0003112,Abnormal circulating amino acid concentration,HP:0004354; HP:0033405,233,12867,4.011383,v2026-09-01
HP:0003117,Abnormal circulating hormone concentration,HP:0000818,586,12867,3.089101,v2026-09-01
HP:0003119,Abnormal circulating lipid concentration,HP:0430071,422,12867,3.417416,v2026-09-01
HP:0003121,Limb joint contracture,HP:0034392,680,12867,2.940328,v2026-09-01
HP:0003124,Hypercholesterolemia,HP:0003107,91,12867,4.951562,v2026-09-01
HP:0003125,Reduced factor VIII activity,HP:0030976,18,12867,6.572049,v2026-09-01
HP:0003130,Abnormal peripheral myelination,HP:0000759; HP:0012447,143,12867,4.499577,v2026-09-01
HP:0003134,Abnormality of peripheral nerve conduction,HP:0030177,241,12867,3.977624,v2026-09-01
HP:0003158,Hyposthenuria,HP:0033358,13,12867,6.897472,v2026-09-01
HP:0003170,Abnormal acetabulum morphology,HP:0001384,134,12867,4.564581,v2026-09-01
HP:0003196,Short nose,HP:0005105,454,12867,3.344324,v2026-09-01
HP:0003199,Decreased muscle mass,HP:0011805,55,12867,5.455088,v2026-09-01
HP:0003202,Skeletal muscle atrophy,HP:0011805,857,12867,2.708983,v2026-09-01
HP:0003233,Decreased circulating HDL-C concentration,HP:0010981; HP:0031888,46,12867,5.633780,v2026-09-01
HP:0003241,External genital hypoplasia,HP:0000811,635,12867,3.008796,v2026-09-01
HP:0003251,Male infertility,HP:0000789; HP:0012041,153,12867,4.431983,v2026-09-01
HP:0003256,Abnormality of the coagulation cascade,HP:0001928,209,12867,4.120087,v2026-09-01
HP:0003270,Abdominal distention,HP:0011458,194,12867,4.194563,v2026-09-01
HP:0003271,Visceromegaly,HP:0001438,1043,12867,2.512565,v2026-09-01
HP:0003272,Abnormal hip bone morphology,HP:0002644,820,12867,2.753117,v2026-09-01
HP:0003274,Hypoplastic acetabulae,HP:0003170,10,12867,7.159836,v2026-09-01
HP:0003277,Constricted iliac wing,HP:0011867,2,12867,8.769274,v2026-09-01
HP:0003298,Spina bifida occulta,HP:0002414,78,12867,5.105712,v2026-09-01
HP:0003300,Ovoid vertebral bodies,HP:0003312,48,12867,5.591220,v2026-09-01
HP:0003307,Hyperlordosis,HP:0010674,287,12867,3.802939,v2026-09-01
HP:0003308,Cervical subluxation,HP:0003319; HP:0032153,12,12867,6.977515,v2026-09-01
HP:0003310,Abnormal odontoid process morphology,HP:0000925,50,12867,5.550398,v2026-09-01
HP:0003311,Hypoplasia of the odontoid process,HP:0003310; HP:0008518,39,12867,5.798860,v2026-09-01
HP:0003312,Abnormal vertebral body morphology,HP:0003468,565,12867,3.125595,v2026-09-01
HP:0003318,Cervical spine hypermobility,HP:0003319,1,12867,9.462421,v2026-09-01
HP:0003319,Abnormality of the cervical spine,HP:0000925,633,12867,3.011951,v2026-09-01
HP:0003330,Abnormal bone structure,HP:0011842,1124,12867,2.437772,v2026-09-01
HP:0003336,Abnormal enchondral ossification,HP:0011849,215,12867,4.091783,v2026-09-01
HP:0003349,Low cholesterol esterification rate,HP:0012379,3,12867,8.363809,v2026-09-01
HP:0003355,Aminoaciduria,HP:0025745,208,12867,4.124883,v2026-09-01
HP:0003366,Abnormal femoral neck/head morphology,HP:0002823,329,12867,3.666363,v2026-09-01
HP:0003367,Abnormal femoral neck morphology,HP:0003366,254,12867,3.925087,v2026-09-01
HP:0003368,Abnormal femoral head morphology,HP:0003366,132,12867,4.579619,v2026-09-01
HP:0003394,Muscle spasm,HP:0011804,183,12867,4.252935,v2026-09-01
HP:0003401,Paresthesia,HP:0033747,156,12867,4.412565,v2026-09-01
HP:0003429,CNS hypomyelination,HP:0011400,115,12867,4.717489,v2026-09-01
HP:0003445,EMG: neuropathic changes,HP:0003457,72,12867,5.185755,v2026-09-01
HP:0003457,EMG abnormality,HP:0011804,313,12867,3.716218,v2026-09-01
HP:0003461,Increased urinary O-linked sialopeptides,HP:0012067,4,12867,8.076127,v2026-09-01
HP:0003468,Abnormal vertebral morphology,HP:0000925,775,12867,2.809558,v2026-09-01
HP:0003470,Paralysis,HP:0011442,173,12867,4.309130,v2026-09-01
HP:0003474,Somatic sensory dysfunction,HP:0012638,695,12867,2.918509,v2026-09-01
HP:0003487,Babinski sign,HP:0007256; HP:0031828,459,12867,3.333371,v2026-09-01
HP:0003495,GM2-ganglioside accumulation,HP:0004345,3,12867,8.363809,v2026-09-01
HP:0003498,Disproportionate short stature,HP:0004322,260,12867,3.901740,v2026-09-01
HP:0003502,Mild short stature,HP:0003508,24,12867,6.284367,v2026-09-01
HP:0003508,Proportionate short stature,HP:0004322,221,12867,4.064258,v2026-09-01
HP:0003510,Severe short stature,HP:0003508,154,12867,4.425469,v2026-09-01
HP:0003521,Disproportionate short-trunk short stature,HP:0003498; HP:0009121,50,12867,5.550398,v2026-09-01
HP:0003541,Urinary glycosaminoglycan excretion,HP:0033354,38,12867,5.824835,v2026-09-01
HP:0003549,Abnormality of connective tissue,HP:0033127,2495,12867,1.640377,v2026-09-01
HP:0003609,Foam cells with lamellar inclusion bodies,HP:0003651,4,12867,8.076127,v2026-09-01
HP:0003640,CNS foam cells,HP:0003651,3,12867,8.363809,v2026-09-01
HP:0003645,Prolonged partial thromboplastin time,HP:0001928,56,12867,5.437069,v2026-09-01
HP:0003649,Abnormal glycosidase enzyme activity,HP:0012379,8,12867,7.382980,v2026-09-01
HP:0003651,Foam cells,HP:0002621,23,12867,6.326927,v2026-09-01
HP:0003656,Decreased beta-glucocerebrosidase level,HP:0012379,6,12867,7.670662,v2026-09-01
HP:0003691,Scapular winging,HP:0000782; HP:0001435,112,12867,4.743922,v2026-09-01
HP:0003712,Skeletal muscle hypertrophy,HP:0030236,290,12867,3.792540,v2026-09-01
HP:0003739,Myoclonic spasms,HP:0001336,17,12867,6.629208,v2026-09-01
HP:0003764,Nevus,HP:0011355,195,12867,4.189422,v2026-09-01
HP:0003774,Stage 5 chronic kidney disease,HP:0012622,181,12867,4.263924,v2026-09-01
HP:0003808,Abnormal muscle tone,HP:0011804,3616,12867,1.269297,v2026-09-01
HP:0004097,Deviation of finger,HP:0001167; HP:0009484,756,12867,2.834380,v2026-09-01
HP:0004207,Abnormal 5th finger morphology,HP:0001167,737,12867,2.859833,v2026-09-01
HP:0004209,Clinodactyly of the 5th finger,HP:0009179; HP:0040019,529,12867,3.191433,v2026-09-01
HP:0004275,Duplication of hand bones,HP:0005922; HP:0009142,312,12867,3.719418,v2026-09-01
HP:0004279,Short palm,HP:0005927; HP:0100871,147,12867,4.471989,v2026-09-01
HP:0004283,Narrow palm,HP:0100871,14,12867,6.823364,v2026-09-01
HP:0004297,Abnormality of the biliary system,HP:0001392,560,12867,3.134484,v2026-09-01
HP:0004298,Abnormal abdominal wall morphology,HP:0025031,743,12867,2.851725,v2026-09-01
HP:0004299,Hernia of the abdominal wall,HP:0010866; HP:0100790,686,12867,2.931544,v2026-09-01
HP:0004305,Involuntary movements,HP:0011442; HP:0100022,1451,12867,2.182413,v2026-09-01
HP:0004311,Abnormal macrophage morphology,HP:0010974,71,12867,5.199741,v2026-09-01
HP:0004322,Short stature,HP:0000002; HP:0001510,2242,12867,1.747298,v2026-09-01
HP:0004323,Abnormality of body weight,HP:0001507,2264,12867,1.737533,v2026-09-01
HP:0004324,Increased body weight,HP:0004323,504,12867,3.239845,v2026-09-01
HP:0004325,Decreased body weight,HP:0004323,1868,12867,1.929798,v2026-09-01
HP:0004328,Abnormal anterior eye segment morphology,HP:0012372,1874,12867,1.926591,v2026-09-01
HP:0004329,Abnormal posterior eye segment morphology,HP:0012372,2018,12867,1.852559,v2026-09-01
HP:0004332,Abnormal lymphocyte morphology,HP:0001881,359,12867,3.579099,v2026-09-01
HP:0004333,Bone-marrow foam cells,HP:0003651; HP:0004311,9,12867,7.265197,v2026-09-01
HP:0004342,Abnormal galactosidase enyzme activity,HP:0003649,8,12867,7.382980,v2026-09-01
HP:0004343,Abnormal glycosphingolipid metabolism,HP:0010969,14,12867,6.823364,v2026-09-01
HP:0004345,Ganglioside accumulation,HP:0004343,7,12867,7.516511,v2026-09-01
HP:0004348,Abnormality of bone mineral density,HP:0011849,806,12867,2.770337,v2026-09-01
HP:0004349,Reduced bone mineral density,HP:0004348,663,12867,2.965646,v2026-09-01
HP:0004354,Abnormal circulating carboxylic acid concentration,HP:0430071,546,12867,3.159802,v2026-09-01
HP:0004356,Abnormality of lysosomal metabolism,HP:0011017,15,12867,6.754371,v2026-09-01
HP:0004362,Abnormal enteric ganglion morphology,HP:0025028,101,12867,4.847301,v2026-09-01
HP:0004364,Abnormal circulating nitrogen compound concentration,HP:0430071,476,12867,3.297003,v2026-09-01
HP:0004370,Abnormality of temperature regulation,HP:0012337,669,12867,2.956637,v2026-09-01
HP:0004372,Reduced consciousness,HP:0011446,417,12867,3.429335,v2026-09-01
HP:0004375,Neoplasm of the nervous system,HP:0011793; HP:0012639,250,12867,3.940960,v2026-09-01
HP:0004377,Hematological neoplasm,HP:0001871; HP:0011793,299,12867,3.761978,v2026-09-01
HP:0004378,Abnormality of the anus,HP:0025031,309,12867,3.729080,v2026-09-01
HP:0004400,Abnormality of the pylorus,HP:0002577,97,12867,4.887710,v2026-09-01
HP:0004404,Abnormal nipple morphology,HP:0031093,358,12867,3.581888,v2026-09-01
HP:0004408,Abnormality of the sense of smell,HP:0000366; HP:0012638,95,12867,4.908544,v2026-09-01
HP:0004409,Hyposmia,HP:0004408,32,12867,5.996685,v2026-09-01
HP:0004426,Abnormal cheek morphology,HP:0000309,398,12867,3.475969,v2026-09-01
HP:0004437,Cranial hyperostosis,HP:0002683; HP:0100774,54,12867,5.473437,v2026-09-01
HP:0004438,Hyperostosis frontalis interna,HP:0004437,4,12867,8.076127,v2026-09-01
HP:0004442,Sagittal craniosynostosis,HP:0001363,37,12867,5.851503,v2026-09-01
HP:0004443,Lambdoidal craniosynostosis,HP:0001363,26,12867,6.204325,v2026-09-01
HP:0004482,Relative macrocephaly,HP:0000256,91,12867,4.951562,v2026-09-01
HP:0004568,Beaking of vertebral bodies,HP:0003312,46,12867,5.633780,v2026-09-01
HP:0004639,Elevated amniotic fluid alpha-fetoprotein concentration,HP:0034899,5,12867,7.852983,v2026-09-01
HP:0004727,Impaired renal concentrating ability,HP:0011038,8,12867,7.382980,v2026-09-01
HP:0004841,Reduced factor XII activity,HP:0010989,5,12867,7.852983,v2026-09-01
HP:0004859,Amegakaryocytic thrombocytopenia,HP:0001873,4,12867,8.076127,v2026-09-01
HP:0004890,Elevated pulmonary artery pressure,HP:0030875,205,12867,4.139411,v2026-09-01
HP:0004934,Vascular calcification,HP:0011915; HP:0033353,25,12867,6.243545,v2026-09-01
HP:0004975,Erlenmeyer flask deformity of the femurs,HP:0002823,11,12867,7.064526,v2026-09-01
HP:0005003,Aplasia/Hypoplasia of the capital femoral epiphysis,HP:0010574; HP:0010577,22,12867,6.371379,v2026-09-01
HP:0005105,Abnormal nasal morphology,HP:0000366,2455,12867,1.656539,v2026-09-01
HP:0005109,Abnormal Achilles tendon morphology,HP:0001760; HP:0100261,77,12867,5.118616,v2026-09-01
HP:0005120,Abnormal cardiac atrium morphology,HP:0001627,666,12867,2.961132,v2026-09-01
HP:0005144,Ventricular septal hypertrophy,HP:0010438,18,12867,6.572049,v2026-09-01
HP:0005150,Abnormal atrioventricular conduction,HP:0031546,106,12867,4.798982,v2026-09-01
HP:0005262,Abnormal synovial membrane morphology,HP:0001367,20,12867,6.466689,v2026-09-01
HP:0005264,Abnormality of the gallbladder,HP:0004297,127,12867,4.618234,v2026-09-01
HP:0005280,Depressed nasal bridge,HP:0000422,764,12867,2.823853,v2026-09-01
HP:0005281,Hypoplastic nasal bridge,HP:0000422,8,12867,7.382980,v2026-09-01
HP:0005288,Abnormal nostril morphology,HP:0005105,672,12867,2.952163,v2026-09-01
HP:0005292,Intimal thickening in the coronary arteries,HP:0006704,1,12867,9.462421,v2026-09-01
HP:0005343,Hypoplasia of the bladder,HP:0010476,11,12867,7.064526,v2026-09-01
HP:0005445,Enlarged posterior fossa,HP:0000932,236,12867,3.998589,v2026-09-01
HP:0005556,Abnormality of the metopic suture,HP:0000290; HP:0011329,120,12867,4.674929,v2026-09-01
HP:0005561,Abnormal bone marrow cell morphology,HP:0001871,302,12867,3.751994,v2026-09-01
HP:0005565,Reduced renal corticomedullary differentiation,HP:0005932,17,12867,6.629208,v2026-09-01
HP:0005576,Tubulointerstitial fibrosis,HP:0001969; HP:0030760,20,12867,6.466689,v2026-09-01
HP:0005583,Tubular basement membrane disintegration,HP:0020131,4,12867,8.076127,v2026-09-01
HP:0005607,Abnormal tracheobronchial morphology,HP:0012252,406,12867,3.456068,v2026-09-01
HP:0005609,Gallbladder dysfunction,HP:0012438,2,12867,8.769274,v2026-09-01
HP:0005616,Accelerated skeletal maturation,HP:0000927,93,12867,4.929822,v2026-09-01
HP:0005619,Thoracolumbar kyphosis,HP:0002942; HP:0100712,25,12867,6.243545,v2026-09-01
HP:0005656,Positional foot deformity,HP:0001760,658,12867,2.973216,v2026-09-01
HP:0005750,Lower-limb joint contracture,HP:0003121,292,12867,3.785667,v2026-09-01
HP:0005864,Pseudoarthrosis,HP:0011314,14,12867,6.823364,v2026-09-01
HP:0005916,Abnormal metacarpal morphology,HP:0005922; HP:0040070,396,12867,3.481007,v2026-09-01
HP:0005918,Abnormal finger phalanx morphology,HP:0001167,1087,12867,2.471244,v2026-09-01
HP:0005922,Abnormal hand morphology,HP:0001155,1928,12867,1.898183,v2026-09-01
HP:0005927,Aplasia/hypoplasia involving bones of the hand,HP:0005922; HP:0006496,934,12867,2.622945,v2026-09-01
HP:0005930,Abnormal epiphysis morphology,HP:0011314,422,12867,3.417416,v2026-09-01
HP:0005932,Abnormal renal corticomedullary differentiation,HP:0011035; HP:0100957,25,12867,6.243545,v2026-09-01
HP:0005957,Breathing dysregulation,HP:0002795,13,12867,6.897472,v2026-09-01
HP:0005968,Temperature instability,HP:0004370,24,12867,6.284367,v2026-09-01
HP:0005978,Type II diabetes mellitus,HP:0000819,94,12867,4.919126,v2026-09-01
HP:0005987,Multinodular goiter,HP:0005994,10,12867,7.159836,v2026-09-01
HP:0005989,Redundant neck skin,HP:0001582; HP:0025668,39,12867,5.798860,v2026-09-01
HP:0005994,Nodular goiter,HP:0000853,18,12867,6.572049,v2026-09-01
HP:0006094,Finger joint hypermobility,HP:0001167; HP:0006256; HP:0430046,59,12867,5.384884,v2026-09-01
HP:0006101,Finger syndactyly,HP:0001159,261,12867,3.897901,v2026-09-01
HP:0006119,Proximal tapering of metacarpals,HP:0005916,3,12867,8.363809,v2026-09-01
HP:0006191,Deep palmar crease,HP:0010490,43,12867,5.701221,v2026-09-01
HP:0006256,Abnormality of hand joint mobility,HP:0001155; HP:0011729,65,12867,5.288034,v2026-09-01
HP:0006261,Abnormal phalangeal joint morphology of the hand,HP:0005918,289,12867,3.795994,v2026-09-01
HP:0006262,Aplasia/Hypoplasia of the 5th finger,HP:0004207; HP:0006265,101,12867,4.847301,v2026-09-01
HP:0006265,Aplasia/Hypoplasia of fingers,HP:0001167; HP:0005927,577,12867,3.104579,v2026-09-01
HP:0006267,Large placenta,HP:0012767,12,12867,6.977515,v2026-09-01
HP:0006288,Advanced eruption of teeth,HP:0006292,78,12867,5.105712,v2026-09-01
HP:0006292,Abnormality of dental eruption,HP:0020354,337,12867,3.642338,v2026-09-01
HP:0006482,Abnormal dental morphology,HP:0000164; HP:0031816,1260,12867,2.323554,v2026-09-01
HP:0006483,Abnormal number of teeth,HP:0006482,423,12867,3.415049,v2026-09-01
HP:0006487,Bowing of the long bones,HP:0000940,496,12867,3.255845,v2026-09-01
HP:0006493,Aplasia/hypoplasia involving bones of the lower limbs,HP:0040069; HP:0045060,696,12867,2.917072,v2026-09-01
HP:0006494,Aplasia/Hypoplasia involving bones of the feet,HP:0001760; HP:0006493,477,12867,3.294905,v2026-09-01
HP:0006496,Aplasia/hypoplasia involving bones of the upper limbs,HP:0002817; HP:0045060,1040,12867,2.515445,v2026-09-01
HP:0006499,Abnormal femoral epiphysis morphology,HP:0002823; HP:0006500,117,12867,4.700247,v2026-09-01
HP:0006500,Abnormal lower limb epiphysis morphology,HP:0002814; HP:0006505,129,12867,4.602609,v2026-09-01
HP:0006505,Abnormal limb epiphysis morphology,HP:0002813; HP:0005930,196,12867,4.184307,v2026-09-01
HP:0006530,Abnormal pulmonary interstitial morphology,HP:0002088,172,12867,4.314927,v2026-09-01
HP:0006532,Recurrent pneumonia,HP:0002090; HP:0002783,186,12867,4.236674,v2026-09-01
HP:0006536,Airway obstruction,HP:0002795,91,12867,4.951562,v2026-09-01
HP:0006561,Lipid accumulation in hepatocytes,HP:0031137,195,12867,4.189422,v2026-09-01
HP:0006563,Malformation of the hepatic ductal plate,HP:0004297,10,12867,7.159836,v2026-09-01
HP:0006579,Prolonged neonatal jaundice,HP:0000952,82,12867,5.055702,v2026-09-01
HP:0006583,Fatal liver failure in infancy,HP:0001399,5,12867,7.852983,v2026-09-01
HP:0006610,Wide intermamillary distance,HP:0040157,162,12867,4.374825,v2026-09-01
HP:0006695,Atrioventricular canal defect,HP:0001671,89,12867,4.973785,v2026-09-01
HP:0006703,Aplasia/Hypoplasia of the lungs,HP:4000059,220,12867,4.068794,v2026-09-01
HP:0006704,Abnormal coronary artery morphology,HP:0011004,94,12867,4.919126,v2026-09-01
HP:0006705,Abnormal atrioventricular valve morphology,HP:0001654,246,12867,3.957090,v2026-09-01
HP:0006711,Aplasia/Hypoplasia involving bones of the thorax,HP:0000765; HP:0009122,274,12867,3.849293,v2026-09-01
HP:0006712,Aplasia/Hypoplasia of the ribs,HP:0000772; HP:0006711,173,12867,4.309130,v2026-09-01
HP:0006743,Embryonal rhabdomyosarcoma,HP:0002859; HP:0002898,5,12867,7.852983,v2026-09-01
HP:0006775,Multiple myeloma,HP:0004377,15,12867,6.754371,v2026-09-01
HP:0006801,Hyperactive deep tendon reflexes,HP:0001347,38,12867,5.824835,v2026-09-01
HP:0006817,Aplasia/Hypoplasia of the cerebellar vermis,HP:0002334; HP:0007360,381,12867,3.519622,v2026-09-01
HP:0006872,Cerebral hypoplasia,HP:0007364,38,12867,5.824835,v2026-09-01
HP:0007010,Poor fine motor coordination,HP:0002311,50,12867,5.550398,v2026-09-01
HP:0007015,Poor gross motor coordination,HP:0002311,11,12867,7.064526,v2026-09-01
HP:0007018,Attention deficit hyperactivity disorder,HP:0000736; HP:0000752,396,12867,3.481007,v2026-09-01
HP:0007099,Chiari type I malformation,HP:0002308,66,12867,5.272766,v2026-09-01
HP:0007133,Progressive peripheral neuropathy,HP:0009830,9,12867,7.265197,v2026-09-01
HP:0007141,Sensorimotor neuropathy,HP:0009830,109,12867,4.771073,v2026-09-01
HP:0007256,Abnormal pyramidal sign,HP:0002423; HP:0002493,611,12867,3.047324,v2026-09-01
HP:0007271,Occipital myelomeningocele,HP:0002436,1,12867,9.462421,v2026-09-01
HP:0007272,Progressive psychomotor deterioration,HP:0002344,14,12867,6.823364,v2026-09-01
HP:0007281,Developmental stagnation,HP:0012759,21,12867,6.417899,v2026-09-01
HP:0007305,CNS demyelination,HP:0011400,59,12867,5.384884,v2026-09-01
HP:0007313,Cerebral degeneration,HP:0007369,3,12867,8.363809,v2026-09-01
HP:0007328,Impaired pain sensation,HP:0010832,118,12867,4.691737,v2026-09-01
HP:0007360,Aplasia/Hypoplasia of the cerebellum,HP:0001317; HP:0002977,691,12867,2.924281,v2026-09-01
HP:0007361,Abnormal pons morphology,HP:0002363; HP:0011283,128,12867,4.610391,v2026-09-01
HP:0007362,Aplasia/Hypoplasia of the brainstem,HP:0002363; HP:0002977,103,12867,4.827692,v2026-09-01
HP:0007364,Aplasia/Hypoplasia of the cerebrum,HP:0002060; HP:0002977,2460,12867,1.654505,v2026-09-01
HP:0007367,Atrophy/Degeneration affecting the central nervous system,HP:0002011,1110,12867,2.450306,v2026-09-01
HP:0007369,Atrophy/Degeneration affecting the cerebrum,HP:0002060; HP:0002977; HP:0012444,815,12867,2.759233,v2026-09-01
HP:0007370,Aplasia/Hypoplasia of the corpus callosum,HP:0007364; HP:0033725,985,12867,2.569780,v2026-09-01
HP:0007378,Neoplasm of the gastrointestinal tract,HP:0011024; HP:0034930,245,12867,3.961163,v2026-09-01
HP:0007379,Neoplasm of the genitourinary tract,HP:0000119; HP:0011793,231,12867,4.020003,v2026-09-01
HP:0007400,Irregular hyperpigmentation,HP:0000953,297,12867,3.768689,v2026-09-01
HP:0007401,Macular atrophy,HP:0000608; HP:0001105,59,12867,5.384884,v2026-09-01
HP:0007429,Few cafe-au-lait spots,HP:0000957,13,12867,6.897472,v2026-09-01
HP:0007470,Periarticular subcutaneous nodules,HP:0001482,5,12867,7.852983,v2026-09-01
HP:0007477,Abnormal dermatoglyphics,HP:0011356,452,12867,3.348739,v2026-09-01
HP:0007513,Generalized hypopigmentation,HP:0001010,46,12867,5.633780,v2026-09-01
HP:0007550,Hypohidrosis or hyperhidrosis,HP:0025276,299,12867,3.761978,v2026-09-01
HP:0007565,Multiple cafe-au-lait spots,HP:0000957,44,12867,5.678232,v2026-09-01
HP:0007663,Reduced visual acuity,HP:0000505,702,12867,2.908488,v2026-09-01
HP:0007703,Abnormal retinal pigmentation,HP:0000479,321,12867,3.690980,v2026-09-01
HP:0007737,Spicular pigmentation of the retina,HP:0000580,91,12867,4.951562,v2026-09-01
HP:0007759,Opacification of the corneal stroma,HP:0007957; HP:0011492,126,12867,4.626139,v2026-09-01
HP:0007772,Impaired smooth pursuit,HP:0000617,54,12867,5.473437,v2026-09-01
HP:0007817,Horizontal supranuclear gaze palsy,HP:0000605,7,12867,7.516511,v2026-09-01
HP:0007843,Attenuation of retinal blood vessels,HP:0008046,107,12867,4.789592,v2026-09-01
HP:0007874,Almond-shaped palpebral fissure,HP:0200005,48,12867,5.591220,v2026-09-01
HP:0007875,Congenital blindness,HP:0000618,10,12867,7.159836,v2026-09-01
HP:0007928,Abnormal flash visual evoked potentials,HP:0000649,6,12867,7.670662,v2026-09-01
HP:0007957,Corneal opacity,HP:0000481,340,12867,3.633476,v2026-09-01
HP:0007973,Retinal dysplasia,HP:0000479,27,12867,6.166584,v2026-09-01
HP:0007994,Peripheral visual field loss,HP:0001133,36,12867,5.878902,v2026-09-01
HP:0008034,Abnormal iris pigmentation,HP:0000525,146,12867,4.478815,v2026-09-01
HP:0008046,Abnormal retinal vascular morphology,HP:0000479; HP:0008047,251,12867,3.936968,v2026-09-01
HP:0008047,Abnormality of the vasculature of the eye,HP:0002597; HP:0012372,466,12867,3.318236,v2026-09-01
HP:0008050,Abnormality of the palpebral fissures,HP:0000492,1381,12867,2.231858,v2026-09-01
HP:0008054,Abnormal morphology of the conjunctival vasculature,HP:0000502; HP:0008047,24,12867,6.284367,v2026-09-01
HP:0008056,Aplasia/Hypoplasia affecting the eye,HP:0012372,640,12867,3.000953,v2026-09-01
HP:0008067,Abnormally lax or hyperextensible skin,HP:0010647,257,12867,3.913345,v2026-09-01
HP:0008069,Neoplasm of the skin,HP:0000951; HP:0011793,271,12867,3.860302,v2026-09-01
HP:0008070,Sparse hair,HP:0011362,517,12867,3.214378,v2026-09-01
HP:0008155,Mucopolysacchariduria,HP:0003541,37,12867,5.851503,v2026-09-01
HP:0008166,Decreased beta-galactosidase activity,HP:0004342,8,12867,7.382980,v2026-09-01
HP:0008232,Elevated circulating follicle stimulating hormone level,HP:0000837; HP:0030346,64,12867,5.303538,v2026-09-01
HP:0008357,Reduced factor XIII activity,HP:0010990,5,12867,7.852983,v2026-09-01
HP:0008366,Foot joint contracture,HP:0001760; HP:0005750,174,12867,4.303366,v2026-09-01
HP:0008373,Puberty and gonadal disorders,HP:0000818,632,12867,3.013532,v2026-09-01
HP:0008386,Aplasia/Hypoplasia of the nails,HP:0001597,323,12867,3.684769,v2026-09-01
HP:0008417,Vertebral hypoplasia,HP:0008515,48,12867,5.591220,v2026-09-01
HP:0008430,Anterior beaking of lumbar vertebrae,HP:0004568,9,12867,7.265197,v2026-09-01
HP:0008454,Lumbar kyphosis,HP:0100712,12,12867,6.977515,v2026-09-01
HP:0008479,Hypoplastic vertebral bodies,HP:0003312; HP:0008417,24,12867,6.284367,v2026-09-01
HP:0008515,Aplasia/Hypoplasia of the vertebrae,HP:0003468; HP:0008518,52,12867,5.511177,v2026-09-01
HP:0008518,Aplasia/Hypoplasia involving the vertebral column,HP:0000925; HP:0009122,113,12867,4.735033,v2026-09-01
HP:0008609,Abnormal middle ear morphology,HP:0000370,414,12867,3.436555,v2026-09-01
HP:0008678,Renal hypoplasia/aplasia,HP:0012210,372,12867,3.543527,v2026-09-01
HP:0008689,Bilateral cryptorchidism,HP:0000028,63,12867,5.319286,v2026-09-01
HP:0008724,Hypoplasia of the ovary,HP:0010462,43,12867,5.701221,v2026-09-01
HP:0008734,Decreased testicular size,HP:0000050; HP:0010468,147,12867,4.471989,v2026-09-01
HP:0008736,Hypoplasia of penis,HP:0000036; HP:0000050,446,12867,3.362102,v2026-09-01
HP:0008776,Abnormal renal artery morphology,HP:0020317; HP:0033836,20,12867,6.466689,v2026-09-01
HP:0008872,Feeding difficulties in infancy,HP:0011968,593,12867,3.077227,v2026-09-01
HP:0008897,Postnatal growth retardation,HP:0001510,332,12867,3.657286,v2026-09-01
HP:0008936,Axial hypotonia,HP:0001252,378,12867,3.527527,v2026-09-01
HP:0009115,Aplasia/hypoplasia involving the skeleton,HP:0011842,2316,12867,1.714824,v2026-09-01
HP:0009116,Aplasia/Hypoplasia involving bones of the skull,HP:0000929; HP:0009122,1253,12867,2.329125,v2026-09-01
HP:0009118,Aplasia/Hypoplasia of the mandible,HP:0000277; HP:0009116,1234,12867,2.344405,v2026-09-01
HP:0009121,Abnormal axial skeleton morphology,HP:0011842,5246,12867,0.897200,v2026-09-01
HP:0009122,Aplasia/hypoplasia affecting bones of the axial skeleton,HP:0009115; HP:0009121,1469,12867,2.170084,v2026-09-01
HP:0009124,Abnormal adipose tissue morphology,HP:0003549,291,12867,3.789098,v2026-09-01
HP:0009127,Abnormal appendicular muscle morphology,HP:0011805; HP:0040064,877,12867,2.685914,v2026-09-01
HP:0009134,Osteolysis involving bones of the feet,HP:0001760; HP:0009139,20,12867,6.466689,v2026-09-01
HP:0009136,Duplication involving bones of the feet,HP:0001760; HP:0040069,127,12867,4.618234,v2026-09-01
HP:0009139,Osteolysis involving bones of the lower limbs,HP:0002797; HP:0040069,23,12867,6.326927,v2026-09-01
HP:0009142,Duplication of bones involving the upper extremities,HP:0002817,312,12867,3.719418,v2026-09-01
HP:0009179,Deviation of the 5th finger,HP:0004097; HP:0004207,531,12867,3.187659,v2026-09-01
HP:0009237,Short 5th finger,HP:0006262; HP:0009381,94,12867,4.919126,v2026-09-01
HP:0009381,Short finger,HP:0006265; HP:0011927,465,12867,3.320384,v2026-09-01
HP:0009466,Radial deviation of finger,HP:0004097; HP:0009485,68,12867,5.242913,v2026-09-01
HP:0009473,Joint contracture of the hand,HP:0001155; HP:0009810; HP:0100360,383,12867,3.514386,v2026-09-01
HP:0009484,Deviation of the hand or of fingers of the hand,HP:0005922,802,12867,2.775313,v2026-09-01
HP:0009485,Radial deviation of the hand or of fingers of the hand,HP:0009484,78,12867,5.105712,v2026-09-01
HP:0009553,Abnormality of the hairline,HP:0011361; HP:0100037,394,12867,3.486070,v2026-09-01
HP:0009588,Vestibular schwannoma,HP:0009591; HP:0040096; HP:0100008,9,12867,7.265197,v2026-09-01
HP:0009591,Abnormal vestibulocochlear nerve morphology,HP:0001291,12,12867,6.977515,v2026-09-01
HP:0009592,Astrocytoma,HP:0009733; HP:0100707,27,12867,6.166584,v2026-09-01
HP:0009699,Osteolytic defects of the hand bones,HP:0005922; HP:0045039,34,12867,5.936061,v2026-09-01
HP:0009725,Bladder neoplasm,HP:0010786,13,12867,6.897472,v2026-09-01
HP:0009728,Neoplasm of striated muscle,HP:0003011; HP:0011793,27,12867,6.166584,v2026-09-01
HP:0009732,Plexiform neurofibroma,HP:0001067,8,12867,7.382980,v2026-09-01
HP:0009733,Glioma,HP:0030063; HP:0100705; HP:0100836,47,12867,5.612274,v2026-09-01
HP:0009734,Optic nerve glioma,HP:0009733,9,12867,7.265197,v2026-09-01
HP:0009735,Spinal neurofibroma,HP:0034761,6,12867,7.670662,v2026-09-01
HP:0009736,Tibial pseudarthrosis,HP:0002992; HP:0005864,1,12867,9.462421,v2026-09-01
HP:0009737,Lisch nodules,HP:0010568; HP:0034819,11,12867,7.064526,v2026-09-01
HP:0009748,Large earlobe,HP:0000363,52,12867,5.511177,v2026-09-01
HP:0009771,Osteolytic defects of the phalanges of the hand,HP:0005918; HP:0009699,33,12867,5.965914,v2026-09-01
HP:0009799,Supernumerary spleens,HP:0025408,49,12867,5.570601,v2026-09-01
HP:0009804,Tooth agenesis,HP:0006483,363,12867,3.568018,v2026-09-01
HP:0009806,Nephrogenic diabetes insipidus,HP:0000873,12,12867,6.977515,v2026-09-01
HP:0009810,Abnormality of upper limb joint,HP:0001367; HP:0002817,970,12867,2.585125,v2026-09-01
HP:0009811,Abnormality of the elbow,HP:0009810,460,12867,3.331195,v2026-09-01
HP:0009815,Aplasia/hypoplasia of the extremities,HP:0009115; HP:0040064,1447,12867,2.185173,v2026-09-01
HP:0009826,Limb undergrowth,HP:0009815,460,12867,3.331195,v2026-09-01
HP:0009830,Peripheral neuropathy,HP:0032120,751,12867,2.841016,v2026-09-01
HP:0009890,High anterior hairline,HP:0000599,109,12867,4.771073,v2026-09-01
HP:0009931,Enlarged naris,HP:0005288,8,12867,7.382980,v2026-09-01
HP:0009997,Duplication of phalanx of hand,HP:0004275; HP:0005918,307,12867,3.735573,v2026-09-01
HP:0010301,Spinal dysraphism,HP:0002143; HP:0045005,151,12867,4.445141,v2026-09-01
HP:0010307,Stridor,HP:0030829,64,12867,5.303538,v2026-09-01
HP:0010310,Chylothorax,HP:0002202,15,12867,6.754371,v2026-09-01
HP:0010322,Abnormal fifth toe morphology,HP:0001780,106,12867,4.798982,v2026-09-01
HP:0010438,Abnormal ventricular septum morphology,HP:0001671; HP:0001713,692,12867,2.922835,v2026-09-01
HP:0010442,Polydactyly,HP:0011297,438,12867,3.380202,v2026-09-01
HP:0010451,Aplasia/Hypoplasia of the spleen,HP:0025408,47,12867,5.612274,v2026-09-01
HP:0010460,Abnormality of the female genitalia,HP:0012243,603,12867,3.060504,v2026-09-01
HP:0010461,Abnormality of the male genitalia,HP:0012243,1620,12867,2.072240,v2026-09-01
HP:0010462,Aplasia/Hypoplasia of the ovary,HP:0031065,50,12867,5.550398,v2026-09-01
HP:0010463,Aplasia of the ovary,HP:0010462,9,12867,7.265197,v2026-09-01
HP:0010468,Aplasia/Hypoplasia of the testes,HP:0045058,152,12867,4.438541,v2026-09-01
HP:0010471,Oligosacchariduria,HP:0031979,20,12867,6.466689,v2026-09-01
HP:0010476,Aplasia/Hypoplasia of the bladder,HP:0025487,19,12867,6.517982,v2026-09-01
HP:0010490,Abnormal palmar crease morphology,HP:0001018,379,12867,3.524885,v2026-09-01
HP:0010501,Limitation of knee mobility,HP:0001376; HP:0034670,34,12867,5.936061,v2026-09-01
HP:0010514,Hyperpituitarism,HP:0011747,163,12867,4.368671,v2026-09-01
HP:0010535,Sleep apnea,HP:5200283,213,12867,4.101129,v2026-09-01
HP:0010549,Weakness due to upper motor neuron dysfunction,HP:0002493,654,12867,2.979314,v2026-09-01
HP:0010551,Paraplegia/paraparesis,HP:0010549,314,12867,3.713028,v2026-09-01
HP:0010554,Cutaneous finger syndactyly,HP:0006101; HP:0012725,95,12867,4.908544,v2026-09-01
HP:0010566,Hamartoma,HP:0011792,84,12867,5.031604,v2026-09-01
HP:0010568,Hamartoma of the eye,HP:0030670; HP:0100012,25,12867,6.243545,v2026-09-01
HP:0010574,Abnormality of the epiphysis of the femoral head,HP:0003368; HP:0006499,105,12867,4.808461,v2026-09-01
HP:0010576,Intracranial cystic lesion,HP:0030724,254,12867,3.925087,v2026-09-01
HP:0010577,Absent epiphyses,HP:0005930,27,12867,6.166584,v2026-09-01
HP:0010609,Skin tags,HP:0011355,138,12867,4.535167,v2026-09-01
HP:0010614,Fibroma,HP:0012316; HP:0030448,84,12867,5.031604,v2026-09-01
HP:0010647,Abnormal elasticity of skin,HP:0011121,331,12867,3.660303,v2026-09-01
HP:0010651,Abnormal meningeal morphology,HP:0002011,183,12867,4.252935,v2026-09-01
HP:0010655,Epiphyseal stippling,HP:0005930; HP:0010656; HP:0010766,48,12867,5.591220,v2026-09-01
HP:0010656,Abnormal epiphyseal ossification,HP:0003336,106,12867,4.798982,v2026-09-01
HP:0010674,Abnormal curvature of the vertebral column,HP:0000925,1898,12867,1.913865,v2026-09-01
HP:0010719,Abnormality of hair texture,HP:0001595,313,12867,3.716218,v2026-09-01
HP:0010720,Abnormal hair pattern,HP:0001595,512,12867,3.224097,v2026-09-01
HP:0010721,Abnormal hair whorl,HP:0011361,48,12867,5.591220,v2026-09-01
HP:0010729,Cherry red spot of the macula,HP:0000630; HP:0001103,27,12867,6.166584,v2026-09-01
HP:0010750,Dermatochalasis,HP:0000492,5,12867,7.852983,v2026-09-01
HP:0010766,Ectopic calcification,HP:0000924,349,12867,3.607349,v2026-09-01
HP:0010780,Hyperacusis,HP:5200060,17,12867,6.629208,v2026-09-01
HP:0010786,Urinary tract neoplasm,HP:0007379,117,12867,4.700247,v2026-09-01
HP:0010795,Cerebellar glioma,HP:0009733,2,12867,8.769274,v2026-09-01
HP:0010808,Protruding tongue,HP:0030809,56,12867,5.437069,v2026-09-01
HP:0010828,Hemifacial spasm,HP:0003739,4,12867,8.076127,v2026-09-01
HP:0010829,Impaired temperature sensation,HP:0033748,41,12867,5.748849,v2026-09-01
HP:0010832,Abnormality of pain sensation,HP:0033747,163,12867,4.368671,v2026-09-01
HP:0010841,Multifocal epileptiform discharges,HP:0011185,50,12867,5.550398,v2026-09-01
HP:0010866,Abdominal wall defect,HP:0004298,701,12867,2.909913,v2026-09-01
HP:0010881,Abnormality of the umbilical cord,HP:0001194,93,12867,4.929822,v2026-09-01
HP:0010885,Avascular necrosis,HP:0011843,95,12867,4.908544,v2026-09-01
HP:0010932,Abnormal circulating nucleobase concentration,HP:0004364,82,12867,5.055702,v2026-09-01
HP:0010935,Abnormality of the upper urinary tract,HP:0000079,2024,12867,1.849590,v2026-09-01
HP:0010936,Abnormality of the lower urinary tract,HP:0000079,1100,12867,2.459356,v2026-09-01
HP:0010938,Abnormal external nose morphology,HP:0005105,1433,12867,2.194896,v2026-09-01
HP:0010944,Abnormal renal pelvis morphology,HP:0012210,356,12867,3.587490,v2026-09-01
HP:0010946,Dilatation of the renal pelvis,HP:0010944,340,12867,3.633476,v2026-09-01
HP:0010948,Abnormal fetal cardiovascular morphology,HP:0030680; HP:0034058,73,12867,5.171962,v2026-09-01
HP:0010950,Abnormal fourth ventricle morphology,HP:0002118,187,12867,4.231313,v2026-09-01
HP:0010969,Abnormality of glycolipid metabolism,HP:0032243,16,12867,6.689832,v2026-09-01
HP:0010972,Anemia of inadequate production,HP:0001903,246,12867,3.957090,v2026-09-01
HP:0010974,Abnormal myeloid leukocyte morphology,HP:0001881,464,12867,3.322537,v2026-09-01
HP:0010978,Abnormality of immune system physiology,HP:0002715,2812,12867,1.520770,v2026-09-01
HP:0010979,Abnormal circulating lipoprotein cholesterol concentration,HP:0003107,89,12867,4.973785,v2026-09-01
HP:0010981,Hypolipoproteinemia,HP:0010979,58,12867,5.401978,v2026-09-01
HP:0010987,Abnormal cellular immune system morphology,HP:0032251,903,12867,2.656699,v2026-09-01
HP:0010989,Abnormality of the intrinsic pathway,HP:0003256,68,12867,5.242913,v2026-09-01
HP:0010990,Abnormality of the common coagulation pathway,HP:0003256,72,12867,5.185755,v2026-09-01
HP:0010993,Abnormal cerebral subcortex morphology,HP:0002060,1674,12867,2.039450,v2026-09-01
HP:0011004,Abnormal systemic arterial morphology,HP:0033353,672,12867,2.952163,v2026-09-01
HP:0011013,Abnormal circulating carbohydrate concentration,HP:0430071,409,12867,3.448706,v2026-09-01
HP:0011014,Abnormal glucose homeostasis,HP:0012337,794,12867,2.785338,v2026-09-01
HP:0011015,Abnormal blood glucose concentration,HP:0011014; HP:0020347,391,12867,3.493714,v2026-09-01
HP:0011017,Abnormal cellular physiology,HP:0001939; HP:0025354,909,12867,2.650076,v2026-09-01
HP:0011024,Abnormality of the gastrointestinal tract,HP:0025031,2284,12867,1.728738,v2026-09-01
HP:0011025,Abnormal cardiovascular system physiology,HP:0001626,2273,12867,1.733565,v2026-09-01
HP:0011032,Abnormality of fluid regulation,HP:0012337,914,12867,2.644591,v2026-09-01
HP:0011035,Abnormal renal cortex morphology,HP:0012210,267,12867,3.875173,v2026-09-01
HP:0011036,Abnormality of renal excretion,HP:0012211,89,12867,4.973785,v2026-09-01
HP:0011038,Abnormal renal tubular resorption,HP:0000124,36,12867,5.878902,v2026-09-01
HP:0011039,Abnormal helix morphology,HP:0000377,238,12867,3.990150,v2026-09-01
HP:0011061,Abnormality of dental structure,HP:0006482,449,12867,3.355398,v2026-09-01
HP:0011073,Abnormality of dental color,HP:0011061,36,12867,5.878902,v2026-09-01
HP:0011096,Peripheral demyelination,HP:0003130,61,12867,5.351547,v2026-09-01
HP:0011097,Epileptic spasm,HP:0020219,227,12867,4.037471,v2026-09-01
HP:0011103,Abnormal left ventricular outflow tract morphology,HP:0001711,28,12867,6.130217,v2026-09-01
HP:0011119,Abnormal nasal dorsum morphology,HP:0010938,296,12867,3.772062,v2026-09-01
HP:0011121,Abnormal skin morphology,HP:0000951,3586,12867,1.277629,v2026-09-01
HP:0011138,Abnormal skin adnexa morphology,HP:0001574,2548,12867,1.619357,v2026-09-01
HP:0011182,Interictal epileptiform activity,HP:0025373,356,12867,3.587490,v2026-09-01
HP:0011185,EEG with focal epileptiform discharges,HP:0011182,108,12867,4.780290,v2026-09-01
HP:0011198,EEG with generalized epileptiform discharges,HP:0011182,276,12867,3.842020,v2026-09-01
HP:0011218,Abnormal shape of the frontal region,HP:0430000,611,12867,3.047324,v2026-09-01
HP:0011220,Prominent forehead,HP:0000290,367,12867,3.557059,v2026-09-01
HP:0011276,Vascular skin abnormality,HP:0002597; HP:0011354,786,12867,2.795464,v2026-09-01
HP:0011277,Abnormality of the urinary system physiology,HP:0000079,1563,12867,2.108059,v2026-09-01
HP:0011282,Abnormal hindbrain morphology,HP:0012443,1493,12867,2.153878,v2026-09-01
HP:0011283,Abnormal metencephalon morphology,HP:0011282,1490,12867,2.155890,v2026-09-01
HP:0011297,Abnormal digit morphology,HP:0002813,2835,12867,1.512624,v2026-09-01
HP:0011314,Abnormal long bone morphology,HP:0011844,1424,12867,2.201196,v2026-09-01
HP:0011320,Unilambdoid synostosis,HP:0004443,4,12867,8.076127,v2026-09-01
HP:0011321,Left unilambdoid synostosis,HP:0011320,2,12867,8.769274,v2026-09-01
HP:0011328,Abnormal fontanelle morphology,HP:0000235,292,12867,3.785667,v2026-09-01
HP:0011329,Abnormality of cranial sutures,HP:0000235,551,12867,3.150686,v2026-09-01
HP:0011330,Metopic synostosis,HP:0005556,32,12867,5.996685,v2026-09-01
HP:0011337,Abnormality of mouth size,HP:0000163,627,12867,3.021475,v2026-09-01
HP:0011338,Abnormality of mouth shape,HP:0000163,408,12867,3.451154,v2026-09-01
HP:0011339,Abnormality of upper lip vermillion,HP:0000177,611,12867,3.047324,v2026-09-01
HP:0011354,Generalized abnormality of skin,HP:0011121,1566,12867,2.106141,v2026-09-01
HP:0011355,Localized skin lesion,HP:0011121,1514,12867,2.139911,v2026-09-01
HP:0011356,Regional abnormality of skin,HP:0011121,864,12867,2.700848,v2026-09-01
HP:0011361,Congenital abnormal hair pattern,HP:0010720,435,12867,3.387075,v2026-09-01
HP:0011362,Abnormal hair quantity,HP:0001595,1337,12867,2.264238,v2026-09-01
HP:0011368,Epidermal thickening,HP:0001072,612,12867,3.045689,v2026-09-01
HP:0011389,Functional abnormality of the inner ear,HP:0031704,1239,12867,2.340361,v2026-09-01
HP:0011400,Abnormal CNS myelination,HP:0002011; HP:0012447,510,12867,3.228010,v2026-09-01
HP:0011403,Abnormal umbilical cord blood vessel morphology,HP:0010881,65,12867,5.288034,v2026-09-01
HP:0011425,Fetal ultrasound soft marker,HP:0034058,154,12867,4.425469,v2026-09-01
HP:0011442,Abnormal central motor function,HP:0012638,3256,12867,1.374166,v2026-09-01
HP:0011443,Abnormality of coordination,HP:0011442,1583,12867,2.095344,v2026-09-01
HP:0011446,Abnormality of mental function,HP:0012638,5703,12867,0.813674,v2026-09-01
HP:0011458,Abdominal symptom,HP:0025032,2683,12867,1.567730,v2026-09-01
HP:0011470,Nasogastric tube feeding in infancy,HP:0008872; HP:0033454,35,12867,5.907073,v2026-09-01
HP:0011492,Abnormal corneal stroma morphology,HP:0000481,146,12867,4.478815,v2026-09-01
HP:0011587,Abnormal branching pattern of the aortic arch,HP:0012303,46,12867,5.633780,v2026-09-01
HP:0011590,Double aortic arch,HP:0011587,7,12867,7.516511,v2026-09-01
HP:0011603,Congenital malformation of the great arteries,HP:0030962,638,12867,3.004083,v2026-09-01
HP:0011675,Arrhythmia,HP:0030956,710,12867,2.897156,v2026-09-01
HP:0011710,Bundle branch block,HP:0012722,85,12867,5.019770,v2026-09-01
HP:0011729,Abnormality of joint mobility,HP:0034430,2293,12867,1.724805,v2026-09-01
HP:0011732,Abnormal adrenal morphology,HP:0000834; HP:0031071,122,12867,4.658400,v2026-09-01
HP:0011733,Abnormality of adrenal physiology,HP:0000834,147,12867,4.471989,v2026-09-01
HP:0011747,Abnormality of the anterior pituitary,HP:0012503,377,12867,3.530176,v2026-09-01
HP:0011766,Abnormal parathyroid morphology,HP:0000828,32,12867,5.996685,v2026-09-01
HP:0011772,Abnormal thyroid morphology,HP:0000820,200,12867,4.164104,v2026-09-01
HP:0011792,Neoplasm by histology,HP:0002664,393,12867,3.488612,v2026-09-01
HP:0011793,Neoplasm by anatomical site,HP:0002664,1296,12867,2.295383,v2026-09-01
HP:0011799,Abnormality of facial soft tissue,HP:0000271,627,12867,3.021475,v2026-09-01
HP:0011800,Midface retrusion,HP:0000309,414,12867,3.436555,v2026-09-01
HP:0011804,Abnormal muscle physiology,HP:0003011,4543,12867,1.041078,v2026-09-01
HP:0011805,Abnormal skeletal muscle morphology,HP:0003011,3134,12867,1.412356,v2026-09-01
HP:0011815,Cephalocele,HP:0000929,120,12867,4.674929,v2026-09-01
HP:0011821,Abnormal facial skeleton morphology,HP:0000929,2181,12867,1.774882,v2026-09-01
HP:0011830,Abnormal oral mucosa morphology,HP:0000163,462,12867,3.326856,v2026-09-01
HP:0011842,Abnormal skeletal morphology,HP:0000924,6598,12867,0.667899,v2026-09-01
HP:0011843,Abnormal musculoskeletal physiology,HP:0033127,2897,12867,1.490990,v2026-09-01
HP:0011844,Abnormal appendicular skeleton morphology,HP:0011842,3685,12867,1.250395,v2026-09-01
HP:0011849,Abnormal bone ossification,HP:0003330,1007,12867,2.547690,v2026-09-01
HP:0011867,Abnormal iliac wing morphology,HP:0002867,95,12867,4.908544,v2026-09-01
HP:0011873,Abnormal platelet count,HP:0011875,573,12867,3.111535,v2026-09-01
HP:0011875,Abnormal platelet morphology,HP:0001872,579,12867,3.101119,v2026-09-01
HP:0011902,Abnormal hemoglobin,HP:0001877,82,12867,5.055702,v2026-09-01
HP:0011915,Cardiovascular calcification,HP:0010766; HP:0030680,39,12867,5.798860,v2026-09-01
HP:0011927,Short digit,HP:0011297,954,12867,2.601758,v2026-09-01
HP:0011931,Abnormal cerebellar peduncle morphology,HP:0001317; HP:0012501,17,12867,6.629208,v2026-09-01
HP:0011932,Abnormal superior cerebellar peduncle morphology,HP:0007361; HP:0011931,12,12867,6.977515,v2026-09-01
HP:0011933,Elongated superior cerebellar peduncle,HP:0011932,10,12867,7.159836,v2026-09-01
HP:0011939,3-4 finger cutaneous syndactyly,HP:0010554,32,12867,5.996685,v2026-09-01
HP:0011947,Respiratory tract infection,HP:0002088,986,12867,2.568765,v2026-09-01
HP:0011950,Unusual bronchiolitis,HP:5210123,21,12867,6.417899,v2026-09-01
HP:0011951,Aspiration pneumonia,HP:0002090,75,12867,5.144933,v2026-09-01
HP:0011968,Feeding difficulties,HP:0011458,1454,12867,2.180348,v2026-09-01
HP:0011969,Elevated circulating luteinizing hormone level,HP:0000837; HP:0030345,50,12867,5.550398,v2026-09-01
HP:0011994,Abnormal atrial septum morphology,HP:0001671,703,12867,2.907064,v2026-09-01
HP:0012031,Lipomatous tumor,HP:0200013,95,12867,4.908544,v2026-09-01
HP:0012032,Lipoma,HP:0012031,37,12867,5.851503,v2026-09-01
HP:0012041,Decreased fertility in males,HP:0000144,161,12867,4.381017,v2026-09-01
HP:0012056,Cutaneous melanoma,HP:0002861; HP:0008069,20,12867,6.466689,v2026-09-01
HP:0012059,Lentigo maligna melanoma,HP:0012056,1,12867,9.462421,v2026-09-01
HP:0012061,Urinary excretion of sialylated oligosaccharides,HP:0010471,2,12867,8.769274,v2026-09-01
HP:0012067,Glycopeptiduria,HP:0033354,7,12867,7.516511,v2026-09-01
HP:0012069,Keratan sulfate excretion in urine,HP:0008155,5,12867,7.852983,v2026-09-01
HP:0012070,Chondroitin sulfate excretion in urine,HP:0008155,4,12867,8.076127,v2026-09-01
HP:0012081,Enlarged cerebellum,HP:0001317,9,12867,7.265197,v2026-09-01
HP:0012115,Hepatitis,HP:0012649; HP:0410042,118,12867,4.691737,v2026-09-01
HP:0012145,Abnormality of multiple cell lineages in the bone marrow,HP:0005561,240,12867,3.981782,v2026-09-01
HP:0012209,Juvenile myelomonocytic leukemia,HP:0012324,6,12867,7.670662,v2026-09-01
HP:0012210,Abnormal renal morphology,HP:0000077,1480,12867,2.162624,v2026-09-01
HP:0012211,Abnormal renal physiology,HP:0000077; HP:0011277,859,12867,2.706652,v2026-09-01
HP:0012243,Abnormal reproductive system morphology,HP:0000078,2040,12867,1.841716,v2026-09-01
HP:0012252,Abnormal respiratory system morphology,HP:0002086,2016,12867,1.853551,v2026-09-01
HP:0012303,Abnormal aortic arch morphology,HP:0001679,101,12867,4.847301,v2026-09-01
HP:0012316,Fibrous tissue neoplasm,HP:0011792,87,12867,4.996513,v2026-09-01
HP:0012324,Myeloid leukemia,HP:0001909,20,12867,6.466689,v2026-09-01
HP:0012331,Abnormal autonomic nervous system morphology,HP:0002270,102,12867,4.837448,v2026-09-01
HP:0012332,Abnormal autonomic nervous system physiology,HP:0002270,152,12867,4.438541,v2026-09-01
HP:0012337,Abnormal homeostasis,HP:0001939,2374,12867,1.690090,v2026-09-01
HP:0012368,Flat face,HP:0001999,173,12867,4.309130,v2026-09-01
HP:0012372,Abnormal eye morphology,HP:0000478,4487,12867,1.053482,v2026-09-01
HP:0012373,Abnormal eye physiology,HP:0000478,4371,12867,1.079674,v2026-09-01
HP:0012379,Abnormal circulating enzyme concentration or activity,HP:0034684,807,12867,2.769098,v2026-09-01
HP:0012385,Camptodactyly,HP:0030044,469,12867,3.311818,v2026-09-01
HP:0012393,Allergy,HP:0100326,71,12867,5.199741,v2026-09-01
HP:0012438,Abnormal gallbladder physiology,HP:0005264,28,12867,6.130217,v2026-09-01
HP:0012440,Abnormal biliary tract morphology,HP:0001080,139,12867,4.527947,v2026-09-01
HP:0012443,Abnormal brain morphology,HP:0002011,4532,12867,1.043503,v2026-09-01
HP:0012444,Brain atrophy,HP:0007367; HP:0012443,969,12867,2.586157,v2026-09-01
HP:0012447,Abnormal myelination,HP:0012639,778,12867,2.805695,v2026-09-01
HP:0012448,Delayed myelination,HP:0012447,354,12867,3.593124,v2026-09-01
HP:0012450,Chronic constipation,HP:0002019,144,12867,4.492608,v2026-09-01
HP:0012471,Thick vermilion border,HP:0000159,365,12867,3.562524,v2026-09-01
HP:0012501,Abnormal brainstem white matter morphology,HP:0002363,18,12867,6.572049,v2026-09-01
HP:0012503,Abnormal pituitary gland morphology,HP:0000864; HP:0012443,404,12867,3.461006,v2026-09-01
HP:0012531,Pain,HP:0025142,1193,12867,2.378195,v2026-09-01
HP:0012547,Abnormal involuntary eye movements,HP:0000496,1322,12867,2.275520,v2026-09-01
HP:0012569,Delayed menarche,HP:0000140; HP:0000823,12,12867,6.977515,v2026-09-01
HP:0012575,Abnormal nephron morphology,HP:0012210,290,12867,3.792540,v2026-09-01
HP:0012590,Abnormal urine output,HP:0011036,84,12867,5.031604,v2026-09-01
HP:0012614,Abnormal urine cytology,HP:0003110,202,12867,4.154153,v2026-09-01
HP:0012622,Chronic kidney disease,HP:0000083,241,12867,3.977624,v2026-09-01
HP:0012638,Abnormal nervous system physiology,HP:0000707,7639,12867,0.521399,v2026-09-01
HP:0012639,Abnormal nervous system morphology,HP:0000707,5306,12867,0.885828,v2026-09-01
HP:0012647,Abnormal inflammatory response,HP:0010978,1840,12867,1.944900,v2026-09-01
HP:0012649,Increased inflammatory response,HP:0012647,1839,12867,1.945444,v2026-09-01
HP:0012700,Abnormal large intestine physiology,HP:0025032,78,12867,5.105712,v2026-09-01
HP:0012702,Tenesmus,HP:0012700,7,12867,7.516511,v2026-09-01
HP:0012705,Abnormal metabolic brain imaging by MRS,HP:0410263,78,12867,5.105712,v2026-09-01
HP:0012718,Abnormal gastrointestinal tract morphology,HP:0011024; HP:0025033,1097,12867,2.462087,v2026-09-01
HP:0012719,Functional abnormality of the gastrointestinal tract,HP:0011024; HP:0025032,1576,12867,2.099776,v2026-09-01
HP:0012722,Heart block,HP:0031546,174,12867,4.303366,v2026-09-01
HP:0012725,Cutaneous syndactyly,HP:0001159,169,12867,4.332522,v2026-09-01
HP:0012733,Macule,HP:0011355,287,12867,3.802939,v2026-09-01
HP:0012735,Cough,HP:0002795,202,12867,4.154153,v2026-09-01
HP:0012743,Abdominal obesity,HP:0001513,23,12867,6.326927,v2026-09-01
HP:0012745,Short palpebral fissure,HP:0200007,158,12867,4.399826,v2026-09-01
HP:0012758,Neurodevelopmental delay,HP:0012759,3833,12867,1.211018,v2026-09-01
HP:0012759,Neurodevelopmental abnormality,HP:0012638,5088,12867,0.927781,v2026-09-01
HP:0012767,Abnormal placental size,HP:0100767,20,12867,6.466689,v2026-09-01
HP:0012772,Abnormal upper to lower segment ratio,HP:0000002,11,12867,7.064526,v2026-09-01
HP:0012774,Increased upper to lower segment ratio,HP:0012772,8,12867,7.382980,v2026-09-01
HP:0012780,Neoplasm of the ear,HP:0011793; HP:0031703,26,12867,6.204325,v2026-09-01
HP:0012785,Flexion contracture of finger,HP:0034681,299,12867,3.761978,v2026-09-01
HP:0012795,Abnormal optic disc morphology,HP:0000587,899,12867,2.661138,v2026-09-01
HP:0012815,Hypoplastic female external genitalia,HP:0000055; HP:0003241,85,12867,5.019770,v2026-09-01
HP:0012874,Abnormal male reproductive system physiology,HP:0000080,300,12867,3.758639,v2026-09-01
HP:0012880,Abnormal labia minora morphology,HP:0000058,32,12867,5.996685,v2026-09-01
HP:0020007,Abnormal affect regulation,HP:0025766,152,12867,4.438541,v2026-09-01
HP:0020045,Esodeviation,HP:0000486,256,12867,3.917244,v2026-09-01
HP:0020073,Hypopigmented macule,HP:0012733,24,12867,6.284367,v2026-09-01
HP:0020129,Abnormal urine protein level,HP:0033354,301,12867,3.755311,v2026-09-01
HP:0020131,Abnormal tubular basement membrane morphology,HP:0000091,7,12867,7.516511,v2026-09-01
HP:0020219,Motor seizure,HP:0001250,579,12867,3.101119,v2026-09-01
HP:0020300,Abnormal elbow morphology,HP:0009811,186,12867,4.236674,v2026-09-01
HP:0020301,Abnormal elbow physiology,HP:0009811,332,12867,3.657286,v2026-09-01
HP:0020317,Abnormal abdominal aorta branch artery morphology,HP:0011004,27,12867,6.166584,v2026-09-01
HP:0020347,Abnormal circulating monosaccharide concentration,HP:0011013,400,12867,3.470957,v2026-09-01
HP:0020354,Abnormal dental physiology,HP:0031815,392,12867,3.491159,v2026-09-01
HP:0025013,Decerebrate rigidity,HP:0002063,12,12867,6.977515,v2026-09-01
HP:0025015,Abnormal vascular morphology,HP:0002597; HP:0030680,1622,12867,2.071006,v2026-09-01
HP:0025028,Abnormal enteric nervous system morphology,HP:0002242; HP:0012331,102,12867,4.837448,v2026-09-01
HP:0025031,Abnormality of the digestive system,HP:0000118,5036,12867,0.938054,v2026-09-01
HP:0025032,Abnormality of digestive system physiology,HP:0025031,3502,12867,1.301332,v2026-09-01
HP:0025033,Abnormal digestive system morphology,HP:0025031,1267,12867,2.318014,v2026-09-01
HP:0025052,Abnormal brain N-acetyl aspartate level by MRS,HP:0012705,28,12867,6.130217,v2026-09-01
HP:0025053,Elevated brain N-acetyl aspartate level by MRS,HP:0025052,5,12867,7.852983,v2026-09-01
HP:0025057,Abnormal olfactory lobe morphology,HP:0100547,6,12867,7.670662,v2026-09-01
HP:0025142,Constitutional symptom,HP:0000118,1777,12867,1.979739,v2026-09-01
HP:0025155,Abnormal hepatobiliary system physiology,HP:0025032,263,12867,3.890267,v2026-09-01
HP:0025158,Hyperautofluorescent retinal lesion,HP:0030602,13,12867,6.897472,v2026-09-01
HP:0025270,Abnormal esophagus physiology,HP:0012719,1127,12867,2.435107,v2026-09-01
HP:0025276,Abnormality of skin adnexa physiology,HP:0001574,330,12867,3.663329,v2026-09-01
HP:0025323,Abnormal arterial physiology,HP:0030163,165,12867,4.356476,v2026-09-01
HP:0025336,Delayed ability to sit,HP:0002194,117,12867,4.700247,v2026-09-01
HP:0025354,Abnormal cellular phenotype,HP:0000118,1013,12867,2.541750,v2026-09-01
HP:0025373,Interictal EEG abnormality,HP:0002353,378,12867,3.527527,v2026-09-01
HP:0025408,Abnormal spleen morphology,HP:0001743,760,12867,2.829103,v2026-09-01
HP:0025409,Abnormal spleen physiology,HP:0001743,24,12867,6.284367,v2026-09-01
HP:0025423,Abnormal larynx morphology,HP:0001600,213,12867,4.101129,v2026-09-01
HP:0025426,Abnormal bronchus morphology,HP:0005607,242,12867,3.973483,v2026-09-01
HP:0025427,Abnormal bronchus physiology,HP:0002795,16,12867,6.689832,v2026-09-01
HP:0025454,Abnormal CSF metabolite concentration,HP:0001939; HP:0002921,172,12867,4.314927,v2026-09-01
HP:0025456,Abnormal CSF protein concentration,HP:0001939; HP:0002921,95,12867,4.908544,v2026-09-01
HP:0025487,Abnormal bladder morphology,HP:0000014,101,12867,4.847301,v2026-09-01
HP:0025501,Class III obesity,HP:0001513,2,12867,8.769274,v2026-09-01
HP:0025633,Abnormal ureter morphology,HP:0000069,133,12867,4.572072,v2026-09-01
HP:0025668,Abnormal neck morphology,HP:0000464,974,12867,2.581010,v2026-09-01
HP:0025745,Abnormal urine amino acid level,HP:0033354,208,12867,4.124883,v2026-09-01
HP:0025766,Abnormal affect,HP:0011446,1531,12867,2.128745,v2026-09-01
HP:0025779,Disorder of thought content,HP:0025792,60,12867,5.368077,v2026-09-01
HP:0025780,Abnormal volitional state,HP:0025766,1354,12867,2.251603,v2026-09-01
HP:0025783,Diagnostic behavioral phenotype,HP:0000708,724,12867,2.877630,v2026-09-01
HP:0025792,Abnormal cognitive process,HP:0011446,2594,12867,1.601465,v2026-09-01
HP:0025798,Abnormal wrist morphology,HP:0003019,236,12867,3.998589,v2026-09-01
HP:0030012,Abnormal female reproductive system physiology,HP:0000080,400,12867,3.470957,v2026-09-01
HP:0030044,Flexion contracture of digit,HP:0001371,484,12867,3.280336,v2026-09-01
HP:0030052,Inguinal freckling,HP:0001480,10,12867,7.159836,v2026-09-01
HP:0030060,Nervous tissue neoplasm,HP:0011792,86,12867,5.008074,v2026-09-01
HP:0030061,Neuroectodermal neoplasm,HP:0030060,86,12867,5.008074,v2026-09-01
HP:0030063,Neuroepithelial neoplasm,HP:0030061,84,12867,5.031604,v2026-09-01
HP:0030082,Abnormal drinking behavior,HP:0040202,69,12867,5.228315,v2026-09-01
HP:0030084,Clinodactyly,HP:0011297,807,12867,2.769098,v2026-09-01
HP:0030087,Abnormal circulating testosterone concentration,HP:0030347,84,12867,5.031604,v2026-09-01
HP:0030141,Abnormality of the posterior hairline,HP:0009553,153,12867,4.431983,v2026-09-01
HP:0030163,Abnormal vascular physiology,HP:0002597; HP:0011025,404,12867,3.461006,v2026-09-01
HP:0030177,Abnormality of peripheral nervous system electrophysiology,HP:0001311; HP:0032120,289,12867,3.795994,v2026-09-01
HP:0030178,Abnormality of central nervous system electrophysiology,HP:0001311,745,12867,2.849037,v2026-09-01
HP:0030182,Tetraplegia/tetraparesis,HP:0010549,205,12867,4.139411,v2026-09-01
HP:0030236,Abnormality of muscle size,HP:0011805,337,12867,3.642338,v2026-09-01
HP:0030338,Abnormal circulating gonadotropin concentration,HP:0003117,142,12867,4.506594,v2026-09-01
HP:0030345,Abnormal circulating luteinizing hormone concentration,HP:0030338,81,12867,5.067972,v2026-09-01
HP:0030346,Abnormal circulating follicle-stimulating hormone concentration,HP:0030338,93,12867,4.929822,v2026-09-01
HP:0030347,Abnormal circulating androgen level,HP:0033799,104,12867,4.818030,v2026-09-01
HP:0030349,Decreased circulating androgen concentration,HP:0030347,59,12867,5.384884,v2026-09-01
HP:0030448,Soft tissue sarcoma,HP:0100242,116,12867,4.708831,v2026-09-01
HP:0030453,Abnormal visual electrophysiology,HP:0012373,239,12867,3.985958,v2026-09-01
HP:0030601,Abnormal posterior segment imaging,HP:0004329,78,12867,5.105712,v2026-09-01
HP:0030602,Abnormal fundus autofluorescence imaging,HP:0030601,35,12867,5.907073,v2026-09-01
HP:0030631,Hyperautofluorescent macular lesion,HP:0025158,8,12867,7.382980,v2026-09-01
HP:0030669,Abnormal ocular adnexa morphology,HP:0032039,2645,12867,1.581995,v2026-09-01
HP:0030670,Hamartoma of the orbital region,HP:0000315; HP:0010566,26,12867,6.204325,v2026-09-01
HP:0030680,Abnormal cardiovascular system morphology,HP:0001626,3157,12867,1.405044,v2026-09-01
HP:0030724,Central nervous system cyst,HP:0002011,258,12867,3.909462,v2026-09-01
HP:0030760,Renal fibrosis,HP:0012210,22,12867,6.371379,v2026-09-01
HP:0030791,Abnormal jaw morphology,HP:0011821,1823,12867,1.954182,v2026-09-01
HP:0030799,Scaphocephaly,HP:0000268,44,12867,5.678232,v2026-09-01
HP:0030809,Abnormal tongue morphology,HP:0000157; HP:0000163,449,12867,3.355398,v2026-09-01
HP:0030829,Abnormal breath sound,HP:0002795,126,12867,4.626139,v2026-09-01
HP:0030865,Large elbow,HP:0020300,3,12867,8.363809,v2026-09-01
HP:0030875,Abnormality of pulmonary circulation,HP:0002795; HP:0030163,248,12867,3.948992,v2026-09-01
HP:0030878,Abnormality on pulmonary function testing,HP:0002795,184,12867,4.247485,v2026-09-01
HP:0030917,Low APGAR score,HP:0001197,12,12867,6.977515,v2026-09-01
HP:0030918,Low 1-minute APGAR score,HP:0030917,7,12867,7.516511,v2026-09-01
HP:0030919,Low 5-minute APGAR score,HP:0030917,7,12867,7.516511,v2026-09-01
HP:0030939,Palpebral thickening,HP:0000492,7,12867,7.516511,v2026-09-01
HP:0030956,Abnormality of cardiovascular system electrophysiology,HP:0011025,810,12867,2.765387,v2026-09-01
HP:0030962,Abnormal morphology of the great vessels,HP:0033353,933,12867,2.624016,v2026-09-01
HP:0030972,Abnormal systemic blood pressure,HP:0011025,644,12867,2.994722,v2026-09-01
HP:0030976,Abnormal factor VIII activity,HP:0010989,22,12867,6.371379,v2026-09-01
HP:0031058,Impairment of activities of daily living,HP:0025142,232,12867,4.015684,v2026-09-01
HP:0031064,Impaired continence,HP:0031058,217,12867,4.082524,v2026-09-01
HP:0031065,Abnormal ovarian morphology,HP:0000137,137,12867,4.542440,v2026-09-01
HP:0031071,Abnormal endocrine morphology,HP:0000818,122,12867,4.658400,v2026-09-01
HP:0031072,Abnormal endocrine physiology,HP:0000818,170,12867,4.326623,v2026-09-01
HP:0031073,Abnormal response to endocrine stimulation test,HP:0031072,163,12867,4.368671,v2026-09-01
HP:0031093,Abnormal breast morphology,HP:0000769,554,12867,3.145256,v2026-09-01
HP:0031137,Storage in hepatocytes,HP:0034644,206,12867,4.134545,v2026-09-01
HP:0031162,Impaired oropharyngeal swallow response,HP:0002015,9,12867,7.265197,v2026-09-01
HP:0031466,Impairment in personality functioning,HP:0000708,204,12867,4.144301,v2026-09-01
HP:0031467,Dysregulated negative emotional state,HP:0100851,277,12867,3.838404,v2026-09-01
HP:0031481,Abnormal mitral valve physiology,HP:0031650,194,12867,4.194563,v2026-09-01
HP:0031546,Cardiac conduction abnormality,HP:0030956,194,12867,4.194563,v2026-09-01
HP:0031567,Abnormal aortic valve cusp morphology,HP:0001646,146,12867,4.478815,v2026-09-01
HP:0031624,Moderate myopia,HP:0000545,10,12867,7.159836,v2026-09-01
HP:0031650,Abnormal atrioventricular valve physiology,HP:0031653,266,12867,3.878925,v2026-09-01
HP:0031652,Abnormal aortic valve physiology,HP:0031653,201,12867,4.159116,v2026-09-01
HP:0031653,Abnormal heart valve physiology,HP:0011025,541,12867,3.169002,v2026-09-01
HP:0031654,Abnormal pulmonary valve physiology,HP:0031653,219,12867,4.073349,v2026-09-01
HP:0031703,Abnormal ear morphology,HP:0000598,2462,12867,1.653692,v2026-09-01
HP:0031704,Abnormal ear physiology,HP:0000598,2269,12867,1.735327,v2026-09-01
HP:0031815,Abnormal oral physiology,HP:0000153,821,12867,2.751898,v2026-09-01
HP:0031816,Abnormal oral morphology,HP:0000153,3814,12867,1.215987,v2026-09-01
HP:0031826,Abnormal reflex,HP:0100022,1729,12867,2.007123,v2026-09-01
HP:0031828,Abnormal superficial reflex,HP:0031826,459,12867,3.333371,v2026-09-01
HP:0031842,Lymphangiectasis,HP:0100766,18,12867,6.572049,v2026-09-01
HP:0031878,Acromicria,HP:0002813,5,12867,7.852983,v2026-09-01
HP:0031888,Abnormal circulating HDL-C concentration,HP:0010979,51,12867,5.530596,v2026-09-01
HP:0031936,Delayed ability to walk,HP:0002194,381,12867,3.519622,v2026-09-01
HP:0031956,Elevated circulating aspartate aminotransferase concentration,HP:0002910,106,12867,4.798982,v2026-09-01
HP:0031964,Elevated circulating alanine aminotransferase concentration,HP:0002910,103,12867,4.827692,v2026-09-01
HP:0031979,Abnormal urine carbohydrate level,HP:0033354,43,12867,5.701221,v2026-09-01
HP:0031983,Abnormal pulmonary thoracic imaging finding,HP:0012252,144,12867,4.492608,v2026-09-01
HP:0032012,Heterotropia,HP:0000486,325,12867,3.678596,v2026-09-01
HP:0032039,Abnormality of the ocular adnexa,HP:0000315,2691,12867,1.564753,v2026-09-01
HP:0032076,Abnormal male urethral meatus morphology,HP:0000036,483,12867,3.282405,v2026-09-01
HP:0032101,Unusual infection,HP:0010978,1686,12867,2.032307,v2026-09-01
HP:0032120,Abnormal peripheral nervous system physiology,HP:0410008,903,12867,2.656699,v2026-09-01
HP:0032123,Ultra-low vision,HP:0007663,8,12867,7.382980,v2026-09-01
HP:0032148,Episodic pain,HP:0012531,43,12867,5.701221,v2026-09-01
HP:0032152,Keratosis pilaris,HP:0011121,47,12867,5.612274,v2026-09-01
HP:0032153,Joint subluxation,HP:0001367,44,12867,5.678232,v2026-09-01
HP:0032158,Unusual infection by anatomical site,HP:0032101,908,12867,2.651177,v2026-09-01
HP:0032166,Unusual gastrointestinal infection,HP:0012719; HP:0032158,88,12867,4.985084,v2026-09-01
HP:0032180,Abnormal circulating metabolite concentration,HP:0001939,2044,12867,1.839757,v2026-09-01
HP:0032243,Abnormal tissue metabolite concentration,HP:0001939,292,12867,3.785667,v2026-09-01
HP:0032251,Abnormal immune system morphology,HP:0002715,953,12867,2.602806,v2026-09-01
HP:0032263,Increased blood pressure,HP:0030972,501,12867,3.245815,v2026-09-01
HP:0032273,Increased circulating N-acetylaspartic acid concentration,HP:0033108,1,12867,9.462421,v2026-09-01
HP:0032274,Increased CSF N-acetylaspartic acid concentration,HP:0025454,1,12867,9.462421,v2026-09-01
HP:0032277,Lozenge-shaped umbilicus,HP:0001551,2,12867,8.769274,v2026-09-01
HP:0032285,Ultra-low vision with retained light projection,HP:0032123,1,12867,9.462421,v2026-09-01
HP:0032567,Lipiduria,HP:0033354,1,12867,9.462421,v2026-09-01
HP:0032568,Urinary mulberry cells,HP:0012614,1,12867,9.462421,v2026-09-01
HP:0032581,Abnormal renal interstitial morphology,HP:0012210,76,12867,5.131688,v2026-09-01
HP:0032599,Abnormal renal tubular epithelial morphology,HP:0000091,29,12867,6.095125,v2026-09-01
HP:0032677,Generalized-onset motor seizure,HP:0002197; HP:0020219,240,12867,3.981782,v2026-09-01
HP:0032794,Myoclonic seizure,HP:0020219,295,12867,3.775446,v2026-09-01
HP:0033044,Motor regression,HP:0002376,23,12867,6.326927,v2026-09-01
HP:0033098,Increased urinary non-proteinogenic amino acid level,HP:0003355,44,12867,5.678232,v2026-09-01
HP:0033108,Abnormal circulating proteinogenic amino acid derivative concentration,HP:0003112,71,12867,5.199741,v2026-09-01
HP:0033127,Abnormality of the musculoskeletal system,HP:0000118,8526,12867,0.411546,v2026-09-01
HP:0033151,Abnormal pharynx morphology,HP:0000600,274,12867,3.849293,v2026-09-01
HP:0033353,Abnormal blood vessel morphology,HP:0025015,1362,12867,2.245712,v2026-09-01
HP:0033354,Abnormal urine metabolite level,HP:0003110,862,12867,2.703166,v2026-09-01
HP:0033358,Abnormal urine osmolality,HP:0003110,13,12867,6.897472,v2026-09-01
HP:0033401,Tissue ischemia,HP:0025323,90,12867,4.962612,v2026-09-01
HP:0033405,Abnormal circulating organic amino compound concentration,HP:0004364,235,12867,4.002836,v2026-09-01
HP:0033454,Tube feeding,HP:0011968,216,12867,4.087143,v2026-09-01
HP:0033578,Pre-capillary pulmonary hypertension,HP:0004890,194,12867,4.194563,v2026-09-01
HP:0033595,Elevated circulating globotriaosylceramide concentration,HP:0004343,2,12867,8.769274,v2026-09-01
HP:0033678,Acute coronary syndrome,HP:0011025,71,12867,5.199741,v2026-09-01
HP:0033680,Pilocytic astrocytoma,HP:0009592,1,12867,9.462421,v2026-09-01
HP:0033725,Thin corpus callosum,HP:0001273,1146,12867,2.418388,v2026-09-01
HP:0033747,Abnormal exteroceptive sensation,HP:0003474,358,12867,3.581888,v2026-09-01
HP:0033748,Hypoesthesia,HP:0033747,103,12867,4.827692,v2026-09-01
HP:0033799,Abnormal circulating sex hormone concentration,HP:0003117,129,12867,4.602609,v2026-09-01
HP:0033835,Abnormal renal vascular morphology,HP:0012210,21,12867,6.417899,v2026-09-01
HP:0033836,Abnormal intrarenal artery morphology,HP:0033835,20,12867,6.466689,v2026-09-01
HP:0033978,Reduced beta-hexosaminidase B activity,HP:0012379,4,12867,8.076127,v2026-09-01
HP:0034053,Decreased acid ceramidase activity,HP:0012379,1,12867,9.462421,v2026-09-01
HP:0034057,Fetal anomaly,HP:0001197,606,12867,3.055541,v2026-09-01
HP:0034058,Abnormal fetal morphology,HP:0034057,356,12867,3.587490,v2026-09-01
HP:0034059,Abnormal fetal physiology,HP:0034057,290,12867,3.792540,v2026-09-01
HP:0034207,Abnormal fetal gastrointestinal system morphology,HP:0034058,31,12867,6.028434,v2026-09-01
HP:0034237,Open neural tube defect,HP:0045005,173,12867,4.309130,v2026-09-01
HP:0034238,Closed neural tube defect,HP:0045005,67,12867,5.257729,v2026-09-01
HP:0034322,Reduced tissue galactocerebrosidase activity,HP:6000231,5,12867,7.852983,v2026-09-01
HP:0034349,Supravalvar pulmonary stenosis,HP:0001642,5,12867,7.852983,v2026-09-01
HP:0034353,Appendicular spasticity,HP:0001257,648,12867,2.988530,v2026-09-01
HP:0034376,Atrioventricular valve regurgitation,HP:0031650,235,12867,4.002836,v2026-09-01
HP:0034392,Joint contracture,HP:0003549; HP:0011729; HP:0011805; HP:0100261,1273,12867,2.313290,v2026-09-01
HP:0034430,Abnormal joint physiology,HP:0011843,2293,12867,1.724805,v2026-09-01
HP:0034434,Abnormal communication,HP:0025792,2561,12867,1.614268,v2026-09-01
HP:0034482,Abnormal spinal cord physiology,HP:0012638,616,12867,3.039174,v2026-09-01
HP:0034644,Abnormal liver metabolite concentration,HP:0032243; HP:0410042,219,12867,4.073349,v2026-09-01
HP:0034649,Elevated urine N-acetylaspartic acid level,HP:0033098,3,12867,8.363809,v2026-09-01
HP:0034669,Abnormal knee morphology,HP:0002815,532,12867,3.185778,v2026-09-01
HP:0034670,Abnormal knee physiology,HP:0002815,101,12867,4.847301,v2026-09-01
HP:0034681,Finger joint contracture,HP:0001167; HP:0009473,307,12867,3.735573,v2026-09-01
HP:0034684,Abnormal enzyme concentration or activity,HP:0001939,906,12867,2.653382,v2026-09-01
HP:0034687,Impaired cerebroside sulfate hydrolysis,HP:0011017,1,12867,9.462421,v2026-09-01
HP:0034761,Neurofibroma by anatomical location,HP:0001067,7,12867,7.516511,v2026-09-01
HP:0034819,Iris nodule,HP:0000525,13,12867,6.897472,v2026-09-01
HP:0034858,Abnormal leukocyte enzyme concentration or activity,HP:0034684,5,12867,7.852983,v2026-09-01
HP:0034863,Reduced leukocyte arylsulfatase A activity,HP:0034858,1,12867,9.462421,v2026-09-01
HP:0034864,Decreased alpha-galactosidase A activity,HP:0012379,2,12867,8.769274,v2026-09-01
HP:0034899,Abnormal amniotic fluid protein concentration,HP:0001560,5,12867,7.852983,v2026-09-01
HP:0034915,Abnormal anus morphology,HP:0004378; HP:0025033,296,12867,3.772062,v2026-09-01
HP:0034930,Digestive system neoplasm,HP:0011793; HP:0025031,315,12867,3.709849,v2026-09-01
HP:0040019,Finger clinodactyly,HP:0004097; HP:0030084,568,12867,3.120300,v2026-09-01
HP:0040064,Abnormality of limbs,HP:0000118,5009,12867,0.943430,v2026-09-01
HP:0040068,Abnormality of limb bone,HP:0000924; HP:0040064,3453,12867,1.315422,v2026-09-01
HP:0040069,Abnormal lower limb bone morphology,HP:0002813; HP:0002814,1343,12867,2.259760,v2026-09-01
HP:0040070,Abnormal upper limb bone morphology,HP:0002813; HP:0002817,861,12867,2.704327,v2026-09-01
HP:0040075,Hypopituitarism,HP:0011747,207,12867,4.129702,v2026-09-01
HP:0040096,Neoplasm of the inner ear,HP:0000359; HP:0012780,10,12867,7.159836,v2026-09-01
HP:0040129,Abnormal nerve conduction velocity,HP:0003134,202,12867,4.154153,v2026-09-01
HP:0040139,Lipogranulomatosis,HP:0002955; HP:0004356,1,12867,9.462421,v2026-09-01
HP:0040157,Abnormal intermamillary distance,HP:0004404,163,12867,4.368671,v2026-09-01
HP:0040171,Decreased serum testosterone concentration,HP:0030087; HP:0030349,54,12867,5.473437,v2026-09-01
HP:0040194,Increased head circumference,HP:0000240,671,12867,2.953652,v2026-09-01
HP:0040195,Decreased head circumference,HP:0000240,2000,12867,1.861519,v2026-09-01
HP:0040202,Abnormal consumption behavior,HP:5200241,202,12867,4.154153,v2026-09-01
HP:0040211,Abnormal skin morphology of the palm,HP:0011356; HP:0100871,663,12867,2.965646,v2026-09-01
HP:0040214,Abnormal circulating insulin concentration,HP:0003117,99,12867,4.867301,v2026-09-01
HP:0040217,Elevated hemoglobin A1c,HP:0011902,24,12867,6.284367,v2026-09-01
HP:0040255,Aplasia/Hypoplasia of the clitoris,HP:0000056,24,12867,6.284367,v2026-09-01
HP:0040307,Male sexual dysfunction,HP:0012874,73,12867,5.171962,v2026-09-01
HP:0045005,Neural tube defect,HP:0410043,353,12867,3.595953,v2026-09-01
HP:0045039,Osteolysis involving bones of the upper limbs,HP:0002797; HP:0040070,42,12867,5.724752,v2026-09-01
HP:0045058,Abnormality of the testis size,HP:0000035,192,12867,4.204926,v2026-09-01
HP:0045060,Aplasia/hypoplasia involving bones of the extremities,HP:0002813; HP:0009815,1279,12867,2.308587,v2026-09-01
HP:0045073,Serositis,HP:0012649,90,12867,4.962612,v2026-09-01
HP:0045075,Sparse eyebrow,HP:0100840,259,12867,3.905593,v2026-09-01
HP:0100000,Early onset of sexual maturation,HP:0008373,138,12867,4.535167,v2026-09-01
HP:0100006,Neoplasm of the central nervous system,HP:0002011; HP:0004375,178,12867,4.280638,v2026-09-01
HP:0100007,Neoplasm of the peripheral nervous system,HP:0000759; HP:0004375,104,12867,4.818030,v2026-09-01
HP:0100008,Schwannoma,HP:0100007,20,12867,6.466689,v2026-09-01
HP:0100012,Neoplasm of the eye,HP:0011793; HP:0012372,44,12867,5.678232,v2026-09-01
HP:0100013,Neoplasm of the breast,HP:0011793; HP:0031093,67,12867,5.257729,v2026-09-01
HP:0100021,Cerebral palsy,HP:0011442; HP:0100022,216,12867,4.087143,v2026-09-01
HP:0100022,Abnormality of movement,HP:0012638,3345,12867,1.347199,v2026-09-01
HP:0100031,Neoplasm of the thyroid gland,HP:0011772; HP:0100568,60,12867,5.368077,v2026-09-01
HP:0100037,Abnormality of the scalp hair,HP:0001595; HP:0001965,590,12867,3.082299,v2026-09-01
HP:0100242,Sarcoma,HP:0011792,161,12867,4.381017,v2026-09-01
HP:0100259,Postaxial polydactyly,HP:0010442,236,12867,3.998589,v2026-09-01
HP:0100261,Abnormal tendon morphology,HP:0011842,1312,12867,2.283113,v2026-09-01
HP:0100273,Neoplasm of the colon,HP:0100834,57,12867,5.419370,v2026-09-01
HP:0100314,Cerebral inclusion bodies,HP:0002060,48,12867,5.591220,v2026-09-01
HP:0100326,Immunologic hypersensitivity,HP:0010978,240,12867,3.981782,v2026-09-01
HP:0100360,Upper-limb joint contracture,HP:0003121,505,12867,3.237863,v2026-09-01
HP:0100490,Camptodactyly of finger,HP:0001220; HP:0006261; HP:0012385,250,12867,3.940960,v2026-09-01
HP:0100491,Abnormality of lower limb joint,HP:0001367; HP:0002814,1135,12867,2.428033,v2026-09-01
HP:0100543,Cognitive impairment,HP:0011446,1294,12867,2.296928,v2026-09-01
HP:0100545,Arterial stenosis,HP:0011004,94,12867,4.919126,v2026-09-01
HP:0100547,Abnormal forebrain morphology,HP:0012443,3410,12867,1.327954,v2026-09-01
HP:0100568,Neoplasm of the endocrine system,HP:0000818; HP:0011793,151,12867,4.445141,v2026-09-01
HP:0100579,Mucosal telangiectasiae,HP:0001009,32,12867,5.996685,v2026-09-01
HP:0100625,Enlarged thorax,HP:0001547,85,12867,5.019770,v2026-09-01
HP:0100627,Displacement of the urethral meatus,HP:0000795; HP:0032076,480,12867,3.288635,v2026-09-01
HP:0100634,Neuroendocrine neoplasm,HP:0100007; HP:0100568,60,12867,5.368077,v2026-09-01
HP:0100639,Erectile dysfunction,HP:0040307,65,12867,5.288034,v2026-09-01
HP:0100659,Abnormal cerebral vascular morphology,HP:0012443; HP:0025015,414,12867,3.436555,v2026-09-01
HP:0100691,Abnormality of the curvature of the cornea,HP:0000481,277,12867,3.838404,v2026-09-01
HP:0100697,Malignant peripheral nerve sheath tumor,HP:0030448,5,12867,7.852983,v2026-09-01
HP:0100705,Abnormal glial cell morphology,HP:0012639,167,12867,4.344427,v2026-09-01
HP:0100707,Abnormal astrocyte morphology,HP:0100705,43,12867,5.701221,v2026-09-01
HP:0100711,Abnormal thoracic spine morphology,HP:0000765; HP:0000925,131,12867,4.587224,v2026-09-01
HP:0100712,Abnormal lumbar spine morphology,HP:0000925,47,12867,5.612274,v2026-09-01
HP:0100716,Self-injurious behavior,HP:5200241,249,12867,3.944968,v2026-09-01
HP:0100733,Neoplasm of the parathyroid gland,HP:0011766; HP:0100568,24,12867,6.284367,v2026-09-01
HP:0100738,Abnormal eating behavior,HP:0040202,144,12867,4.492608,v2026-09-01
HP:0100742,Vascular neoplasm,HP:0002597; HP:0011793,181,12867,4.263924,v2026-09-01
HP:0100763,Abnormality of the lymphatic system,HP:0002597; HP:0002715,1032,12867,2.523167,v2026-09-01
HP:0100766,Abnormal lymphatic vessel morphology,HP:0025015; HP:0100763,33,12867,5.965914,v2026-09-01
HP:0100767,Abnormal placenta morphology,HP:0001194,36,12867,5.878902,v2026-09-01
HP:0100769,Synovitis,HP:0005262,17,12867,6.629208,v2026-09-01
HP:0100774,Hyperostosis,HP:0011842,76,12867,5.131688,v2026-09-01
HP:0100790,Hernia,HP:0003549,844,12867,2.724269,v2026-09-01
HP:0100834,Neoplasm of the large intestine,HP:0002250; HP:0007378,75,12867,5.144933,v2026-09-01
HP:0100835,Benign neoplasm of the central nervous system,HP:0100006,82,12867,5.055702,v2026-09-01
HP:0100836,Malignant neoplasm of the central nervous system,HP:0100006,89,12867,4.973785,v2026-09-01
HP:0100840,Aplasia/Hypoplasia of the eyebrow,HP:0000534,364,12867,3.565267,v2026-09-01
HP:0100851,Abnormal emotional state,HP:0025766,579,12867,3.101119,v2026-09-01
HP:0100871,Abnormal palm morphology,HP:0001155,814,12867,2.760461,v2026-09-01
HP:0100872,Abnormality of the plantar skin of foot,HP:0001760; HP:0011356,295,12867,3.775446,v2026-09-01
HP:0100886,Abnormality of globe location,HP:0012372,1807,12867,1.962998,v2026-09-01
HP:0100887,Abnormality of globe size,HP:0012372,479,12867,3.290721,v2026-09-01
HP:0100951,Enlarged fossa interpeduncularis,HP:0002119,4,12867,8.076127,v2026-09-01
HP:0100957,Abnormal renal medulla morphology,HP:0012210,76,12867,5.131688,v2026-09-01
HP:0200005,Abnormal shape of the palpebral fissure,HP:0008050,55,12867,5.455088,v2026-09-01
HP:0200006,Slanting of the palpebral fissure,HP:0008050,1077,12867,2.480486,v2026-09-01
HP:0200007,Abnormal size of the palpebral fissures,HP:0008050,483,12867,3.282405,v2026-09-01
HP:0200013,Neoplasm of fatty tissue,HP:0009124; HP:0011793,95,12867,4.908544,v2026-09-01
HP:0200036,Skin nodule,HP:0011355,164,12867,4.362555,v2026-09-01
HP:0200055,Small hand,HP:0005927,167,12867,4.344427,v2026-09-01
HP:0200096,Triangular-shaped open mouth,HP:0000194; HP:0000207,3,12867,8.363809,v2026-09-01
HP:0200120,Chronic active hepatitis,HP:0200123,4,12867,8.076127,v2026-09-01
HP:0200123,Chronic hepatitis,HP:0012115,14,12867,6.823364,v2026-09-01
HP:0410008,Abnormality of the peripheral nervous system,HP:0000707,1115,12867,2.445811,v2026-09-01
HP:0410030,Cleft lip,HP:0000159,339,12867,3.636421,v2026-09-01
HP:0410042,Abnormal liver morphology,HP:0001392,1210,12867,2.364046,v2026-09-01
HP:0410043,Abnormal neural tube morphology,HP:0002011,353,12867,3.595953,v2026-09-01
HP:0410263,Brain imaging abnormality,HP:0012638,152,12867,4.438541,v2026-09-01
HP:0430000,Abnormal frontal bone morphology,HP:0002683,613,12867,3.044056,v2026-09-01
HP:0430046,Small joint hypermobility,HP:0001382,91,12867,4.951562,v2026-09-01
HP:0430071,Abnormal circulating organic compound concentration,HP:0032180,1988,12867,1.867537,v2026-09-01
HP:0430106,Abnormal brain-evoked potentials,HP:0030178,132,12867,4.579619,v2026-09-01
HP:0430135,Abnormal circulating hepatic transaminase concentration,HP:0012379,459,12867,3.333371,v2026-09-01
HP:3000036,Abnormal head blood vessel morphology,HP:0000234; HP:0025015,77,12867,5.118616,v2026-09-01
HP:3000050,Abnormal odontoid tissue morphology,HP:0000924; HP:0003549,267,12867,3.875173,v2026-09-01
HP:4000007,Bronchoconstriction,HP:0025427,15,12867,6.754371,v2026-09-01
HP:4000059,Abnormal lung development,HP:0002088,259,12867,3.905593,v2026-09-01
HP:4000072,Abnormal language feature,HP:0034434,2482,12867,1.645601,v2026-09-01
HP:4000195,Abnormal enzyme activity in cultured fibroblasts,HP:6000231,30,12867,6.061224,v2026-09-01
HP:5200044,Reduced attention regulation,HP:0100543,494,12867,3.259886,v2026-09-01
HP:5200046,Sensory behavioral abnormality,HP:0000708,334,12867,3.651280,v2026-09-01
HP:5200058,Sensory hypersensitivity,HP:5200046,314,12867,3.713028,v2026-09-01
HP:5200060,Auditory hypersensitivity,HP:5200058,35,12867,5.907073,v2026-09-01
HP:5200241,Recurrent maladaptive behavior,HP:0000708,1245,12867,2.335530,v2026-09-01
HP:5200263,Abnormally increased volition,HP:0025780,941,12867,2.615478,v2026-09-01
HP:5200283,Sleep-related breathing disorders,HP:0002360,219,12867,4.073349,v2026-09-01
HP:5200401,Abnormal judgment,HP:5200423,427,12867,3.405637,v2026-09-01
HP:5200423,Abnormal experience of reality,HP:0011446,585,12867,3.090809,v2026-09-01
HP:5200430,Abnormal psychotic pattern,HP:5200423,153,12867,4.431983,v2026-09-01
HP:5201015,Craniofacial cleft,HP:0000234,990,12867,2.564716,v2026-09-01
HP:5210123,Unusual lower respiratory tract infection,HP:0011947; HP:0032158,443,12867,3.368851,v2026-09-01
HP:5210280,Unusual oral cavity infection,HP:0031815; HP:0032158,111,12867,4.752891,v2026-09-01
HP:5210419,Autoimmune cytopenia,HP:0002960,97,12867,4.887710,v2026-09-01
HP:6000085,Angulation of penis,HP:0000036,30,12867,6.061224,v2026-09-01
HP:6000122,Increased urinary N-acetylglucosamine-rich oligosaccharide level,HP:0010471,1,12867,9.462421,v2026-09-01
HP:6000158,Unesterified cholesterol accumulation in cultured fibroblasts,HP:0004356,1,12867,9.462421,v2026-09-01
HP:6000231,Abnormal tissue enzyme concentration or activity,HP:0034684,102,12867,4.837448,v2026-09-01
HP:6000354,Reduced aspartoacylase activity in cultured fibroblasts,HP:4000195,1,12867,9.462421,v2026-09-01
HP:6000852,Megacolon,HP:0002250,100,12867,4.857251,v2026-09-01
HP:6000911,Reduced tissue neuraminidase activity,HP:6000231,1,12867,9.462421,v2026-09-01
HP:6001124,Sphenoid wing dysplasia,HP:0011821,1,12867,9.462421,v2026-09-01
HP:6001185,Elevated circulating glucosylsphingosine concentration,HP:0011013,3,12867,8.363809,v2026-09-01
HP:6001353,Elevated circulating C-triol concentration,HP:0003119,2,12867,8.769274,v2026-09-01
HP:6001380,Elevated circulating lysosphingomyelin concentration,HP:0003119,2,12867,8.769274,v2026-09-01
