source_id,target_id,source_label,target_label,comparison_set,relation_class,relation_text,mechanism_score,pathway_overlap,shared_mondo_group,shared_mondo_class,phenotype_score,phenotype_percentile,combined_score,shared_genes,shared_pathways,shared_phenotypes,shared_direct_phenotype_count,method
MONDO:0009260,MONDO:0009261,GM1 gangliosidosis type 1,GM1 gangliosidosis type 2,lysosomal storage,same_gene_similar_presentation,Same causal gene and similar symptoms (subtypes of one condition).,1.0000,1.0000,MONDO:0018149,MONDO:0002561|lysosomal storage disease,0.2773,0.9605,0.9803,GLB1,R-HSA-2024101|CS/DS degradation; R-HSA-4085001|Sialic acid metabolism; R-HSA-2022857|Keratan sulfate degradation; R-HSA-6798695|Neutrophil degranulation; R-HSA-9840310|Glycosphingolipid catabolism,HP:0008479|Hypoplastic vertebral bodies|6.28; HP:0000943|Dysostosis multiplex|5.77; HP:0004568|Beaking of vertebral bodies|5.63; HP:0000212|Gingival overgrowth|4.51; HP:0001387|Joint stiffness|4.03; HP:0000280|Coarse facial features|3.63,9,disease_similarity_reactome_idf_jaccard_mondo_group_hpo_simgic_v0.4
MONDO:0009260,MONDO:0009262,GM1 gangliosidosis type 1,GM1 gangliosidosis type 3,lysosomal storage,same_gene_similar_presentation,Same causal gene and similar symptoms (subtypes of one condition).,1.0000,1.0000,MONDO:0018149,MONDO:0002561|lysosomal storage disease,0.2514,0.9447,0.9724,GLB1,R-HSA-2024101|CS/DS degradation; R-HSA-4085001|Sialic acid metabolism; R-HSA-2022857|Keratan sulfate degradation; R-HSA-6798695|Neutrophil degranulation; R-HSA-9840310|Glycosphingolipid catabolism,HP:0010729|Cherry red spot of the macula|6.17; HP:0004568|Beaking of vertebral bodies|5.63; HP:0000280|Coarse facial features|3.63; HP:0001744|Splenomegaly|2.95; HP:0002808|Kyphosis|2.92; HP:0007369|Atrophy/Degeneration affecting the cerebrum|2.76,7,disease_similarity_reactome_idf_jaccard_mondo_group_hpo_simgic_v0.4
MONDO:0008854,MONDO:0014432,Bardet-Biedl syndrome 1,Bardet-Biedl syndrome 2,ciliopathies,mechanism_and_phenotype_neighbor,"Different genes in the same biological pathways, with an overlapping, distinctive symptom pattern.",1.0000,1.0000,MONDO:0015229,MONDO:0005308|ciliopathy,0.2543,0.9167,0.9583,,R-HSA-5620922|BBSome-mediated cargo-targeting to cilium,HP:0007994|Peripheral visual field loss|5.88; HP:0001830|Postaxial foot polydactyly|5.19; HP:0001162|Postaxial hand polydactyly|4.40; HP:0000678|Dental crowding|4.31; HP:0000662|Nyctalopia|4.03; HP:0000510|Rod-cone dystrophy|4.03,13,disease_similarity_reactome_idf_jaccard_mondo_group_hpo_simgic_v0.4
MONDO:0009266,MONDO:0009267,Gaucher disease type II,Gaucher disease type III,lysosomal storage,same_gene_similar_presentation,Same causal gene and similar symptoms (subtypes of one condition).,1.0000,1.0000,,MONDO:0002561|lysosomal storage disease,0.2173,0.9079,0.9539,GBA1,R-HSA-390471|Association of TriC/CCT with target proteins during biosynthesis; R-HSA-9840310|Glycosphingolipid catabolism,HP:0002344|Progressive neurologic deterioration|5.06; HP:0001873|Thrombocytopenia|3.20; HP:0001744|Splenomegaly|2.95; HP:0002240|Hepatomegaly|2.66; HP:0001257|Spasticity|2.27; HP:0033353|Abnormal blood vessel morphology|2.25,5,disease_similarity_reactome_idf_jaccard_mondo_group_hpo_simgic_v0.4
MONDO:0009261,MONDO:0009262,GM1 gangliosidosis type 2,GM1 gangliosidosis type 3,lysosomal storage,same_gene_similar_presentation,Same causal gene and similar symptoms (subtypes of one condition).,1.0000,1.0000,MONDO:0018149,MONDO:0002561|lysosomal storage disease,0.1991,0.8763,0.9382,GLB1,R-HSA-2024101|CS/DS degradation; R-HSA-4085001|Sialic acid metabolism; R-HSA-2022857|Keratan sulfate degradation; R-HSA-6798695|Neutrophil degranulation; R-HSA-9840310|Glycosphingolipid catabolism,HP:0004568|Beaking of vertebral bodies|5.63; HP:0000926|Platyspondyly|3.99; HP:0000280|Coarse facial features|3.63; HP:0001744|Splenomegaly|2.95; HP:0002808|Kyphosis|2.92; HP:0002059|Cerebral atrophy|2.80,7,disease_similarity_reactome_idf_jaccard_mondo_group_hpo_simgic_v0.4
MONDO:0012432,MONDO:0012433,Joubert syndrome 5,Senior-Loken syndrome 6,ciliopathies,same_gene_similar_presentation,Same causal gene and similar symptoms (subtypes of one condition).,1.0000,1.0000,,MONDO:0005308|ciliopathy,0.1960,0.8712,0.9356,CEP290,R-HSA-6798695|Neutrophil degranulation; R-HSA-2565942|Regulation of PLK1 Activity at G2/M Transition; R-HSA-380259|Loss of Nlp from mitotic centrosomes; R-HSA-380270|Recruitment of mitotic centrosome proteins and complexes; R-HSA-380284|Loss of proteins required for interphase microtubule organization from the centrosome; R-HSA-380320|Recruitment of NuMA to mitotic centrosomes; R-HSA-8854518|AURKA Activation by TPX2; R-HSA-5620912|Anchoring of the basal body to the plasma membrane,HP:0003774|Stage 5 chronic kidney disease|4.26; HP:0000510|Rod-cone dystrophy|4.03; HP:0006817|Aplasia/Hypoplasia of the cerebellar vermis|3.52; HP:0007663|Reduced visual acuity|2.91,4,disease_similarity_reactome_idf_jaccard_mondo_group_hpo_simgic_v0.4
MONDO:0010006,MONDO:0010100,Sandhoff disease,Tay-Sachs disease,lysosomal storage,mechanism_and_phenotype_neighbor,"Different genes in the same biological pathways, with an overlapping, distinctive symptom pattern.",0.9101,0.9101,MONDO:0017720,MONDO:0002561|lysosomal storage disease,0.2118,0.9026,0.9063,,R-HSA-2160916|Hyaluronan degradation; R-HSA-2024101|CS/DS degradation; R-HSA-2022857|Keratan sulfate degradation; R-HSA-9840310|Glycosphingolipid catabolism,HP:0010729|Cherry red spot of the macula|6.17; HP:0002267|Exaggerated startle response|5.68; HP:0000618|Blindness|4.15; HP:0001268|Mental deterioration|3.28; HP:0001324|Muscle weakness|2.08; HP:0001276|Hypertonia|2.01,4,disease_similarity_reactome_idf_jaccard_mondo_group_hpo_simgic_v0.4
MONDO:0012432,MONDO:0012626,Joubert syndrome 5,"Meckel syndrome, type 4",ciliopathies,same_gene_similar_presentation,Same causal gene and similar symptoms (subtypes of one condition).,1.0000,1.0000,,MONDO:0005308|ciliopathy,0.1642,0.7955,0.8977,CEP290,R-HSA-6798695|Neutrophil degranulation; R-HSA-2565942|Regulation of PLK1 Activity at G2/M Transition; R-HSA-380259|Loss of Nlp from mitotic centrosomes; R-HSA-380270|Recruitment of mitotic centrosome proteins and complexes; R-HSA-380284|Loss of proteins required for interphase microtubule organization from the centrosome; R-HSA-380320|Recruitment of NuMA to mitotic centrosomes; R-HSA-8854518|AURKA Activation by TPX2; R-HSA-5620912|Anchoring of the basal body to the plasma membrane,HP:0002335|Agenesis of cerebellar vermis|6.03; HP:0002419|Molar tooth sign on MRI|5.42; HP:0002084|Encephalocele|4.70; HP:0000107|Renal cyst|3.70; HP:0000175|Cleft palate|2.66,3,disease_similarity_reactome_idf_jaccard_mondo_group_hpo_simgic_v0.4
MONDO:0008104,MONDO:0100082,Noonan syndrome 1,LEOPARD syndrome 1,RASopathies,same_gene_similar_presentation,Same causal gene and similar symptoms (subtypes of one condition).,1.0000,1.0000,,MONDO:0021060|RASopathy,0.2573,0.7909,0.8955,PTPN11,"R-HSA-1059683|Interleukin-6 signaling; R-HSA-109704|PI3K Cascade; R-HSA-112411|MAPK1 (ERK2) activation; R-HSA-114604|GPVI-mediated activation cascade; R-HSA-1170546|Prolactin receptor signaling; R-HSA-1257604|PIP3 activates AKT signaling; R-HSA-180292|GAB1 signalosome; R-HSA-210990|PECAM1 interactions; R-HSA-2586552|Signaling by Leptin; R-HSA-389513|Co-inhibition by CTLA4; R-HSA-389948|Co-inhibition by PD-1; R-HSA-391160|Signal regulatory protein family interactions; R-HSA-418886|Netrin mediated repulsion signals; R-HSA-432142|Platelet sensitization by LDL; R-HSA-512988|Interleukin-3, Interleukin-5 and GM-CSF signaling; R-HSA-5654689|PI-3K cascade:FGFR1; R-HSA-5654695|PI-3K cascade:FGFR2; R-HSA-5654710|PI-3K cascade:FGFR3; R-HSA-5654720|PI-3K cascade:FGFR4; R-HSA-5654726|Negative regulation of FGFR1 signaling; R-HSA-5654727|Negative regulation of FGFR2 signaling; R-HSA-5654732|Negative regulation of FGFR3 signaling; R-HSA-5654733|Negative regulation of FGFR4 signaling; R-HSA-6811558|PI5P, PP2A and IER3 Regulate PI3K/AKT Signaling; R-HSA-877312|Regulation of IFNG signaling; R-HSA-8854691|Interleukin-20 family signaling; R-HSA-8865999|MET activates PTPN11; R-HSA-8934593|Regulation of RUNX1 Expression and Activity; R-HSA-9008059|Interleukin-37 signaling; R-HSA-909733|Interferon alpha/beta signaling; R-HSA-912694|Regulation of IFNA/IFNB signaling; R-HSA-936964|Activation of IRF3, IRF7 mediated by TBK1, IKKε (IKBKE); R-HSA-9645135|STAT5 Activation; R-HSA-9927353|Co-inhibition by BTLA; R-HSA-110056|MAPK3 (ERK1) activation; R-HSA-1295596|Spry regulation of FGF signaling; R-HSA-8853659|RET signaling; R-HSA-9674555|Signaling by CSF3 (G-CSF); R-HSA-9680350|Signaling by CSF1 (M-CSF) in myeloid cells; R-HSA-1433557|Signaling by SCF-KIT; R-HSA-186763|Downstream signal transduction; R-HSA-210993|Tie2 Signaling; R-HSA-5654693|FRS-mediated FGFR1 signaling; R-HSA-5654700|FRS-mediated FGFR2 signaling; R-HSA-5654706|FRS-mediated FGFR3 signaling; R-HSA-5654712|FRS-mediated FGFR4 signaling; R-HSA-9028731|Activated NTRK2 signals through FRS2 and FRS3; R-HSA-9607240|FLT3 Signaling",HP:0002967|Cubitus valgus|5.01; HP:0000465|Webbed neck|4.39; HP:0000957|Cafe-au-lait spot|4.34; HP:0001642|Pulmonic stenosis|4.17; HP:0000325|Triangular face|3.99; HP:0000768|Pectus carinatum|3.96,17,disease_similarity_reactome_idf_jaccard_mondo_group_hpo_simgic_v0.4
MONDO:0014432,MONDO:0014438,Bardet-Biedl syndrome 2,Bardet-Biedl syndrome 10,ciliopathies,mechanism_and_phenotype_neighbor,"Different genes in the same biological pathways, with an overlapping, distinctive symptom pattern.",1.0000,1.0000,MONDO:0015229,MONDO:0005308|ciliopathy,0.1538,0.7500,0.8750,,R-HSA-5620922|BBSome-mediated cargo-targeting to cilium,HP:0000510|Rod-cone dystrophy|4.03; HP:0000107|Renal cyst|3.70; HP:0000135|Hypogonadism|3.57; HP:0001513|Obesity|3.46; HP:0010442|Polydactyly|3.38; HP:0000083|Renal insufficiency|3.19,4,disease_similarity_reactome_idf_jaccard_mondo_group_hpo_simgic_v0.4
MONDO:0009262,MONDO:0009660,GM1 gangliosidosis type 3,mucopolysaccharidosis type 4B,lysosomal storage,same_gene_different_presentation,"Same causal gene, but a clearly different symptom pattern: one gene can cause different diseases.",1.0000,1.0000,,MONDO:0002561|lysosomal storage disease,0.1505,0.7132,0.8566,GLB1,R-HSA-2024101|CS/DS degradation; R-HSA-4085001|Sialic acid metabolism; R-HSA-2022857|Keratan sulfate degradation; R-HSA-6798695|Neutrophil degranulation; R-HSA-9840310|Glycosphingolipid catabolism,HP:0011867|Abnormal iliac wing morphology|4.91; HP:0007759|Opacification of the corneal stroma|4.63; HP:0000926|Platyspondyly|3.99; HP:0000280|Coarse facial features|3.63; HP:0011004|Abnormal systemic arterial morphology|2.95; HP:0002808|Kyphosis|2.92,7,disease_similarity_reactome_idf_jaccard_mondo_group_hpo_simgic_v0.4
MONDO:0009260,MONDO:0009660,GM1 gangliosidosis type 1,mucopolysaccharidosis type 4B,lysosomal storage,same_gene_different_presentation,"Same causal gene, but a clearly different symptom pattern: one gene can cause different diseases.",1.0000,1.0000,,MONDO:0002561|lysosomal storage disease,0.1505,0.7079,0.8539,GLB1,R-HSA-2024101|CS/DS degradation; R-HSA-4085001|Sialic acid metabolism; R-HSA-2022857|Keratan sulfate degradation; R-HSA-6798695|Neutrophil degranulation; R-HSA-9840310|Glycosphingolipid catabolism,HP:0000943|Dysostosis multiplex|5.77; HP:0008518|Aplasia/Hypoplasia involving the vertebral column|4.74; HP:0001387|Joint stiffness|4.03; HP:0000280|Coarse facial features|3.63; HP:0000023|Inguinal hernia|3.39; HP:0000772|Abnormal rib morphology|3.31,8,disease_similarity_reactome_idf_jaccard_mondo_group_hpo_simgic_v0.4
MONDO:0009026,MONDO:0012371,Costello syndrome,Noonan syndrome 3,RASopathies,mechanism_and_phenotype_neighbor,"Different genes in the same biological pathways, with an overlapping, distinctive symptom pattern.",0.8384,0.8384,,MONDO:0021060|RASopathy,0.2912,0.8636,0.8510,,"R-HSA-1169092|Activation of RAS in B cells; R-HSA-171007|p38MAPK events; R-HSA-442982|Ras activation upon Ca2+ influx through NMDA receptor; R-HSA-5218921|VEGFR2 mediated cell proliferation; R-HSA-8849471|PTK6 Regulates RHO GTPases, RAS GTPase and MAP kinases; R-HSA-9634635|Estrogen-stimulated signaling through PRKCZ; R-HSA-9648002|RAS processing; R-HSA-112412|SOS-mediated signalling; R-HSA-1250196|SHC1 events in ERBB2 signaling; R-HSA-1250347|SHC1 events in ERBB4 signaling; R-HSA-167044|Signalling to RAS; R-HSA-179812|GRB2 events in EGFR signaling; R-HSA-180336|SHC1 events in EGFR signaling; R-HSA-1963640|GRB2 events in ERBB2 signaling; R-HSA-2179392|EGFR Transactivation by Gastrin; R-HSA-2424491|DAP12 signaling; R-HSA-2428933|SHC-related events triggered by IGF1R; R-HSA-2871796|FCERI mediated MAPK activation; R-HSA-375165|NCAM signaling for neurite out-growth; R-HSA-5621575|CD209 (DC-SIGN) signaling; R-HSA-5654688|SHC-mediated cascade:FGFR1; R-HSA-5654699|SHC-mediated cascade:FGFR2; R-HSA-5654704|SHC-mediated cascade:FGFR3; R-HSA-5654719|SHC-mediated cascade:FGFR4; R-HSA-5673001|RAF/MAP kinase cascade; R-HSA-74751|Insulin receptor signalling cascade; R-HSA-8851805|MET activates RAS signaling; R-HSA-9026519|Activated NTRK2 signals through RAS; R-HSA-9027284|Erythropoietin activates RAS; R-HSA-9034864|Activated NTRK3 signals through RAS; R-HSA-1433557|Signaling by SCF-KIT; R-HSA-186763|Downstream signal transduction; R-HSA-210993|Tie2 Signaling; R-HSA-5654693|FRS-mediated FGFR1 signaling; R-HSA-5654700|FRS-mediated FGFR2 signaling; R-HSA-5654706|FRS-mediated FGFR3 signaling; R-HSA-5654712|FRS-mediated FGFR4 signaling; R-HSA-5658442|Regulation of RAS by GAPs; R-HSA-5675221|Negative regulation of MAPK pathway; R-HSA-9028731|Activated NTRK2 signals through FRS2 and FRS3; R-HSA-9607240|FLT3 Signaling; R-HSA-5673000|RAF activation; R-HSA-5674135|MAP2K and MAPK activation",HP:0001869|Deep plantar creases|6.20; HP:0006191|Deep palmar crease|5.70; HP:0007099|Chiari type I malformation|5.27; HP:0100625|Enlarged thorax|5.02; HP:0001582|Redundant skin|4.88; HP:0001634|Mitral valve prolapse|4.48,28,disease_similarity_reactome_idf_jaccard_mondo_group_hpo_simgic_v0.4
MONDO:0009261,MONDO:0009660,GM1 gangliosidosis type 2,mucopolysaccharidosis type 4B,lysosomal storage,same_gene_different_presentation,"Same causal gene, but a clearly different symptom pattern: one gene can cause different diseases.",1.0000,1.0000,,MONDO:0002561|lysosomal storage disease,0.1451,0.6816,0.8408,GLB1,R-HSA-2024101|CS/DS degradation; R-HSA-4085001|Sialic acid metabolism; R-HSA-2022857|Keratan sulfate degradation; R-HSA-6798695|Neutrophil degranulation; R-HSA-9840310|Glycosphingolipid catabolism,HP:0000943|Dysostosis multiplex|5.77; HP:0008518|Aplasia/Hypoplasia involving the vertebral column|4.74; HP:0002673|Coxa valga|4.69; HP:0001387|Joint stiffness|4.03; HP:0000926|Platyspondyly|3.99; HP:0000280|Coarse facial features|3.63,8,disease_similarity_reactome_idf_jaccard_mondo_group_hpo_simgic_v0.4
MONDO:0009265,MONDO:0009267,Gaucher disease type I,Gaucher disease type III,lysosomal storage,same_gene_different_presentation,"Same causal gene, but a clearly different symptom pattern: one gene can cause different diseases.",1.0000,1.0000,,MONDO:0002561|lysosomal storage disease,0.1314,0.6289,0.8145,GBA1,R-HSA-390471|Association of TriC/CCT with target proteins during biosynthesis; R-HSA-9840310|Glycosphingolipid catabolism,HP:0001876|Pancytopenia|4.41; HP:0001873|Thrombocytopenia|3.20; HP:0001744|Splenomegaly|2.95; HP:0002240|Hepatomegaly|2.66,4,disease_similarity_reactome_idf_jaccard_mondo_group_hpo_simgic_v0.4
MONDO:0009265,MONDO:0009266,Gaucher disease type I,Gaucher disease type II,lysosomal storage,same_gene_different_presentation,"Same causal gene, but a clearly different symptom pattern: one gene can cause different diseases.",1.0000,1.0000,,MONDO:0002561|lysosomal storage disease,0.1236,0.6026,0.8013,GBA1,R-HSA-390471|Association of TriC/CCT with target proteins during biosynthesis; R-HSA-9840310|Glycosphingolipid catabolism,HP:0001873|Thrombocytopenia|3.20; HP:0001744|Splenomegaly|2.95; HP:0001903|Anemia|2.69; HP:0002793|Abnormal pattern of respiration|2.69; HP:0002240|Hepatomegaly|2.66; HP:0002088|Abnormal lung morphology|2.03,4,disease_similarity_reactome_idf_jaccard_mondo_group_hpo_simgic_v0.4
MONDO:0008944,MONDO:0011963,Joubert syndrome 1,Joubert syndrome 2,ciliopathies,mechanism_and_phenotype_neighbor,"Different genes in the same biological pathways, with an overlapping, distinctive symptom pattern.",0.6000,0.0000,MONDO:0018772,MONDO:0005308|ciliopathy,0.4850,0.9924,0.7962,,,HP:0100951|Enlarged fossa interpeduncularis|8.08; HP:0002790|Neonatal breathing dysregulation|7.85; HP:0002508|Brainstem dysplasia|7.67; HP:0002195|Dysgenesis of the cerebellar vermis|7.27; HP:0011933|Elongated superior cerebellar peduncle|7.16; HP:0002876|Episodic tachypnea|6.82,26,disease_similarity_reactome_idf_jaccard_mondo_group_hpo_simgic_v0.4
MONDO:0012547,MONDO:0012690,Noonan syndrome 4,Noonan syndrome 5,RASopathies,mechanism_and_phenotype_neighbor,"Different genes in the same biological pathways, with an overlapping, distinctive symptom pattern.",0.6000,0.0000,MONDO:0018997,MONDO:0021060|RASopathy,0.4310,0.9909,0.7955,,,HP:0032152|Keratosis pilaris|5.61; HP:0000391|Thickened helices|5.59; HP:0002212|Curly hair|5.49; HP:0001520|Large for gestational age|5.30; HP:0002967|Cubitus valgus|5.01; HP:0000465|Webbed neck|4.39,25,disease_similarity_reactome_idf_jaccard_mondo_group_hpo_simgic_v0.4
MONDO:0011963,MONDO:0012432,Joubert syndrome 2,Joubert syndrome 5,ciliopathies,mechanism_and_phenotype_neighbor,"Different genes in the same biological pathways, with an overlapping, distinctive symptom pattern.",0.6000,0.0498,MONDO:0018772,MONDO:0005308|ciliopathy,0.3620,0.9773,0.7886,,R-HSA-5620912|Anchoring of the basal body to the plasma membrane,HP:0002404|Thickened superior cerebellar peduncle|8.08; HP:0002790|Neonatal breathing dysregulation|7.85; HP:0002876|Episodic tachypnea|6.82; HP:0002335|Agenesis of cerebellar vermis|6.03; HP:0002871|Central apnea|5.94; HP:0000090|Nephronophthisis|5.63,13,disease_similarity_reactome_idf_jaccard_mondo_group_hpo_simgic_v0.4
MONDO:0012690,MONDO:0013379,Noonan syndrome 5,Noonan syndrome 7,RASopathies,mechanism_and_phenotype_neighbor,"Different genes in the same biological pathways, with an overlapping, distinctive symptom pattern.",0.6000,0.1613,MONDO:0018997,MONDO:0021060|RASopathy,0.3714,0.9727,0.7864,,R-HSA-5674499|Negative feedback regulation of MAPK pathway; R-HSA-5675221|Negative regulation of MAPK pathway; R-HSA-5673000|RAF activation; R-HSA-5674135|MAP2K and MAPK activation,HP:0000391|Thickened helices|5.59; HP:0002212|Curly hair|5.49; HP:0001520|Large for gestational age|5.30; HP:0002967|Cubitus valgus|5.01; HP:0000465|Webbed neck|4.39; HP:0003764|Nevus|4.19,20,disease_similarity_reactome_idf_jaccard_mondo_group_hpo_simgic_v0.4
MONDO:0010099,MONDO:0010100,Tay-Sachs disease AB variant,Tay-Sachs disease,lysosomal storage,mechanism_and_phenotype_neighbor,"Different genes in the same biological pathways, with an overlapping, distinctive symptom pattern.",0.6000,0.0393,MONDO:0017720,MONDO:0002561|lysosomal storage disease,0.2798,0.9658,0.7829,,R-HSA-9840310|Glycosphingolipid catabolism,HP:0002267|Exaggerated startle response|5.68; HP:0002835|Aspiration|5.66; HP:0000741|Apathy|5.12; HP:0002421|Poor head control|4.29; HP:0000618|Blindness|4.15; HP:0000726|Dementia|3.87,10,disease_similarity_reactome_idf_jaccard_mondo_group_hpo_simgic_v0.4
MONDO:0008944,MONDO:0012432,Joubert syndrome 1,Joubert syndrome 5,ciliopathies,mechanism_and_phenotype_neighbor,"Different genes in the same biological pathways, with an overlapping, distinctive symptom pattern.",0.6000,0.0000,MONDO:0018772,MONDO:0005308|ciliopathy,0.2741,0.9621,0.7811,,,HP:0002790|Neonatal breathing dysregulation|7.85; HP:0011932|Abnormal superior cerebellar peduncle morphology|6.98; HP:0002876|Episodic tachypnea|6.82; HP:0002335|Agenesis of cerebellar vermis|6.03; HP:0002871|Central apnea|5.94; HP:0002419|Molar tooth sign on MRI|5.42,13,disease_similarity_reactome_idf_jaccard_mondo_group_hpo_simgic_v0.4
MONDO:0008104,MONDO:0012371,Noonan syndrome 1,Noonan syndrome 3,RASopathies,mechanism_and_phenotype_neighbor,"Different genes in the same biological pathways, with an overlapping, distinctive symptom pattern.",0.6000,0.0785,MONDO:0018997,MONDO:0021060|RASopathy,0.3457,0.9545,0.7773,,R-HSA-9674555|Signaling by CSF3 (G-CSF); R-HSA-9680350|Signaling by CSF1 (M-CSF) in myeloid cells; R-HSA-1433557|Signaling by SCF-KIT; R-HSA-186763|Downstream signal transduction; R-HSA-210993|Tie2 Signaling; R-HSA-5654693|FRS-mediated FGFR1 signaling; R-HSA-5654700|FRS-mediated FGFR2 signaling; R-HSA-5654706|FRS-mediated FGFR3 signaling; R-HSA-5654712|FRS-mediated FGFR4 signaling; R-HSA-9028731|Activated NTRK2 signals through FRS2 and FRS3; R-HSA-9607240|FLT3 Signaling,HP:0012209|Juvenile myelomonocytic leukemia|7.67; HP:0000914|Shield chest|6.17; HP:0000476|Cystic hygroma|5.42; HP:0002967|Cubitus valgus|5.01; HP:0002162|Low posterior hairline|4.43; HP:0000465|Webbed neck|4.39,24,disease_similarity_reactome_idf_jaccard_mondo_group_hpo_simgic_v0.4
MONDO:0008104,MONDO:0012547,Noonan syndrome 1,Noonan syndrome 4,RASopathies,mechanism_and_phenotype_neighbor,"Different genes in the same biological pathways, with an overlapping, distinctive symptom pattern.",0.6000,0.0741,MONDO:0018997,MONDO:0021060|RASopathy,0.3420,0.9364,0.7682,,R-HSA-8853659|RET signaling; R-HSA-9680350|Signaling by CSF1 (M-CSF) in myeloid cells; R-HSA-1433557|Signaling by SCF-KIT; R-HSA-186763|Downstream signal transduction; R-HSA-210993|Tie2 Signaling; R-HSA-5654693|FRS-mediated FGFR1 signaling; R-HSA-5654700|FRS-mediated FGFR2 signaling; R-HSA-5654706|FRS-mediated FGFR3 signaling; R-HSA-5654712|FRS-mediated FGFR4 signaling; R-HSA-9028731|Activated NTRK2 signals through FRS2 and FRS3; R-HSA-9607240|FLT3 Signaling,HP:0000915|Pectus excavatum of inferior sternum|7.85; HP:0010989|Abnormality of the intrinsic pathway|5.24; HP:0002967|Cubitus valgus|5.01; HP:0000465|Webbed neck|4.39; HP:0006610|Wide intermamillary distance|4.37; HP:0000689|Dental malocclusion|4.34,21,disease_similarity_reactome_idf_jaccard_mondo_group_hpo_simgic_v0.4
MONDO:0009571,MONDO:0012626,"Meckel syndrome, type 1","Meckel syndrome, type 4",ciliopathies,mechanism_and_phenotype_neighbor,"Different genes in the same biological pathways, with an overlapping, distinctive symptom pattern.",0.6000,0.0420,MONDO:0018921,MONDO:0005308|ciliopathy,0.2543,0.9318,0.7659,,R-HSA-5620912|Anchoring of the basal body to the plasma membrane,HP:0001408|Bile duct proliferation|6.06; HP:0002323|Anencephaly|5.66; HP:0002419|Molar tooth sign on MRI|5.42; HP:0002084|Encephalocele|4.70; HP:0001305|Dandy-Walker malformation|4.43; HP:0001162|Postaxial hand polydactyly|4.40,11,disease_similarity_reactome_idf_jaccard_mondo_group_hpo_simgic_v0.4
MONDO:0012371,MONDO:0012547,Noonan syndrome 3,Noonan syndrome 4,RASopathies,mechanism_and_phenotype_neighbor,"Different genes in the same biological pathways, with an overlapping, distinctive symptom pattern.",0.6000,0.4084,MONDO:0018997,MONDO:0021060|RASopathy,0.3367,0.9182,0.7591,,R-HSA-112412|SOS-mediated signalling; R-HSA-1250196|SHC1 events in ERBB2 signaling; R-HSA-1250347|SHC1 events in ERBB4 signaling; R-HSA-167044|Signalling to RAS; R-HSA-179812|GRB2 events in EGFR signaling; R-HSA-180336|SHC1 events in EGFR signaling; R-HSA-1963640|GRB2 events in ERBB2 signaling; R-HSA-2179392|EGFR Transactivation by Gastrin; R-HSA-2424491|DAP12 signaling; R-HSA-2428933|SHC-related events triggered by IGF1R; R-HSA-2871796|FCERI mediated MAPK activation; R-HSA-375165|NCAM signaling for neurite out-growth; R-HSA-5654688|SHC-mediated cascade:FGFR1; R-HSA-5654699|SHC-mediated cascade:FGFR2; R-HSA-5654704|SHC-mediated cascade:FGFR3; R-HSA-5654719|SHC-mediated cascade:FGFR4; R-HSA-5673001|RAF/MAP kinase cascade; R-HSA-74751|Insulin receptor signalling cascade; R-HSA-8851805|MET activates RAS signaling; R-HSA-9026519|Activated NTRK2 signals through RAS; R-HSA-9027284|Erythropoietin activates RAS; R-HSA-9034864|Activated NTRK3 signals through RAS; R-HSA-9680350|Signaling by CSF1 (M-CSF) in myeloid cells; R-HSA-1433557|Signaling by SCF-KIT; R-HSA-186763|Downstream signal transduction; R-HSA-210993|Tie2 Signaling; R-HSA-5654693|FRS-mediated FGFR1 signaling; R-HSA-5654700|FRS-mediated FGFR2 signaling; R-HSA-5654706|FRS-mediated FGFR3 signaling; R-HSA-5654712|FRS-mediated FGFR4 signaling; R-HSA-9028731|Activated NTRK2 signals through FRS2 and FRS3; R-HSA-9607240|FLT3 Signaling,HP:0000391|Thickened helices|5.59; HP:0002967|Cubitus valgus|5.01; HP:0000465|Webbed neck|4.39; HP:0006610|Wide intermamillary distance|4.37; HP:0000978|Bruising susceptibility|4.22; HP:0001642|Pulmonic stenosis|4.17,24,disease_similarity_reactome_idf_jaccard_mondo_group_hpo_simgic_v0.4
MONDO:0012547,MONDO:0013379,Noonan syndrome 4,Noonan syndrome 7,RASopathies,mechanism_and_phenotype_neighbor,"Different genes in the same biological pathways, with an overlapping, distinctive symptom pattern.",0.6000,0.0000,MONDO:0018997,MONDO:0021060|RASopathy,0.3233,0.9000,0.7500,,,HP:0000391|Thickened helices|5.59; HP:0002212|Curly hair|5.49; HP:0001520|Large for gestational age|5.30; HP:0002967|Cubitus valgus|5.01; HP:0000465|Webbed neck|4.39; HP:0001642|Pulmonic stenosis|4.17,20,disease_similarity_reactome_idf_jaccard_mondo_group_hpo_simgic_v0.4
MONDO:0012371,MONDO:0013379,Noonan syndrome 3,Noonan syndrome 7,RASopathies,mechanism_and_phenotype_neighbor,"Different genes in the same biological pathways, with an overlapping, distinctive symptom pattern.",0.6000,0.0344,MONDO:0018997,MONDO:0021060|RASopathy,0.3203,0.8818,0.7409,,R-HSA-5675221|Negative regulation of MAPK pathway; R-HSA-5673000|RAF activation; R-HSA-5674135|MAP2K and MAPK activation,HP:0000914|Shield chest|6.17; HP:0006191|Deep palmar crease|5.70; HP:0000391|Thickened helices|5.59; HP:0002967|Cubitus valgus|5.01; HP:0002162|Low posterior hairline|4.43; HP:0000465|Webbed neck|4.39,22,disease_similarity_reactome_idf_jaccard_mondo_group_hpo_simgic_v0.4
MONDO:0009262,MONDO:0009738,GM1 gangliosidosis type 3,sialidosis type 2,lysosomal storage,mechanism_and_phenotype_neighbor,"Different genes in the same biological pathways, with an overlapping, distinctive symptom pattern.",0.4443,0.4443,,MONDO:0002561|lysosomal storage disease,0.3226,0.9921,0.7182,,R-HSA-4085001|Sialic acid metabolism; R-HSA-6798695|Neutrophil degranulation; R-HSA-9840310|Glycosphingolipid catabolism,HP:0003651|Foam cells|6.33; HP:0010729|Cherry red spot of the macula|6.17; HP:0001350|Slurred speech|5.23; HP:0000280|Coarse facial features|3.63; HP:0001336|Myoclonus|3.46; HP:0001744|Splenomegaly|2.95,10,disease_similarity_reactome_idf_jaccard_mondo_group_hpo_simgic_v0.4
MONDO:0009262,MONDO:0010006,GM1 gangliosidosis type 3,Sandhoff disease,lysosomal storage,mechanism_and_phenotype_neighbor,"Different genes in the same biological pathways, with an overlapping, distinctive symptom pattern.",0.5028,0.5028,,MONDO:0002561|lysosomal storage disease,0.2177,0.9184,0.7106,,R-HSA-2024101|CS/DS degradation; R-HSA-2022857|Keratan sulfate degradation; R-HSA-6798695|Neutrophil degranulation; R-HSA-9840310|Glycosphingolipid catabolism,HP:0010729|Cherry red spot of the macula|6.17; HP:0000280|Coarse facial features|3.63; HP:0001744|Splenomegaly|2.95; HP:0001260|Dysarthria|2.76; HP:0003202|Skeletal muscle atrophy|2.71; HP:0002240|Hepatomegaly|2.66,7,disease_similarity_reactome_idf_jaccard_mondo_group_hpo_simgic_v0.4
MONDO:0008854,MONDO:0014438,Bardet-Biedl syndrome 1,Bardet-Biedl syndrome 10,ciliopathies,mechanism_neighbor_different_presentation,"Different genes in the same pathways, but the symptom patterns differ.",1.0000,1.0000,MONDO:0015229,MONDO:0005308|ciliopathy,0.0938,0.4167,0.7083,,R-HSA-5620922|BBSome-mediated cargo-targeting to cilium,HP:0000510|Rod-cone dystrophy|4.03; HP:0000135|Hypogonadism|3.57; HP:0001513|Obesity|3.46; HP:0010442|Polydactyly|3.38,5,disease_similarity_reactome_idf_jaccard_mondo_group_hpo_simgic_v0.4
MONDO:0009260,MONDO:0009738,GM1 gangliosidosis type 1,sialidosis type 2,lysosomal storage,mechanism_and_phenotype_neighbor,"Different genes in the same biological pathways, with an overlapping, distinctive symptom pattern.",0.4443,0.4443,,MONDO:0002561|lysosomal storage disease,0.2874,0.9711,0.7077,,R-HSA-4085001|Sialic acid metabolism; R-HSA-6798695|Neutrophil degranulation; R-HSA-9840310|Glycosphingolipid catabolism,HP:0001922|Vacuolated lymphocytes|6.82; HP:0010729|Cherry red spot of the macula|6.17; HP:0000943|Dysostosis multiplex|5.77; HP:0000280|Coarse facial features|3.63; HP:0000023|Inguinal hernia|3.39; HP:0001638|Cardiomyopathy|2.96,10,disease_similarity_reactome_idf_jaccard_mondo_group_hpo_simgic_v0.4
MONDO:0012371,MONDO:0012690,Noonan syndrome 3,Noonan syndrome 5,RASopathies,mechanism_and_phenotype_neighbor,"Different genes in the same biological pathways, with an overlapping, distinctive symptom pattern.",0.6000,0.0514,MONDO:0018997,MONDO:0021060|RASopathy,0.2727,0.8091,0.7045,,R-HSA-5621575|CD209 (DC-SIGN) signaling; R-HSA-5675221|Negative regulation of MAPK pathway; R-HSA-5673000|RAF activation; R-HSA-5674135|MAP2K and MAPK activation,HP:0000391|Thickened helices|5.59; HP:0002967|Cubitus valgus|5.01; HP:0000465|Webbed neck|4.39; HP:0001642|Pulmonic stenosis|4.17; HP:0001639|Hypertrophic cardiomyopathy|3.92; HP:0045075|Sparse eyebrow|3.91,20,disease_similarity_reactome_idf_jaccard_mondo_group_hpo_simgic_v0.4
MONDO:0012433,MONDO:0012626,Senior-Loken syndrome 6,"Meckel syndrome, type 4",ciliopathies,same_gene_different_presentation,"Same causal gene, but a clearly different symptom pattern: one gene can cause different diseases.",1.0000,1.0000,,MONDO:0005308|ciliopathy,0.0841,0.3712,0.6856,CEP290,R-HSA-6798695|Neutrophil degranulation; R-HSA-2565942|Regulation of PLK1 Activity at G2/M Transition; R-HSA-380259|Loss of Nlp from mitotic centrosomes; R-HSA-380270|Recruitment of mitotic centrosome proteins and complexes; R-HSA-380284|Loss of proteins required for interphase microtubule organization from the centrosome; R-HSA-380320|Recruitment of NuMA to mitotic centrosomes; R-HSA-8854518|AURKA Activation by TPX2; R-HSA-5620912|Anchoring of the basal body to the plasma membrane,HP:0006817|Aplasia/Hypoplasia of the cerebellar vermis|3.52,0,disease_similarity_reactome_idf_jaccard_mondo_group_hpo_simgic_v0.4
MONDO:0008104,MONDO:0012690,Noonan syndrome 1,Noonan syndrome 5,RASopathies,mechanism_and_phenotype_neighbor,"Different genes in the same biological pathways, with an overlapping, distinctive symptom pattern.",0.6000,0.0000,MONDO:0018997,MONDO:0021060|RASopathy,0.2544,0.7545,0.6773,,,HP:0002967|Cubitus valgus|5.01; HP:0000465|Webbed neck|4.39; HP:0000957|Cafe-au-lait spot|4.34; HP:0001642|Pulmonic stenosis|4.17; HP:0000958|Dry skin|4.08; HP:0001639|Hypertrophic cardiomyopathy|3.92,17,disease_similarity_reactome_idf_jaccard_mondo_group_hpo_simgic_v0.4
MONDO:0009659,MONDO:0009660,mucopolysaccharidosis type 4A,mucopolysaccharidosis type 4B,lysosomal storage,mechanism_and_phenotype_neighbor,"Different genes in the same biological pathways, with an overlapping, distinctive symptom pattern.",0.3474,0.3474,,MONDO:0002561|lysosomal storage disease,0.6621,0.9974,0.6724,,R-HSA-2022857|Keratan sulfate degradation; R-HSA-6798695|Neutrophil degranulation,HP:0001223|Pointed proximal second through fifth metacarpals|8.77; HP:0003277|Constricted iliac wing|8.77; HP:0003053|Epiphyseal deformities of tubular bones|8.36; HP:0000683|Grayish enamel|7.85; HP:0000904|Flaring of rib cage|6.98; HP:0002318|Cervical myelopathy|6.98,34,disease_similarity_reactome_idf_jaccard_mondo_group_hpo_simgic_v0.4
MONDO:0008104,MONDO:0013379,Noonan syndrome 1,Noonan syndrome 7,RASopathies,mechanism_neighbor_different_presentation,"Different genes in the same pathways, but the symptom patterns differ.",0.6000,0.0155,MONDO:0018997,MONDO:0021060|RASopathy,0.2532,0.7364,0.6682,,R-HSA-1295596|Spry regulation of FGF signaling,HP:0000914|Shield chest|6.17; HP:0002967|Cubitus valgus|5.01; HP:0002162|Low posterior hairline|4.43; HP:0000465|Webbed neck|4.39; HP:0001642|Pulmonic stenosis|4.17; HP:0000768|Pectus carinatum|3.96,15,disease_similarity_reactome_idf_jaccard_mondo_group_hpo_simgic_v0.4
MONDO:0009261,MONDO:0010006,GM1 gangliosidosis type 2,Sandhoff disease,lysosomal storage,mechanism_and_phenotype_neighbor,"Different genes in the same biological pathways, with an overlapping, distinctive symptom pattern.",0.5028,0.5028,,MONDO:0002561|lysosomal storage disease,0.1721,0.7974,0.6501,,R-HSA-2024101|CS/DS degradation; R-HSA-2022857|Keratan sulfate degradation; R-HSA-6798695|Neutrophil degranulation; R-HSA-9840310|Glycosphingolipid catabolism,HP:0007272|Progressive psychomotor deterioration|6.82; HP:0032794|Myoclonic seizure|3.78; HP:0000280|Coarse facial features|3.63; HP:0002376|Developmental regression|3.44; HP:0030809|Abnormal tongue morphology|3.36; HP:0001744|Splenomegaly|2.95,4,disease_similarity_reactome_idf_jaccard_mondo_group_hpo_simgic_v0.4
MONDO:0009260,MONDO:0010006,GM1 gangliosidosis type 1,Sandhoff disease,lysosomal storage,mechanism_and_phenotype_neighbor,"Different genes in the same biological pathways, with an overlapping, distinctive symptom pattern.",0.5028,0.5028,,MONDO:0002561|lysosomal storage disease,0.1691,0.7921,0.6475,,R-HSA-2024101|CS/DS degradation; R-HSA-2022857|Keratan sulfate degradation; R-HSA-6798695|Neutrophil degranulation; R-HSA-9840310|Glycosphingolipid catabolism,HP:0010729|Cherry red spot of the macula|6.17; HP:0000280|Coarse facial features|3.63; HP:0001744|Splenomegaly|2.95; HP:0002240|Hepatomegaly|2.66; HP:0001276|Hypertonia|2.01,4,disease_similarity_reactome_idf_jaccard_mondo_group_hpo_simgic_v0.4
MONDO:0009737,MONDO:0009738,galactosialidosis,sialidosis type 2,lysosomal storage,mechanism_and_phenotype_neighbor,"Different genes in the same biological pathways, with an overlapping, distinctive symptom pattern.",0.3020,0.3020,,MONDO:0002561|lysosomal storage disease,0.2903,0.9763,0.6392,,R-HSA-4085001|Sialic acid metabolism; R-HSA-6798695|Neutrophil degranulation; R-HSA-9840310|Glycosphingolipid catabolism,HP:0010729|Cherry red spot of the macula|6.17; HP:0000943|Dysostosis multiplex|5.77; HP:0000280|Coarse facial features|3.63; HP:0001744|Splenomegaly|2.95; HP:0002240|Hepatomegaly|2.66,5,disease_similarity_reactome_idf_jaccard_mondo_group_hpo_simgic_v0.4
MONDO:0010006,MONDO:0010099,Sandhoff disease,Tay-Sachs disease AB variant,lysosomal storage,mechanism_neighbor_different_presentation,"Different genes in the same pathways, but the symptom patterns differ.",0.6000,0.0500,MONDO:0017720,MONDO:0002561|lysosomal storage disease,0.1377,0.6553,0.6276,,R-HSA-6798695|Neutrophil degranulation; R-HSA-9840310|Glycosphingolipid catabolism,HP:0002267|Exaggerated startle response|5.68; HP:0000618|Blindness|4.15; HP:0032794|Myoclonic seizure|3.78; HP:0001268|Mental deterioration|3.28; HP:0001347|Hyperreflexia|2.58; HP:0001257|Spasticity|2.27,5,disease_similarity_reactome_idf_jaccard_mondo_group_hpo_simgic_v0.4
MONDO:0009261,MONDO:0009738,GM1 gangliosidosis type 2,sialidosis type 2,lysosomal storage,mechanism_and_phenotype_neighbor,"Different genes in the same biological pathways, with an overlapping, distinctive symptom pattern.",0.4443,0.4443,,MONDO:0002561|lysosomal storage disease,0.1629,0.7658,0.6050,,R-HSA-4085001|Sialic acid metabolism; R-HSA-6798695|Neutrophil degranulation; R-HSA-9840310|Glycosphingolipid catabolism,HP:0000943|Dysostosis multiplex|5.77; HP:0004311|Abnormal macrophage morphology|5.20; HP:0000280|Coarse facial features|3.63; HP:0001744|Splenomegaly|2.95; HP:0001290|Generalized hypotonia|2.86; HP:0002240|Hepatomegaly|2.66,5,disease_similarity_reactome_idf_jaccard_mondo_group_hpo_simgic_v0.4
MONDO:0009262,MONDO:0009737,GM1 gangliosidosis type 3,galactosialidosis,lysosomal storage,phenotype_neighbor_weak_mechanism,"Distinctive symptoms overlap and they share a biological process or a mechanism-defined disease class, but the specific mechanism link is weak; needs review.",0.2192,0.2192,,MONDO:0002561|lysosomal storage disease,0.3083,0.9868,0.6030,,R-HSA-4085001|Sialic acid metabolism; R-HSA-6798695|Neutrophil degranulation; R-HSA-9840310|Glycosphingolipid catabolism,HP:0010729|Cherry red spot of the macula|6.17; HP:0007759|Opacification of the corneal stroma|4.63; HP:0000280|Coarse facial features|3.63; HP:0001744|Splenomegaly|2.95; HP:0002240|Hepatomegaly|2.66,4,disease_similarity_reactome_idf_jaccard_mondo_group_hpo_simgic_v0.4
MONDO:0009260,MONDO:0009737,GM1 gangliosidosis type 1,galactosialidosis,lysosomal storage,phenotype_neighbor_weak_mechanism,"Distinctive symptoms overlap and they share a biological process or a mechanism-defined disease class, but the specific mechanism link is weak; needs review.",0.2192,0.2192,,MONDO:0002561|lysosomal storage disease,0.2622,0.9500,0.5846,,R-HSA-4085001|Sialic acid metabolism; R-HSA-6798695|Neutrophil degranulation; R-HSA-9840310|Glycosphingolipid catabolism,HP:0010729|Cherry red spot of the macula|6.17; HP:0000943|Dysostosis multiplex|5.77; HP:0003510|Severe short stature|4.43; HP:0000280|Coarse facial features|3.63; HP:0001744|Splenomegaly|2.95; HP:0011276|Vascular skin abnormality|2.80,6,disease_similarity_reactome_idf_jaccard_mondo_group_hpo_simgic_v0.4
MONDO:0008763,MONDO:0012432,Alstrom syndrome,Joubert syndrome 5,ciliopathies,mechanism_neighbor_different_presentation,"Different genes in the same pathways, but the symptom patterns differ.",0.8139,0.8139,,MONDO:0005308|ciliopathy,0.0820,0.3409,0.5774,,R-HSA-2565942|Regulation of PLK1 Activity at G2/M Transition; R-HSA-380259|Loss of Nlp from mitotic centrosomes; R-HSA-380270|Recruitment of mitotic centrosome proteins and complexes; R-HSA-380284|Loss of proteins required for interphase microtubule organization from the centrosome; R-HSA-380320|Recruitment of NuMA to mitotic centrosomes; R-HSA-8854518|AURKA Activation by TPX2; R-HSA-5620912|Anchoring of the basal body to the plasma membrane,HP:0000618|Blindness|4.15; HP:0000556|Retinal dystrophy|3.50; HP:0000083|Renal insufficiency|3.19; HP:0000639|Nystagmus|2.29; HP:0012210|Abnormal renal morphology|2.16,2,disease_similarity_reactome_idf_jaccard_mondo_group_hpo_simgic_v0.4
MONDO:0009738,MONDO:0009756,sialidosis type 2,Niemann-Pick disease type A,lysosomal storage,phenotype_neighbor_weak_mechanism,"Distinctive symptoms overlap and they share a biological process or a mechanism-defined disease class, but the specific mechanism link is weak; needs review.",0.1500,0.0442,,MONDO:0002561|lysosomal storage disease,0.3044,0.9816,0.5658,,R-HSA-9840310|Glycosphingolipid catabolism,HP:0004333|Bone-marrow foam cells|7.27; HP:0010729|Cherry red spot of the macula|6.17; HP:0001541|Ascites|4.34; HP:0001744|Splenomegaly|2.95; HP:0003202|Skeletal muscle atrophy|2.71; HP:0002240|Hepatomegaly|2.66,10,disease_similarity_reactome_idf_jaccard_mondo_group_hpo_simgic_v0.4
MONDO:0009262,MONDO:0010100,GM1 gangliosidosis type 3,Tay-Sachs disease,lysosomal storage,mechanism_neighbor_different_presentation,"Different genes in the same pathways, but the symptom patterns differ.",0.4327,0.4327,,MONDO:0002561|lysosomal storage disease,0.1458,0.6868,0.5598,,R-HSA-2024101|CS/DS degradation; R-HSA-2022857|Keratan sulfate degradation; R-HSA-9840310|Glycosphingolipid catabolism,HP:0010729|Cherry red spot of the macula|6.17,2,disease_similarity_reactome_idf_jaccard_mondo_group_hpo_simgic_v0.4
MONDO:0009756,MONDO:0009757,Niemann-Pick disease type A,"Niemann-Pick disease, type C1",lysosomal storage,phenotype_neighbor_weak_mechanism,"Distinctive symptoms overlap and they share a biological process or a mechanism-defined disease class, but the specific mechanism link is weak; needs review.",0.1500,0.0000,,MONDO:0002561|lysosomal storage disease,0.2698,0.9553,0.5526,,,HP:0001982|Sea-blue histiocytosis|7.67; HP:0004333|Bone-marrow foam cells|7.27; HP:0006579|Prolonged neonatal jaundice|5.06; HP:0001541|Ascites|4.34; HP:0001744|Splenomegaly|2.95; HP:0002240|Hepatomegaly|2.66,9,disease_similarity_reactome_idf_jaccard_mondo_group_hpo_simgic_v0.4
MONDO:0012433,MONDO:0014438,Senior-Loken syndrome 6,Bardet-Biedl syndrome 10,ciliopathies,phenotype_neighbor_weak_mechanism,"Distinctive symptoms overlap and they share a biological process or a mechanism-defined disease class, but the specific mechanism link is weak; needs review.",0.1500,0.0000,,MONDO:0005308|ciliopathy,0.2554,0.9470,0.5485,,,HP:0000510|Rod-cone dystrophy|4.03; HP:0000083|Renal insufficiency|3.19,1,disease_similarity_reactome_idf_jaccard_mondo_group_hpo_simgic_v0.4
MONDO:0009738,MONDO:0010006,sialidosis type 2,Sandhoff disease,lysosomal storage,phenotype_neighbor_weak_mechanism,"Distinctive symptoms overlap and they share a biological process or a mechanism-defined disease class, but the specific mechanism link is weak; needs review.",0.1500,0.0500,,MONDO:0002561|lysosomal storage disease,0.2262,0.9342,0.5421,,R-HSA-6798695|Neutrophil degranulation; R-HSA-9840310|Glycosphingolipid catabolism,HP:0010729|Cherry red spot of the macula|6.17; HP:0001640|Cardiomegaly|4.56; HP:0000280|Coarse facial features|3.63; HP:0001744|Splenomegaly|2.95; HP:0003202|Skeletal muscle atrophy|2.71; HP:0002240|Hepatomegaly|2.66,8,disease_similarity_reactome_idf_jaccard_mondo_group_hpo_simgic_v0.4
MONDO:0009738,MONDO:0009757,sialidosis type 2,"Niemann-Pick disease, type C1",lysosomal storage,phenotype_neighbor_weak_mechanism,"Distinctive symptoms overlap and they share a biological process or a mechanism-defined disease class, but the specific mechanism link is weak; needs review.",0.1500,0.0000,,MONDO:0002561|lysosomal storage disease,0.2222,0.9289,0.5395,,,HP:0004333|Bone-marrow foam cells|7.27; HP:0001541|Ascites|4.34; HP:0001744|Splenomegaly|2.95; HP:0001290|Generalized hypotonia|2.86; HP:0002240|Hepatomegaly|2.66; HP:0001251|Ataxia|2.19,7,disease_similarity_reactome_idf_jaccard_mondo_group_hpo_simgic_v0.4
MONDO:0009260,MONDO:0010100,GM1 gangliosidosis type 1,Tay-Sachs disease,lysosomal storage,mechanism_neighbor_different_presentation,"Different genes in the same pathways, but the symptom patterns differ.",0.4327,0.4327,,MONDO:0002561|lysosomal storage disease,0.1370,0.6447,0.5387,,R-HSA-2024101|CS/DS degradation; R-HSA-2022857|Keratan sulfate degradation; R-HSA-9840310|Glycosphingolipid catabolism,HP:0010729|Cherry red spot of the macula|6.17; HP:0001276|Hypertonia|2.01,4,disease_similarity_reactome_idf_jaccard_mondo_group_hpo_simgic_v0.4
MONDO:0009260,MONDO:0009659,GM1 gangliosidosis type 1,mucopolysaccharidosis type 4A,lysosomal storage,mechanism_neighbor_different_presentation,"Different genes in the same pathways, but the symptom patterns differ.",0.3474,0.3474,,MONDO:0002561|lysosomal storage disease,0.1542,0.7289,0.5382,,R-HSA-2022857|Keratan sulfate degradation; R-HSA-6798695|Neutrophil degranulation,HP:0000943|Dysostosis multiplex|5.77; HP:0004568|Beaking of vertebral bodies|5.63; HP:0008518|Aplasia/Hypoplasia involving the vertebral column|4.74; HP:0000280|Coarse facial features|3.63; HP:0000023|Inguinal hernia|3.39; HP:0001654|Abnormal heart valve morphology|3.38,9,disease_similarity_reactome_idf_jaccard_mondo_group_hpo_simgic_v0.4
MONDO:0009262,MONDO:0009756,GM1 gangliosidosis type 3,Niemann-Pick disease type A,lysosomal storage,phenotype_neighbor_weak_mechanism,"Distinctive symptoms overlap and they share a biological process or a mechanism-defined disease class, but the specific mechanism link is weak; needs review.",0.1500,0.0280,,MONDO:0002561|lysosomal storage disease,0.2204,0.9237,0.5368,,R-HSA-9840310|Glycosphingolipid catabolism,HP:0003651|Foam cells|6.33; HP:0010729|Cherry red spot of the macula|6.17; HP:0001744|Splenomegaly|2.95; HP:0003202|Skeletal muscle atrophy|2.71; HP:0002240|Hepatomegaly|2.66; HP:0004305|Involuntary movements|2.18,5,disease_similarity_reactome_idf_jaccard_mondo_group_hpo_simgic_v0.4
MONDO:0009218,MONDO:0009737,Farber lipogranulomatosis,galactosialidosis,lysosomal storage,phenotype_neighbor_weak_mechanism,"Distinctive symptoms overlap and they share a biological process or a mechanism-defined disease class, but the specific mechanism link is weak; needs review.",0.1500,0.0500,,MONDO:0002561|lysosomal storage disease,0.2174,0.9132,0.5316,,R-HSA-6798695|Neutrophil degranulation; R-HSA-9840310|Glycosphingolipid catabolism,HP:0010729|Cherry red spot of the macula|6.17; HP:0001744|Splenomegaly|2.95; HP:0002240|Hepatomegaly|2.66,2,disease_similarity_reactome_idf_jaccard_mondo_group_hpo_simgic_v0.4
MONDO:0011963,MONDO:0012626,Joubert syndrome 2,"Meckel syndrome, type 4",ciliopathies,phenotype_neighbor_weak_mechanism,"Distinctive symptoms overlap and they share a biological process or a mechanism-defined disease class, but the specific mechanism link is weak; needs review.",0.1500,0.0498,,MONDO:0005308|ciliopathy,0.2392,0.9015,0.5258,,R-HSA-5620912|Anchoring of the basal body to the plasma membrane,HP:0002335|Agenesis of cerebellar vermis|6.03; HP:0002419|Molar tooth sign on MRI|5.42; HP:0002084|Encephalocele|4.70; HP:0001162|Postaxial hand polydactyly|4.40; HP:0000107|Renal cyst|3.70; HP:0000568|Microphthalmia|3.43,7,disease_similarity_reactome_idf_jaccard_mondo_group_hpo_simgic_v0.4
MONDO:0009262,MONDO:0009659,GM1 gangliosidosis type 3,mucopolysaccharidosis type 4A,lysosomal storage,mechanism_neighbor_different_presentation,"Different genes in the same pathways, but the symptom patterns differ.",0.3474,0.3474,,MONDO:0002561|lysosomal storage disease,0.1500,0.7026,0.5250,,R-HSA-2022857|Keratan sulfate degradation; R-HSA-6798695|Neutrophil degranulation,HP:0008430|Anterior beaking of lumbar vertebrae|7.27; HP:0011867|Abnormal iliac wing morphology|4.91; HP:0007759|Opacification of the corneal stroma|4.63; HP:0000926|Platyspondyly|3.99; HP:0000280|Coarse facial features|3.63; HP:0002808|Kyphosis|2.92,7,disease_similarity_reactome_idf_jaccard_mondo_group_hpo_simgic_v0.4
MONDO:0009756,MONDO:0010006,Niemann-Pick disease type A,Sandhoff disease,lysosomal storage,phenotype_neighbor_weak_mechanism,"Distinctive symptoms overlap and they share a biological process or a mechanism-defined disease class, but the specific mechanism link is weak; needs review.",0.1500,0.0266,,MONDO:0002561|lysosomal storage disease,0.2073,0.8974,0.5237,,R-HSA-9840310|Glycosphingolipid catabolism,HP:0010729|Cherry red spot of the macula|6.17; HP:0002376|Developmental regression|3.44; HP:0011400|Abnormal CNS myelination|3.23; HP:0000256|Macrocephaly|2.97; HP:0001744|Splenomegaly|2.95; HP:0003202|Skeletal muscle atrophy|2.71,8,disease_similarity_reactome_idf_jaccard_mondo_group_hpo_simgic_v0.4
MONDO:0009218,MONDO:0009756,Farber lipogranulomatosis,Niemann-Pick disease type A,lysosomal storage,phenotype_neighbor_weak_mechanism,"Distinctive symptoms overlap and they share a biological process or a mechanism-defined disease class, but the specific mechanism link is weak; needs review.",0.1500,0.0363,,MONDO:0002561|lysosomal storage disease,0.2036,0.8921,0.5211,,R-HSA-9840310|Glycosphingolipid catabolism,HP:0010729|Cherry red spot of the macula|6.17; HP:0000737|Irritability|3.86; HP:0001744|Splenomegaly|2.95; HP:0002240|Hepatomegaly|2.66; HP:0003330|Abnormal bone structure|2.44; HP:0001508|Failure to thrive|2.35,6,disease_similarity_reactome_idf_jaccard_mondo_group_hpo_simgic_v0.4
MONDO:0009737,MONDO:0010100,galactosialidosis,Tay-Sachs disease,lysosomal storage,phenotype_neighbor_weak_mechanism,"Distinctive symptoms overlap and they share a biological process or a mechanism-defined disease class, but the specific mechanism link is weak; needs review.",0.1500,0.0176,,MONDO:0002561|lysosomal storage disease,0.2017,0.8868,0.5184,,R-HSA-9840310|Glycosphingolipid catabolism,HP:0010729|Cherry red spot of the macula|6.17,2,disease_similarity_reactome_idf_jaccard_mondo_group_hpo_simgic_v0.4
MONDO:0008944,MONDO:0012626,Joubert syndrome 1,"Meckel syndrome, type 4",ciliopathies,phenotype_neighbor_weak_mechanism,"Distinctive symptoms overlap and they share a biological process or a mechanism-defined disease class, but the specific mechanism link is weak; needs review.",0.1500,0.0000,,MONDO:0005308|ciliopathy,0.1991,0.8864,0.5182,,,HP:0002335|Agenesis of cerebellar vermis|6.03; HP:0002435|Meningocele|5.77; HP:0002419|Molar tooth sign on MRI|5.42; HP:0001162|Postaxial hand polydactyly|4.40; HP:0000107|Renal cyst|3.70; HP:0001320|Cerebellar vermis hypoplasia|3.60,5,disease_similarity_reactome_idf_jaccard_mondo_group_hpo_simgic_v0.4
MONDO:0008763,MONDO:0012433,Alstrom syndrome,Senior-Loken syndrome 6,ciliopathies,mechanism_neighbor_different_presentation,"Different genes in the same pathways, but the symptom patterns differ.",0.8139,0.8139,,MONDO:0005308|ciliopathy,0.0616,0.2197,0.5168,,R-HSA-2565942|Regulation of PLK1 Activity at G2/M Transition; R-HSA-380259|Loss of Nlp from mitotic centrosomes; R-HSA-380270|Recruitment of mitotic centrosome proteins and complexes; R-HSA-380284|Loss of proteins required for interphase microtubule organization from the centrosome; R-HSA-380320|Recruitment of NuMA to mitotic centrosomes; R-HSA-8854518|AURKA Activation by TPX2; R-HSA-5620912|Anchoring of the basal body to the plasma membrane,HP:0000556|Retinal dystrophy|3.50; HP:0000083|Renal insufficiency|3.19; HP:0007663|Reduced visual acuity|2.91,1,disease_similarity_reactome_idf_jaccard_mondo_group_hpo_simgic_v0.4
MONDO:0009267,MONDO:0009757,Gaucher disease type III,"Niemann-Pick disease, type C1",lysosomal storage,phenotype_neighbor_weak_mechanism,"Distinctive symptoms overlap and they share a biological process or a mechanism-defined disease class, but the specific mechanism link is weak; needs review.",0.1500,0.0000,,MONDO:0002561|lysosomal storage disease,0.2005,0.8816,0.5158,,,HP:0000605|Supranuclear gaze palsy|5.14; HP:0000726|Dementia|3.87; HP:0001744|Splenomegaly|2.95; HP:0002240|Hepatomegaly|2.66; HP:0001257|Spasticity|2.27; HP:0033353|Abnormal blood vessel morphology|2.25,4,disease_similarity_reactome_idf_jaccard_mondo_group_hpo_simgic_v0.4
MONDO:0009266,MONDO:0009756,Gaucher disease type II,Niemann-Pick disease type A,lysosomal storage,phenotype_neighbor_weak_mechanism,"Distinctive symptoms overlap and they share a biological process or a mechanism-defined disease class, but the specific mechanism link is weak; needs review.",0.1500,0.0396,,MONDO:0002561|lysosomal storage disease,0.1970,0.8711,0.5105,,R-HSA-9840310|Glycosphingolipid catabolism,HP:0001538|Protuberant abdomen|5.51; HP:0002063|Rigidity|4.02; HP:0001744|Splenomegaly|2.95; HP:0011004|Abnormal systemic arterial morphology|2.95; HP:0001903|Anemia|2.69; HP:0002240|Hepatomegaly|2.66,7,disease_similarity_reactome_idf_jaccard_mondo_group_hpo_simgic_v0.4
MONDO:0008763,MONDO:0012626,Alstrom syndrome,"Meckel syndrome, type 4",ciliopathies,mechanism_neighbor_different_presentation,"Different genes in the same pathways, but the symptom patterns differ.",0.8139,0.8139,,MONDO:0005308|ciliopathy,0.0531,0.2045,0.5092,,R-HSA-2565942|Regulation of PLK1 Activity at G2/M Transition; R-HSA-380259|Loss of Nlp from mitotic centrosomes; R-HSA-380270|Recruitment of mitotic centrosome proteins and complexes; R-HSA-380284|Loss of proteins required for interphase microtubule organization from the centrosome; R-HSA-380320|Recruitment of NuMA to mitotic centrosomes; R-HSA-8854518|AURKA Activation by TPX2; R-HSA-5620912|Anchoring of the basal body to the plasma membrane,HP:0010442|Polydactyly|3.38; HP:0012210|Abnormal renal morphology|2.16; HP:0001392|Abnormality of the liver|2.14,0,disease_similarity_reactome_idf_jaccard_mondo_group_hpo_simgic_v0.4
MONDO:0009261,MONDO:0009659,GM1 gangliosidosis type 2,mucopolysaccharidosis type 4A,lysosomal storage,mechanism_neighbor_different_presentation,"Different genes in the same pathways, but the symptom patterns differ.",0.3474,0.3474,,MONDO:0002561|lysosomal storage disease,0.1401,0.6711,0.5092,,R-HSA-2022857|Keratan sulfate degradation; R-HSA-6798695|Neutrophil degranulation,HP:0000943|Dysostosis multiplex|5.77; HP:0004568|Beaking of vertebral bodies|5.63; HP:0100712|Abnormal lumbar spine morphology|5.61; HP:0008518|Aplasia/Hypoplasia involving the vertebral column|4.74; HP:0002673|Coxa valga|4.69; HP:0000926|Platyspondyly|3.99,6,disease_similarity_reactome_idf_jaccard_mondo_group_hpo_simgic_v0.4
MONDO:0009737,MONDO:0009756,galactosialidosis,Niemann-Pick disease type A,lysosomal storage,phenotype_neighbor_weak_mechanism,"Distinctive symptoms overlap and they share a biological process or a mechanism-defined disease class, but the specific mechanism link is weak; needs review.",0.1500,0.0213,,MONDO:0002561|lysosomal storage disease,0.1966,0.8658,0.5079,,R-HSA-9840310|Glycosphingolipid catabolism,HP:0010729|Cherry red spot of the macula|6.17; HP:0001744|Splenomegaly|2.95; HP:0002240|Hepatomegaly|2.66; HP:0011354|Generalized abnormality of skin|2.11,2,disease_similarity_reactome_idf_jaccard_mondo_group_hpo_simgic_v0.4
MONDO:0013379,MONDO:0014113,Noonan syndrome 7,cardiofaciocutaneous syndrome 3,RASopathies,phenotype_neighbor_weak_mechanism,"Distinctive symptoms overlap and they share a biological process or a mechanism-defined disease class, but the specific mechanism link is weak; needs review.",0.2394,0.2394,,MONDO:0021060|RASopathy,0.2562,0.7727,0.5060,,R-HSA-170968|Frs2-mediated activation; R-HSA-5674499|Negative feedback regulation of MAPK pathway; R-HSA-5673000|RAF activation; R-HSA-5674135|MAP2K and MAPK activation,HP:0002212|Curly hair|5.49; HP:0000465|Webbed neck|4.39; HP:0000975|Hyperhidrosis|4.22; HP:0001642|Pulmonic stenosis|4.17; HP:0001639|Hypertrophic cardiomyopathy|3.92; HP:0000767|Pectus excavatum|3.32,13,disease_similarity_reactome_idf_jaccard_mondo_group_hpo_simgic_v0.4
MONDO:0009261,MONDO:0009757,GM1 gangliosidosis type 2,"Niemann-Pick disease, type C1",lysosomal storage,phenotype_neighbor_weak_mechanism,"Distinctive symptoms overlap and they share a biological process or a mechanism-defined disease class, but the specific mechanism link is weak; needs review.",0.1500,0.0000,,MONDO:0002561|lysosomal storage disease,0.1966,0.8605,0.5053,,,HP:0001982|Sea-blue histiocytosis|7.67; HP:0001268|Mental deterioration|3.28; HP:0001744|Splenomegaly|2.95; HP:0002015|Dysphagia|2.88; HP:0001290|Generalized hypotonia|2.86; HP:0002240|Hepatomegaly|2.66,6,disease_similarity_reactome_idf_jaccard_mondo_group_hpo_simgic_v0.4
MONDO:0009571,MONDO:0011963,"Meckel syndrome, type 1",Joubert syndrome 2,ciliopathies,phenotype_neighbor_weak_mechanism,"Distinctive symptoms overlap and they share a biological process or a mechanism-defined disease class, but the specific mechanism link is weak; needs review.",0.1500,0.0500,,MONDO:0005308|ciliopathy,0.1923,0.8561,0.5030,,R-HSA-5620912|Anchoring of the basal body to the plasma membrane,HP:0001583|Rotary nystagmus|6.03; HP:0002419|Molar tooth sign on MRI|5.42; HP:0001830|Postaxial foot polydactyly|5.19; HP:0002084|Encephalocele|4.70; HP:0001162|Postaxial hand polydactyly|4.40; HP:0000107|Renal cyst|3.70,10,disease_similarity_reactome_idf_jaccard_mondo_group_hpo_simgic_v0.4
MONDO:0009737,MONDO:0010006,galactosialidosis,Sandhoff disease,lysosomal storage,phenotype_neighbor_weak_mechanism,"Distinctive symptoms overlap and they share a biological process or a mechanism-defined disease class, but the specific mechanism link is weak; needs review.",0.1500,0.0500,,MONDO:0002561|lysosomal storage disease,0.1956,0.8553,0.5026,,R-HSA-6798695|Neutrophil degranulation; R-HSA-9840310|Glycosphingolipid catabolism,HP:0010729|Cherry red spot of the macula|6.17; HP:0001433|Hepatosplenomegaly|4.23; HP:0000280|Coarse facial features|3.63,3,disease_similarity_reactome_idf_jaccard_mondo_group_hpo_simgic_v0.4
MONDO:0009499,MONDO:0009591,Krabbe disease,"metachromatic leukodystrophy, juvenile form",lysosomal storage,phenotype_neighbor_weak_mechanism,"Distinctive symptoms overlap and they share a biological process or a mechanism-defined disease class, but the specific mechanism link is weak; needs review.",0.1500,0.0500,,MONDO:0002561|lysosomal storage disease,0.1940,0.8500,0.5000,,R-HSA-9840310|Glycosphingolipid catabolism,HP:0011096|Peripheral demyelination|5.35; HP:0000762|Decreased nerve conduction velocity|4.33; HP:0001268|Mental deterioration|3.28; HP:0000648|Optic atrophy|3.01; HP:0009830|Peripheral neuropathy|2.84; HP:0001347|Hyperreflexia|2.58,5,disease_similarity_reactome_idf_jaccard_mondo_group_hpo_simgic_v0.4
MONDO:0012690,MONDO:0100082,Noonan syndrome 5,LEOPARD syndrome 1,RASopathies,phenotype_neighbor_weak_mechanism,"Distinctive symptoms overlap and they share a biological process or a mechanism-defined disease class, but the specific mechanism link is weak; needs review.",0.1500,0.0000,,MONDO:0021060|RASopathy,0.2787,0.8455,0.4977,,,HP:0001003|Multiple lentigines|6.28; HP:0002967|Cubitus valgus|5.01; HP:0000465|Webbed neck|4.39; HP:0000957|Cafe-au-lait spot|4.34; HP:0001642|Pulmonic stenosis|4.17; HP:0001639|Hypertrophic cardiomyopathy|3.92,15,disease_similarity_reactome_idf_jaccard_mondo_group_hpo_simgic_v0.4
MONDO:0009591,MONDO:0010099,"metachromatic leukodystrophy, juvenile form",Tay-Sachs disease AB variant,lysosomal storage,phenotype_neighbor_weak_mechanism,"Distinctive symptoms overlap and they share a biological process or a mechanism-defined disease class, but the specific mechanism link is weak; needs review.",0.1500,0.0500,,MONDO:0002561|lysosomal storage disease,0.1933,0.8447,0.4974,,R-HSA-6798695|Neutrophil degranulation; R-HSA-9840310|Glycosphingolipid catabolism,HP:0002371|Loss of speech|5.85; HP:0030182|Tetraplegia/tetraparesis|4.14; HP:0002072|Chorea|3.77; HP:0001268|Mental deterioration|3.28; HP:0007256|Abnormal pyramidal sign|3.05; HP:0034353|Appendicular spasticity|2.99,7,disease_similarity_reactome_idf_jaccard_mondo_group_hpo_simgic_v0.4
MONDO:0008763,MONDO:0008854,Alstrom syndrome,Bardet-Biedl syndrome 1,ciliopathies,phenotype_neighbor_weak_mechanism,"Distinctive symptoms overlap and they share a biological process or a mechanism-defined disease class, but the specific mechanism link is weak; needs review.",0.1500,0.0000,,MONDO:0005308|ciliopathy,0.1908,0.8409,0.4955,,,HP:0001956|Truncal obesity|5.30; HP:0000873|Diabetes insipidus|5.08; HP:0007843|Attenuation of retinal blood vessels|4.79; HP:0001133|Constriction of peripheral visual field|4.65; HP:0002099|Asthma|4.47; HP:0000580|Pigmentary retinopathy|4.12,8,disease_similarity_reactome_idf_jaccard_mondo_group_hpo_simgic_v0.4
MONDO:0009218,MONDO:0009262,Farber lipogranulomatosis,GM1 gangliosidosis type 3,lysosomal storage,phenotype_neighbor_weak_mechanism,"Distinctive symptoms overlap and they share a biological process or a mechanism-defined disease class, but the specific mechanism link is weak; needs review.",0.1500,0.0500,,MONDO:0002561|lysosomal storage disease,0.1924,0.8395,0.4947,,R-HSA-6798695|Neutrophil degranulation; R-HSA-9840310|Glycosphingolipid catabolism,HP:0010729|Cherry red spot of the macula|6.17; HP:0001744|Splenomegaly|2.95; HP:0002240|Hepatomegaly|2.66; HP:0100491|Abnormality of lower limb joint|2.43,3,disease_similarity_reactome_idf_jaccard_mondo_group_hpo_simgic_v0.4
MONDO:0009660,MONDO:0009738,mucopolysaccharidosis type 4B,sialidosis type 2,lysosomal storage,mechanism_neighbor_different_presentation,"Different genes in the same pathways, but the symptom patterns differ.",0.4443,0.4443,,MONDO:0002561|lysosomal storage disease,0.1165,0.5447,0.4945,,R-HSA-4085001|Sialic acid metabolism; R-HSA-6798695|Neutrophil degranulation; R-HSA-9840310|Glycosphingolipid catabolism,HP:0000943|Dysostosis multiplex|5.77; HP:0000280|Coarse facial features|3.63; HP:0005930|Abnormal epiphysis morphology|3.42; HP:0000023|Inguinal hernia|3.39; HP:0011004|Abnormal systemic arterial morphology|2.95; HP:0002240|Hepatomegaly|2.66,5,disease_similarity_reactome_idf_jaccard_mondo_group_hpo_simgic_v0.4
MONDO:0009738,MONDO:0010100,sialidosis type 2,Tay-Sachs disease,lysosomal storage,phenotype_neighbor_weak_mechanism,"Distinctive symptoms overlap and they share a biological process or a mechanism-defined disease class, but the specific mechanism link is weak; needs review.",0.1500,0.0306,,MONDO:0002561|lysosomal storage disease,0.1865,0.8342,0.4921,,R-HSA-9840310|Glycosphingolipid catabolism,HP:0010729|Cherry red spot of the macula|6.17; HP:0001290|Generalized hypotonia|2.86; HP:0000505|Visual impairment|2.17; HP:0001324|Muscle weakness|2.08,4,disease_similarity_reactome_idf_jaccard_mondo_group_hpo_simgic_v0.4
MONDO:0009261,MONDO:0009267,GM1 gangliosidosis type 2,Gaucher disease type III,lysosomal storage,phenotype_neighbor_weak_mechanism,"Distinctive symptoms overlap and they share a biological process or a mechanism-defined disease class, but the specific mechanism link is weak; needs review.",0.1500,0.0280,,MONDO:0002561|lysosomal storage disease,0.1847,0.8289,0.4895,,R-HSA-9840310|Glycosphingolipid catabolism,HP:0002344|Progressive neurologic deterioration|5.06; HP:0002123|Generalized myoclonic seizure|4.53; HP:0034353|Appendicular spasticity|2.99; HP:0001744|Splenomegaly|2.95; HP:0002240|Hepatomegaly|2.66; HP:0033353|Abnormal blood vessel morphology|2.25,4,disease_similarity_reactome_idf_jaccard_mondo_group_hpo_simgic_v0.4
MONDO:0012690,MONDO:0014113,Noonan syndrome 5,cardiofaciocutaneous syndrome 3,RASopathies,phenotype_neighbor_weak_mechanism,"Distinctive symptoms overlap and they share a biological process or a mechanism-defined disease class, but the specific mechanism link is weak; needs review.",0.1500,0.1191,,MONDO:0021060|RASopathy,0.2752,0.8273,0.4886,,R-HSA-5674499|Negative feedback regulation of MAPK pathway; R-HSA-5673000|RAF activation; R-HSA-5674135|MAP2K and MAPK activation,HP:0032152|Keratosis pilaris|5.61; HP:0002212|Curly hair|5.49; HP:0000465|Webbed neck|4.39; HP:0001642|Pulmonic stenosis|4.17; HP:0001639|Hypertrophic cardiomyopathy|3.92; HP:0000154|Wide mouth|3.75,11,disease_similarity_reactome_idf_jaccard_mondo_group_hpo_simgic_v0.4
MONDO:0008944,MONDO:0009571,Joubert syndrome 1,"Meckel syndrome, type 1",ciliopathies,phenotype_neighbor_weak_mechanism,"Distinctive symptoms overlap and they share a biological process or a mechanism-defined disease class, but the specific mechanism link is weak; needs review.",0.1500,0.0000,,MONDO:0005308|ciliopathy,0.1792,0.8258,0.4879,,,HP:0002419|Molar tooth sign on MRI|5.42; HP:0001830|Postaxial foot polydactyly|5.19; HP:0025336|Delayed ability to sit|4.70; HP:0001162|Postaxial hand polydactyly|4.40; HP:0000107|Renal cyst|3.70; HP:0000589|Coloboma|3.65,11,disease_similarity_reactome_idf_jaccard_mondo_group_hpo_simgic_v0.4
MONDO:0009260,MONDO:0009756,GM1 gangliosidosis type 1,Niemann-Pick disease type A,lysosomal storage,phenotype_neighbor_weak_mechanism,"Distinctive symptoms overlap and they share a biological process or a mechanism-defined disease class, but the specific mechanism link is weak; needs review.",0.1500,0.0280,,MONDO:0002561|lysosomal storage disease,0.1826,0.8237,0.4868,,R-HSA-9840310|Glycosphingolipid catabolism,HP:0010729|Cherry red spot of the macula|6.17; HP:0001744|Splenomegaly|2.95; HP:0001881|Abnormal leukocyte morphology|2.66; HP:0002240|Hepatomegaly|2.66; HP:0011354|Generalized abnormality of skin|2.11; HP:0001276|Hypertonia|2.01,6,disease_similarity_reactome_idf_jaccard_mondo_group_hpo_simgic_v0.4
MONDO:0009262,MONDO:0009757,GM1 gangliosidosis type 3,"Niemann-Pick disease, type C1",lysosomal storage,phenotype_neighbor_weak_mechanism,"Distinctive symptoms overlap and they share a biological process or a mechanism-defined disease class, but the specific mechanism link is weak; needs review.",0.1500,0.0000,,MONDO:0002561|lysosomal storage disease,0.1822,0.8184,0.4842,,,HP:0003651|Foam cells|6.33; HP:0001744|Splenomegaly|2.95; HP:0001332|Dystonia|2.83; HP:0001260|Dysarthria|2.76; HP:0002240|Hepatomegaly|2.66; HP:0007367|Atrophy/Degeneration affecting the central nervous system|2.45,7,disease_similarity_reactome_idf_jaccard_mondo_group_hpo_simgic_v0.4
MONDO:0009261,MONDO:0009266,GM1 gangliosidosis type 2,Gaucher disease type II,lysosomal storage,phenotype_neighbor_weak_mechanism,"Distinctive symptoms overlap and they share a biological process or a mechanism-defined disease class, but the specific mechanism link is weak; needs review.",0.1500,0.0280,,MONDO:0002561|lysosomal storage disease,0.1792,0.8132,0.4816,,R-HSA-9840310|Glycosphingolipid catabolism,HP:0002344|Progressive neurologic deterioration|5.06; HP:0001744|Splenomegaly|2.95; HP:0002015|Dysphagia|2.88; HP:0002059|Cerebral atrophy|2.80; HP:0002240|Hepatomegaly|2.66; HP:0030962|Abnormal morphology of the great vessels|2.62,5,disease_similarity_reactome_idf_jaccard_mondo_group_hpo_simgic_v0.4
MONDO:0011963,MONDO:0014432,Joubert syndrome 2,Bardet-Biedl syndrome 2,ciliopathies,phenotype_neighbor_weak_mechanism,"Distinctive symptoms overlap and they share a biological process or a mechanism-defined disease class, but the specific mechanism link is weak; needs review.",0.1500,0.0000,,MONDO:0005308|ciliopathy,0.1761,0.8106,0.4803,,,HP:0001830|Postaxial foot polydactyly|5.19; HP:0001162|Postaxial hand polydactyly|4.40; HP:0000107|Renal cyst|3.70; HP:0000556|Retinal dystrophy|3.50; HP:0000083|Renal insufficiency|3.19; HP:0000050|Hypoplastic male external genitalia|3.11,5,disease_similarity_reactome_idf_jaccard_mondo_group_hpo_simgic_v0.4
MONDO:0009266,MONDO:0009757,Gaucher disease type II,"Niemann-Pick disease, type C1",lysosomal storage,phenotype_neighbor_weak_mechanism,"Distinctive symptoms overlap and they share a biological process or a mechanism-defined disease class, but the specific mechanism link is weak; needs review.",0.1500,0.0000,,MONDO:0002561|lysosomal storage disease,0.1757,0.8079,0.4789,,,HP:0001268|Mental deterioration|3.28; HP:0001744|Splenomegaly|2.95; HP:0011004|Abnormal systemic arterial morphology|2.95; HP:0002015|Dysphagia|2.88; HP:0002240|Hepatomegaly|2.66; HP:0007367|Atrophy/Degeneration affecting the central nervous system|2.45,6,disease_similarity_reactome_idf_jaccard_mondo_group_hpo_simgic_v0.4
MONDO:0009218,MONDO:0009738,Farber lipogranulomatosis,sialidosis type 2,lysosomal storage,phenotype_neighbor_weak_mechanism,"Distinctive symptoms overlap and they share a biological process or a mechanism-defined disease class, but the specific mechanism link is weak; needs review.",0.1500,0.0500,,MONDO:0002561|lysosomal storage disease,0.1726,0.8026,0.4763,,R-HSA-6798695|Neutrophil degranulation; R-HSA-9840310|Glycosphingolipid catabolism,HP:0010729|Cherry red spot of the macula|6.17; HP:0001744|Splenomegaly|2.95; HP:0002240|Hepatomegaly|2.66; HP:0003330|Abnormal bone structure|2.44,4,disease_similarity_reactome_idf_jaccard_mondo_group_hpo_simgic_v0.4
MONDO:0009499,MONDO:0010079,Krabbe disease,Canavan disease,lysosomal storage,phenotype_lookalike_different_mechanism,"Symptoms overlap, but there is no shared gene, only broad biological processes in common and no shared mechanism class: treat as a look-alike, not a research neighbor.",0.0000,0.0000,,,0.2311,0.9395,0.4697,,,HP:0007305|CNS demyelination|5.38; HP:0000618|Blindness|4.15; HP:0002376|Developmental regression|3.44; HP:0000648|Optic atrophy|3.01; HP:0002353|EEG abnormality|2.99; HP:0012444|Brain atrophy|2.59,7,disease_similarity_reactome_idf_jaccard_mondo_group_hpo_simgic_v0.4
MONDO:0009267,MONDO:0010006,Gaucher disease type III,Sandhoff disease,lysosomal storage,phenotype_neighbor_weak_mechanism,"Distinctive symptoms overlap and they share a biological process or a mechanism-defined disease class, but the specific mechanism link is weak; needs review.",0.1500,0.0266,,MONDO:0002561|lysosomal storage disease,0.1682,0.7868,0.4684,,R-HSA-9840310|Glycosphingolipid catabolism,HP:0002344|Progressive neurologic deterioration|5.06; HP:0032794|Myoclonic seizure|3.78; HP:0001744|Splenomegaly|2.95; HP:0002240|Hepatomegaly|2.66; HP:0001257|Spasticity|2.27; HP:0033353|Abnormal blood vessel morphology|2.25,2,disease_similarity_reactome_idf_jaccard_mondo_group_hpo_simgic_v0.4
MONDO:0009499,MONDO:0010099,Krabbe disease,Tay-Sachs disease AB variant,lysosomal storage,phenotype_neighbor_weak_mechanism,"Distinctive symptoms overlap and they share a biological process or a mechanism-defined disease class, but the specific mechanism link is weak; needs review.",0.1500,0.0500,,MONDO:0002561|lysosomal storage disease,0.1675,0.7816,0.4658,,R-HSA-9840310|Glycosphingolipid catabolism,HP:0002180|Neurodegeneration|5.53; HP:0000618|Blindness|4.15; HP:0008936|Axial hypotonia|3.53; HP:0001268|Mental deterioration|3.28; HP:0002059|Cerebral atrophy|2.80; HP:0001347|Hyperreflexia|2.58,6,disease_similarity_reactome_idf_jaccard_mondo_group_hpo_simgic_v0.4
MONDO:0009218,MONDO:0009260,Farber lipogranulomatosis,GM1 gangliosidosis type 1,lysosomal storage,phenotype_neighbor_weak_mechanism,"Distinctive symptoms overlap and they share a biological process or a mechanism-defined disease class, but the specific mechanism link is weak; needs review.",0.1500,0.0500,,MONDO:0002561|lysosomal storage disease,0.1666,0.7763,0.4632,,R-HSA-6798695|Neutrophil degranulation; R-HSA-9840310|Glycosphingolipid catabolism,HP:0010729|Cherry red spot of the macula|6.17; HP:0001376|Limitation of joint mobility|3.03; HP:0001744|Splenomegaly|2.95; HP:0002240|Hepatomegaly|2.66,4,disease_similarity_reactome_idf_jaccard_mondo_group_hpo_simgic_v0.4
MONDO:0009266,MONDO:0009499,Gaucher disease type II,Krabbe disease,lysosomal storage,phenotype_neighbor_weak_mechanism,"Distinctive symptoms overlap and they share a biological process or a mechanism-defined disease class, but the specific mechanism link is weak; needs review.",0.1500,0.0500,,MONDO:0002561|lysosomal storage disease,0.1635,0.7711,0.4605,,R-HSA-9840310|Glycosphingolipid catabolism,HP:0002063|Rigidity|4.02; HP:0001268|Mental deterioration|3.28; HP:0001873|Thrombocytopenia|3.20; HP:0002059|Cerebral atrophy|2.80; HP:0001347|Hyperreflexia|2.58; HP:0001508|Failure to thrive|2.35,3,disease_similarity_reactome_idf_jaccard_mondo_group_hpo_simgic_v0.4
MONDO:0008854,MONDO:0011963,Bardet-Biedl syndrome 1,Joubert syndrome 2,ciliopathies,phenotype_neighbor_weak_mechanism,"Distinctive symptoms overlap and they share a biological process or a mechanism-defined disease class, but the specific mechanism link is weak; needs review.",0.1500,0.0000,,MONDO:0005308|ciliopathy,0.1607,0.7652,0.4576,,,HP:0001830|Postaxial foot polydactyly|5.19; HP:0001162|Postaxial hand polydactyly|4.40; HP:0000556|Retinal dystrophy|3.50; HP:0000050|Hypoplastic male external genitalia|3.11; HP:0000256|Macrocephaly|2.97; HP:0000218|High palate|2.48,9,disease_similarity_reactome_idf_jaccard_mondo_group_hpo_simgic_v0.4
MONDO:0009267,MONDO:0009738,Gaucher disease type III,sialidosis type 2,lysosomal storage,phenotype_neighbor_weak_mechanism,"Distinctive symptoms overlap and they share a biological process or a mechanism-defined disease class, but the specific mechanism link is weak; needs review.",0.1500,0.0442,,MONDO:0002561|lysosomal storage disease,0.1622,0.7605,0.4553,,R-HSA-9840310|Glycosphingolipid catabolism,HP:0010766|Ectopic calcification|3.61; HP:0001336|Myoclonus|3.46; HP:0001744|Splenomegaly|2.95; HP:0002240|Hepatomegaly|2.66; HP:0033353|Abnormal blood vessel morphology|2.25; HP:0001251|Ataxia|2.19,4,disease_similarity_reactome_idf_jaccard_mondo_group_hpo_simgic_v0.4
MONDO:0009267,MONDO:0010099,Gaucher disease type III,Tay-Sachs disease AB variant,lysosomal storage,phenotype_neighbor_weak_mechanism,"Distinctive symptoms overlap and they share a biological process or a mechanism-defined disease class, but the specific mechanism link is weak; needs review.",0.1500,0.0500,,MONDO:0002561|lysosomal storage disease,0.1616,0.7553,0.4526,,R-HSA-9840310|Glycosphingolipid catabolism,HP:0000726|Dementia|3.87; HP:0032794|Myoclonic seizure|3.78; HP:0000745|Abnormal diminished volition|3.10; HP:0034353|Appendicular spasticity|2.99; HP:0010549|Weakness due to upper motor neuron dysfunction|2.98; HP:0004305|Involuntary movements|2.18,1,disease_similarity_reactome_idf_jaccard_mondo_group_hpo_simgic_v0.4
MONDO:0009218,MONDO:0010100,Farber lipogranulomatosis,Tay-Sachs disease,lysosomal storage,phenotype_neighbor_weak_mechanism,"Distinctive symptoms overlap and they share a biological process or a mechanism-defined disease class, but the specific mechanism link is weak; needs review.",0.1500,0.0266,,MONDO:0002561|lysosomal storage disease,0.1610,0.7500,0.4500,,R-HSA-9840310|Glycosphingolipid catabolism,HP:0010729|Cherry red spot of the macula|6.17; HP:0025766|Abnormal affect|2.13,1,disease_similarity_reactome_idf_jaccard_mondo_group_hpo_simgic_v0.4
MONDO:0009262,MONDO:0009267,GM1 gangliosidosis type 3,Gaucher disease type III,lysosomal storage,not_linked,No strong mechanism or phenotype link in this panel.,0.1500,0.0280,,MONDO:0002561|lysosomal storage disease,0.1587,0.7447,0.4474,,R-HSA-9840310|Glycosphingolipid catabolism,HP:0001336|Myoclonus|3.46; HP:0001744|Splenomegaly|2.95; HP:0002240|Hepatomegaly|2.66; HP:0033353|Abnormal blood vessel morphology|2.25; HP:0001251|Ataxia|2.19,5,disease_similarity_reactome_idf_jaccard_mondo_group_hpo_simgic_v0.4
MONDO:0012669,MONDO:0018975,Legius syndrome,neurofibromatosis type 1,RASopathies,mechanism_neighbor_different_presentation,"Different genes in the same pathways, but the symptom patterns differ.",0.2847,0.2847,,MONDO:0021060|RASopathy,0.2032,0.6091,0.4469,,R-HSA-5658442|Regulation of RAS by GAPs,HP:0030052|Inguinal freckling|7.16; HP:0000997|Axillary freckling|6.98; HP:0001067|Neurofibroma|6.33; HP:0012031|Lipomatous tumor|4.91; HP:0000957|Cafe-au-lait spot|4.34; HP:0001642|Pulmonic stenosis|4.17,10,disease_similarity_reactome_idf_jaccard_mondo_group_hpo_simgic_v0.4
MONDO:0008854,MONDO:0008944,Bardet-Biedl syndrome 1,Joubert syndrome 1,ciliopathies,not_linked,No strong mechanism or phenotype link in this panel.,0.1500,0.0000,,MONDO:0005308|ciliopathy,0.1527,0.7348,0.4424,,,HP:0001830|Postaxial foot polydactyly|5.19; HP:0001395|Hepatic fibrosis|4.52; HP:0001162|Postaxial hand polydactyly|4.40; HP:0000556|Retinal dystrophy|3.50; HP:0000256|Macrocephaly|2.97; HP:0000508|Ptosis|2.63,11,disease_similarity_reactome_idf_jaccard_mondo_group_hpo_simgic_v0.4
MONDO:0009261,MONDO:0009756,GM1 gangliosidosis type 2,Niemann-Pick disease type A,lysosomal storage,not_linked,No strong mechanism or phenotype link in this panel.,0.1500,0.0280,,MONDO:0002561|lysosomal storage disease,0.1569,0.7342,0.4421,,R-HSA-9840310|Glycosphingolipid catabolism,HP:0001982|Sea-blue histiocytosis|7.67; HP:0002376|Developmental regression|3.44; HP:0001744|Splenomegaly|2.95; HP:0002240|Hepatomegaly|2.66; HP:0003330|Abnormal bone structure|2.44; HP:0001508|Failure to thrive|2.35,4,disease_similarity_reactome_idf_jaccard_mondo_group_hpo_simgic_v0.4
MONDO:0009591,MONDO:0010006,"metachromatic leukodystrophy, juvenile form",Sandhoff disease,lysosomal storage,not_linked,No strong mechanism or phenotype link in this panel.,0.1500,0.0500,,MONDO:0002561|lysosomal storage disease,0.1532,0.7237,0.4368,,R-HSA-6798695|Neutrophil degranulation; R-HSA-9840310|Glycosphingolipid catabolism,HP:0000020|Urinary incontinence|4.25; HP:0001268|Mental deterioration|3.28; HP:0012447|Abnormal myelination|2.81; HP:0001260|Dysarthria|2.76; HP:0001347|Hyperreflexia|2.58; HP:0410008|Abnormality of the peripheral nervous system|2.45,5,disease_similarity_reactome_idf_jaccard_mondo_group_hpo_simgic_v0.4
MONDO:0008944,MONDO:0014432,Joubert syndrome 1,Bardet-Biedl syndrome 2,ciliopathies,not_linked,No strong mechanism or phenotype link in this panel.,0.1500,0.0000,,MONDO:0005308|ciliopathy,0.1498,0.7197,0.4348,,,HP:0001830|Postaxial foot polydactyly|5.19; HP:0001162|Postaxial hand polydactyly|4.40; HP:0000107|Renal cyst|3.70; HP:0000556|Retinal dystrophy|3.50; HP:0000752|Hyperactivity|3.04; HP:0012211|Abnormal renal physiology|2.71,5,disease_similarity_reactome_idf_jaccard_mondo_group_hpo_simgic_v0.4
MONDO:0009756,MONDO:0010100,Niemann-Pick disease type A,Tay-Sachs disease,lysosomal storage,not_linked,No strong mechanism or phenotype link in this panel.,0.1500,0.0283,,MONDO:0002561|lysosomal storage disease,0.1523,0.7184,0.4342,,R-HSA-9840310|Glycosphingolipid catabolism,HP:0010729|Cherry red spot of the macula|6.17; HP:0025766|Abnormal affect|2.13; HP:0001324|Muscle weakness|2.08; HP:0001276|Hypertonia|2.01,2,disease_similarity_reactome_idf_jaccard_mondo_group_hpo_simgic_v0.4
MONDO:0012547,MONDO:0014113,Noonan syndrome 4,cardiofaciocutaneous syndrome 3,RASopathies,not_linked,No strong mechanism or phenotype link in this panel.,0.1500,0.0000,,MONDO:0021060|RASopathy,0.2485,0.7182,0.4341,,,HP:0032152|Keratosis pilaris|5.61; HP:0002212|Curly hair|5.49; HP:0000465|Webbed neck|4.39; HP:0001642|Pulmonic stenosis|4.17; HP:0001639|Hypertrophic cardiomyopathy|3.92; HP:0000154|Wide mouth|3.75,13,disease_similarity_reactome_idf_jaccard_mondo_group_hpo_simgic_v0.4
MONDO:0008854,MONDO:0009571,Bardet-Biedl syndrome 1,"Meckel syndrome, type 1",ciliopathies,not_linked,No strong mechanism or phenotype link in this panel.,0.1500,0.0000,,MONDO:0005308|ciliopathy,0.1454,0.7045,0.4273,,,HP:0009466|Radial deviation of finger|5.24; HP:0001830|Postaxial foot polydactyly|5.19; HP:0001080|Biliary tract abnormality|4.45; HP:0001162|Postaxial hand polydactyly|4.40; HP:0000008|Abnormal morphology of female internal genitalia|3.28; HP:0003241|External genital hypoplasia|3.01,8,disease_similarity_reactome_idf_jaccard_mondo_group_hpo_simgic_v0.4
MONDO:0008104,MONDO:0012669,Noonan syndrome 1,Legius syndrome,RASopathies,not_linked,No strong mechanism or phenotype link in this panel.,0.1500,0.0000,,MONDO:0021060|RASopathy,0.2479,0.7000,0.4250,,,"HP:0030448|Soft tissue sarcoma|4.71; HP:0002162|Low posterior hairline|4.43; HP:0000957|Cafe-au-lait spot|4.34; HP:0002705|High, narrow palate|4.32; HP:0001642|Pulmonic stenosis|4.17; HP:0000325|Triangular face|3.99",12,disease_similarity_reactome_idf_jaccard_mondo_group_hpo_simgic_v0.4
MONDO:0009262,MONDO:0009266,GM1 gangliosidosis type 3,Gaucher disease type II,lysosomal storage,not_linked,No strong mechanism or phenotype link in this panel.,0.1500,0.0280,,MONDO:0002561|lysosomal storage disease,0.1487,0.6974,0.4237,,R-HSA-9840310|Glycosphingolipid catabolism,HP:0001744|Splenomegaly|2.95; HP:0011004|Abnormal systemic arterial morphology|2.95; HP:0002059|Cerebral atrophy|2.80; HP:0002240|Hepatomegaly|2.66; HP:0001347|Hyperreflexia|2.58,4,disease_similarity_reactome_idf_jaccard_mondo_group_hpo_simgic_v0.4
MONDO:0009218,MONDO:0010006,Farber lipogranulomatosis,Sandhoff disease,lysosomal storage,not_linked,No strong mechanism or phenotype link in this panel.,0.1500,0.0500,,MONDO:0002561|lysosomal storage disease,0.1466,0.6921,0.4211,,R-HSA-6798695|Neutrophil degranulation; R-HSA-9840310|Glycosphingolipid catabolism,HP:0010729|Cherry red spot of the macula|6.17; HP:0001744|Splenomegaly|2.95; HP:0002240|Hepatomegaly|2.66; HP:0012531|Pain|2.38,2,disease_similarity_reactome_idf_jaccard_mondo_group_hpo_simgic_v0.4
MONDO:0009026,MONDO:0012547,Costello syndrome,Noonan syndrome 4,RASopathies,mechanism_neighbor_different_presentation,"Different genes in the same pathways, but the symptom patterns differ.",0.4131,0.4131,,MONDO:0021060|RASopathy,0.1734,0.4273,0.4202,,R-HSA-112412|SOS-mediated signalling; R-HSA-1250196|SHC1 events in ERBB2 signaling; R-HSA-1250347|SHC1 events in ERBB4 signaling; R-HSA-167044|Signalling to RAS; R-HSA-179812|GRB2 events in EGFR signaling; R-HSA-180336|SHC1 events in EGFR signaling; R-HSA-1963640|GRB2 events in ERBB2 signaling; R-HSA-2179392|EGFR Transactivation by Gastrin; R-HSA-2424491|DAP12 signaling; R-HSA-2428933|SHC-related events triggered by IGF1R; R-HSA-2871796|FCERI mediated MAPK activation; R-HSA-375165|NCAM signaling for neurite out-growth; R-HSA-5654688|SHC-mediated cascade:FGFR1; R-HSA-5654699|SHC-mediated cascade:FGFR2; R-HSA-5654704|SHC-mediated cascade:FGFR3; R-HSA-5654719|SHC-mediated cascade:FGFR4; R-HSA-5673001|RAF/MAP kinase cascade; R-HSA-74751|Insulin receptor signalling cascade; R-HSA-8851805|MET activates RAS signaling; R-HSA-9026519|Activated NTRK2 signals through RAS; R-HSA-9027284|Erythropoietin activates RAS; R-HSA-9034864|Activated NTRK3 signals through RAS; R-HSA-1433557|Signaling by SCF-KIT; R-HSA-186763|Downstream signal transduction; R-HSA-210993|Tie2 Signaling; R-HSA-5654693|FRS-mediated FGFR1 signaling; R-HSA-5654700|FRS-mediated FGFR2 signaling; R-HSA-5654706|FRS-mediated FGFR3 signaling; R-HSA-5654712|FRS-mediated FGFR4 signaling; R-HSA-9028731|Activated NTRK2 signals through FRS2 and FRS3; R-HSA-9607240|FLT3 Signaling,HP:0002212|Curly hair|5.49; HP:0000465|Webbed neck|4.39; HP:0001642|Pulmonic stenosis|4.17; HP:0001639|Hypertrophic cardiomyopathy|3.92; HP:0012471|Thick vermilion border|3.56; HP:0001561|Polyhydramnios|3.48,18,disease_similarity_reactome_idf_jaccard_mondo_group_hpo_simgic_v0.4
MONDO:0008763,MONDO:0014432,Alstrom syndrome,Bardet-Biedl syndrome 2,ciliopathies,not_linked,No strong mechanism or phenotype link in this panel.,0.1500,0.0000,,MONDO:0005308|ciliopathy,0.1343,0.6894,0.4197,,,HP:0001133|Constriction of peripheral visual field|4.65; HP:0001644|Dilated cardiomyopathy|4.15; HP:0000135|Hypogonadism|3.57; HP:0000556|Retinal dystrophy|3.50; HP:0001513|Obesity|3.46; HP:0000822|Hypertension|3.39,4,disease_similarity_reactome_idf_jaccard_mondo_group_hpo_simgic_v0.4
MONDO:0009026,MONDO:0013379,Costello syndrome,Noonan syndrome 7,RASopathies,not_linked,No strong mechanism or phenotype link in this panel.,0.1500,0.0373,,MONDO:0021060|RASopathy,0.2418,0.6818,0.4159,,R-HSA-5675221|Negative regulation of MAPK pathway; R-HSA-5673000|RAF activation; R-HSA-5674135|MAP2K and MAPK activation,HP:0006191|Deep palmar crease|5.70; HP:0002212|Curly hair|5.49; HP:0100625|Enlarged thorax|5.02; HP:0002033|Poor suck|4.49; HP:0000465|Webbed neck|4.39; HP:0003764|Nevus|4.19,18,disease_similarity_reactome_idf_jaccard_mondo_group_hpo_simgic_v0.4
MONDO:0009591,MONDO:0009757,"metachromatic leukodystrophy, juvenile form","Niemann-Pick disease, type C1",lysosomal storage,not_linked,No strong mechanism or phenotype link in this panel.,0.1500,0.0000,,MONDO:0002561|lysosomal storage disease,0.1414,0.6763,0.4132,,,HP:0002371|Loss of speech|5.85; HP:0001268|Mental deterioration|3.28; HP:0004297|Abnormality of the biliary system|3.13; HP:5200423|Abnormal experience of reality|3.09; HP:0001290|Generalized hypotonia|2.86; HP:0001332|Dystonia|2.83,8,disease_similarity_reactome_idf_jaccard_mondo_group_hpo_simgic_v0.4
MONDO:0009571,MONDO:0014432,"Meckel syndrome, type 1",Bardet-Biedl syndrome 2,ciliopathies,not_linked,No strong mechanism or phenotype link in this panel.,0.1500,0.0000,,MONDO:0005308|ciliopathy,0.1292,0.6742,0.4121,,,HP:0001830|Postaxial foot polydactyly|5.19; HP:0001162|Postaxial hand polydactyly|4.40; HP:0000319|Smooth philtrum|3.80; HP:0000107|Renal cyst|3.70; HP:0000470|Short neck|3.13; HP:0000233|Thin vermilion border|3.11,7,disease_similarity_reactome_idf_jaccard_mondo_group_hpo_simgic_v0.4
MONDO:0009267,MONDO:0009756,Gaucher disease type III,Niemann-Pick disease type A,lysosomal storage,not_linked,No strong mechanism or phenotype link in this panel.,0.1500,0.0396,,MONDO:0002561|lysosomal storage disease,0.1399,0.6658,0.4079,,R-HSA-9840310|Glycosphingolipid catabolism,HP:0100851|Abnormal emotional state|3.10; HP:0001744|Splenomegaly|2.95; HP:0002240|Hepatomegaly|2.66; HP:0001257|Spasticity|2.27; HP:0033353|Abnormal blood vessel morphology|2.25; HP:0004305|Involuntary movements|2.18,3,disease_similarity_reactome_idf_jaccard_mondo_group_hpo_simgic_v0.4
MONDO:0012669,MONDO:0012690,Legius syndrome,Noonan syndrome 5,RASopathies,not_linked,No strong mechanism or phenotype link in this panel.,0.1500,0.0000,,MONDO:0021060|RASopathy,0.2364,0.6636,0.4068,,,HP:0000957|Cafe-au-lait spot|4.34; HP:0001642|Pulmonic stenosis|4.17; HP:0000470|Short neck|3.13; HP:0000256|Macrocephaly|2.97; HP:0000766|Abnormal sternum morphology|2.92; HP:0000494|Downslanted palpebral fissures|2.88,8,disease_similarity_reactome_idf_jaccard_mondo_group_hpo_simgic_v0.4
MONDO:0009266,MONDO:0010006,Gaucher disease type II,Sandhoff disease,lysosomal storage,not_linked,No strong mechanism or phenotype link in this panel.,0.1500,0.0266,,MONDO:0002561|lysosomal storage disease,0.1380,0.6605,0.4053,,R-HSA-9840310|Glycosphingolipid catabolism,HP:0002344|Progressive neurologic deterioration|5.06; HP:0001744|Splenomegaly|2.95; HP:0011004|Abnormal systemic arterial morphology|2.95; HP:0002240|Hepatomegaly|2.66; HP:0001347|Hyperreflexia|2.58; HP:0001257|Spasticity|2.27,3,disease_similarity_reactome_idf_jaccard_mondo_group_hpo_simgic_v0.4
MONDO:0009728,MONDO:0014432,nephronophthisis 1,Bardet-Biedl syndrome 2,ciliopathies,not_linked,No strong mechanism or phenotype link in this panel.,0.1500,0.0000,,MONDO:0005308|ciliopathy,0.1290,0.6591,0.4045,,,HP:0000103|Polyuria|5.61; HP:0001959|Polydipsia|5.24; HP:0012622|Chronic kidney disease|3.98; HP:0000107|Renal cyst|3.70; HP:0000822|Hypertension|3.39,3,disease_similarity_reactome_idf_jaccard_mondo_group_hpo_simgic_v0.4
MONDO:0009757,MONDO:0010006,"Niemann-Pick disease, type C1",Sandhoff disease,lysosomal storage,not_linked,No strong mechanism or phenotype link in this panel.,0.1500,0.0000,,MONDO:0002561|lysosomal storage disease,0.1374,0.6500,0.4000,,,HP:0001268|Mental deterioration|3.28; HP:0001744|Splenomegaly|2.95; HP:0011004|Abnormal systemic arterial morphology|2.95; HP:0001260|Dysarthria|2.76; HP:0002240|Hepatomegaly|2.66; HP:0001257|Spasticity|2.27,5,disease_similarity_reactome_idf_jaccard_mondo_group_hpo_simgic_v0.4
MONDO:0012669,MONDO:0013379,Legius syndrome,Noonan syndrome 7,RASopathies,not_linked,No strong mechanism or phenotype link in this panel.,0.1500,0.0000,,MONDO:0021060|RASopathy,0.2324,0.6455,0.3977,,,HP:0002162|Low posterior hairline|4.43; HP:0001642|Pulmonic stenosis|4.17; HP:0008069|Neoplasm of the skin|3.86; HP:0011792|Neoplasm by histology|3.49; HP:0000767|Pectus excavatum|3.32; HP:0000470|Short neck|3.13,9,disease_similarity_reactome_idf_jaccard_mondo_group_hpo_simgic_v0.4
MONDO:0012626,MONDO:0014432,"Meckel syndrome, type 4",Bardet-Biedl syndrome 2,ciliopathies,not_linked,No strong mechanism or phenotype link in this panel.,0.1500,0.0000,,MONDO:0005308|ciliopathy,0.1251,0.6439,0.3970,,,HP:0001162|Postaxial hand polydactyly|4.40; HP:0000107|Renal cyst|3.70; HP:0001631|Atrial septal defect|3.05; HP:0001511|Intrauterine growth retardation|2.78,3,disease_similarity_reactome_idf_jaccard_mondo_group_hpo_simgic_v0.4
MONDO:0010006,MONDO:0010526,Sandhoff disease,Fabry disease,lysosomal storage,not_linked,No strong mechanism or phenotype link in this panel.,0.1500,0.0500,,MONDO:0002561|lysosomal storage disease,0.1349,0.6395,0.3947,,R-HSA-6798695|Neutrophil degranulation; R-HSA-9840310|Glycosphingolipid catabolism,HP:0000966|Hypohidrosis|4.72; HP:0012332|Abnormal autonomic nervous system physiology|4.44; HP:0002380|Fasciculations|4.43; HP:0033747|Abnormal exteroceptive sensation|3.58; HP:0002027|Abdominal pain|3.54; HP:0002014|Diarrhea|3.07,2,disease_similarity_reactome_idf_jaccard_mondo_group_hpo_simgic_v0.4
MONDO:0009267,MONDO:0009737,Gaucher disease type III,galactosialidosis,lysosomal storage,not_linked,No strong mechanism or phenotype link in this panel.,0.1500,0.0213,,MONDO:0002561|lysosomal storage disease,0.1320,0.6342,0.3921,,R-HSA-9840310|Glycosphingolipid catabolism,HP:0001744|Splenomegaly|2.95; HP:0002240|Hepatomegaly|2.66; HP:0033353|Abnormal blood vessel morphology|2.25,0,disease_similarity_reactome_idf_jaccard_mondo_group_hpo_simgic_v0.4
MONDO:0008300,MONDO:0008854,Prader-Willi syndrome,Bardet-Biedl syndrome 1,ciliopathies,phenotype_lookalike_different_mechanism,"Symptoms overlap, but there is no shared gene, only broad biological processes in common and no shared mechanism class: treat as a look-alike, not a research neighbor.",0.0000,0.0000,,,0.1619,0.7803,0.3902,,,HP:0012743|Abdominal obesity|6.33; HP:0009466|Radial deviation of finger|5.24; HP:0000786|Primary amenorrhea|4.60; HP:0002311|Incoordination|4.32; HP:0001773|Short foot|4.17; HP:0001328|Specific learning disability|3.76,14,disease_similarity_reactome_idf_jaccard_mondo_group_hpo_simgic_v0.4
MONDO:0009026,MONDO:0012690,Costello syndrome,Noonan syndrome 5,RASopathies,not_linked,No strong mechanism or phenotype link in this panel.,0.1500,0.0555,,MONDO:0021060|RASopathy,0.2136,0.6273,0.3886,,R-HSA-5621575|CD209 (DC-SIGN) signaling; R-HSA-5675221|Negative regulation of MAPK pathway; R-HSA-5673000|RAF activation; R-HSA-5674135|MAP2K and MAPK activation,HP:0002212|Curly hair|5.49; HP:0000465|Webbed neck|4.39; HP:0003764|Nevus|4.19; HP:0001642|Pulmonic stenosis|4.17; HP:0001639|Hypertrophic cardiomyopathy|3.92; HP:0012471|Thick vermilion border|3.56,19,disease_similarity_reactome_idf_jaccard_mondo_group_hpo_simgic_v0.4
MONDO:0009757,MONDO:0010099,"Niemann-Pick disease, type C1",Tay-Sachs disease AB variant,lysosomal storage,not_linked,No strong mechanism or phenotype link in this panel.,0.1500,0.0000,,MONDO:0002561|lysosomal storage disease,0.1309,0.6237,0.3868,,,HP:0002371|Loss of speech|5.85; HP:0000726|Dementia|3.87; HP:0001290|Generalized hypotonia|2.86; HP:0001332|Dystonia|2.83; HP:0007367|Atrophy/Degeneration affecting the central nervous system|2.45; HP:0001257|Spasticity|2.27,7,disease_similarity_reactome_idf_jaccard_mondo_group_hpo_simgic_v0.4
MONDO:0009260,MONDO:0009757,GM1 gangliosidosis type 1,"Niemann-Pick disease, type C1",lysosomal storage,not_linked,No strong mechanism or phenotype link in this panel.,0.1500,0.0000,,MONDO:0002561|lysosomal storage disease,0.1300,0.6184,0.3842,,,HP:0001744|Splenomegaly|2.95; HP:0011004|Abnormal systemic arterial morphology|2.95; HP:0001881|Abnormal leukocyte morphology|2.66; HP:0002240|Hepatomegaly|2.66; HP:0007367|Atrophy/Degeneration affecting the central nervous system|2.45; HP:0011354|Generalized abnormality of skin|2.11,6,disease_similarity_reactome_idf_jaccard_mondo_group_hpo_simgic_v0.4
MONDO:0012432,MONDO:0014438,Joubert syndrome 5,Bardet-Biedl syndrome 10,ciliopathies,not_linked,No strong mechanism or phenotype link in this panel.,0.1500,0.0000,,MONDO:0005308|ciliopathy,0.1161,0.6136,0.3818,,,HP:0000510|Rod-cone dystrophy|4.03; HP:0000107|Renal cyst|3.70; HP:0000083|Renal insufficiency|3.19,2,disease_similarity_reactome_idf_jaccard_mondo_group_hpo_simgic_v0.4
MONDO:0009218,MONDO:0009265,Farber lipogranulomatosis,Gaucher disease type I,lysosomal storage,not_linked,No strong mechanism or phenotype link in this panel.,0.1500,0.0363,,MONDO:0002561|lysosomal storage disease,0.1290,0.6132,0.3816,,R-HSA-9840310|Glycosphingolipid catabolism,HP:0001103|Abnormal macular morphology|3.64; HP:0001744|Splenomegaly|2.95; HP:0002240|Hepatomegaly|2.66; HP:0012531|Pain|2.38; HP:0040069|Abnormal lower limb bone morphology|2.26,2,disease_similarity_reactome_idf_jaccard_mondo_group_hpo_simgic_v0.4
MONDO:0009265,MONDO:0009737,Gaucher disease type I,galactosialidosis,lysosomal storage,not_linked,No strong mechanism or phenotype link in this panel.,0.1500,0.0213,,MONDO:0002561|lysosomal storage disease,0.1261,0.6079,0.3789,,R-HSA-9840310|Glycosphingolipid catabolism,HP:0001103|Abnormal macular morphology|3.64; HP:0001744|Splenomegaly|2.95; HP:0002240|Hepatomegaly|2.66; HP:0011793|Neoplasm by anatomical site|2.30,0,disease_similarity_reactome_idf_jaccard_mondo_group_hpo_simgic_v0.4
MONDO:0009261,MONDO:0009737,GM1 gangliosidosis type 2,galactosialidosis,lysosomal storage,not_linked,No strong mechanism or phenotype link in this panel.,0.2192,0.2192,,MONDO:0002561|lysosomal storage disease,0.1153,0.5342,0.3767,,R-HSA-4085001|Sialic acid metabolism; R-HSA-6798695|Neutrophil degranulation; R-HSA-9840310|Glycosphingolipid catabolism,HP:0000943|Dysostosis multiplex|5.77; HP:0000280|Coarse facial features|3.63; HP:0001744|Splenomegaly|2.95; HP:0002240|Hepatomegaly|2.66; HP:0033353|Abnormal blood vessel morphology|2.25,2,disease_similarity_reactome_idf_jaccard_mondo_group_hpo_simgic_v0.4
MONDO:0009260,MONDO:0009266,GM1 gangliosidosis type 1,Gaucher disease type II,lysosomal storage,not_linked,No strong mechanism or phenotype link in this panel.,0.1500,0.0280,,MONDO:0002561|lysosomal storage disease,0.1236,0.5974,0.3737,,R-HSA-9840310|Glycosphingolipid catabolism,HP:0001744|Splenomegaly|2.95; HP:0011004|Abnormal systemic arterial morphology|2.95; HP:0007369|Atrophy/Degeneration affecting the cerebrum|2.76; HP:0002240|Hepatomegaly|2.66; HP:0001276|Hypertonia|2.01,5,disease_similarity_reactome_idf_jaccard_mondo_group_hpo_simgic_v0.4
MONDO:0009660,MONDO:0010006,mucopolysaccharidosis type 4B,Sandhoff disease,lysosomal storage,mechanism_neighbor_different_presentation,"Different genes in the same pathways, but the symptom patterns differ.",0.5028,0.5028,,MONDO:0002561|lysosomal storage disease,0.0590,0.2395,0.3711,,R-HSA-2024101|CS/DS degradation; R-HSA-2022857|Keratan sulfate degradation; R-HSA-6798695|Neutrophil degranulation; R-HSA-9840310|Glycosphingolipid catabolism,HP:0000280|Coarse facial features|3.63; HP:0011004|Abnormal systemic arterial morphology|2.95; HP:0002240|Hepatomegaly|2.66; HP:0001251|Ataxia|2.19,3,disease_similarity_reactome_idf_jaccard_mondo_group_hpo_simgic_v0.4
MONDO:0012547,MONDO:0100082,Noonan syndrome 4,LEOPARD syndrome 1,RASopathies,not_linked,No strong mechanism or phenotype link in this panel.,0.1500,0.0741,,MONDO:0021060|RASopathy,0.2008,0.5909,0.3705,,R-HSA-8853659|RET signaling; R-HSA-9680350|Signaling by CSF1 (M-CSF) in myeloid cells; R-HSA-1433557|Signaling by SCF-KIT; R-HSA-186763|Downstream signal transduction; R-HSA-210993|Tie2 Signaling; R-HSA-5654693|FRS-mediated FGFR1 signaling; R-HSA-5654700|FRS-mediated FGFR2 signaling; R-HSA-5654706|FRS-mediated FGFR3 signaling; R-HSA-5654712|FRS-mediated FGFR4 signaling; R-HSA-9028731|Activated NTRK2 signals through FRS2 and FRS3; R-HSA-9607240|FLT3 Signaling,HP:0002967|Cubitus valgus|5.01; HP:0000465|Webbed neck|4.39; HP:0001642|Pulmonic stenosis|4.17; HP:0001639|Hypertrophic cardiomyopathy|3.92; HP:0000767|Pectus excavatum|3.32; HP:0000470|Short neck|3.13,14,disease_similarity_reactome_idf_jaccard_mondo_group_hpo_simgic_v0.4
MONDO:0010079,MONDO:0010099,Canavan disease,Tay-Sachs disease AB variant,lysosomal storage,not_linked,No strong mechanism or phenotype link in this panel.,0.0000,0.0000,,,0.1575,0.7395,0.3697,,,HP:0000618|Blindness|4.15; HP:0020219|Motor seizure|3.10; HP:0007256|Abnormal pyramidal sign|3.05; HP:0012444|Brain atrophy|2.59; HP:0001257|Spasticity|2.27,4,disease_similarity_reactome_idf_jaccard_mondo_group_hpo_simgic_v0.4
MONDO:0009261,MONDO:0009499,GM1 gangliosidosis type 2,Krabbe disease,lysosomal storage,not_linked,No strong mechanism or phenotype link in this panel.,0.1500,0.0423,,MONDO:0002561|lysosomal storage disease,0.1213,0.5868,0.3684,,R-HSA-9840310|Glycosphingolipid catabolism,HP:0002376|Developmental regression|3.44; HP:0001268|Mental deterioration|3.28; HP:0000648|Optic atrophy|3.01; HP:0002059|Cerebral atrophy|2.80; HP:0001508|Failure to thrive|2.35; HP:0002118|Abnormal cerebral ventricle morphology|2.31,2,disease_similarity_reactome_idf_jaccard_mondo_group_hpo_simgic_v0.4
MONDO:0008763,MONDO:0014438,Alstrom syndrome,Bardet-Biedl syndrome 10,ciliopathies,not_linked,No strong mechanism or phenotype link in this panel.,0.1500,0.0000,,MONDO:0005308|ciliopathy,0.1143,0.5833,0.3667,,,HP:0000135|Hypogonadism|3.57; HP:0000556|Retinal dystrophy|3.50; HP:0001513|Obesity|3.46; HP:0010442|Polydactyly|3.38; HP:0000083|Renal insufficiency|3.19; HP:0012210|Abnormal renal morphology|2.16,4,disease_similarity_reactome_idf_jaccard_mondo_group_hpo_simgic_v0.4
MONDO:0009265,MONDO:0009756,Gaucher disease type I,Niemann-Pick disease type A,lysosomal storage,not_linked,No strong mechanism or phenotype link in this panel.,0.1500,0.0396,,MONDO:0002561|lysosomal storage disease,0.1210,0.5816,0.3658,,R-HSA-9840310|Glycosphingolipid catabolism,HP:0002113|Pulmonary infiltrates|5.32; HP:0001103|Abnormal macular morphology|3.64; HP:0001744|Splenomegaly|2.95; HP:0001903|Anemia|2.69; HP:0002240|Hepatomegaly|2.66; HP:0002088|Abnormal lung morphology|2.03,2,disease_similarity_reactome_idf_jaccard_mondo_group_hpo_simgic_v0.4
MONDO:0008300,MONDO:0010589,Prader-Willi syndrome,"Aarskog-Scott syndrome, X-linked",cross-family,not_linked,No strong mechanism or phenotype link in this panel.,0.0000,0.0000,,,0.1712,0.7299,0.3650,,,HP:0009466|Radial deviation of finger|5.24; HP:0004279|Short palm|4.47; HP:0000045|Abnormal scrotum morphology|4.17; HP:0001773|Short foot|4.17; HP:0000823|Delayed puberty|4.13; HP:0000540|Hypermetropia|3.71,14,disease_similarity_reactome_idf_jaccard_mondo_group_hpo_simgic_v0.4
MONDO:0009218,MONDO:0009267,Farber lipogranulomatosis,Gaucher disease type III,lysosomal storage,not_linked,No strong mechanism or phenotype link in this panel.,0.1500,0.0363,,MONDO:0002561|lysosomal storage disease,0.1188,0.5763,0.3632,,R-HSA-9840310|Glycosphingolipid catabolism,HP:0100851|Abnormal emotional state|3.10; HP:0001744|Splenomegaly|2.95; HP:0002240|Hepatomegaly|2.66; HP:0001270|Motor delay|2.26; HP:0033353|Abnormal blood vessel morphology|2.25,3,disease_similarity_reactome_idf_jaccard_mondo_group_hpo_simgic_v0.4
MONDO:0009261,MONDO:0010100,GM1 gangliosidosis type 2,Tay-Sachs disease,lysosomal storage,mechanism_neighbor_different_presentation,"Different genes in the same pathways, but the symptom patterns differ.",0.4327,0.4327,,MONDO:0002561|lysosomal storage disease,0.0694,0.2921,0.3624,,R-HSA-2024101|CS/DS degradation; R-HSA-2022857|Keratan sulfate degradation; R-HSA-9840310|Glycosphingolipid catabolism,HP:0001268|Mental deterioration|3.28; HP:0001290|Generalized hypotonia|2.86; HP:0033353|Abnormal blood vessel morphology|2.25; HP:0001276|Hypertonia|2.01,1,disease_similarity_reactome_idf_jaccard_mondo_group_hpo_simgic_v0.4
MONDO:0013379,MONDO:0100082,Noonan syndrome 7,LEOPARD syndrome 1,RASopathies,not_linked,No strong mechanism or phenotype link in this panel.,0.1500,0.0155,,MONDO:0021060|RASopathy,0.1968,0.5727,0.3614,,R-HSA-1295596|Spry regulation of FGF signaling,HP:0002967|Cubitus valgus|5.01; HP:0000465|Webbed neck|4.39; HP:0001642|Pulmonic stenosis|4.17; HP:0000768|Pectus carinatum|3.96; HP:0001639|Hypertrophic cardiomyopathy|3.92; HP:0000767|Pectus excavatum|3.32,13,disease_similarity_reactome_idf_jaccard_mondo_group_hpo_simgic_v0.4
MONDO:0009266,MONDO:0009738,Gaucher disease type II,sialidosis type 2,lysosomal storage,not_linked,No strong mechanism or phenotype link in this panel.,0.1500,0.0442,,MONDO:0002561|lysosomal storage disease,0.1179,0.5711,0.3605,,R-HSA-9840310|Glycosphingolipid catabolism,HP:0001744|Splenomegaly|2.95; HP:0011004|Abnormal systemic arterial morphology|2.95; HP:0002240|Hepatomegaly|2.66; HP:0001347|Hyperreflexia|2.58,4,disease_similarity_reactome_idf_jaccard_mondo_group_hpo_simgic_v0.4
MONDO:0009267,MONDO:0010100,Gaucher disease type III,Tay-Sachs disease,lysosomal storage,not_linked,No strong mechanism or phenotype link in this panel.,0.1500,0.0283,,MONDO:0002561|lysosomal storage disease,0.1178,0.5658,0.3579,,R-HSA-9840310|Glycosphingolipid catabolism,HP:0000726|Dementia|3.87; HP:0000745|Abnormal diminished volition|3.10; HP:0033353|Abnormal blood vessel morphology|2.25; HP:0001276|Hypertonia|2.01,1,disease_similarity_reactome_idf_jaccard_mondo_group_hpo_simgic_v0.4
MONDO:0009218,MONDO:0009261,Farber lipogranulomatosis,GM1 gangliosidosis type 2,lysosomal storage,not_linked,No strong mechanism or phenotype link in this panel.,0.1500,0.0500,,MONDO:0002561|lysosomal storage disease,0.1172,0.5605,0.3553,,R-HSA-6798695|Neutrophil degranulation; R-HSA-9840310|Glycosphingolipid catabolism,HP:0001376|Limitation of joint mobility|3.03; HP:0001744|Splenomegaly|2.95; HP:0002240|Hepatomegaly|2.66; HP:0003330|Abnormal bone structure|2.44; HP:0001508|Failure to thrive|2.35; HP:0040069|Abnormal lower limb bone morphology|2.26,3,disease_similarity_reactome_idf_jaccard_mondo_group_hpo_simgic_v0.4
MONDO:0009266,MONDO:0010099,Gaucher disease type II,Tay-Sachs disease AB variant,lysosomal storage,not_linked,No strong mechanism or phenotype link in this panel.,0.1500,0.0500,,MONDO:0002561|lysosomal storage disease,0.1169,0.5553,0.3526,,R-HSA-9840310|Glycosphingolipid catabolism,HP:0001268|Mental deterioration|3.28; HP:0002059|Cerebral atrophy|2.80; HP:0001347|Hyperreflexia|2.58; HP:0001257|Spasticity|2.27,5,disease_similarity_reactome_idf_jaccard_mondo_group_hpo_simgic_v0.4
MONDO:0012371,MONDO:0100082,Noonan syndrome 3,LEOPARD syndrome 1,RASopathies,not_linked,No strong mechanism or phenotype link in this panel.,0.1500,0.0785,,MONDO:0021060|RASopathy,0.1921,0.5545,0.3523,,R-HSA-9674555|Signaling by CSF3 (G-CSF); R-HSA-9680350|Signaling by CSF1 (M-CSF) in myeloid cells; R-HSA-1433557|Signaling by SCF-KIT; R-HSA-186763|Downstream signal transduction; R-HSA-210993|Tie2 Signaling; R-HSA-5654693|FRS-mediated FGFR1 signaling; R-HSA-5654700|FRS-mediated FGFR2 signaling; R-HSA-5654706|FRS-mediated FGFR3 signaling; R-HSA-5654712|FRS-mediated FGFR4 signaling; R-HSA-9028731|Activated NTRK2 signals through FRS2 and FRS3; R-HSA-9607240|FLT3 Signaling,HP:0002967|Cubitus valgus|5.01; HP:0001634|Mitral valve prolapse|4.48; HP:0000465|Webbed neck|4.39; HP:0001642|Pulmonic stenosis|4.17; HP:0000768|Pectus carinatum|3.96; HP:0001639|Hypertrophic cardiomyopathy|3.92,16,disease_similarity_reactome_idf_jaccard_mondo_group_hpo_simgic_v0.4
MONDO:0009728,MONDO:0012433,nephronophthisis 1,Senior-Loken syndrome 6,ciliopathies,not_linked,No strong mechanism or phenotype link in this panel.,0.1500,0.0498,,MONDO:0005308|ciliopathy,0.1080,0.5530,0.3515,,R-HSA-5620912|Anchoring of the basal body to the plasma membrane,HP:0003774|Stage 5 chronic kidney disease|4.26,1,disease_similarity_reactome_idf_jaccard_mondo_group_hpo_simgic_v0.4
MONDO:0009261,MONDO:0009591,GM1 gangliosidosis type 2,"metachromatic leukodystrophy, juvenile form",lysosomal storage,not_linked,No strong mechanism or phenotype link in this panel.,0.1500,0.0500,,MONDO:0002561|lysosomal storage disease,0.1168,0.5500,0.3500,,R-HSA-6798695|Neutrophil degranulation; R-HSA-9840310|Glycosphingolipid catabolism,HP:0002510|Spastic tetraplegia|4.55; HP:0001268|Mental deterioration|3.28; HP:0000648|Optic atrophy|3.01; HP:0001290|Generalized hypotonia|2.86; HP:0001251|Ataxia|2.19; HP:0001392|Abnormality of the liver|2.14,5,disease_similarity_reactome_idf_jaccard_mondo_group_hpo_simgic_v0.4
MONDO:0009660,MONDO:0009737,mucopolysaccharidosis type 4B,galactosialidosis,lysosomal storage,not_linked,No strong mechanism or phenotype link in this panel.,0.2192,0.2192,,MONDO:0002561|lysosomal storage disease,0.1049,0.4763,0.3478,,R-HSA-4085001|Sialic acid metabolism; R-HSA-6798695|Neutrophil degranulation; R-HSA-9840310|Glycosphingolipid catabolism,HP:0000943|Dysostosis multiplex|5.77; HP:0007759|Opacification of the corneal stroma|4.63; HP:0000280|Coarse facial features|3.63; HP:0011004|Abnormal systemic arterial morphology|2.95; HP:0002240|Hepatomegaly|2.66,5,disease_similarity_reactome_idf_jaccard_mondo_group_hpo_simgic_v0.4
MONDO:0009218,MONDO:0009660,Farber lipogranulomatosis,mucopolysaccharidosis type 4B,lysosomal storage,not_linked,No strong mechanism or phenotype link in this panel.,0.1500,0.0500,,MONDO:0002561|lysosomal storage disease,0.1157,0.5395,0.3447,,R-HSA-6798695|Neutrophil degranulation; R-HSA-9840310|Glycosphingolipid catabolism,HP:0003049|Ulnar deviation of the wrist|6.63; HP:0001376|Limitation of joint mobility|3.03; HP:0002815|Abnormality of the knee|3.03; HP:0011004|Abnormal systemic arterial morphology|2.95; HP:0001382|Joint hypermobility|2.89; HP:0040070|Abnormal upper limb bone morphology|2.70,3,disease_similarity_reactome_idf_jaccard_mondo_group_hpo_simgic_v0.4
MONDO:0009728,MONDO:0012432,nephronophthisis 1,Joubert syndrome 5,ciliopathies,not_linked,No strong mechanism or phenotype link in this panel.,0.1500,0.0498,,MONDO:0005308|ciliopathy,0.1062,0.5379,0.3439,,R-HSA-5620912|Anchoring of the basal body to the plasma membrane,HP:0000090|Nephronophthisis|5.63; HP:0003774|Stage 5 chronic kidney disease|4.26; HP:0011035|Abnormal renal cortex morphology|3.88; HP:0000107|Renal cyst|3.70; HP:5200241|Recurrent maladaptive behavior|2.34,2,disease_similarity_reactome_idf_jaccard_mondo_group_hpo_simgic_v0.4
MONDO:0009737,MONDO:0009757,galactosialidosis,"Niemann-Pick disease, type C1",lysosomal storage,not_linked,No strong mechanism or phenotype link in this panel.,0.1500,0.0000,,MONDO:0002561|lysosomal storage disease,0.1150,0.5289,0.3395,,,HP:0001744|Splenomegaly|2.95; HP:0011004|Abnormal systemic arterial morphology|2.95; HP:0002240|Hepatomegaly|2.66; HP:0011354|Generalized abnormality of skin|2.11,2,disease_similarity_reactome_idf_jaccard_mondo_group_hpo_simgic_v0.4
MONDO:0009499,MONDO:0010006,Krabbe disease,Sandhoff disease,lysosomal storage,not_linked,No strong mechanism or phenotype link in this panel.,0.1500,0.0393,,MONDO:0002561|lysosomal storage disease,0.1118,0.5237,0.3368,,R-HSA-9840310|Glycosphingolipid catabolism,HP:0000618|Blindness|4.15; HP:0002376|Developmental regression|3.44; HP:0001268|Mental deterioration|3.28; HP:0011400|Abnormal CNS myelination|3.23; HP:0001347|Hyperreflexia|2.58; HP:0410008|Abnormality of the peripheral nervous system|2.45,3,disease_similarity_reactome_idf_jaccard_mondo_group_hpo_simgic_v0.4
MONDO:0012432,MONDO:0014432,Joubert syndrome 5,Bardet-Biedl syndrome 2,ciliopathies,not_linked,No strong mechanism or phenotype link in this panel.,0.1500,0.0000,,MONDO:0005308|ciliopathy,0.1016,0.5227,0.3364,,,HP:0000510|Rod-cone dystrophy|4.03; HP:0012622|Chronic kidney disease|3.98; HP:0000107|Renal cyst|3.70; HP:0007663|Reduced visual acuity|2.91; HP:0000734|Disinhibition|2.71,3,disease_similarity_reactome_idf_jaccard_mondo_group_hpo_simgic_v0.4
MONDO:0009266,MONDO:0009737,Gaucher disease type II,galactosialidosis,lysosomal storage,not_linked,No strong mechanism or phenotype link in this panel.,0.1500,0.0213,,MONDO:0002561|lysosomal storage disease,0.1080,0.5184,0.3342,,R-HSA-9840310|Glycosphingolipid catabolism,HP:0001744|Splenomegaly|2.95; HP:0011004|Abnormal systemic arterial morphology|2.95; HP:0002240|Hepatomegaly|2.66,1,disease_similarity_reactome_idf_jaccard_mondo_group_hpo_simgic_v0.4
MONDO:0008104,MONDO:0009026,Noonan syndrome 1,Costello syndrome,RASopathies,not_linked,No strong mechanism or phenotype link in this panel.,0.1500,0.0595,,MONDO:0021060|RASopathy,0.1856,0.5182,0.3341,,R-HSA-1433557|Signaling by SCF-KIT; R-HSA-186763|Downstream signal transduction; R-HSA-210993|Tie2 Signaling; R-HSA-5654693|FRS-mediated FGFR1 signaling; R-HSA-5654700|FRS-mediated FGFR2 signaling; R-HSA-5654706|FRS-mediated FGFR3 signaling; R-HSA-5654712|FRS-mediated FGFR4 signaling; R-HSA-9028731|Activated NTRK2 signals through FRS2 and FRS3; R-HSA-9607240|FLT3 Signaling,HP:0100625|Enlarged thorax|5.02; HP:0030448|Soft tissue sarcoma|4.71; HP:0000465|Webbed neck|4.39; HP:0001642|Pulmonic stenosis|4.17; HP:0000768|Pectus carinatum|3.96; HP:0001639|Hypertrophic cardiomyopathy|3.92,15,disease_similarity_reactome_idf_jaccard_mondo_group_hpo_simgic_v0.4
MONDO:0009218,MONDO:0009266,Farber lipogranulomatosis,Gaucher disease type II,lysosomal storage,not_linked,No strong mechanism or phenotype link in this panel.,0.1500,0.0363,,MONDO:0002561|lysosomal storage disease,0.1071,0.5132,0.3316,,R-HSA-9840310|Glycosphingolipid catabolism,HP:0001744|Splenomegaly|2.95; HP:0011004|Abnormal systemic arterial morphology|2.95; HP:0002240|Hepatomegaly|2.66; HP:0001508|Failure to thrive|2.35,3,disease_similarity_reactome_idf_jaccard_mondo_group_hpo_simgic_v0.4
MONDO:0009267,MONDO:0009499,Gaucher disease type III,Krabbe disease,lysosomal storage,not_linked,No strong mechanism or phenotype link in this panel.,0.1500,0.0500,,MONDO:0002561|lysosomal storage disease,0.1066,0.5079,0.3289,,R-HSA-9840310|Glycosphingolipid catabolism,HP:0001268|Mental deterioration|3.28; HP:0001873|Thrombocytopenia|3.20; HP:0001257|Spasticity|2.27,0,disease_similarity_reactome_idf_jaccard_mondo_group_hpo_simgic_v0.4
MONDO:0009728,MONDO:0014438,nephronophthisis 1,Bardet-Biedl syndrome 10,ciliopathies,not_linked,No strong mechanism or phenotype link in this panel.,0.1500,0.0000,,MONDO:0005308|ciliopathy,0.1015,0.5076,0.3288,,,HP:0000107|Renal cyst|3.70; HP:0000083|Renal insufficiency|3.19,0,disease_similarity_reactome_idf_jaccard_mondo_group_hpo_simgic_v0.4
MONDO:0009218,MONDO:0009659,Farber lipogranulomatosis,mucopolysaccharidosis type 4A,lysosomal storage,not_linked,No strong mechanism or phenotype link in this panel.,0.1500,0.0500,,MONDO:0002561|lysosomal storage disease,0.1063,0.5026,0.3263,,R-HSA-6798695|Neutrophil degranulation,HP:0003049|Ulnar deviation of the wrist|6.63; HP:0002815|Abnormality of the knee|3.03; HP:0001382|Joint hypermobility|2.89; HP:0040070|Abnormal upper limb bone morphology|2.70; HP:0002240|Hepatomegaly|2.66; HP:0003330|Abnormal bone structure|2.44,4,disease_similarity_reactome_idf_jaccard_mondo_group_hpo_simgic_v0.4
MONDO:0009499,MONDO:0009756,Krabbe disease,Niemann-Pick disease type A,lysosomal storage,not_linked,No strong mechanism or phenotype link in this panel.,0.1500,0.0500,,MONDO:0002561|lysosomal storage disease,0.1055,0.4974,0.3237,,R-HSA-9840310|Glycosphingolipid catabolism,HP:0002063|Rigidity|4.02; HP:0002376|Developmental regression|3.44; HP:0002013|Vomiting|3.29; HP:0011400|Abnormal CNS myelination|3.23; HP:0001508|Failure to thrive|2.35; HP:0001257|Spasticity|2.27,4,disease_similarity_reactome_idf_jaccard_mondo_group_hpo_simgic_v0.4
MONDO:0008854,MONDO:0012626,Bardet-Biedl syndrome 1,"Meckel syndrome, type 4",ciliopathies,not_linked,No strong mechanism or phenotype link in this panel.,0.1500,0.0000,,MONDO:0005308|ciliopathy,0.1008,0.4924,0.3212,,,HP:0001080|Biliary tract abnormality|4.45; HP:0001162|Postaxial hand polydactyly|4.40; HP:0001713|Abnormal cardiac ventricle morphology|2.62,1,disease_similarity_reactome_idf_jaccard_mondo_group_hpo_simgic_v0.4
MONDO:0009267,MONDO:0009591,Gaucher disease type III,"metachromatic leukodystrophy, juvenile form",lysosomal storage,not_linked,No strong mechanism or phenotype link in this panel.,0.1500,0.0363,,MONDO:0002561|lysosomal storage disease,0.1052,0.4921,0.3211,,R-HSA-9840310|Glycosphingolipid catabolism,HP:0001268|Mental deterioration|3.28; HP:0034353|Appendicular spasticity|2.99; HP:0010549|Weakness due to upper motor neuron dysfunction|2.98; HP:0001251|Ataxia|2.19; HP:0004305|Involuntary movements|2.18; HP:0001392|Abnormality of the liver|2.14,1,disease_similarity_reactome_idf_jaccard_mondo_group_hpo_simgic_v0.4
MONDO:0009659,MONDO:0009738,mucopolysaccharidosis type 4A,sialidosis type 2,lysosomal storage,not_linked,No strong mechanism or phenotype link in this panel.,0.1500,0.0500,,MONDO:0002561|lysosomal storage disease,0.1051,0.4868,0.3184,,R-HSA-6798695|Neutrophil degranulation,HP:0000943|Dysostosis multiplex|5.77; HP:0000280|Coarse facial features|3.63; HP:0005930|Abnormal epiphysis morphology|3.42; HP:0000023|Inguinal hernia|3.39; HP:0002240|Hepatomegaly|2.66; HP:0011849|Abnormal bone ossification|2.55,5,disease_similarity_reactome_idf_jaccard_mondo_group_hpo_simgic_v0.4
MONDO:0012547,MONDO:0012669,Noonan syndrome 4,Legius syndrome,RASopathies,not_linked,No strong mechanism or phenotype link in this panel.,0.1500,0.0000,,MONDO:0021060|RASopathy,0.1795,0.4818,0.3159,,,HP:0001642|Pulmonic stenosis|4.17; HP:0009553|Abnormality of the hairline|3.49; HP:0000767|Pectus excavatum|3.32; HP:0000470|Short neck|3.13; HP:0000358|Posteriorly rotated ears|3.08; HP:0000256|Macrocephaly|2.97,9,disease_similarity_reactome_idf_jaccard_mondo_group_hpo_simgic_v0.4
MONDO:0008300,MONDO:0014432,Prader-Willi syndrome,Bardet-Biedl syndrome 2,ciliopathies,not_linked,No strong mechanism or phenotype link in this panel.,0.0000,0.0000,,,0.1220,0.6288,0.3144,,,HP:0040202|Abnormal consumption behavior|4.15; HP:0000054|Micropenis|3.64; HP:0000135|Hypogonadism|3.57; HP:0001513|Obesity|3.46; HP:0000233|Thin vermilion border|3.11; HP:0000752|Hyperactivity|3.04,6,disease_similarity_reactome_idf_jaccard_mondo_group_hpo_simgic_v0.4
MONDO:0011963,MONDO:0014438,Joubert syndrome 2,Bardet-Biedl syndrome 10,ciliopathies,not_linked,No strong mechanism or phenotype link in this panel.,0.1500,0.0000,,MONDO:0005308|ciliopathy,0.1000,0.4773,0.3136,,,HP:0000107|Renal cyst|3.70; HP:0000556|Retinal dystrophy|3.50; HP:0010442|Polydactyly|3.38; HP:0000083|Renal insufficiency|3.19,5,disease_similarity_reactome_idf_jaccard_mondo_group_hpo_simgic_v0.4
MONDO:0009571,MONDO:0012371,"Meckel syndrome, type 1",Noonan syndrome 3,cross-family,not_linked,No strong mechanism or phenotype link in this panel.,0.0000,0.0000,,,0.1504,0.6270,0.3135,,,HP:0002308|Chiari malformation|4.53; HP:0001305|Dandy-Walker malformation|4.43; HP:0000465|Webbed neck|4.39; HP:0001643|Patent ductus arteriosus|3.27; HP:0000470|Short neck|3.13; HP:0001560|Abnormality of the amniotic fluid|3.07,9,disease_similarity_reactome_idf_jaccard_mondo_group_hpo_simgic_v0.4
MONDO:0009262,MONDO:0009265,GM1 gangliosidosis type 3,Gaucher disease type I,lysosomal storage,not_linked,No strong mechanism or phenotype link in this panel.,0.1500,0.0280,,MONDO:0002561|lysosomal storage disease,0.1047,0.4711,0.3105,,R-HSA-9840310|Glycosphingolipid catabolism,HP:0001103|Abnormal macular morphology|3.64; HP:0001744|Splenomegaly|2.95; HP:0003468|Abnormal vertebral morphology|2.81; HP:0002240|Hepatomegaly|2.66,2,disease_similarity_reactome_idf_jaccard_mondo_group_hpo_simgic_v0.4
MONDO:0009260,MONDO:0009267,GM1 gangliosidosis type 1,Gaucher disease type III,lysosomal storage,not_linked,No strong mechanism or phenotype link in this panel.,0.1500,0.0280,,MONDO:0002561|lysosomal storage disease,0.1036,0.4658,0.3079,,R-HSA-9840310|Glycosphingolipid catabolism,HP:0001744|Splenomegaly|2.95; HP:0002240|Hepatomegaly|2.66; HP:0033353|Abnormal blood vessel morphology|2.25; HP:0001276|Hypertonia|2.01,2,disease_similarity_reactome_idf_jaccard_mondo_group_hpo_simgic_v0.4
MONDO:0012669,MONDO:0100082,Legius syndrome,LEOPARD syndrome 1,RASopathies,not_linked,No strong mechanism or phenotype link in this panel.,0.1500,0.0000,,MONDO:0021060|RASopathy,0.1786,0.4636,0.3068,,,HP:0000957|Cafe-au-lait spot|4.34; HP:0001642|Pulmonic stenosis|4.17; HP:0000325|Triangular face|3.99; HP:0000767|Pectus excavatum|3.32; HP:0000470|Short neck|3.13; HP:0000358|Posteriorly rotated ears|3.08,10,disease_similarity_reactome_idf_jaccard_mondo_group_hpo_simgic_v0.4
MONDO:0009757,MONDO:0010100,"Niemann-Pick disease, type C1",Tay-Sachs disease,lysosomal storage,not_linked,No strong mechanism or phenotype link in this panel.,0.1500,0.0000,,MONDO:0002561|lysosomal storage disease,0.1017,0.4605,0.3053,,,HP:0000726|Dementia|3.87; HP:0011004|Abnormal systemic arterial morphology|2.95; HP:0001290|Generalized hypotonia|2.86; HP:0001276|Hypertonia|2.01,4,disease_similarity_reactome_idf_jaccard_mondo_group_hpo_simgic_v0.4
MONDO:0009260,MONDO:0009265,GM1 gangliosidosis type 1,Gaucher disease type I,lysosomal storage,not_linked,No strong mechanism or phenotype link in this panel.,0.1500,0.0280,,MONDO:0002561|lysosomal storage disease,0.1007,0.4553,0.3026,,R-HSA-9840310|Glycosphingolipid catabolism,HP:0001103|Abnormal macular morphology|3.64; HP:0001744|Splenomegaly|2.95; HP:0003468|Abnormal vertebral morphology|2.81; HP:0002240|Hepatomegaly|2.66,2,disease_similarity_reactome_idf_jaccard_mondo_group_hpo_simgic_v0.4
MONDO:0010589,MONDO:0014432,"Aarskog-Scott syndrome, X-linked",Bardet-Biedl syndrome 2,cross-family,not_linked,No strong mechanism or phenotype link in this panel.,0.0000,0.0000,,,0.1450,0.6013,0.3006,,,HP:0000311|Round face|4.36; HP:0001513|Obesity|3.46; HP:0000047|Hypospadias|3.33; HP:0000692|Tooth malposition|3.14; HP:0000470|Short neck|3.13; HP:0000752|Hyperactivity|3.04,7,disease_similarity_reactome_idf_jaccard_mondo_group_hpo_simgic_v0.4
MONDO:0012547,MONDO:0014432,Noonan syndrome 4,Bardet-Biedl syndrome 2,cross-family,not_linked,No strong mechanism or phenotype link in this panel.,0.0000,0.0000,,,0.1448,0.6013,0.3006,,,HP:0010946|Dilatation of the renal pelvis|3.63; HP:0004324|Increased body weight|3.24; HP:0000692|Tooth malposition|3.14; HP:0000470|Short neck|3.13; HP:0001631|Atrial septal defect|3.05; HP:0001638|Cardiomyopathy|2.96,5,disease_similarity_reactome_idf_jaccard_mondo_group_hpo_simgic_v0.4
MONDO:0009261,MONDO:0010099,GM1 gangliosidosis type 2,Tay-Sachs disease AB variant,lysosomal storage,not_linked,No strong mechanism or phenotype link in this panel.,0.1500,0.0500,,MONDO:0002561|lysosomal storage disease,0.0992,0.4500,0.3000,,R-HSA-6798695|Neutrophil degranulation; R-HSA-9840310|Glycosphingolipid catabolism,HP:0032794|Myoclonic seizure|3.78; HP:0001268|Mental deterioration|3.28; HP:0034353|Appendicular spasticity|2.99; HP:0001290|Generalized hypotonia|2.86; HP:0002059|Cerebral atrophy|2.80,2,disease_similarity_reactome_idf_jaccard_mondo_group_hpo_simgic_v0.4
MONDO:0008300,MONDO:0009571,Prader-Willi syndrome,"Meckel syndrome, type 1",ciliopathies,not_linked,No strong mechanism or phenotype link in this panel.,0.0000,0.0000,,,0.1152,0.5985,0.2992,,,HP:0001623|Breech presentation|5.44; HP:0009466|Radial deviation of finger|5.24; HP:0000055|Abnormal female external genitalia morphology|4.20; HP:0001562|Oligohydramnios|4.13; HP:0000834|Abnormality of the adrenal glands|4.02; HP:0000219|Thin upper lip vermilion|3.43,11,disease_similarity_reactome_idf_jaccard_mondo_group_hpo_simgic_v0.4
MONDO:0008763,MONDO:0009738,Alstrom syndrome,sialidosis type 2,cross-family,not_linked,No strong mechanism or phenotype link in this panel.,0.0000,0.0000,,,0.1439,0.5981,0.2990,,,HP:0002621|Atherosclerosis|4.85; HP:0000572|Visual loss|3.94; HP:0008046|Abnormal retinal vascular morphology|3.94; HP:0001638|Cardiomyopathy|2.96; HP:0002240|Hepatomegaly|2.66; HP:0000518|Cataract|2.63,4,disease_similarity_reactome_idf_jaccard_mondo_group_hpo_simgic_v0.4
MONDO:0008854,MONDO:0010589,Bardet-Biedl syndrome 1,"Aarskog-Scott syndrome, X-linked",cross-family,not_linked,No strong mechanism or phenotype link in this panel.,0.0000,0.0000,,,0.1441,0.5981,0.2990,,,HP:0001769|Broad foot|5.70; HP:0009466|Radial deviation of finger|5.24; HP:0000668|Hypodontia|4.32; HP:0001773|Short foot|4.17; HP:0001513|Obesity|3.46; HP:0000692|Tooth malposition|3.14,13,disease_similarity_reactome_idf_jaccard_mondo_group_hpo_simgic_v0.4
MONDO:0009260,MONDO:0014113,GM1 gangliosidosis type 1,cardiofaciocutaneous syndrome 3,cross-family,not_linked,No strong mechanism or phenotype link in this panel.,0.0000,0.0000,,,0.1433,0.5981,0.2990,,,HP:0001639|Hypertrophic cardiomyopathy|3.92; HP:0000470|Short neck|3.13; HP:0000765|Abnormal thorax morphology|2.16; HP:0002650|Scoliosis|2.04,7,disease_similarity_reactome_idf_jaccard_mondo_group_hpo_simgic_v0.4
MONDO:0012371,MONDO:0012626,Noonan syndrome 3,"Meckel syndrome, type 4",cross-family,not_linked,No strong mechanism or phenotype link in this panel.,0.0000,0.0000,,,0.1420,0.5981,0.2990,,,HP:0001305|Dandy-Walker malformation|4.43; HP:0001631|Atrial septal defect|3.05; HP:0001629|Ventricular septal defect|2.95,3,disease_similarity_reactome_idf_jaccard_mondo_group_hpo_simgic_v0.4
MONDO:0011963,MONDO:0012433,Joubert syndrome 2,Senior-Loken syndrome 6,ciliopathies,not_linked,No strong mechanism or phenotype link in this panel.,0.1500,0.0498,,MONDO:0005308|ciliopathy,0.0951,0.4470,0.2985,,R-HSA-5620912|Anchoring of the basal body to the plasma membrane,HP:0006817|Aplasia/Hypoplasia of the cerebellar vermis|3.52; HP:0000556|Retinal dystrophy|3.50; HP:0000083|Renal insufficiency|3.19; HP:0000505|Visual impairment|2.17,1,disease_similarity_reactome_idf_jaccard_mondo_group_hpo_simgic_v0.4
MONDO:0009026,MONDO:0100082,Costello syndrome,LEOPARD syndrome 1,RASopathies,not_linked,No strong mechanism or phenotype link in this panel.,0.1500,0.0595,,MONDO:0021060|RASopathy,0.1764,0.4455,0.2977,,R-HSA-1433557|Signaling by SCF-KIT; R-HSA-186763|Downstream signal transduction; R-HSA-210993|Tie2 Signaling; R-HSA-5654693|FRS-mediated FGFR1 signaling; R-HSA-5654700|FRS-mediated FGFR2 signaling; R-HSA-5654706|FRS-mediated FGFR3 signaling; R-HSA-5654712|FRS-mediated FGFR4 signaling; R-HSA-9028731|Activated NTRK2 signals through FRS2 and FRS3; R-HSA-9607240|FLT3 Signaling,HP:0001634|Mitral valve prolapse|4.48; HP:0000465|Webbed neck|4.39; HP:0001642|Pulmonic stenosis|4.17; HP:0002996|Limited elbow movement|4.00; HP:0000768|Pectus carinatum|3.96; HP:0001639|Hypertrophic cardiomyopathy|3.92,15,disease_similarity_reactome_idf_jaccard_mondo_group_hpo_simgic_v0.4
MONDO:0008104,MONDO:0014432,Noonan syndrome 1,Bardet-Biedl syndrome 2,cross-family,not_linked,No strong mechanism or phenotype link in this panel.,0.0000,0.0000,,,0.1409,0.5949,0.2974,,,HP:0000135|Hypogonadism|3.57; HP:0000047|Hypospadias|3.33; HP:0000692|Tooth malposition|3.14; HP:0000470|Short neck|3.13; HP:0001631|Atrial septal defect|3.05; HP:0000545|Myopia|3.04,6,disease_similarity_reactome_idf_jaccard_mondo_group_hpo_simgic_v0.4
MONDO:0009260,MONDO:0012371,GM1 gangliosidosis type 1,Noonan syndrome 3,cross-family,not_linked,No strong mechanism or phenotype link in this panel.,0.0000,0.0000,,,0.1414,0.5949,0.2974,,,HP:0001639|Hypertrophic cardiomyopathy|3.92; HP:0000280|Coarse facial features|3.63; HP:0001654|Abnormal heart valve morphology|3.38; HP:0000470|Short neck|3.13; HP:0001547|Abnormal rib cage morphology|3.10; HP:0002007|Frontal bossing|3.05,8,disease_similarity_reactome_idf_jaccard_mondo_group_hpo_simgic_v0.4
MONDO:0009262,MONDO:0010099,GM1 gangliosidosis type 3,Tay-Sachs disease AB variant,lysosomal storage,not_linked,No strong mechanism or phenotype link in this panel.,0.1500,0.0500,,MONDO:0002561|lysosomal storage disease,0.0984,0.4447,0.2974,,R-HSA-6798695|Neutrophil degranulation; R-HSA-9840310|Glycosphingolipid catabolism,HP:0001332|Dystonia|2.83; HP:0002059|Cerebral atrophy|2.80; HP:0001347|Hyperreflexia|2.58; HP:0004305|Involuntary movements|2.18,3,disease_similarity_reactome_idf_jaccard_mondo_group_hpo_simgic_v0.4
MONDO:0010006,MONDO:0010079,Sandhoff disease,Canavan disease,lysosomal storage,not_linked,No strong mechanism or phenotype link in this panel.,0.0000,0.0000,,,0.1223,0.5921,0.2961,,,HP:0000618|Blindness|4.15; HP:0002376|Developmental regression|3.44; HP:0002069|Bilateral tonic-clonic seizure|3.27; HP:0011400|Abnormal CNS myelination|3.23; HP:0020219|Motor seizure|3.10; HP:0000256|Macrocephaly|2.97,5,disease_similarity_reactome_idf_jaccard_mondo_group_hpo_simgic_v0.4
MONDO:0009265,MONDO:0009660,Gaucher disease type I,mucopolysaccharidosis type 4B,lysosomal storage,not_linked,No strong mechanism or phenotype link in this panel.,0.1500,0.0280,,MONDO:0002561|lysosomal storage disease,0.0978,0.4395,0.2947,,R-HSA-9840310|Glycosphingolipid catabolism,HP:0001650|Aortic valve stenosis|4.81; HP:0001653|Mitral regurgitation|4.33; HP:0002823|Abnormal femur morphology|3.26; HP:0003468|Abnormal vertebral morphology|2.81; HP:0002240|Hepatomegaly|2.66; HP:0002088|Abnormal lung morphology|2.03,3,disease_similarity_reactome_idf_jaccard_mondo_group_hpo_simgic_v0.4
MONDO:0008763,MONDO:0009260,Alstrom syndrome,GM1 gangliosidosis type 1,cross-family,not_linked,No strong mechanism or phenotype link in this panel.,0.0000,0.0000,,,0.1395,0.5884,0.2942,,,HP:0001644|Dilated cardiomyopathy|4.15; HP:0008046|Abnormal retinal vascular morphology|3.94; HP:0000168|Abnormal gingiva morphology|3.87; HP:0001635|Congestive heart failure|3.70; HP:0011004|Abnormal systemic arterial morphology|2.95; HP:0002808|Kyphosis|2.92,6,disease_similarity_reactome_idf_jaccard_mondo_group_hpo_simgic_v0.4
MONDO:0012690,MONDO:0014432,Noonan syndrome 5,Bardet-Biedl syndrome 2,cross-family,not_linked,No strong mechanism or phenotype link in this panel.,0.0000,0.0000,,,0.1393,0.5884,0.2942,,,HP:0004324|Increased body weight|3.24; HP:0000470|Short neck|3.13; HP:0001631|Atrial septal defect|3.05; HP:0001638|Cardiomyopathy|2.96; HP:0000494|Downslanted palpebral fissures|2.88; HP:0005280|Depressed nasal bridge|2.82,6,disease_similarity_reactome_idf_jaccard_mondo_group_hpo_simgic_v0.4
MONDO:0011963,MONDO:0012371,Joubert syndrome 2,Noonan syndrome 3,cross-family,not_linked,No strong mechanism or phenotype link in this panel.,0.0000,0.0000,,,0.1379,0.5852,0.2926,,,HP:0000268|Dolichocephaly|3.88; HP:0006817|Aplasia/Hypoplasia of the cerebellar vermis|3.52; HP:0011329|Abnormality of cranial sutures|3.15; HP:0002007|Frontal bossing|3.05; HP:0000256|Macrocephaly|2.97; HP:0005280|Depressed nasal bridge|2.82,11,disease_similarity_reactome_idf_jaccard_mondo_group_hpo_simgic_v0.4
MONDO:0009659,MONDO:0009737,mucopolysaccharidosis type 4A,galactosialidosis,lysosomal storage,not_linked,No strong mechanism or phenotype link in this panel.,0.1500,0.0500,,MONDO:0002561|lysosomal storage disease,0.0959,0.4342,0.2921,,R-HSA-6798695|Neutrophil degranulation,HP:0000943|Dysostosis multiplex|5.77; HP:0007759|Opacification of the corneal stroma|4.63; HP:0000280|Coarse facial features|3.63; HP:0002240|Hepatomegaly|2.66,5,disease_similarity_reactome_idf_jaccard_mondo_group_hpo_simgic_v0.4
MONDO:0009571,MONDO:0012432,"Meckel syndrome, type 1",Joubert syndrome 5,ciliopathies,not_linked,No strong mechanism or phenotype link in this panel.,0.1500,0.0420,,MONDO:0005308|ciliopathy,0.0946,0.4318,0.2909,,R-HSA-5620912|Anchoring of the basal body to the plasma membrane,HP:0002085|Occipital encephalocele|5.82; HP:0002419|Molar tooth sign on MRI|5.42; HP:0000107|Renal cyst|3.70; HP:0000589|Coloboma|3.65; HP:0006817|Aplasia/Hypoplasia of the cerebellar vermis|3.52; HP:0000175|Cleft palate|2.66,6,disease_similarity_reactome_idf_jaccard_mondo_group_hpo_simgic_v0.4
MONDO:0009499,MONDO:0010100,Krabbe disease,Tay-Sachs disease,lysosomal storage,not_linked,No strong mechanism or phenotype link in this panel.,0.1500,0.0432,,MONDO:0002561|lysosomal storage disease,0.0943,0.4237,0.2868,,R-HSA-9840310|Glycosphingolipid catabolism,HP:0000618|Blindness|4.15; HP:0001268|Mental deterioration|3.28; HP:0001276|Hypertonia|2.01,4,disease_similarity_reactome_idf_jaccard_mondo_group_hpo_simgic_v0.4
MONDO:0009571,MONDO:0010589,"Meckel syndrome, type 1","Aarskog-Scott syndrome, X-linked",cross-family,not_linked,No strong mechanism or phenotype link in this panel.,0.0000,0.0000,,,0.1356,0.5691,0.2846,,,HP:0009466|Radial deviation of finger|5.24; HP:0000204|Cleft upper lip|3.88; HP:0012385|Camptodactyly|3.31; HP:0000470|Short neck|3.13; HP:0005288|Abnormal nostril morphology|2.95; HP:0001159|Syndactyly|2.94,11,disease_similarity_reactome_idf_jaccard_mondo_group_hpo_simgic_v0.4
MONDO:0009261,MONDO:0009265,GM1 gangliosidosis type 2,Gaucher disease type I,lysosomal storage,not_linked,No strong mechanism or phenotype link in this panel.,0.1500,0.0280,,MONDO:0002561|lysosomal storage disease,0.0942,0.4184,0.2842,,R-HSA-9840310|Glycosphingolipid catabolism,HP:0002823|Abnormal femur morphology|3.26; HP:0001744|Splenomegaly|2.95; HP:0003468|Abnormal vertebral morphology|2.81; HP:0002240|Hepatomegaly|2.66,2,disease_similarity_reactome_idf_jaccard_mondo_group_hpo_simgic_v0.4
MONDO:0008300,MONDO:0008763,Prader-Willi syndrome,Alstrom syndrome,ciliopathies,not_linked,No strong mechanism or phenotype link in this panel.,0.0000,0.0000,,,0.1089,0.5682,0.2841,,,HP:0000824|Decreased response to growth hormone stimulation test|4.49; HP:0000140|Abnormality of the menstrual cycle|3.63; HP:0000135|Hypogonadism|3.57; HP:0001513|Obesity|3.46; HP:0002808|Kyphosis|2.92; HP:0002205|Recurrent respiratory infections|2.81,6,disease_similarity_reactome_idf_jaccard_mondo_group_hpo_simgic_v0.4
MONDO:0009591,MONDO:0009756,"metachromatic leukodystrophy, juvenile form",Niemann-Pick disease type A,lysosomal storage,not_linked,No strong mechanism or phenotype link in this panel.,0.1500,0.0363,,MONDO:0002561|lysosomal storage disease,0.0942,0.4132,0.2816,,R-HSA-9840310|Glycosphingolipid catabolism,HP:0001265|Hyporeflexia|3.34; HP:0004297|Abnormality of the biliary system|3.13; HP:0012447|Abnormal myelination|2.81; HP:0001257|Spasticity|2.27; HP:0004305|Involuntary movements|2.18; HP:0025766|Abnormal affect|2.13,3,disease_similarity_reactome_idf_jaccard_mondo_group_hpo_simgic_v0.4
MONDO:0008104,MONDO:0018975,Noonan syndrome 1,neurofibromatosis type 1,RASopathies,not_linked,No strong mechanism or phenotype link in this panel.,0.1500,0.0000,,MONDO:0021060|RASopathy,0.1710,0.4091,0.2795,,,HP:0100697|Malignant peripheral nerve sheath tumor|7.85; HP:0000465|Webbed neck|4.39; HP:0001680|Coarctation of aorta|4.39; HP:0000957|Cafe-au-lait spot|4.34; HP:0001642|Pulmonic stenosis|4.17; HP:0000768|Pectus carinatum|3.96,11,disease_similarity_reactome_idf_jaccard_mondo_group_hpo_simgic_v0.4
MONDO:0009265,MONDO:0010006,Gaucher disease type I,Sandhoff disease,lysosomal storage,not_linked,No strong mechanism or phenotype link in this panel.,0.1500,0.0266,,MONDO:0002561|lysosomal storage disease,0.0928,0.4079,0.2789,,R-HSA-9840310|Glycosphingolipid catabolism,HP:0001103|Abnormal macular morphology|3.64; HP:0030972|Abnormal systemic blood pressure|2.99; HP:0001744|Splenomegaly|2.95; HP:0002240|Hepatomegaly|2.66; HP:0012531|Pain|2.38,1,disease_similarity_reactome_idf_jaccard_mondo_group_hpo_simgic_v0.4
MONDO:0009260,MONDO:0100082,GM1 gangliosidosis type 1,LEOPARD syndrome 1,cross-family,not_linked,No strong mechanism or phenotype link in this panel.,0.0000,0.0000,,,0.1334,0.5563,0.2781,,,HP:0000457|Depressed nasal ridge|4.86; HP:0001639|Hypertrophic cardiomyopathy|3.92; HP:0001654|Abnormal heart valve morphology|3.38; HP:0000772|Abnormal rib morphology|3.31; HP:0000470|Short neck|3.13; HP:0001376|Limitation of joint mobility|3.03,4,disease_similarity_reactome_idf_jaccard_mondo_group_hpo_simgic_v0.4
MONDO:0009262,MONDO:0009499,GM1 gangliosidosis type 3,Krabbe disease,lysosomal storage,not_linked,No strong mechanism or phenotype link in this panel.,0.1500,0.0423,,MONDO:0002561|lysosomal storage disease,0.0924,0.4026,0.2763,,R-HSA-9840310|Glycosphingolipid catabolism,HP:0002506|Diffuse cerebral atrophy|5.66; HP:0001347|Hyperreflexia|2.58; HP:0002118|Abnormal cerebral ventricle morphology|2.31,2,disease_similarity_reactome_idf_jaccard_mondo_group_hpo_simgic_v0.4
MONDO:0014432,MONDO:0100082,Bardet-Biedl syndrome 2,LEOPARD syndrome 1,cross-family,not_linked,No strong mechanism or phenotype link in this panel.,0.0000,0.0000,,,0.1316,0.5466,0.2733,,,HP:0000054|Micropenis|3.64; HP:0001654|Abnormal heart valve morphology|3.38; HP:0000047|Hypospadias|3.33; HP:0000470|Short neck|3.13; HP:0008373|Puberty and gonadal disorders|3.01; HP:0001638|Cardiomyopathy|2.96,3,disease_similarity_reactome_idf_jaccard_mondo_group_hpo_simgic_v0.4
MONDO:0009262,MONDO:0009591,GM1 gangliosidosis type 3,"metachromatic leukodystrophy, juvenile form",lysosomal storage,not_linked,No strong mechanism or phenotype link in this panel.,0.1500,0.0500,,MONDO:0002561|lysosomal storage disease,0.0909,0.3921,0.2711,,R-HSA-6798695|Neutrophil degranulation; R-HSA-9840310|Glycosphingolipid catabolism,HP:0001332|Dystonia|2.83; HP:0001260|Dysarthria|2.76; HP:0001347|Hyperreflexia|2.58; HP:0001251|Ataxia|2.19; HP:0004305|Involuntary movements|2.18; HP:0001392|Abnormality of the liver|2.14,5,disease_similarity_reactome_idf_jaccard_mondo_group_hpo_simgic_v0.4
MONDO:0009265,MONDO:0009738,Gaucher disease type I,sialidosis type 2,lysosomal storage,not_linked,No strong mechanism or phenotype link in this panel.,0.1500,0.0442,,MONDO:0002561|lysosomal storage disease,0.0907,0.3868,0.2684,,R-HSA-9840310|Glycosphingolipid catabolism,HP:0001103|Abnormal macular morphology|3.64; HP:0001744|Splenomegaly|2.95; HP:0002240|Hepatomegaly|2.66,2,disease_similarity_reactome_idf_jaccard_mondo_group_hpo_simgic_v0.4
MONDO:0008104,MONDO:0010589,Noonan syndrome 1,"Aarskog-Scott syndrome, X-linked",RASopathies,not_linked,No strong mechanism or phenotype link in this panel.,0.0000,0.0000,,,0.1885,0.5364,0.2682,,,HP:0009466|Radial deviation of finger|5.24; HP:0000689|Dental malocclusion|4.34; HP:0009553|Abnormality of the hairline|3.49; HP:0000047|Hypospadias|3.33; HP:0000767|Pectus excavatum|3.32; HP:0000470|Short neck|3.13,14,disease_similarity_reactome_idf_jaccard_mondo_group_hpo_simgic_v0.4
MONDO:0008763,MONDO:0009728,Alstrom syndrome,nephronophthisis 1,ciliopathies,not_linked,No strong mechanism or phenotype link in this panel.,0.1500,0.0500,,MONDO:0005308|ciliopathy,0.0852,0.3864,0.2682,,R-HSA-5620912|Anchoring of the basal body to the plasma membrane,HP:0001969|Abnormal tubulointerstitial morphology|5.32; HP:0000822|Hypertension|3.39; HP:0000083|Renal insufficiency|3.19; HP:0001877|Abnormal erythrocyte morphology|2.57,1,disease_similarity_reactome_idf_jaccard_mondo_group_hpo_simgic_v0.4
MONDO:0009266,MONDO:0009591,Gaucher disease type II,"metachromatic leukodystrophy, juvenile form",lysosomal storage,not_linked,No strong mechanism or phenotype link in this panel.,0.1500,0.0363,,MONDO:0002561|lysosomal storage disease,0.0907,0.3816,0.2658,,R-HSA-9840310|Glycosphingolipid catabolism,HP:0001268|Mental deterioration|3.28; HP:0032158|Unusual infection by anatomical site|2.65; HP:0001347|Hyperreflexia|2.58; HP:0001257|Spasticity|2.27; HP:0001392|Abnormality of the liver|2.14; HP:0012719|Functional abnormality of the gastrointestinal tract|2.10,2,disease_similarity_reactome_idf_jaccard_mondo_group_hpo_simgic_v0.4
MONDO:0009218,MONDO:0009757,Farber lipogranulomatosis,"Niemann-Pick disease, type C1",lysosomal storage,not_linked,No strong mechanism or phenotype link in this panel.,0.1500,0.0000,,MONDO:0002561|lysosomal storage disease,0.0894,0.3763,0.2632,,,HP:0001744|Splenomegaly|2.95; HP:0011004|Abnormal systemic arterial morphology|2.95; HP:0002240|Hepatomegaly|2.66,3,disease_similarity_reactome_idf_jaccard_mondo_group_hpo_simgic_v0.4
MONDO:0008104,MONDO:0008854,Noonan syndrome 1,Bardet-Biedl syndrome 1,cross-family,not_linked,No strong mechanism or phenotype link in this panel.,0.0000,0.0000,,,0.1283,0.5241,0.2621,,,"HP:0009466|Radial deviation of finger|5.24; HP:0002705|High, narrow palate|4.32; HP:0000135|Hypogonadism|3.57; HP:0000692|Tooth malposition|3.14; HP:0001156|Brachydactyly|3.07; HP:0000545|Myopia|3.04",9,disease_similarity_reactome_idf_jaccard_mondo_group_hpo_simgic_v0.4
MONDO:0008104,MONDO:0009571,Noonan syndrome 1,"Meckel syndrome, type 1",cross-family,not_linked,No strong mechanism or phenotype link in this panel.,0.0000,0.0000,,,0.1268,0.5241,0.2621,,,HP:0009466|Radial deviation of finger|5.24; HP:0000465|Webbed neck|4.39; HP:0001680|Coarctation of aorta|4.39; HP:0000337|Broad forehead|3.90; HP:0001643|Patent ductus arteriosus|3.27; HP:0000470|Short neck|3.13,13,disease_similarity_reactome_idf_jaccard_mondo_group_hpo_simgic_v0.4
MONDO:0012371,MONDO:0012669,Noonan syndrome 3,Legius syndrome,RASopathies,not_linked,No strong mechanism or phenotype link in this panel.,0.1500,0.0152,,MONDO:0021060|RASopathy,0.1637,0.3727,0.2614,,R-HSA-5658442|Regulation of RAS by GAPs,HP:0002162|Low posterior hairline|4.43; HP:0001642|Pulmonic stenosis|4.17; HP:0000767|Pectus excavatum|3.32; HP:0000470|Short neck|3.13; HP:0000358|Posteriorly rotated ears|3.08; HP:0000256|Macrocephaly|2.97,10,disease_similarity_reactome_idf_jaccard_mondo_group_hpo_simgic_v0.4
MONDO:0009026,MONDO:0009571,Costello syndrome,"Meckel syndrome, type 1",cross-family,not_linked,No strong mechanism or phenotype link in this panel.,0.0000,0.0000,,,0.1259,0.5209,0.2605,,,HP:0002308|Chiari malformation|4.53; HP:0000465|Webbed neck|4.39; HP:0030809|Abnormal tongue morphology|3.36; HP:0000238|Hydrocephalus|3.26; HP:0000470|Short neck|3.13; HP:0001560|Abnormality of the amniotic fluid|3.07,9,disease_similarity_reactome_idf_jaccard_mondo_group_hpo_simgic_v0.4
MONDO:0009260,MONDO:0010526,GM1 gangliosidosis type 1,Fabry disease,lysosomal storage,not_linked,No strong mechanism or phenotype link in this panel.,0.1500,0.0500,,MONDO:0002561|lysosomal storage disease,0.0887,0.3711,0.2605,,R-HSA-6798695|Neutrophil degranulation; R-HSA-9840310|Glycosphingolipid catabolism,HP:0001071|Angiokeratoma corporis diffusum|7.67; HP:0001635|Congestive heart failure|3.70; HP:0025015|Abnormal vascular morphology|2.07,3,disease_similarity_reactome_idf_jaccard_mondo_group_hpo_simgic_v0.4
MONDO:0008854,MONDO:0100082,Bardet-Biedl syndrome 1,LEOPARD syndrome 1,cross-family,not_linked,No strong mechanism or phenotype link in this panel.,0.0000,0.0000,,,0.1245,0.5177,0.2588,,,HP:0001711|Abnormal left ventricle morphology|4.39; HP:0000137|Abnormality of the ovary|4.18; HP:0000054|Micropenis|3.64; HP:0000140|Abnormality of the menstrual cycle|3.63; HP:0008373|Puberty and gonadal disorders|3.01; HP:0000256|Macrocephaly|2.97,4,disease_similarity_reactome_idf_jaccard_mondo_group_hpo_simgic_v0.4
MONDO:0009260,MONDO:0013379,GM1 gangliosidosis type 1,Noonan syndrome 7,cross-family,not_linked,No strong mechanism or phenotype link in this panel.,0.0000,0.0000,,,0.1237,0.5177,0.2588,,,HP:0001639|Hypertrophic cardiomyopathy|3.92; HP:0000470|Short neck|3.13; HP:0001547|Abnormal rib cage morphology|3.10; HP:0000316|Hypertelorism|2.30; HP:0002683|Abnormal calvaria morphology|2.11; HP:0002650|Scoliosis|2.04,7,disease_similarity_reactome_idf_jaccard_mondo_group_hpo_simgic_v0.4
MONDO:0009660,MONDO:0010100,mucopolysaccharidosis type 4B,Tay-Sachs disease,lysosomal storage,mechanism_neighbor_different_presentation,"Different genes in the same pathways, but the symptom patterns differ.",0.4327,0.4327,,MONDO:0002561|lysosomal storage disease,0.0281,0.0816,0.2572,,R-HSA-2024101|CS/DS degradation; R-HSA-2022857|Keratan sulfate degradation; R-HSA-9840310|Glycosphingolipid catabolism,HP:0011004|Abnormal systemic arterial morphology|2.95,0,disease_similarity_reactome_idf_jaccard_mondo_group_hpo_simgic_v0.4
MONDO:0009499,MONDO:0009738,Krabbe disease,sialidosis type 2,lysosomal storage,not_linked,No strong mechanism or phenotype link in this panel.,0.1500,0.0500,,MONDO:0002561|lysosomal storage disease,0.0865,0.3605,0.2553,,R-HSA-9840310|Glycosphingolipid catabolism,HP:0001347|Hyperreflexia|2.58; HP:0000639|Nystagmus|2.29; HP:0000505|Visual impairment|2.17,3,disease_similarity_reactome_idf_jaccard_mondo_group_hpo_simgic_v0.4
MONDO:0008104,MONDO:0008300,Noonan syndrome 1,Prader-Willi syndrome,cross-family,not_linked,No strong mechanism or phenotype link in this panel.,0.0000,0.0000,,,0.1228,0.5080,0.2540,,,HP:0009466|Radial deviation of finger|5.24; HP:0001531|Failure to thrive in infancy|4.70; HP:0000789|Infertility|3.86; HP:0000135|Hypogonadism|3.57; HP:0011361|Congenital abnormal hair pattern|3.39; HP:0008872|Feeding difficulties in infancy|3.08,8,disease_similarity_reactome_idf_jaccard_mondo_group_hpo_simgic_v0.4
MONDO:0012433,MONDO:0014432,Senior-Loken syndrome 6,Bardet-Biedl syndrome 2,ciliopathies,not_linked,No strong mechanism or phenotype link in this panel.,0.1500,0.0000,,MONDO:0005308|ciliopathy,0.0820,0.3561,0.2530,,,HP:0000510|Rod-cone dystrophy|4.03; HP:0012622|Chronic kidney disease|3.98; HP:0007663|Reduced visual acuity|2.91,1,disease_similarity_reactome_idf_jaccard_mondo_group_hpo_simgic_v0.4
MONDO:0009660,MONDO:0009756,mucopolysaccharidosis type 4B,Niemann-Pick disease type A,lysosomal storage,not_linked,No strong mechanism or phenotype link in this panel.,0.1500,0.0280,,MONDO:0002561|lysosomal storage disease,0.0845,0.3553,0.2526,,R-HSA-9840310|Glycosphingolipid catabolism,HP:0000939|Osteoporosis|3.79; HP:0011004|Abnormal systemic arterial morphology|2.95; HP:0002205|Recurrent respiratory infections|2.81; HP:0002240|Hepatomegaly|2.66,3,disease_similarity_reactome_idf_jaccard_mondo_group_hpo_simgic_v0.4
MONDO:0009266,MONDO:0010100,Gaucher disease type II,Tay-Sachs disease,lysosomal storage,not_linked,No strong mechanism or phenotype link in this panel.,0.1500,0.0283,,MONDO:0002561|lysosomal storage disease,0.0833,0.3500,0.2500,,R-HSA-9840310|Glycosphingolipid catabolism,HP:0001268|Mental deterioration|3.28; HP:0011004|Abnormal systemic arterial morphology|2.95; HP:0001276|Hypertonia|2.01,2,disease_similarity_reactome_idf_jaccard_mondo_group_hpo_simgic_v0.4
MONDO:0010589,MONDO:0012371,"Aarskog-Scott syndrome, X-linked",Noonan syndrome 3,RASopathies,not_linked,No strong mechanism or phenotype link in this panel.,0.0000,0.0000,,,0.1802,0.5000,0.2500,,,HP:0004482|Relative macrocephaly|4.95; HP:0010490|Abnormal palmar crease morphology|3.52; HP:0009553|Abnormality of the hairline|3.49; HP:0002750|Delayed skeletal maturation|3.44; HP:0003196|Short nose|3.34; HP:0000767|Pectus excavatum|3.32,18,disease_similarity_reactome_idf_jaccard_mondo_group_hpo_simgic_v0.4
MONDO:0009659,MONDO:0009756,mucopolysaccharidosis type 4A,Niemann-Pick disease type A,lysosomal storage,not_linked,No strong mechanism or phenotype link in this panel.,0.1500,0.0000,,MONDO:0002561|lysosomal storage disease,0.0806,0.3447,0.2474,,,HP:0000939|Osteoporosis|3.79; HP:0002205|Recurrent respiratory infections|2.81; HP:0002240|Hepatomegaly|2.66,3,disease_similarity_reactome_idf_jaccard_mondo_group_hpo_simgic_v0.4
MONDO:0008104,MONDO:0009260,Noonan syndrome 1,GM1 gangliosidosis type 1,cross-family,not_linked,No strong mechanism or phenotype link in this panel.,0.0000,0.0000,,,0.1182,0.4920,0.2460,,,HP:0001639|Hypertrophic cardiomyopathy|3.92; HP:0000470|Short neck|3.13; HP:0001547|Abnormal rib cage morphology|3.10; HP:0011004|Abnormal systemic arterial morphology|2.95; HP:0002808|Kyphosis|2.92; HP:0011276|Vascular skin abnormality|2.80,4,disease_similarity_reactome_idf_jaccard_mondo_group_hpo_simgic_v0.4
MONDO:0009026,MONDO:0012669,Costello syndrome,Legius syndrome,RASopathies,not_linked,No strong mechanism or phenotype link in this panel.,0.1500,0.0167,,MONDO:0021060|RASopathy,0.1585,0.3364,0.2432,,R-HSA-5658442|Regulation of RAS by GAPs,HP:0100007|Neoplasm of the peripheral nervous system|4.82; HP:0030448|Soft tissue sarcoma|4.71; HP:0001642|Pulmonic stenosis|4.17; HP:0000953|Hyperpigmentation of the skin|3.36; HP:0000470|Short neck|3.13; HP:0000358|Posteriorly rotated ears|3.08,10,disease_similarity_reactome_idf_jaccard_mondo_group_hpo_simgic_v0.4
MONDO:0009260,MONDO:0012690,GM1 gangliosidosis type 1,Noonan syndrome 5,cross-family,not_linked,No strong mechanism or phenotype link in this panel.,0.0000,0.0000,,,0.1173,0.4855,0.2428,,,HP:0001639|Hypertrophic cardiomyopathy|3.92; HP:0000470|Short neck|3.13; HP:0000316|Hypertelorism|2.30; HP:0000765|Abnormal thorax morphology|2.16; HP:0002683|Abnormal calvaria morphology|2.11; HP:0001999|Abnormal facial shape|2.06,5,disease_similarity_reactome_idf_jaccard_mondo_group_hpo_simgic_v0.4
MONDO:0009571,MONDO:0100082,"Meckel syndrome, type 1",LEOPARD syndrome 1,cross-family,not_linked,No strong mechanism or phenotype link in this panel.,0.0000,0.0000,,,0.1173,0.4855,0.2428,,,HP:0000465|Webbed neck|4.39; HP:0000104|Renal agenesis|4.16; HP:0045005|Neural tube defect|3.60; HP:0000008|Abnormal morphology of female internal genitalia|3.28; HP:0000470|Short neck|3.13; HP:0003241|External genital hypoplasia|3.01,7,disease_similarity_reactome_idf_jaccard_mondo_group_hpo_simgic_v0.4
MONDO:0009266,MONDO:0009659,Gaucher disease type II,mucopolysaccharidosis type 4A,lysosomal storage,not_linked,No strong mechanism or phenotype link in this panel.,0.1500,0.0000,,MONDO:0002561|lysosomal storage disease,0.0778,0.3342,0.2421,,,HP:0002090|Pneumonia|3.50; HP:0002240|Hepatomegaly|2.66; HP:0000277|Abnormal mandible morphology|2.01,1,disease_similarity_reactome_idf_jaccard_mondo_group_hpo_simgic_v0.4
MONDO:0009659,MONDO:0010006,mucopolysaccharidosis type 4A,Sandhoff disease,lysosomal storage,mechanism_neighbor_different_presentation,"Different genes in the same pathways, but the symptom patterns differ.",0.3226,0.3226,,MONDO:0002561|lysosomal storage disease,0.0461,0.1605,0.2416,,R-HSA-2022857|Keratan sulfate degradation; R-HSA-6798695|Neutrophil degranulation,HP:0000280|Coarse facial features|3.63; HP:0002240|Hepatomegaly|2.66,2,disease_similarity_reactome_idf_jaccard_mondo_group_hpo_simgic_v0.4
MONDO:0009591,MONDO:0010079,"metachromatic leukodystrophy, juvenile form",Canavan disease,lysosomal storage,not_linked,No strong mechanism or phenotype link in this panel.,0.0000,0.0000,,,0.1051,0.4816,0.2408,,,HP:0007256|Abnormal pyramidal sign|3.05; HP:0000648|Optic atrophy|3.01; HP:0012447|Abnormal myelination|2.81; HP:0001311|Abnormal nervous system electrophysiology|2.61; HP:0001257|Spasticity|2.27,2,disease_similarity_reactome_idf_jaccard_mondo_group_hpo_simgic_v0.4
MONDO:0008763,MONDO:0011963,Alstrom syndrome,Joubert syndrome 2,ciliopathies,not_linked,No strong mechanism or phenotype link in this panel.,0.1500,0.0500,,MONDO:0005308|ciliopathy,0.0808,0.3258,0.2379,,R-HSA-5620912|Anchoring of the basal body to the plasma membrane,HP:0000556|Retinal dystrophy|3.50; HP:0010442|Polydactyly|3.38; HP:0000083|Renal insufficiency|3.19; HP:0000639|Nystagmus|2.29; HP:0000505|Visual impairment|2.17; HP:0012210|Abnormal renal morphology|2.16,4,disease_similarity_reactome_idf_jaccard_mondo_group_hpo_simgic_v0.4
MONDO:0009499,MONDO:0009757,Krabbe disease,"Niemann-Pick disease, type C1",lysosomal storage,not_linked,No strong mechanism or phenotype link in this panel.,0.1500,0.0000,,MONDO:0002561|lysosomal storage disease,0.0762,0.3237,0.2368,,,HP:0001268|Mental deterioration|3.28; HP:0007367|Atrophy/Degeneration affecting the central nervous system|2.45; HP:0001257|Spasticity|2.27,2,disease_similarity_reactome_idf_jaccard_mondo_group_hpo_simgic_v0.4
MONDO:0009659,MONDO:0100082,mucopolysaccharidosis type 4A,LEOPARD syndrome 1,cross-family,not_linked,No strong mechanism or phenotype link in this panel.,0.0000,0.0000,,,0.1157,0.4695,0.2347,,,HP:0020300|Abnormal elbow morphology|4.24; HP:0000768|Pectus carinatum|3.96; HP:0000303|Mandibular prognathia|3.64; HP:0045005|Neural tube defect|3.60; HP:0002143|Abnormal spinal cord morphology|3.42; HP:0001654|Abnormal heart valve morphology|3.38,3,disease_similarity_reactome_idf_jaccard_mondo_group_hpo_simgic_v0.4
MONDO:0009265,MONDO:0010526,Gaucher disease type I,Fabry disease,lysosomal storage,not_linked,No strong mechanism or phenotype link in this panel.,0.1500,0.0500,,MONDO:0002561|lysosomal storage disease,0.0756,0.3184,0.2342,,R-HSA-9840310|Glycosphingolipid catabolism,HP:0030163|Abnormal vascular physiology|3.46; HP:0000822|Hypertension|3.39; HP:0001903|Anemia|2.69; HP:0012531|Pain|2.38,2,disease_similarity_reactome_idf_jaccard_mondo_group_hpo_simgic_v0.4
MONDO:0012371,MONDO:0014113,Noonan syndrome 3,cardiofaciocutaneous syndrome 3,RASopathies,not_linked,No strong mechanism or phenotype link in this panel.,0.1500,0.0207,,MONDO:0021060|RASopathy,0.1580,0.3182,0.2341,,R-HSA-5673000|RAF activation; R-HSA-5674135|MAP2K and MAPK activation,HP:0000465|Webbed neck|4.39; HP:0001642|Pulmonic stenosis|4.17; HP:0001639|Hypertrophic cardiomyopathy|3.92; HP:0000767|Pectus excavatum|3.32; HP:0000470|Short neck|3.13; HP:0001631|Atrial septal defect|3.05,13,disease_similarity_reactome_idf_jaccard_mondo_group_hpo_simgic_v0.4
MONDO:0009756,MONDO:0010526,Niemann-Pick disease type A,Fabry disease,lysosomal storage,not_linked,No strong mechanism or phenotype link in this panel.,0.1500,0.0500,,MONDO:0002561|lysosomal storage disease,0.0729,0.3132,0.2316,,R-HSA-9840310|Glycosphingolipid catabolism,HP:0002013|Vomiting|3.29; HP:0001903|Anemia|2.69; HP:0004305|Involuntary movements|2.18; HP:0011354|Generalized abnormality of skin|2.11; HP:0025015|Abnormal vascular morphology|2.07,1,disease_similarity_reactome_idf_jaccard_mondo_group_hpo_simgic_v0.4
MONDO:0008300,MONDO:0008944,Prader-Willi syndrome,Joubert syndrome 1,ciliopathies,not_linked,No strong mechanism or phenotype link in this panel.,0.0000,0.0000,,,0.0952,0.4621,0.2311,,,HP:0100716|Self-injurious behavior|3.94; HP:0011338|Abnormality of mouth shape|3.45; HP:0000752|Hyperactivity|3.04; HP:0001290|Generalized hypotonia|2.86; HP:0030084|Clinodactyly|2.77; HP:0002793|Abnormal pattern of respiration|2.69,6,disease_similarity_reactome_idf_jaccard_mondo_group_hpo_simgic_v0.4
MONDO:0012626,MONDO:0014438,"Meckel syndrome, type 4",Bardet-Biedl syndrome 10,ciliopathies,not_linked,No strong mechanism or phenotype link in this panel.,0.1500,0.0000,,MONDO:0005308|ciliopathy,0.0744,0.3106,0.2303,,,HP:0000107|Renal cyst|3.70; HP:0010442|Polydactyly|3.38,1,disease_similarity_reactome_idf_jaccard_mondo_group_hpo_simgic_v0.4
MONDO:0009266,MONDO:0009660,Gaucher disease type II,mucopolysaccharidosis type 4B,lysosomal storage,not_linked,No strong mechanism or phenotype link in this panel.,0.1500,0.0280,,MONDO:0002561|lysosomal storage disease,0.0725,0.3079,0.2289,,R-HSA-9840310|Glycosphingolipid catabolism,HP:0011004|Abnormal systemic arterial morphology|2.95; HP:0002240|Hepatomegaly|2.66; HP:0011947|Respiratory tract infection|2.57; HP:0032101|Unusual infection|2.03; HP:0000277|Abnormal mandible morphology|2.01,1,disease_similarity_reactome_idf_jaccard_mondo_group_hpo_simgic_v0.4
MONDO:0008763,MONDO:0009756,Alstrom syndrome,Niemann-Pick disease type A,cross-family,not_linked,No strong mechanism or phenotype link in this panel.,0.0000,0.0000,,,0.1136,0.4534,0.2267,,,HP:0002621|Atherosclerosis|4.85; HP:0008046|Abnormal retinal vascular morphology|3.94; HP:0002205|Recurrent respiratory infections|2.81; HP:0002240|Hepatomegaly|2.66; HP:0001877|Abnormal erythrocyte morphology|2.57,3,disease_similarity_reactome_idf_jaccard_mondo_group_hpo_simgic_v0.4
MONDO:0009026,MONDO:0009260,Costello syndrome,GM1 gangliosidosis type 1,cross-family,not_linked,No strong mechanism or phenotype link in this panel.,0.0000,0.0000,,,0.1118,0.4534,0.2267,,,HP:0001639|Hypertrophic cardiomyopathy|3.92; HP:0000280|Coarse facial features|3.63; HP:0001654|Abnormal heart valve morphology|3.38; HP:0000470|Short neck|3.13; HP:0001547|Abnormal rib cage morphology|3.10; HP:0001376|Limitation of joint mobility|3.03,6,disease_similarity_reactome_idf_jaccard_mondo_group_hpo_simgic_v0.4
MONDO:0009260,MONDO:0010589,GM1 gangliosidosis type 1,"Aarskog-Scott syndrome, X-linked",cross-family,not_linked,No strong mechanism or phenotype link in this panel.,0.0000,0.0000,,,0.1127,0.4534,0.2267,,,HP:0008518|Aplasia/Hypoplasia involving the vertebral column|4.74; HP:0003508|Proportionate short stature|4.06; HP:0000023|Inguinal hernia|3.39; HP:0000470|Short neck|3.13; HP:0002007|Frontal bossing|3.05; HP:0000316|Hypertelorism|2.30,7,disease_similarity_reactome_idf_jaccard_mondo_group_hpo_simgic_v0.4
MONDO:0009260,MONDO:0012547,GM1 gangliosidosis type 1,Noonan syndrome 4,cross-family,not_linked,No strong mechanism or phenotype link in this panel.,0.0000,0.0000,,,0.1120,0.4534,0.2267,,,HP:0001639|Hypertrophic cardiomyopathy|3.92; HP:0000470|Short neck|3.13; HP:0011276|Vascular skin abnormality|2.80; HP:0000316|Hypertelorism|2.30; HP:0000765|Abnormal thorax morphology|2.16; HP:0002650|Scoliosis|2.04,5,disease_similarity_reactome_idf_jaccard_mondo_group_hpo_simgic_v0.4
MONDO:0009591,MONDO:0009738,"metachromatic leukodystrophy, juvenile form",sialidosis type 2,lysosomal storage,not_linked,No strong mechanism or phenotype link in this panel.,0.1500,0.0500,,MONDO:0002561|lysosomal storage disease,0.0725,0.3026,0.2263,,R-HSA-6798695|Neutrophil degranulation; R-HSA-9840310|Glycosphingolipid catabolism,HP:0001290|Generalized hypotonia|2.86; HP:0001347|Hyperreflexia|2.58; HP:0001251|Ataxia|2.19; HP:0004305|Involuntary movements|2.18; HP:0001392|Abnormality of the liver|2.14; HP:0001324|Muscle weakness|2.08,5,disease_similarity_reactome_idf_jaccard_mondo_group_hpo_simgic_v0.4
MONDO:0008763,MONDO:0009262,Alstrom syndrome,GM1 gangliosidosis type 3,cross-family,not_linked,No strong mechanism or phenotype link in this panel.,0.0000,0.0000,,,0.1101,0.4502,0.2251,,,HP:0002621|Atherosclerosis|4.85; HP:0008046|Abnormal retinal vascular morphology|3.94; HP:0002808|Kyphosis|2.92; HP:0002240|Hepatomegaly|2.66; HP:0002650|Scoliosis|2.04,4,disease_similarity_reactome_idf_jaccard_mondo_group_hpo_simgic_v0.4
MONDO:0008104,MONDO:0014113,Noonan syndrome 1,cardiofaciocutaneous syndrome 3,RASopathies,not_linked,No strong mechanism or phenotype link in this panel.,0.1500,0.0156,,MONDO:0021060|RASopathy,0.1575,0.3000,0.2250,,R-HSA-110056|MAPK3 (ERK1) activation,HP:0000465|Webbed neck|4.39; HP:0001642|Pulmonic stenosis|4.17; HP:0001639|Hypertrophic cardiomyopathy|3.92; HP:0010719|Abnormality of hair texture|3.72; HP:0000767|Pectus excavatum|3.32; HP:0000470|Short neck|3.13,8,disease_similarity_reactome_idf_jaccard_mondo_group_hpo_simgic_v0.4
MONDO:0009591,MONDO:0010100,"metachromatic leukodystrophy, juvenile form",Tay-Sachs disease,lysosomal storage,not_linked,No strong mechanism or phenotype link in this panel.,0.1500,0.0266,,MONDO:0002561|lysosomal storage disease,0.0709,0.2974,0.2237,,R-HSA-9840310|Glycosphingolipid catabolism,HP:0001268|Mental deterioration|3.28; HP:0001290|Generalized hypotonia|2.86; HP:0025766|Abnormal affect|2.13; HP:0001324|Muscle weakness|2.08; HP:0001276|Hypertonia|2.01,3,disease_similarity_reactome_idf_jaccard_mondo_group_hpo_simgic_v0.4
MONDO:0008944,MONDO:0012371,Joubert syndrome 1,Noonan syndrome 3,cross-family,not_linked,No strong mechanism or phenotype link in this panel.,0.0000,0.0000,,,0.1088,0.4469,0.2235,,,HP:0001320|Cerebellar vermis hypoplasia|3.60; HP:0000463|Anteverted nares|3.01; HP:0000256|Macrocephaly|2.97; HP:0000286|Epicanthus|2.72; HP:0002119|Ventriculomegaly|2.65; HP:0000508|Ptosis|2.63,7,disease_similarity_reactome_idf_jaccard_mondo_group_hpo_simgic_v0.4
MONDO:0008854,MONDO:0012432,Bardet-Biedl syndrome 1,Joubert syndrome 5,ciliopathies,not_linked,No strong mechanism or phenotype link in this panel.,0.1500,0.0000,,MONDO:0005308|ciliopathy,0.0715,0.2955,0.2227,,,HP:0000510|Rod-cone dystrophy|4.03; HP:0007663|Reduced visual acuity|2.91; HP:0000508|Ptosis|2.63; HP:0000639|Nystagmus|2.29; HP:0001251|Ataxia|2.19,7,disease_similarity_reactome_idf_jaccard_mondo_group_hpo_simgic_v0.4
MONDO:0009571,MONDO:0012690,"Meckel syndrome, type 1",Noonan syndrome 5,cross-family,not_linked,No strong mechanism or phenotype link in this panel.,0.0000,0.0000,,,0.1072,0.4405,0.2203,,,HP:0000465|Webbed neck|4.39; HP:0001600|Abnormality of the larynx|3.94; HP:0000154|Wide mouth|3.75; HP:0000470|Short neck|3.13; HP:0001560|Abnormality of the amniotic fluid|3.07; HP:0000286|Epicanthus|2.72,8,disease_similarity_reactome_idf_jaccard_mondo_group_hpo_simgic_v0.4
MONDO:0012371,MONDO:0014432,Noonan syndrome 3,Bardet-Biedl syndrome 2,cross-family,not_linked,No strong mechanism or phenotype link in this panel.,0.0000,0.0000,,,0.1076,0.4405,0.2203,,,HP:0001654|Abnormal heart valve morphology|3.38; HP:0000470|Short neck|3.13; HP:0001631|Atrial septal defect|3.05; HP:0001638|Cardiomyopathy|2.96; HP:0000494|Downslanted palpebral fissures|2.88; HP:0005280|Depressed nasal bridge|2.82,6,disease_similarity_reactome_idf_jaccard_mondo_group_hpo_simgic_v0.4
MONDO:0009265,MONDO:0009757,Gaucher disease type I,"Niemann-Pick disease, type C1",lysosomal storage,not_linked,No strong mechanism or phenotype link in this panel.,0.1500,0.0000,,MONDO:0002561|lysosomal storage disease,0.0658,0.2868,0.2184,,,HP:0001744|Splenomegaly|2.95; HP:0002240|Hepatomegaly|2.66,2,disease_similarity_reactome_idf_jaccard_mondo_group_hpo_simgic_v0.4
MONDO:0008763,MONDO:0008944,Alstrom syndrome,Joubert syndrome 1,ciliopathies,not_linked,No strong mechanism or phenotype link in this panel.,0.1500,0.0000,,MONDO:0005308|ciliopathy,0.0712,0.2803,0.2152,,,HP:0000556|Retinal dystrophy|3.50; HP:0010442|Polydactyly|3.38; HP:0012211|Abnormal renal physiology|2.71; HP:0410042|Abnormal liver morphology|2.36; HP:0012210|Abnormal renal morphology|2.16; HP:0002683|Abnormal calvaria morphology|2.11,1,disease_similarity_reactome_idf_jaccard_mondo_group_hpo_simgic_v0.4
MONDO:0010079,MONDO:0010100,Canavan disease,Tay-Sachs disease,lysosomal storage,not_linked,No strong mechanism or phenotype link in this panel.,0.0000,0.0000,,,0.0953,0.4289,0.2145,,,HP:0000618|Blindness|4.15; HP:0001276|Hypertonia|2.01,2,disease_similarity_reactome_idf_jaccard_mondo_group_hpo_simgic_v0.4
MONDO:0013379,MONDO:0014432,Noonan syndrome 7,Bardet-Biedl syndrome 2,cross-family,not_linked,No strong mechanism or phenotype link in this panel.,0.0000,0.0000,,,0.1057,0.4277,0.2138,,,HP:0004324|Increased body weight|3.24; HP:0000470|Short neck|3.13; HP:0001631|Atrial septal defect|3.05; HP:0001638|Cardiomyopathy|2.96; HP:0000494|Downslanted palpebral fissures|2.88; HP:0005280|Depressed nasal bridge|2.82,5,disease_similarity_reactome_idf_jaccard_mondo_group_hpo_simgic_v0.4
MONDO:0009738,MONDO:0010099,sialidosis type 2,Tay-Sachs disease AB variant,lysosomal storage,not_linked,No strong mechanism or phenotype link in this panel.,0.1500,0.0500,,MONDO:0002561|lysosomal storage disease,0.0634,0.2763,0.2132,,R-HSA-6798695|Neutrophil degranulation; R-HSA-9840310|Glycosphingolipid catabolism,HP:0001290|Generalized hypotonia|2.86; HP:0001347|Hyperreflexia|2.58; HP:0004305|Involuntary movements|2.18; HP:0000505|Visual impairment|2.17; HP:0001324|Muscle weakness|2.08,4,disease_similarity_reactome_idf_jaccard_mondo_group_hpo_simgic_v0.4
MONDO:0009737,MONDO:0010526,galactosialidosis,Fabry disease,lysosomal storage,not_linked,No strong mechanism or phenotype link in this panel.,0.1500,0.0500,,MONDO:0002561|lysosomal storage disease,0.0608,0.2658,0.2079,,R-HSA-6798695|Neutrophil degranulation; R-HSA-9840310|Glycosphingolipid catabolism,HP:0011276|Vascular skin abnormality|2.80; HP:0000481|Abnormal cornea morphology|2.66; HP:0025015|Abnormal vascular morphology|2.07,1,disease_similarity_reactome_idf_jaccard_mondo_group_hpo_simgic_v0.4
MONDO:0008944,MONDO:0014438,Joubert syndrome 1,Bardet-Biedl syndrome 10,ciliopathies,not_linked,No strong mechanism or phenotype link in this panel.,0.1500,0.0000,,MONDO:0005308|ciliopathy,0.0704,0.2652,0.2076,,,HP:0000107|Renal cyst|3.70; HP:0000556|Retinal dystrophy|3.50; HP:0010442|Polydactyly|3.38; HP:0012211|Abnormal renal physiology|2.71,3,disease_similarity_reactome_idf_jaccard_mondo_group_hpo_simgic_v0.4
MONDO:0008944,MONDO:0009026,Joubert syndrome 1,Costello syndrome,cross-family,not_linked,No strong mechanism or phenotype link in this panel.,0.0000,0.0000,,,0.1050,0.4148,0.2074,,,HP:0000158|Macroglossia|4.26; HP:0000463|Anteverted nares|3.01; HP:0000256|Macrocephaly|2.97; HP:0000286|Epicanthus|2.72; HP:0012211|Abnormal renal physiology|2.71; HP:0002119|Ventriculomegaly|2.65,9,disease_similarity_reactome_idf_jaccard_mondo_group_hpo_simgic_v0.4
MONDO:0009026,MONDO:0018975,Costello syndrome,neurofibromatosis type 1,RASopathies,not_linked,No strong mechanism or phenotype link in this panel.,0.1500,0.0174,,MONDO:0021060|RASopathy,0.1530,0.2636,0.2068,,R-HSA-5658442|Regulation of RAS by GAPs,HP:0002859|Rhabdomyosarcoma|6.42; HP:0001548|Overgrowth|5.40; HP:0100007|Neoplasm of the peripheral nervous system|4.82; HP:0000465|Webbed neck|4.39; HP:0001642|Pulmonic stenosis|4.17; HP:0000768|Pectus carinatum|3.96,14,disease_similarity_reactome_idf_jaccard_mondo_group_hpo_simgic_v0.4
MONDO:0008300,MONDO:0009660,Prader-Willi syndrome,mucopolysaccharidosis type 4B,cross-family,not_linked,No strong mechanism or phenotype link in this panel.,0.0000,0.0000,,,0.1033,0.4051,0.2026,,,HP:0000670|Carious teeth|4.25; HP:0002857|Genu valgum|4.06; HP:0000939|Osteoporosis|3.79; HP:0001385|Hip dysplasia|3.75; HP:0002808|Kyphosis|2.92; HP:0002205|Recurrent respiratory infections|2.81,7,disease_similarity_reactome_idf_jaccard_mondo_group_hpo_simgic_v0.4
MONDO:0008763,MONDO:0009659,Alstrom syndrome,mucopolysaccharidosis type 4A,cross-family,not_linked,No strong mechanism or phenotype link in this panel.,0.0000,0.0000,,,0.1031,0.4051,0.2026,,,HP:0006532|Recurrent pneumonia|4.24; HP:0002808|Kyphosis|2.92; HP:0002240|Hepatomegaly|2.66; HP:0000164|Abnormality of the dentition|2.19; HP:0002650|Scoliosis|2.04,4,disease_similarity_reactome_idf_jaccard_mondo_group_hpo_simgic_v0.4
MONDO:0009260,MONDO:0009499,GM1 gangliosidosis type 1,Krabbe disease,lysosomal storage,not_linked,No strong mechanism or phenotype link in this panel.,0.1500,0.0423,,MONDO:0002561|lysosomal storage disease,0.0600,0.2553,0.2026,,R-HSA-9840310|Glycosphingolipid catabolism,HP:0007369|Atrophy/Degeneration affecting the cerebrum|2.76; HP:0001276|Hypertonia|2.01,3,disease_similarity_reactome_idf_jaccard_mondo_group_hpo_simgic_v0.4
MONDO:0009659,MONDO:0012690,mucopolysaccharidosis type 4A,Noonan syndrome 5,cross-family,not_linked,No strong mechanism or phenotype link in this panel.,0.0000,0.0000,,,0.1028,0.4051,0.2026,,,HP:0020300|Abnormal elbow morphology|4.24; HP:0000154|Wide mouth|3.75; HP:0000303|Mandibular prognathia|3.64; HP:0000470|Short neck|3.13; HP:0002087|Abnormality of the upper respiratory tract|3.02; HP:0000766|Abnormal sternum morphology|2.92,4,disease_similarity_reactome_idf_jaccard_mondo_group_hpo_simgic_v0.4
MONDO:0008300,MONDO:0011963,Prader-Willi syndrome,Joubert syndrome 2,ciliopathies,not_linked,No strong mechanism or phenotype link in this panel.,0.0000,0.0000,,,0.0903,0.4015,0.2008,,,HP:0000565|Esotropia|4.10; HP:0000268|Dolichocephaly|3.88; HP:0000050|Hypoplastic male external genitalia|3.11; HP:0002793|Abnormal pattern of respiration|2.69; HP:0002119|Ventriculomegaly|2.65; HP:0001508|Failure to thrive|2.35,5,disease_similarity_reactome_idf_jaccard_mondo_group_hpo_simgic_v0.4
MONDO:0008944,MONDO:0012433,Joubert syndrome 1,Senior-Loken syndrome 6,ciliopathies,not_linked,No strong mechanism or phenotype link in this panel.,0.1500,0.0000,,MONDO:0005308|ciliopathy,0.0686,0.2500,0.2000,,,HP:0006817|Aplasia/Hypoplasia of the cerebellar vermis|3.52; HP:0000556|Retinal dystrophy|3.50; HP:0012211|Abnormal renal physiology|2.71,0,disease_similarity_reactome_idf_jaccard_mondo_group_hpo_simgic_v0.4
MONDO:0009265,MONDO:0009659,Gaucher disease type I,mucopolysaccharidosis type 4A,lysosomal storage,not_linked,No strong mechanism or phenotype link in this panel.,0.1500,0.0000,,MONDO:0002561|lysosomal storage disease,0.0597,0.2500,0.2000,,,HP:0002823|Abnormal femur morphology|3.26; HP:0003468|Abnormal vertebral morphology|2.81; HP:0002240|Hepatomegaly|2.66; HP:0002088|Abnormal lung morphology|2.03,1,disease_similarity_reactome_idf_jaccard_mondo_group_hpo_simgic_v0.4
MONDO:0009261,MONDO:0010079,GM1 gangliosidosis type 2,Canavan disease,lysosomal storage,not_linked,No strong mechanism or phenotype link in this panel.,0.0000,0.0000,,,0.0923,0.3974,0.1987,,,HP:0002376|Developmental regression|3.44; HP:0020219|Motor seizure|3.10; HP:0000648|Optic atrophy|3.01; HP:0012444|Brain atrophy|2.59; HP:0001257|Spasticity|2.27,1,disease_similarity_reactome_idf_jaccard_mondo_group_hpo_simgic_v0.4
MONDO:0008300,MONDO:0013379,Prader-Willi syndrome,Noonan syndrome 7,cross-family,not_linked,No strong mechanism or phenotype link in this panel.,0.0000,0.0000,,,0.1015,0.3955,0.1977,,,HP:0002033|Poor suck|4.49; HP:0033454|Tube feeding|4.09; HP:0000341|Narrow forehead|3.94; HP:0000268|Dolichocephaly|3.88; HP:0011361|Congenital abnormal hair pattern|3.39; HP:0004324|Increased body weight|3.24,10,disease_similarity_reactome_idf_jaccard_mondo_group_hpo_simgic_v0.4
MONDO:0009571,MONDO:0012547,"Meckel syndrome, type 1",Noonan syndrome 4,cross-family,not_linked,No strong mechanism or phenotype link in this panel.,0.0000,0.0000,,,0.1010,0.3955,0.1977,,,HP:0000465|Webbed neck|4.39; HP:0000154|Wide mouth|3.75; HP:0000069|Abnormality of the ureter|3.57; HP:0000525|Abnormality iris morphology|3.28; HP:0000470|Short neck|3.13; HP:0001560|Abnormality of the amniotic fluid|3.07,7,disease_similarity_reactome_idf_jaccard_mondo_group_hpo_simgic_v0.4
MONDO:0009266,MONDO:0010526,Gaucher disease type II,Fabry disease,lysosomal storage,not_linked,No strong mechanism or phenotype link in this panel.,0.1500,0.0500,,MONDO:0002561|lysosomal storage disease,0.0591,0.2447,0.1974,,R-HSA-9840310|Glycosphingolipid catabolism,HP:0001903|Anemia|2.69; HP:0025015|Abnormal vascular morphology|2.07,2,disease_similarity_reactome_idf_jaccard_mondo_group_hpo_simgic_v0.4
MONDO:0009026,MONDO:0010589,Costello syndrome,"Aarskog-Scott syndrome, X-linked",RASopathies,not_linked,No strong mechanism or phenotype link in this panel.,0.0000,0.0000,,,0.1651,0.3909,0.1955,,,HP:0001187|Hyperextensibility of the finger joints|6.03; HP:0000307|Pointed chin|4.40; HP:0000178|Abnormal lower lip morphology|3.66; HP:0010490|Abnormal palmar crease morphology|3.52; HP:0004426|Abnormal cheek morphology|3.48; HP:0000470|Short neck|3.13,14,disease_similarity_reactome_idf_jaccard_mondo_group_hpo_simgic_v0.4
MONDO:0008300,MONDO:0009659,Prader-Willi syndrome,mucopolysaccharidosis type 4A,cross-family,not_linked,No strong mechanism or phenotype link in this panel.,0.0000,0.0000,,,0.1002,0.3891,0.1945,,,HP:0000670|Carious teeth|4.25; HP:0002857|Genu valgum|4.06; HP:0000939|Osteoporosis|3.79; HP:0002808|Kyphosis|2.92; HP:0002205|Recurrent respiratory infections|2.81; HP:0003272|Abnormal hip bone morphology|2.75,7,disease_similarity_reactome_idf_jaccard_mondo_group_hpo_simgic_v0.4
MONDO:0009026,MONDO:0011963,Costello syndrome,Joubert syndrome 2,cross-family,not_linked,No strong mechanism or phenotype link in this panel.,0.0000,0.0000,,,0.1001,0.3891,0.1945,,,HP:0000238|Hydrocephalus|3.26; HP:0000083|Renal insufficiency|3.19; HP:0000256|Macrocephaly|2.97; HP:0000235|Abnormal cranial suture/fontanelle morphology|2.90; HP:0005280|Depressed nasal bridge|2.82; HP:0002119|Ventriculomegaly|2.65,10,disease_similarity_reactome_idf_jaccard_mondo_group_hpo_simgic_v0.4
MONDO:0009738,MONDO:0014113,sialidosis type 2,cardiofaciocutaneous syndrome 3,cross-family,not_linked,No strong mechanism or phenotype link in this panel.,0.0000,0.0000,,,0.0997,0.3859,0.1929,,,HP:0001638|Cardiomyopathy|2.96; HP:0011849|Abnormal bone ossification|2.55; HP:0000639|Nystagmus|2.29,5,disease_similarity_reactome_idf_jaccard_mondo_group_hpo_simgic_v0.4
MONDO:0008763,MONDO:0009571,Alstrom syndrome,"Meckel syndrome, type 1",ciliopathies,not_linked,No strong mechanism or phenotype link in this panel.,0.1500,0.0498,,MONDO:0005308|ciliopathy,0.0635,0.2348,0.1924,,R-HSA-5620912|Anchoring of the basal body to the plasma membrane,HP:0010442|Polydactyly|3.38; HP:0011004|Abnormal systemic arterial morphology|2.95; HP:0031815|Abnormal oral physiology|2.75; HP:0003271|Visceromegaly|2.51; HP:0000639|Nystagmus|2.29; HP:0012210|Abnormal renal morphology|2.16,1,disease_similarity_reactome_idf_jaccard_mondo_group_hpo_simgic_v0.4
MONDO:0009756,MONDO:0010099,Niemann-Pick disease type A,Tay-Sachs disease AB variant,lysosomal storage,not_linked,No strong mechanism or phenotype link in this panel.,0.1500,0.0500,,MONDO:0002561|lysosomal storage disease,0.0588,0.2342,0.1921,,R-HSA-9840310|Glycosphingolipid catabolism,HP:0001257|Spasticity|2.27; HP:0004305|Involuntary movements|2.18; HP:0025766|Abnormal affect|2.13; HP:0001324|Muscle weakness|2.08; HP:0031826|Abnormal reflex|2.01,2,disease_similarity_reactome_idf_jaccard_mondo_group_hpo_simgic_v0.4
MONDO:0008763,MONDO:0009266,Alstrom syndrome,Gaucher disease type II,cross-family,not_linked,No strong mechanism or phenotype link in this panel.,0.0000,0.0000,,,0.0987,0.3794,0.1897,,,HP:0002090|Pneumonia|3.50; HP:0011004|Abnormal systemic arterial morphology|2.95; HP:0002240|Hepatomegaly|2.66; HP:0001877|Abnormal erythrocyte morphology|2.57,2,disease_similarity_reactome_idf_jaccard_mondo_group_hpo_simgic_v0.4
MONDO:0008944,MONDO:0010589,Joubert syndrome 1,"Aarskog-Scott syndrome, X-linked",cross-family,not_linked,No strong mechanism or phenotype link in this panel.,0.0000,0.0000,,,0.0990,0.3794,0.1897,,,HP:0000752|Hyperactivity|3.04; HP:0000463|Anteverted nares|3.01; HP:0000256|Macrocephaly|2.97; HP:0004207|Abnormal 5th finger morphology|2.86; HP:0030084|Clinodactyly|2.77; HP:0000508|Ptosis|2.63,6,disease_similarity_reactome_idf_jaccard_mondo_group_hpo_simgic_v0.4
MONDO:0009571,MONDO:0009660,"Meckel syndrome, type 1",mucopolysaccharidosis type 4B,cross-family,not_linked,No strong mechanism or phenotype link in this panel.,0.0000,0.0000,,,0.0982,0.3762,0.1881,,,HP:0000154|Wide mouth|3.75; HP:0045005|Neural tube defect|3.60; HP:0006487|Bowing of the long bones|3.26; HP:0002087|Abnormality of the upper respiratory tract|3.02; HP:0003319|Abnormality of the cervical spine|3.01; HP:0001883|Talipes|2.98,1,disease_similarity_reactome_idf_jaccard_mondo_group_hpo_simgic_v0.4
MONDO:0009265,MONDO:0010100,Gaucher disease type I,Tay-Sachs disease,lysosomal storage,not_linked,No strong mechanism or phenotype link in this panel.,0.1500,0.0283,,MONDO:0002561|lysosomal storage disease,0.0561,0.2237,0.1868,,R-HSA-9840310|Glycosphingolipid catabolism,HP:0001103|Abnormal macular morphology|3.64,0,disease_similarity_reactome_idf_jaccard_mondo_group_hpo_simgic_v0.4
MONDO:0008300,MONDO:0012371,Prader-Willi syndrome,Noonan syndrome 3,cross-family,not_linked,No strong mechanism or phenotype link in this panel.,0.0000,0.0000,,,0.0974,0.3730,0.1865,,,HP:0000268|Dolichocephaly|3.88; HP:0001561|Polyhydramnios|3.48; HP:0011361|Congenital abnormal hair pattern|3.39; HP:0100871|Abnormal palm morphology|2.76; HP:0002119|Ventriculomegaly|2.65; HP:0000028|Cryptorchidism|2.54,8,disease_similarity_reactome_idf_jaccard_mondo_group_hpo_simgic_v0.4
MONDO:0008763,MONDO:0009737,Alstrom syndrome,galactosialidosis,cross-family,not_linked,No strong mechanism or phenotype link in this panel.,0.0000,0.0000,,,0.0961,0.3730,0.1865,,,HP:0008046|Abnormal retinal vascular morphology|3.94; HP:0011004|Abnormal systemic arterial morphology|2.95; HP:0002240|Hepatomegaly|2.66,0,disease_similarity_reactome_idf_jaccard_mondo_group_hpo_simgic_v0.4
MONDO:0008854,MONDO:0010006,Bardet-Biedl syndrome 1,Sandhoff disease,cross-family,not_linked,No strong mechanism or phenotype link in this panel.,0.0000,0.0000,,,0.0963,0.3730,0.1865,,,HP:0008046|Abnormal retinal vascular morphology|3.94; HP:0002270|Abnormality of the autonomic nervous system|3.91; HP:0030972|Abnormal systemic blood pressure|2.99; HP:0000256|Macrocephaly|2.97; HP:0007663|Reduced visual acuity|2.91; HP:0000080|Abnormality of reproductive system physiology|2.62,2,disease_similarity_reactome_idf_jaccard_mondo_group_hpo_simgic_v0.4
MONDO:0009026,MONDO:0014432,Costello syndrome,Bardet-Biedl syndrome 2,cross-family,not_linked,No strong mechanism or phenotype link in this panel.,0.0000,0.0000,,,0.0966,0.3730,0.1865,,,HP:0001654|Abnormal heart valve morphology|3.38; HP:0000083|Renal insufficiency|3.19; HP:0000470|Short neck|3.13; HP:0001631|Atrial septal defect|3.05; HP:0001638|Cardiomyopathy|2.96; HP:0000494|Downslanted palpebral fissures|2.88,6,disease_similarity_reactome_idf_jaccard_mondo_group_hpo_simgic_v0.4
MONDO:0009659,MONDO:0010589,mucopolysaccharidosis type 4A,"Aarskog-Scott syndrome, X-linked",cross-family,not_linked,No strong mechanism or phenotype link in this panel.,0.0000,0.0000,,,0.0975,0.3730,0.1865,,,HP:0003311|Hypoplasia of the odontoid process|5.80; HP:0000023|Inguinal hernia|3.39; HP:0000692|Tooth malposition|3.14; HP:0000470|Short neck|3.13; HP:0000306|Abnormality of the chin|3.08; HP:0000766|Abnormal sternum morphology|2.92,6,disease_similarity_reactome_idf_jaccard_mondo_group_hpo_simgic_v0.4
MONDO:0008763,MONDO:0010006,Alstrom syndrome,Sandhoff disease,cross-family,not_linked,No strong mechanism or phenotype link in this panel.,0.0000,0.0000,,,0.0959,0.3698,0.1849,,,HP:0000618|Blindness|4.15; HP:0008046|Abnormal retinal vascular morphology|3.94; HP:0030972|Abnormal systemic blood pressure|2.99; HP:0011004|Abnormal systemic arterial morphology|2.95; HP:0002240|Hepatomegaly|2.66; HP:0000080|Abnormality of reproductive system physiology|2.62,2,disease_similarity_reactome_idf_jaccard_mondo_group_hpo_simgic_v0.4
MONDO:0009660,MONDO:0100082,mucopolysaccharidosis type 4B,LEOPARD syndrome 1,cross-family,not_linked,No strong mechanism or phenotype link in this panel.,0.0000,0.0000,,,0.0955,0.3698,0.1849,,,HP:0000303|Mandibular prognathia|3.64; HP:0045005|Neural tube defect|3.60; HP:0002143|Abnormal spinal cord morphology|3.42; HP:0000772|Abnormal rib morphology|3.31; HP:0031653|Abnormal heart valve physiology|3.17; HP:0001376|Limitation of joint mobility|3.03,1,disease_similarity_reactome_idf_jaccard_mondo_group_hpo_simgic_v0.4
MONDO:0009260,MONDO:0010099,GM1 gangliosidosis type 1,Tay-Sachs disease AB variant,lysosomal storage,not_linked,No strong mechanism or phenotype link in this panel.,0.1500,0.0500,,MONDO:0002561|lysosomal storage disease,0.0538,0.2184,0.1842,,R-HSA-6798695|Neutrophil degranulation; R-HSA-9840310|Glycosphingolipid catabolism,HP:0007369|Atrophy/Degeneration affecting the cerebrum|2.76; HP:0001276|Hypertonia|2.01,4,disease_similarity_reactome_idf_jaccard_mondo_group_hpo_simgic_v0.4
MONDO:0009756,MONDO:0010079,Niemann-Pick disease type A,Canavan disease,lysosomal storage,not_linked,No strong mechanism or phenotype link in this panel.,0.0000,0.0000,,,0.0869,0.3658,0.1829,,,HP:0002376|Developmental regression|3.44; HP:0011400|Abnormal CNS myelination|3.23; HP:0000256|Macrocephaly|2.97; HP:0001257|Spasticity|2.27,4,disease_similarity_reactome_idf_jaccard_mondo_group_hpo_simgic_v0.4
MONDO:0009499,MONDO:0010526,Krabbe disease,Fabry disease,lysosomal storage,not_linked,No strong mechanism or phenotype link in this panel.,0.1500,0.0500,,MONDO:0002561|lysosomal storage disease,0.0525,0.2132,0.1816,,R-HSA-9840310|Glycosphingolipid catabolism,HP:0002013|Vomiting|3.29; HP:0410008|Abnormality of the peripheral nervous system|2.45,2,disease_similarity_reactome_idf_jaccard_mondo_group_hpo_simgic_v0.4
MONDO:0018975,MONDO:0100082,neurofibromatosis type 1,LEOPARD syndrome 1,RASopathies,not_linked,No strong mechanism or phenotype link in this panel.,0.1500,0.0000,,MONDO:0021060|RASopathy,0.1446,0.2091,0.1795,,,HP:0002414|Spina bifida|4.53; HP:0000465|Webbed neck|4.39; HP:0000957|Cafe-au-lait spot|4.34; HP:0001642|Pulmonic stenosis|4.17; HP:0000768|Pectus carinatum|3.96; HP:0001639|Hypertrophic cardiomyopathy|3.92,10,disease_similarity_reactome_idf_jaccard_mondo_group_hpo_simgic_v0.4
MONDO:0009262,MONDO:0010526,GM1 gangliosidosis type 3,Fabry disease,lysosomal storage,not_linked,No strong mechanism or phenotype link in this panel.,0.1500,0.0500,,MONDO:0002561|lysosomal storage disease,0.0525,0.2079,0.1789,,R-HSA-6798695|Neutrophil degranulation; R-HSA-9840310|Glycosphingolipid catabolism,HP:0000481|Abnormal cornea morphology|2.66; HP:0004305|Involuntary movements|2.18; HP:0025015|Abnormal vascular morphology|2.07,1,disease_similarity_reactome_idf_jaccard_mondo_group_hpo_simgic_v0.4
MONDO:0009026,MONDO:0009218,Costello syndrome,Farber lipogranulomatosis,cross-family,not_linked,No strong mechanism or phenotype link in this panel.,0.0000,0.0000,,,0.0945,0.3569,0.1785,,,HP:0001187|Hyperextensibility of the finger joints|6.03; HP:0001609|Hoarse voice|4.69; HP:0001376|Limitation of joint mobility|3.03; HP:0002093|Respiratory insufficiency|2.76; HP:0009810|Abnormality of upper limb joint|2.59; HP:0100763|Abnormality of the lymphatic system|2.52,5,disease_similarity_reactome_idf_jaccard_mondo_group_hpo_simgic_v0.4
MONDO:0011963,MONDO:0012690,Joubert syndrome 2,Noonan syndrome 5,cross-family,not_linked,No strong mechanism or phenotype link in this panel.,0.0000,0.0000,,,0.0943,0.3569,0.1785,,,HP:0000268|Dolichocephaly|3.88; HP:0000256|Macrocephaly|2.97; HP:0005280|Depressed nasal bridge|2.82; HP:0000369|Low-set ears|2.49; HP:0000316|Hypertelorism|2.30; HP:0000032|Abnormal male external genitalia morphology|2.10,7,disease_similarity_reactome_idf_jaccard_mondo_group_hpo_simgic_v0.4
MONDO:0010589,MONDO:0013379,"Aarskog-Scott syndrome, X-linked",Noonan syndrome 7,RASopathies,not_linked,No strong mechanism or phenotype link in this panel.,0.0000,0.0000,,,0.1630,0.3545,0.1773,,,HP:0009748|Large earlobe|5.51; HP:0010490|Abnormal palmar crease morphology|3.52; HP:0009553|Abnormality of the hairline|3.49; HP:0000767|Pectus excavatum|3.32; HP:0004324|Increased body weight|3.24; HP:0000470|Short neck|3.13,10,disease_similarity_reactome_idf_jaccard_mondo_group_hpo_simgic_v0.4
MONDO:0010099,MONDO:0012432,Tay-Sachs disease AB variant,Joubert syndrome 5,cross-family,not_linked,No strong mechanism or phenotype link in this panel.,0.0578,0.0578,,,0.0827,0.2958,0.1768,,R-HSA-6798695|Neutrophil degranulation,HP:0000618|Blindness|4.15; HP:0001290|Generalized hypotonia|2.86; HP:0025780|Abnormal volitional state|2.25,3,disease_similarity_reactome_idf_jaccard_mondo_group_hpo_simgic_v0.4
MONDO:0010100,MONDO:0010526,Tay-Sachs disease,Fabry disease,lysosomal storage,not_linked,No strong mechanism or phenotype link in this panel.,0.1500,0.0393,,MONDO:0002561|lysosomal storage disease,0.0521,0.2026,0.1763,,R-HSA-9840310|Glycosphingolipid catabolism,HP:0025015|Abnormal vascular morphology|2.07,1,disease_similarity_reactome_idf_jaccard_mondo_group_hpo_simgic_v0.4
MONDO:0009267,MONDO:0009660,Gaucher disease type III,mucopolysaccharidosis type 4B,lysosomal storage,not_linked,No strong mechanism or phenotype link in this panel.,0.1500,0.0280,,MONDO:0002561|lysosomal storage disease,0.0500,0.1974,0.1737,,R-HSA-9840310|Glycosphingolipid catabolism,HP:0002240|Hepatomegaly|2.66; HP:0033353|Abnormal blood vessel morphology|2.25; HP:0001251|Ataxia|2.19,2,disease_similarity_reactome_idf_jaccard_mondo_group_hpo_simgic_v0.4
MONDO:0008104,MONDO:0008763,Noonan syndrome 1,Alstrom syndrome,cross-family,not_linked,No strong mechanism or phenotype link in this panel.,0.0000,0.0000,,,0.0940,0.3473,0.1736,,,HP:0000135|Hypogonadism|3.57; HP:0031093|Abnormal breast morphology|3.15; HP:0001638|Cardiomyopathy|2.96; HP:0011004|Abnormal systemic arterial morphology|2.95; HP:0002808|Kyphosis|2.92; HP:0000407|Sensorineural hearing impairment|2.47,2,disease_similarity_reactome_idf_jaccard_mondo_group_hpo_simgic_v0.4
MONDO:0009571,MONDO:0009659,"Meckel syndrome, type 1",mucopolysaccharidosis type 4A,cross-family,not_linked,No strong mechanism or phenotype link in this panel.,0.0000,0.0000,,,0.0935,0.3441,0.1720,,,HP:0000154|Wide mouth|3.75; HP:0045005|Neural tube defect|3.60; HP:0031936|Delayed ability to walk|3.52; HP:0006487|Bowing of the long bones|3.26; HP:0000470|Short neck|3.13; HP:0002087|Abnormality of the upper respiratory tract|3.02,3,disease_similarity_reactome_idf_jaccard_mondo_group_hpo_simgic_v0.4
MONDO:0010589,MONDO:0011963,"Aarskog-Scott syndrome, X-linked",Joubert syndrome 2,cross-family,not_linked,No strong mechanism or phenotype link in this panel.,0.0000,0.0000,,,0.0933,0.3441,0.1720,,,HP:0002007|Frontal bossing|3.05; HP:0000256|Macrocephaly|2.97; HP:0004207|Abnormal 5th finger morphology|2.86; HP:0000218|High palate|2.48; HP:0001508|Failure to thrive|2.35; HP:0000316|Hypertelorism|2.30,6,disease_similarity_reactome_idf_jaccard_mondo_group_hpo_simgic_v0.4
MONDO:0014113,MONDO:0014432,cardiofaciocutaneous syndrome 3,Bardet-Biedl syndrome 2,cross-family,not_linked,No strong mechanism or phenotype link in this panel.,0.0000,0.0000,,,0.0935,0.3441,0.1720,,,HP:0000470|Short neck|3.13; HP:0001631|Atrial septal defect|3.05; HP:0001638|Cardiomyopathy|2.96,4,disease_similarity_reactome_idf_jaccard_mondo_group_hpo_simgic_v0.4
MONDO:0009260,MONDO:0009591,GM1 gangliosidosis type 1,"metachromatic leukodystrophy, juvenile form",lysosomal storage,not_linked,No strong mechanism or phenotype link in this panel.,0.1500,0.0500,,MONDO:0002561|lysosomal storage disease,0.0494,0.1921,0.1711,,R-HSA-6798695|Neutrophil degranulation; R-HSA-9840310|Glycosphingolipid catabolism,HP:0001392|Abnormality of the liver|2.14; HP:0001276|Hypertonia|2.01,3,disease_similarity_reactome_idf_jaccard_mondo_group_hpo_simgic_v0.4
MONDO:0012690,MONDO:0018975,Noonan syndrome 5,neurofibromatosis type 1,RASopathies,not_linked,No strong mechanism or phenotype link in this panel.,0.1500,0.0000,,MONDO:0021060|RASopathy,0.1370,0.1909,0.1705,,,HP:0000465|Webbed neck|4.39; HP:0000957|Cafe-au-lait spot|4.34; HP:0001642|Pulmonic stenosis|4.17; HP:0001639|Hypertrophic cardiomyopathy|3.92; HP:0001631|Atrial septal defect|3.05; HP:0000256|Macrocephaly|2.97,9,disease_similarity_reactome_idf_jaccard_mondo_group_hpo_simgic_v0.4
MONDO:0008104,MONDO:0009659,Noonan syndrome 1,mucopolysaccharidosis type 4A,cross-family,not_linked,No strong mechanism or phenotype link in this panel.,0.0000,0.0000,,,0.0927,0.3408,0.1704,,,HP:0020300|Abnormal elbow morphology|4.24; HP:0000768|Pectus carinatum|3.96; HP:0000692|Tooth malposition|3.14; HP:0000470|Short neck|3.13; HP:0001547|Abnormal rib cage morphology|3.10; HP:0002808|Kyphosis|2.92,3,disease_similarity_reactome_idf_jaccard_mondo_group_hpo_simgic_v0.4
MONDO:0009266,MONDO:0010079,Gaucher disease type II,Canavan disease,lysosomal storage,not_linked,No strong mechanism or phenotype link in this panel.,0.0000,0.0000,,,0.0799,0.3395,0.1697,,,HP:0012444|Brain atrophy|2.59; HP:0001257|Spasticity|2.27,1,disease_similarity_reactome_idf_jaccard_mondo_group_hpo_simgic_v0.4
MONDO:0009728,MONDO:0011963,nephronophthisis 1,Joubert syndrome 2,ciliopathies,not_linked,No strong mechanism or phenotype link in this panel.,0.1500,0.0500,,MONDO:0005308|ciliopathy,0.0507,0.1894,0.1697,,R-HSA-5620912|Anchoring of the basal body to the plasma membrane,HP:0000090|Nephronophthisis|5.63; HP:0000107|Renal cyst|3.70; HP:0000083|Renal insufficiency|3.19,1,disease_similarity_reactome_idf_jaccard_mondo_group_hpo_simgic_v0.4
MONDO:0009660,MONDO:0009757,mucopolysaccharidosis type 4B,"Niemann-Pick disease, type C1",lysosomal storage,not_linked,No strong mechanism or phenotype link in this panel.,0.1500,0.0000,,MONDO:0002561|lysosomal storage disease,0.0491,0.1868,0.1684,,,HP:0011004|Abnormal systemic arterial morphology|2.95; HP:0002240|Hepatomegaly|2.66; HP:0001251|Ataxia|2.19,3,disease_similarity_reactome_idf_jaccard_mondo_group_hpo_simgic_v0.4
MONDO:0008944,MONDO:0010006,Joubert syndrome 1,Sandhoff disease,cross-family,not_linked,No strong mechanism or phenotype link in this panel.,0.0000,0.0000,,,0.0909,0.3344,0.1672,,,HP:0000158|Macroglossia|4.26; HP:0000256|Macrocephaly|2.97; HP:0410042|Abnormal liver morphology|2.36; HP:0000479|Abnormal retinal morphology|2.31; HP:0001251|Ataxia|2.19; HP:0004305|Involuntary movements|2.18,4,disease_similarity_reactome_idf_jaccard_mondo_group_hpo_simgic_v0.4
MONDO:0009260,MONDO:0009571,GM1 gangliosidosis type 1,"Meckel syndrome, type 1",cross-family,not_linked,No strong mechanism or phenotype link in this panel.,0.0000,0.0000,,,0.0917,0.3344,0.1672,,,HP:0000470|Short neck|3.13; HP:0001744|Splenomegaly|2.95; HP:0011004|Abnormal systemic arterial morphology|2.95; HP:0004299|Hernia of the abdominal wall|2.93; HP:0001511|Intrauterine growth retardation|2.78; HP:0000316|Hypertelorism|2.30,6,disease_similarity_reactome_idf_jaccard_mondo_group_hpo_simgic_v0.4
MONDO:0009260,MONDO:0014432,GM1 gangliosidosis type 1,Bardet-Biedl syndrome 2,cross-family,not_linked,No strong mechanism or phenotype link in this panel.,0.0000,0.0000,,,0.0911,0.3344,0.1672,,,HP:0001644|Dilated cardiomyopathy|4.15; HP:0001654|Abnormal heart valve morphology|3.38; HP:0000470|Short neck|3.13; HP:0001511|Intrauterine growth retardation|2.78; HP:0000479|Abnormal retinal morphology|2.31; HP:0010938|Abnormal external nose morphology|2.19,5,disease_similarity_reactome_idf_jaccard_mondo_group_hpo_simgic_v0.4
MONDO:0009660,MONDO:0010589,mucopolysaccharidosis type 4B,"Aarskog-Scott syndrome, X-linked",cross-family,not_linked,No strong mechanism or phenotype link in this panel.,0.0000,0.0000,,,0.0919,0.3344,0.1672,,,HP:0003311|Hypoplasia of the odontoid process|5.80; HP:0000023|Inguinal hernia|3.39; HP:0000692|Tooth malposition|3.14; HP:0000306|Abnormality of the chin|3.08; HP:0003319|Abnormality of the cervical spine|3.01; HP:0000766|Abnormal sternum morphology|2.92,5,disease_similarity_reactome_idf_jaccard_mondo_group_hpo_simgic_v0.4
MONDO:0010100,MONDO:0012432,Tay-Sachs disease,Joubert syndrome 5,cross-family,not_linked,No strong mechanism or phenotype link in this panel.,0.0000,0.0000,,,0.0921,0.3344,0.1672,,,HP:0000618|Blindness|4.15; HP:0001290|Generalized hypotonia|2.86; HP:0000479|Abnormal retinal morphology|2.31; HP:0025780|Abnormal volitional state|2.25,2,disease_similarity_reactome_idf_jaccard_mondo_group_hpo_simgic_v0.4
MONDO:0009738,MONDO:0010079,sialidosis type 2,Canavan disease,lysosomal storage,not_linked,No strong mechanism or phenotype link in this panel.,0.0000,0.0000,,,0.0769,0.3289,0.1645,,,HP:0000639|Nystagmus|2.29; HP:0000505|Visual impairment|2.17,2,disease_similarity_reactome_idf_jaccard_mondo_group_hpo_simgic_v0.4
MONDO:0009266,MONDO:0011963,Gaucher disease type II,Joubert syndrome 2,cross-family,not_linked,No strong mechanism or phenotype link in this panel.,0.0000,0.0000,,,0.0907,0.3280,0.1640,,,HP:0000657|Oculomotor apraxia|4.67; HP:0000565|Esotropia|4.10; HP:0002104|Apnea|4.02; HP:0001508|Failure to thrive|2.35,5,disease_similarity_reactome_idf_jaccard_mondo_group_hpo_simgic_v0.4
MONDO:0009218,MONDO:0010526,Farber lipogranulomatosis,Fabry disease,lysosomal storage,not_linked,No strong mechanism or phenotype link in this panel.,0.1500,0.0500,,MONDO:0002561|lysosomal storage disease,0.0480,0.1763,0.1632,,R-HSA-6798695|Neutrophil degranulation; R-HSA-9840310|Glycosphingolipid catabolism,HP:0012531|Pain|2.38; HP:0025015|Abnormal vascular morphology|2.07,0,disease_similarity_reactome_idf_jaccard_mondo_group_hpo_simgic_v0.4
MONDO:0009728,MONDO:0010526,nephronophthisis 1,Fabry disease,cross-family,not_linked,No strong mechanism or phenotype link in this panel.,0.0000,0.0000,,,0.0906,0.3248,0.1624,,,HP:0000822|Hypertension|3.39; HP:0000083|Renal insufficiency|3.19; HP:0001903|Anemia|2.69,2,disease_similarity_reactome_idf_jaccard_mondo_group_hpo_simgic_v0.4
MONDO:0012547,MONDO:0018975,Noonan syndrome 4,neurofibromatosis type 1,RASopathies,not_linked,No strong mechanism or phenotype link in this panel.,0.1500,0.0000,,MONDO:0021060|RASopathy,0.1365,0.1727,0.1614,,,HP:0000465|Webbed neck|4.39; HP:0001642|Pulmonic stenosis|4.17; HP:0001639|Hypertrophic cardiomyopathy|3.92; HP:0000767|Pectus excavatum|3.32; HP:0000525|Abnormality iris morphology|3.28; HP:0031093|Abnormal breast morphology|3.15,12,disease_similarity_reactome_idf_jaccard_mondo_group_hpo_simgic_v0.4
MONDO:0008300,MONDO:0009026,Prader-Willi syndrome,Costello syndrome,cross-family,not_linked,No strong mechanism or phenotype link in this panel.,0.0000,0.0000,,,0.0899,0.3215,0.1608,,,HP:0002033|Poor suck|4.49; HP:0010535|Sleep apnea|4.10; HP:0001561|Polyhydramnios|3.48; HP:0001608|Abnormality of the voice|3.21; HP:0001000|Abnormal skin pigmentation|2.87; HP:0100871|Abnormal palm morphology|2.76,7,disease_similarity_reactome_idf_jaccard_mondo_group_hpo_simgic_v0.4
MONDO:0008300,MONDO:0100082,Prader-Willi syndrome,LEOPARD syndrome 1,cross-family,not_linked,No strong mechanism or phenotype link in this panel.,0.0000,0.0000,,,0.0895,0.3215,0.1608,,,HP:0000823|Delayed puberty|4.13; HP:0000054|Micropenis|3.64; HP:0000140|Abnormality of the menstrual cycle|3.63; HP:0010460|Abnormality of the female genitalia|3.06; HP:0002808|Kyphosis|2.92; HP:0001000|Abnormal skin pigmentation|2.87,5,disease_similarity_reactome_idf_jaccard_mondo_group_hpo_simgic_v0.4
MONDO:0010079,MONDO:0011963,Canavan disease,Joubert syndrome 2,cross-family,not_linked,No strong mechanism or phenotype link in this panel.,0.0000,0.0000,,,0.0902,0.3215,0.1608,,,HP:0011329|Abnormality of cranial sutures|3.15; HP:0000256|Macrocephaly|2.97; HP:0012795|Abnormal optic disc morphology|2.66; HP:0000639|Nystagmus|2.29; HP:0000505|Visual impairment|2.17,5,disease_similarity_reactome_idf_jaccard_mondo_group_hpo_simgic_v0.4
MONDO:0009757,MONDO:0010526,"Niemann-Pick disease, type C1",Fabry disease,lysosomal storage,not_linked,No strong mechanism or phenotype link in this panel.,0.1500,0.0000,,MONDO:0002561|lysosomal storage disease,0.0478,0.1711,0.1605,,,HP:0011354|Generalized abnormality of skin|2.11; HP:0025015|Abnormal vascular morphology|2.07,1,disease_similarity_reactome_idf_jaccard_mondo_group_hpo_simgic_v0.4
MONDO:0008300,MONDO:0012690,Prader-Willi syndrome,Noonan syndrome 5,cross-family,not_linked,No strong mechanism or phenotype link in this panel.,0.0000,0.0000,,,0.0893,0.3183,0.1592,,,HP:0000268|Dolichocephaly|3.88; HP:0001561|Polyhydramnios|3.48; HP:0004324|Increased body weight|3.24; HP:0001000|Abnormal skin pigmentation|2.87; HP:0000028|Cryptorchidism|2.54; HP:0200006|Slanting of the palpebral fissure|2.48,6,disease_similarity_reactome_idf_jaccard_mondo_group_hpo_simgic_v0.4
MONDO:0008763,MONDO:0009660,Alstrom syndrome,mucopolysaccharidosis type 4B,cross-family,not_linked,No strong mechanism or phenotype link in this panel.,0.0000,0.0000,,,0.0891,0.3183,0.1592,,,HP:0011004|Abnormal systemic arterial morphology|2.95; HP:0002808|Kyphosis|2.92; HP:0002205|Recurrent respiratory infections|2.81; HP:0002240|Hepatomegaly|2.66; HP:0000164|Abnormality of the dentition|2.19; HP:0002650|Scoliosis|2.04,3,disease_similarity_reactome_idf_jaccard_mondo_group_hpo_simgic_v0.4
MONDO:0008854,MONDO:0012547,Bardet-Biedl syndrome 1,Noonan syndrome 4,cross-family,not_linked,No strong mechanism or phenotype link in this panel.,0.0000,0.0000,,,0.0891,0.3183,0.1592,,,HP:0004324|Increased body weight|3.24; HP:0000692|Tooth malposition|3.14; HP:0000256|Macrocephaly|2.97; HP:0000508|Ptosis|2.63; HP:0001713|Abnormal cardiac ventricle morphology|2.62; HP:0000035|Abnormal testis morphology|2.33,4,disease_similarity_reactome_idf_jaccard_mondo_group_hpo_simgic_v0.4
MONDO:0011963,MONDO:0100082,Joubert syndrome 2,LEOPARD syndrome 1,cross-family,not_linked,No strong mechanism or phenotype link in this panel.,0.0000,0.0000,,,0.0892,0.3183,0.1592,,,HP:0045005|Neural tube defect|3.60; HP:0000050|Hypoplastic male external genitalia|3.11; HP:0000256|Macrocephaly|2.97; HP:0000369|Low-set ears|2.49; HP:0000316|Hypertelorism|2.30; HP:0000486|Strabismus|2.18,3,disease_similarity_reactome_idf_jaccard_mondo_group_hpo_simgic_v0.4
MONDO:0009660,MONDO:0012626,mucopolysaccharidosis type 4B,"Meckel syndrome, type 4",cross-family,not_linked,No strong mechanism or phenotype link in this panel.,0.0434,0.0434,,,0.0764,0.2733,0.1584,,R-HSA-6798695|Neutrophil degranulation,HP:0034238|Closed neural tube defect|5.26; HP:0006487|Bowing of the long bones|3.26; HP:0033725|Thin corpus callosum|2.42; HP:0001392|Abnormality of the liver|2.14,0,disease_similarity_reactome_idf_jaccard_mondo_group_hpo_simgic_v0.4
MONDO:0009738,MONDO:0010526,sialidosis type 2,Fabry disease,lysosomal storage,not_linked,No strong mechanism or phenotype link in this panel.,0.1500,0.0500,,MONDO:0002561|lysosomal storage disease,0.0476,0.1658,0.1579,,R-HSA-6798695|Neutrophil degranulation; R-HSA-9840310|Glycosphingolipid catabolism,HP:0004305|Involuntary movements|2.18; HP:0025015|Abnormal vascular morphology|2.07,1,disease_similarity_reactome_idf_jaccard_mondo_group_hpo_simgic_v0.4
MONDO:0008763,MONDO:0009218,Alstrom syndrome,Farber lipogranulomatosis,cross-family,not_linked,No strong mechanism or phenotype link in this panel.,0.0000,0.0000,,,0.0882,0.3151,0.1576,,,HP:0008046|Abnormal retinal vascular morphology|3.94; HP:0011004|Abnormal systemic arterial morphology|2.95; HP:0002240|Hepatomegaly|2.66,1,disease_similarity_reactome_idf_jaccard_mondo_group_hpo_simgic_v0.4
MONDO:0008854,MONDO:0012371,Bardet-Biedl syndrome 1,Noonan syndrome 3,cross-family,not_linked,No strong mechanism or phenotype link in this panel.,0.0000,0.0000,,,0.0876,0.3151,0.1576,,,HP:0001156|Brachydactyly|3.07; HP:0000256|Macrocephaly|2.97; HP:0000508|Ptosis|2.63; HP:0001713|Abnormal cardiac ventricle morphology|2.62; HP:0000218|High palate|2.48; HP:0000035|Abnormal testis morphology|2.33,7,disease_similarity_reactome_idf_jaccard_mondo_group_hpo_simgic_v0.4
MONDO:0009260,MONDO:0012669,GM1 gangliosidosis type 1,Legius syndrome,cross-family,not_linked,No strong mechanism or phenotype link in this panel.,0.0000,0.0000,,,0.0872,0.3151,0.1576,,,HP:0000470|Short neck|3.13; HP:0000316|Hypertelorism|2.30; HP:0009122|Aplasia/hypoplasia affecting bones of the axial skeleton|2.17; HP:0000765|Abnormal thorax morphology|2.16; HP:0001999|Abnormal facial shape|2.06,3,disease_similarity_reactome_idf_jaccard_mondo_group_hpo_simgic_v0.4
MONDO:0009659,MONDO:0013379,mucopolysaccharidosis type 4A,Noonan syndrome 7,cross-family,not_linked,No strong mechanism or phenotype link in this panel.,0.0000,0.0000,,,0.0883,0.3151,0.1576,,,HP:0020300|Abnormal elbow morphology|4.24; HP:0000768|Pectus carinatum|3.96; HP:0000470|Short neck|3.13; HP:0001547|Abnormal rib cage morphology|3.10; HP:0000306|Abnormality of the chin|3.08; HP:0001382|Joint hypermobility|2.89,5,disease_similarity_reactome_idf_jaccard_mondo_group_hpo_simgic_v0.4
MONDO:0009659,MONDO:0014113,mucopolysaccharidosis type 4A,cardiofaciocutaneous syndrome 3,cross-family,not_linked,No strong mechanism or phenotype link in this panel.,0.0000,0.0000,,,0.0886,0.3151,0.1576,,,HP:0000154|Wide mouth|3.75; HP:0000470|Short neck|3.13; HP:0004349|Reduced bone mineral density|2.97; HP:0000766|Abnormal sternum morphology|2.92; HP:0002650|Scoliosis|2.04,4,disease_similarity_reactome_idf_jaccard_mondo_group_hpo_simgic_v0.4
MONDO:0009756,MONDO:0014113,Niemann-Pick disease type A,cardiofaciocutaneous syndrome 3,cross-family,not_linked,No strong mechanism or phenotype link in this panel.,0.0000,0.0000,,,0.0882,0.3151,0.1576,,,HP:0004349|Reduced bone mineral density|2.97; HP:0001508|Failure to thrive|2.35,5,disease_similarity_reactome_idf_jaccard_mondo_group_hpo_simgic_v0.4
MONDO:0010079,MONDO:0012432,Canavan disease,Joubert syndrome 5,cross-family,not_linked,No strong mechanism or phenotype link in this panel.,0.0000,0.0000,,,0.0870,0.3151,0.1576,,,HP:0000618|Blindness|4.15; HP:0000639|Nystagmus|2.29,3,disease_similarity_reactome_idf_jaccard_mondo_group_hpo_simgic_v0.4
MONDO:0010100,MONDO:0012433,Tay-Sachs disease,Senior-Loken syndrome 6,cross-family,not_linked,No strong mechanism or phenotype link in this panel.,0.0000,0.0000,,,0.0880,0.3151,0.1576,,,HP:0007663|Reduced visual acuity|2.91; HP:0000479|Abnormal retinal morphology|2.31,0,disease_similarity_reactome_idf_jaccard_mondo_group_hpo_simgic_v0.4
MONDO:0008763,MONDO:0012547,Alstrom syndrome,Noonan syndrome 4,cross-family,not_linked,No strong mechanism or phenotype link in this panel.,0.0000,0.0000,,,0.0865,0.3087,0.1543,,,HP:0000927|Abnormality of skeletal maturation|3.25; HP:0004324|Increased body weight|3.24; HP:0031093|Abnormal breast morphology|3.15; HP:0001638|Cardiomyopathy|2.96; HP:0000164|Abnormality of the dentition|2.19; HP:0012210|Abnormal renal morphology|2.16,2,disease_similarity_reactome_idf_jaccard_mondo_group_hpo_simgic_v0.4
MONDO:0008763,MONDO:0014113,Alstrom syndrome,cardiofaciocutaneous syndrome 3,cross-family,not_linked,No strong mechanism or phenotype link in this panel.,0.0000,0.0000,,,0.0861,0.3087,0.1543,,,HP:0011368|Epidermal thickening|3.05; HP:0001638|Cardiomyopathy|2.96; HP:0000639|Nystagmus|2.29; HP:0002650|Scoliosis|2.04,4,disease_similarity_reactome_idf_jaccard_mondo_group_hpo_simgic_v0.4
MONDO:0008763,MONDO:0100082,Alstrom syndrome,LEOPARD syndrome 1,cross-family,not_linked,No strong mechanism or phenotype link in this panel.,0.0000,0.0000,,,0.0857,0.3087,0.1543,,,HP:0000140|Abnormality of the menstrual cycle|3.63; HP:0008373|Puberty and gonadal disorders|3.01; HP:0001638|Cardiomyopathy|2.96; HP:0002808|Kyphosis|2.92; HP:0000407|Sensorineural hearing impairment|2.47; HP:0012210|Abnormal renal morphology|2.16,2,disease_similarity_reactome_idf_jaccard_mondo_group_hpo_simgic_v0.4
MONDO:0009571,MONDO:0018975,"Meckel syndrome, type 1",neurofibromatosis type 1,cross-family,not_linked,No strong mechanism or phenotype link in this panel.,0.0000,0.0000,,,0.0859,0.3087,0.1543,,,HP:0000465|Webbed neck|4.39; HP:0001680|Coarctation of aorta|4.39; HP:0045005|Neural tube defect|3.60; HP:0000525|Abnormality iris morphology|3.28; HP:0000238|Hydrocephalus|3.26; HP:0006487|Bowing of the long bones|3.26,5,disease_similarity_reactome_idf_jaccard_mondo_group_hpo_simgic_v0.4
MONDO:0009660,MONDO:0018975,mucopolysaccharidosis type 4B,neurofibromatosis type 1,cross-family,not_linked,No strong mechanism or phenotype link in this panel.,0.0000,0.0000,,,0.0862,0.3087,0.1543,,,HP:0031481|Abnormal mitral valve physiology|4.19; HP:0002857|Genu valgum|4.06; HP:0045005|Neural tube defect|3.60; HP:0002143|Abnormal spinal cord morphology|3.42; HP:0011004|Abnormal systemic arterial morphology|2.95; HP:0000766|Abnormal sternum morphology|2.92,3,disease_similarity_reactome_idf_jaccard_mondo_group_hpo_simgic_v0.4
MONDO:0012669,MONDO:0014432,Legius syndrome,Bardet-Biedl syndrome 2,cross-family,not_linked,No strong mechanism or phenotype link in this panel.,0.0000,0.0000,,,0.0863,0.3087,0.1543,,,HP:0000470|Short neck|3.13; HP:0000752|Hyperactivity|3.04; HP:0000494|Downslanted palpebral fissures|2.88; HP:0001999|Abnormal facial shape|2.06,2,disease_similarity_reactome_idf_jaccard_mondo_group_hpo_simgic_v0.4
MONDO:0008763,MONDO:0009265,Alstrom syndrome,Gaucher disease type I,cross-family,not_linked,No strong mechanism or phenotype link in this panel.,0.0000,0.0000,,,0.0846,0.3055,0.1527,,,HP:0000822|Hypertension|3.39; HP:0002240|Hepatomegaly|2.66; HP:0001877|Abnormal erythrocyte morphology|2.57; HP:0000479|Abnormal retinal morphology|2.31; HP:0002088|Abnormal lung morphology|2.03,2,disease_similarity_reactome_idf_jaccard_mondo_group_hpo_simgic_v0.4
MONDO:0009026,MONDO:0009660,Costello syndrome,mucopolysaccharidosis type 4B,cross-family,not_linked,No strong mechanism or phenotype link in this panel.,0.0000,0.0000,,,0.0846,0.3055,0.1527,,,HP:0000280|Coarse facial features|3.63; HP:0031653|Abnormal heart valve physiology|3.17; HP:0001762|Talipes equinovarus|3.16; HP:0001547|Abnormal rib cage morphology|3.10; HP:0000306|Abnormality of the chin|3.08; HP:0001376|Limitation of joint mobility|3.03,2,disease_similarity_reactome_idf_jaccard_mondo_group_hpo_simgic_v0.4
MONDO:0009267,MONDO:0010526,Gaucher disease type III,Fabry disease,lysosomal storage,not_linked,No strong mechanism or phenotype link in this panel.,0.1500,0.0500,,MONDO:0002561|lysosomal storage disease,0.0452,0.1553,0.1526,,R-HSA-9840310|Glycosphingolipid catabolism,HP:0004305|Involuntary movements|2.18; HP:0025015|Abnormal vascular morphology|2.07,0,disease_similarity_reactome_idf_jaccard_mondo_group_hpo_simgic_v0.4
MONDO:0012669,MONDO:0014113,Legius syndrome,cardiofaciocutaneous syndrome 3,RASopathies,not_linked,No strong mechanism or phenotype link in this panel.,0.1500,0.0000,,MONDO:0021060|RASopathy,0.1353,0.1545,0.1523,,,HP:0001642|Pulmonic stenosis|4.17; HP:0000767|Pectus excavatum|3.32; HP:0000470|Short neck|3.13,3,disease_similarity_reactome_idf_jaccard_mondo_group_hpo_simgic_v0.4
MONDO:0009499,MONDO:0009737,Krabbe disease,galactosialidosis,lysosomal storage,not_linked,No strong mechanism or phenotype link in this panel.,0.1500,0.0288,,MONDO:0002561|lysosomal storage disease,0.0451,0.1500,0.1500,,R-HSA-9840310|Glycosphingolipid catabolism,,2,disease_similarity_reactome_idf_jaccard_mondo_group_hpo_simgic_v0.4
MONDO:0008300,MONDO:0012547,Prader-Willi syndrome,Noonan syndrome 4,cross-family,not_linked,No strong mechanism or phenotype link in this panel.,0.0000,0.0000,,,0.0833,0.2990,0.1495,,,HP:0001561|Polyhydramnios|3.48; HP:0011361|Congenital abnormal hair pattern|3.39; HP:0004324|Increased body weight|3.24; HP:0000028|Cryptorchidism|2.54; HP:0200006|Slanting of the palpebral fissure|2.48; HP:0006482|Abnormal dental morphology|2.32,5,disease_similarity_reactome_idf_jaccard_mondo_group_hpo_simgic_v0.4
MONDO:0008854,MONDO:0009262,Bardet-Biedl syndrome 1,GM1 gangliosidosis type 3,cross-family,not_linked,No strong mechanism or phenotype link in this panel.,0.0000,0.0000,,,0.0836,0.2990,0.1495,,,HP:0008046|Abnormal retinal vascular morphology|3.94; HP:0000481|Abnormal cornea morphology|2.66; HP:0410042|Abnormal liver morphology|2.36; HP:0001251|Ataxia|2.19; HP:0000750|Delayed speech and language development|2.14; HP:0002650|Scoliosis|2.04,3,disease_similarity_reactome_idf_jaccard_mondo_group_hpo_simgic_v0.4
MONDO:0008854,MONDO:0010526,Bardet-Biedl syndrome 1,Fabry disease,cross-family,not_linked,No strong mechanism or phenotype link in this panel.,0.0000,0.0000,,,0.0833,0.2990,0.1495,,,HP:0001712|Left ventricular hypertrophy|4.69; HP:0002270|Abnormality of the autonomic nervous system|3.91; HP:0000822|Hypertension|3.39; HP:0008373|Puberty and gonadal disorders|3.01; HP:0000481|Abnormal cornea morphology|2.66,2,disease_similarity_reactome_idf_jaccard_mondo_group_hpo_simgic_v0.4
MONDO:0009659,MONDO:0012547,mucopolysaccharidosis type 4A,Noonan syndrome 4,cross-family,not_linked,No strong mechanism or phenotype link in this panel.,0.0000,0.0000,,,0.0835,0.2990,0.1495,,,HP:0020300|Abnormal elbow morphology|4.24; HP:0000154|Wide mouth|3.75; HP:0000692|Tooth malposition|3.14; HP:0000470|Short neck|3.13; HP:0000766|Abnormal sternum morphology|2.92; HP:0002650|Scoliosis|2.04,4,disease_similarity_reactome_idf_jaccard_mondo_group_hpo_simgic_v0.4
MONDO:0011963,MONDO:0013379,Joubert syndrome 2,Noonan syndrome 7,cross-family,not_linked,No strong mechanism or phenotype link in this panel.,0.0000,0.0000,,,0.0834,0.2990,0.1495,,,HP:0000268|Dolichocephaly|3.88; HP:0000256|Macrocephaly|2.97; HP:0005280|Depressed nasal bridge|2.82; HP:0000369|Low-set ears|2.49; HP:0000316|Hypertelorism|2.30; HP:0000486|Strabismus|2.18,8,disease_similarity_reactome_idf_jaccard_mondo_group_hpo_simgic_v0.4
MONDO:0008104,MONDO:0009660,Noonan syndrome 1,mucopolysaccharidosis type 4B,cross-family,not_linked,No strong mechanism or phenotype link in this panel.,0.0000,0.0000,,,0.0832,0.2958,0.1479,,,HP:0031653|Abnormal heart valve physiology|3.17; HP:0000692|Tooth malposition|3.14; HP:0001547|Abnormal rib cage morphology|3.10; HP:0003319|Abnormality of the cervical spine|3.01; HP:0011004|Abnormal systemic arterial morphology|2.95; HP:0000766|Abnormal sternum morphology|2.92,2,disease_similarity_reactome_idf_jaccard_mondo_group_hpo_simgic_v0.4
MONDO:0008763,MONDO:0010526,Alstrom syndrome,Fabry disease,cross-family,not_linked,No strong mechanism or phenotype link in this panel.,0.0000,0.0000,,,0.0831,0.2958,0.1479,,,HP:0001635|Congestive heart failure|3.70; HP:0000822|Hypertension|3.39; HP:0000083|Renal insufficiency|3.19; HP:0008373|Puberty and gonadal disorders|3.01; HP:0001877|Abnormal erythrocyte morphology|2.57; HP:0025015|Abnormal vascular morphology|2.07,3,disease_similarity_reactome_idf_jaccard_mondo_group_hpo_simgic_v0.4
MONDO:0008763,MONDO:0012371,Alstrom syndrome,Noonan syndrome 3,cross-family,not_linked,No strong mechanism or phenotype link in this panel.,0.0000,0.0000,,,0.0822,0.2958,0.1479,,,HP:0000927|Abnormality of skeletal maturation|3.25; HP:0031093|Abnormal breast morphology|3.15; HP:0001638|Cardiomyopathy|2.96; HP:0000639|Nystagmus|2.29; HP:0011362|Abnormal hair quantity|2.26; HP:0033353|Abnormal blood vessel morphology|2.25,3,disease_similarity_reactome_idf_jaccard_mondo_group_hpo_simgic_v0.4
MONDO:0008854,MONDO:0009738,Bardet-Biedl syndrome 1,sialidosis type 2,cross-family,not_linked,No strong mechanism or phenotype link in this panel.,0.0000,0.0000,,,0.0827,0.2958,0.1479,,,HP:0008046|Abnormal retinal vascular morphology|3.94; HP:0000518|Cataract|2.63; HP:0410042|Abnormal liver morphology|2.36; HP:0000639|Nystagmus|2.29; HP:0001251|Ataxia|2.19; HP:0000505|Visual impairment|2.17,3,disease_similarity_reactome_idf_jaccard_mondo_group_hpo_simgic_v0.4
MONDO:0008944,MONDO:0012669,Joubert syndrome 1,Legius syndrome,cross-family,not_linked,No strong mechanism or phenotype link in this panel.,0.0000,0.0000,,,0.0829,0.2958,0.1479,,,HP:0000752|Hyperactivity|3.04; HP:0000256|Macrocephaly|2.97; HP:0000286|Epicanthus|2.72; HP:0000508|Ptosis|2.63; HP:0000369|Low-set ears|2.49,5,disease_similarity_reactome_idf_jaccard_mondo_group_hpo_simgic_v0.4
MONDO:0009026,MONDO:0009261,Costello syndrome,GM1 gangliosidosis type 2,cross-family,not_linked,No strong mechanism or phenotype link in this panel.,0.0000,0.0000,,,0.0828,0.2958,0.1479,,,HP:0001622|Premature birth|4.06; HP:0000280|Coarse facial features|3.63; HP:0030809|Abnormal tongue morphology|3.36; HP:0001376|Limitation of joint mobility|3.03; HP:0002059|Cerebral atrophy|2.80; HP:0002119|Ventriculomegaly|2.65,5,disease_similarity_reactome_idf_jaccard_mondo_group_hpo_simgic_v0.4
MONDO:0009026,MONDO:0009659,Costello syndrome,mucopolysaccharidosis type 4A,cross-family,not_linked,No strong mechanism or phenotype link in this panel.,0.0000,0.0000,,,0.0832,0.2958,0.1479,,,HP:0000768|Pectus carinatum|3.96; HP:0000280|Coarse facial features|3.63; HP:0001654|Abnormal heart valve morphology|3.38; HP:0009811|Abnormality of the elbow|3.33; HP:0000470|Short neck|3.13; HP:0001547|Abnormal rib cage morphology|3.10,4,disease_similarity_reactome_idf_jaccard_mondo_group_hpo_simgic_v0.4
MONDO:0009660,MONDO:0012690,mucopolysaccharidosis type 4B,Noonan syndrome 5,cross-family,not_linked,No strong mechanism or phenotype link in this panel.,0.0000,0.0000,,,0.0828,0.2958,0.1479,,,HP:0000154|Wide mouth|3.75; HP:0000303|Mandibular prognathia|3.64; HP:0031653|Abnormal heart valve physiology|3.17; HP:0002087|Abnormality of the upper respiratory tract|3.02; HP:0003319|Abnormality of the cervical spine|3.01; HP:0000766|Abnormal sternum morphology|2.92,3,disease_similarity_reactome_idf_jaccard_mondo_group_hpo_simgic_v0.4
MONDO:0011963,MONDO:0012547,Joubert syndrome 2,Noonan syndrome 4,cross-family,not_linked,No strong mechanism or phenotype link in this panel.,0.0000,0.0000,,,0.0831,0.2958,0.1479,,,HP:0000256|Macrocephaly|2.97; HP:0000553|Abnormal uvea morphology|2.93; HP:0005280|Depressed nasal bridge|2.82; HP:0000369|Low-set ears|2.49; HP:0000316|Hypertelorism|2.30; HP:0012210|Abnormal renal morphology|2.16,5,disease_similarity_reactome_idf_jaccard_mondo_group_hpo_simgic_v0.4
MONDO:0009267,MONDO:0009659,Gaucher disease type III,mucopolysaccharidosis type 4A,lysosomal storage,not_linked,No strong mechanism or phenotype link in this panel.,0.1500,0.0000,,MONDO:0002561|lysosomal storage disease,0.0431,0.1447,0.1474,,,HP:0002240|Hepatomegaly|2.66; HP:0001270|Motor delay|2.26,2,disease_similarity_reactome_idf_jaccard_mondo_group_hpo_simgic_v0.4
MONDO:0008854,MONDO:0012433,Bardet-Biedl syndrome 1,Senior-Loken syndrome 6,ciliopathies,not_linked,No strong mechanism or phenotype link in this panel.,0.1500,0.0000,,MONDO:0005308|ciliopathy,0.0444,0.1439,0.1470,,,HP:0000510|Rod-cone dystrophy|4.03; HP:0007663|Reduced visual acuity|2.91,2,disease_similarity_reactome_idf_jaccard_mondo_group_hpo_simgic_v0.4
MONDO:0010589,MONDO:0012547,"Aarskog-Scott syndrome, X-linked",Noonan syndrome 4,RASopathies,not_linked,No strong mechanism or phenotype link in this panel.,0.0471,0.0471,,,0.1525,0.2455,0.1463,,R-HSA-193648|NRAGE signals death through JNK; R-HSA-416482|G alpha (12/13) signalling events,HP:0009890|High anterior hairline|4.77; HP:0000689|Dental malocclusion|4.34; HP:0002750|Delayed skeletal maturation|3.44; HP:0000767|Pectus excavatum|3.32; HP:0004324|Increased body weight|3.24; HP:0000470|Short neck|3.13,11,disease_similarity_reactome_idf_jaccard_mondo_group_hpo_simgic_v0.4
MONDO:0009265,MONDO:0009499,Gaucher disease type I,Krabbe disease,lysosomal storage,not_linked,No strong mechanism or phenotype link in this panel.,0.1500,0.0500,,MONDO:0002561|lysosomal storage disease,0.0420,0.1395,0.1447,,R-HSA-9840310|Glycosphingolipid catabolism,HP:0001873|Thrombocytopenia|3.20,0,disease_similarity_reactome_idf_jaccard_mondo_group_hpo_simgic_v0.4
MONDO:0009659,MONDO:0018975,mucopolysaccharidosis type 4A,neurofibromatosis type 1,cross-family,not_linked,No strong mechanism or phenotype link in this panel.,0.0000,0.0000,,,0.0815,0.2894,0.1447,,,HP:0002857|Genu valgum|4.06; HP:0000768|Pectus carinatum|3.96; HP:0045005|Neural tube defect|3.60; HP:0002143|Abnormal spinal cord morphology|3.42; HP:0002808|Kyphosis|2.92; HP:0025668|Abnormal neck morphology|2.58,4,disease_similarity_reactome_idf_jaccard_mondo_group_hpo_simgic_v0.4
MONDO:0013379,MONDO:0018975,Noonan syndrome 7,neurofibromatosis type 1,RASopathies,not_linked,No strong mechanism or phenotype link in this panel.,0.1500,0.0000,,MONDO:0021060|RASopathy,0.1343,0.1364,0.1432,,,HP:0000465|Webbed neck|4.39; HP:0001642|Pulmonic stenosis|4.17; HP:0000768|Pectus carinatum|3.96; HP:0001639|Hypertrophic cardiomyopathy|3.92; HP:0008069|Neoplasm of the skin|3.86; HP:0011792|Neoplasm by histology|3.49,13,disease_similarity_reactome_idf_jaccard_mondo_group_hpo_simgic_v0.4
MONDO:0008944,MONDO:0009262,Joubert syndrome 1,GM1 gangliosidosis type 3,cross-family,not_linked,No strong mechanism or phenotype link in this panel.,0.0000,0.0000,,,0.0806,0.2862,0.1431,,,HP:0001336|Myoclonus|3.46; HP:0002119|Ventriculomegaly|2.65; HP:0410042|Abnormal liver morphology|2.36; HP:0000479|Abnormal retinal morphology|2.31; HP:0001251|Ataxia|2.19; HP:0000750|Delayed speech and language development|2.14,2,disease_similarity_reactome_idf_jaccard_mondo_group_hpo_simgic_v0.4
MONDO:0009261,MONDO:0012371,GM1 gangliosidosis type 2,Noonan syndrome 3,cross-family,not_linked,No strong mechanism or phenotype link in this panel.,0.0000,0.0000,,,0.0807,0.2862,0.1431,,,HP:0000280|Coarse facial features|3.63; HP:0001643|Patent ductus arteriosus|3.27; HP:0001881|Abnormal leukocyte morphology|2.66; HP:0002119|Ventriculomegaly|2.65; HP:0001197|Abnormality of prenatal development or birth|2.37; HP:0001508|Failure to thrive|2.35,3,disease_similarity_reactome_idf_jaccard_mondo_group_hpo_simgic_v0.4
MONDO:0009591,MONDO:0010526,"metachromatic leukodystrophy, juvenile form",Fabry disease,lysosomal storage,not_linked,No strong mechanism or phenotype link in this panel.,0.1500,0.0500,,MONDO:0002561|lysosomal storage disease,0.0412,0.1342,0.1421,,R-HSA-6798695|Neutrophil degranulation; R-HSA-9840310|Glycosphingolipid catabolism,HP:0410008|Abnormality of the peripheral nervous system|2.45; HP:0004305|Involuntary movements|2.18,1,disease_similarity_reactome_idf_jaccard_mondo_group_hpo_simgic_v0.4
MONDO:0010006,MONDO:0012432,Sandhoff disease,Joubert syndrome 5,cross-family,not_linked,No strong mechanism or phenotype link in this panel.,0.0428,0.0428,,,0.0700,0.2412,0.1420,,R-HSA-6798695|Neutrophil degranulation,HP:0000618|Blindness|4.15; HP:0000479|Abnormal retinal morphology|2.31; HP:0001251|Ataxia|2.19,2,disease_similarity_reactome_idf_jaccard_mondo_group_hpo_simgic_v0.4
MONDO:0009738,MONDO:0012432,sialidosis type 2,Joubert syndrome 5,cross-family,not_linked,No strong mechanism or phenotype link in this panel.,0.0518,0.0518,,,0.0678,0.2315,0.1417,,R-HSA-6798695|Neutrophil degranulation,HP:0001290|Generalized hypotonia|2.86; HP:0000479|Abnormal retinal morphology|2.31; HP:0000639|Nystagmus|2.29; HP:0001251|Ataxia|2.19; HP:0000505|Visual impairment|2.17,4,disease_similarity_reactome_idf_jaccard_mondo_group_hpo_simgic_v0.4
MONDO:0009659,MONDO:0012626,mucopolysaccharidosis type 4A,"Meckel syndrome, type 4",cross-family,not_linked,No strong mechanism or phenotype link in this panel.,0.0549,0.0549,,,0.0651,0.2283,0.1416,,R-HSA-6798695|Neutrophil degranulation,HP:0034238|Closed neural tube defect|5.26; HP:0006487|Bowing of the long bones|3.26; HP:0001392|Abnormality of the liver|2.14,0,disease_similarity_reactome_idf_jaccard_mondo_group_hpo_simgic_v0.4
MONDO:0008944,MONDO:0012690,Joubert syndrome 1,Noonan syndrome 5,cross-family,not_linked,No strong mechanism or phenotype link in this panel.,0.0000,0.0000,,,0.0803,0.2830,0.1415,,,HP:0011220|Prominent forehead|3.56; HP:0000256|Macrocephaly|2.97; HP:0000286|Epicanthus|2.72; HP:0000508|Ptosis|2.63; HP:0000534|Abnormal eyebrow morphology|2.57; HP:0000369|Low-set ears|2.49,7,disease_similarity_reactome_idf_jaccard_mondo_group_hpo_simgic_v0.4
MONDO:0012626,MONDO:0014113,"Meckel syndrome, type 4",cardiofaciocutaneous syndrome 3,cross-family,not_linked,No strong mechanism or phenotype link in this panel.,0.0000,0.0000,,,0.0803,0.2830,0.1415,,,HP:0001631|Atrial septal defect|3.05; HP:0001629|Ventricular septal defect|2.95,2,disease_similarity_reactome_idf_jaccard_mondo_group_hpo_simgic_v0.4
MONDO:0010589,MONDO:0012669,"Aarskog-Scott syndrome, X-linked",Legius syndrome,RASopathies,not_linked,No strong mechanism or phenotype link in this panel.,0.0000,0.0000,,,0.1551,0.2818,0.1409,,,HP:0009553|Abnormality of the hairline|3.49; HP:0007018|Attention deficit hyperactivity disorder|3.48; HP:0000767|Pectus excavatum|3.32; HP:0000470|Short neck|3.13; HP:0000256|Macrocephaly|2.97; HP:0000494|Downslanted palpebral fissures|2.88,8,disease_similarity_reactome_idf_jaccard_mondo_group_hpo_simgic_v0.4
MONDO:0009260,MONDO:0010079,GM1 gangliosidosis type 1,Canavan disease,lysosomal storage,not_linked,No strong mechanism or phenotype link in this panel.,0.0000,0.0000,,,0.0645,0.2816,0.1408,,,HP:0012444|Brain atrophy|2.59; HP:0001276|Hypertonia|2.01,2,disease_similarity_reactome_idf_jaccard_mondo_group_hpo_simgic_v0.4
MONDO:0008763,MONDO:0009261,Alstrom syndrome,GM1 gangliosidosis type 2,cross-family,not_linked,No strong mechanism or phenotype link in this panel.,0.0000,0.0000,,,0.0793,0.2797,0.1399,,,HP:0000168|Abnormal gingiva morphology|3.87; HP:0002808|Kyphosis|2.92; HP:0002240|Hepatomegaly|2.66; HP:0033353|Abnormal blood vessel morphology|2.25; HP:0002650|Scoliosis|2.04,2,disease_similarity_reactome_idf_jaccard_mondo_group_hpo_simgic_v0.4
MONDO:0008763,MONDO:0018975,Alstrom syndrome,neurofibromatosis type 1,cross-family,not_linked,No strong mechanism or phenotype link in this panel.,0.0000,0.0000,,,0.0797,0.2797,0.1399,,,HP:0011772|Abnormal thyroid morphology|4.16; HP:0000822|Hypertension|3.39; HP:0031093|Abnormal breast morphology|3.15; HP:0001638|Cardiomyopathy|2.96; HP:0011004|Abnormal systemic arterial morphology|2.95; HP:0002808|Kyphosis|2.92,4,disease_similarity_reactome_idf_jaccard_mondo_group_hpo_simgic_v0.4
MONDO:0008944,MONDO:0009261,Joubert syndrome 1,GM1 gangliosidosis type 2,cross-family,not_linked,No strong mechanism or phenotype link in this panel.,0.0000,0.0000,,,0.0798,0.2797,0.1399,,,HP:0010808|Protruding tongue|5.44; HP:0001290|Generalized hypotonia|2.86; HP:0012795|Abnormal optic disc morphology|2.66; HP:0002119|Ventriculomegaly|2.65; HP:0410042|Abnormal liver morphology|2.36; HP:0040069|Abnormal lower limb bone morphology|2.26,3,disease_similarity_reactome_idf_jaccard_mondo_group_hpo_simgic_v0.4
MONDO:0008944,MONDO:0013379,Joubert syndrome 1,Noonan syndrome 7,cross-family,not_linked,No strong mechanism or phenotype link in this panel.,0.0000,0.0000,,,0.0792,0.2797,0.1399,,,HP:0011220|Prominent forehead|3.56; HP:0000256|Macrocephaly|2.97; HP:0001290|Generalized hypotonia|2.86; HP:0000286|Epicanthus|2.72; HP:0000369|Low-set ears|2.49; HP:0000486|Strabismus|2.18,8,disease_similarity_reactome_idf_jaccard_mondo_group_hpo_simgic_v0.4
MONDO:0009261,MONDO:0009571,GM1 gangliosidosis type 2,"Meckel syndrome, type 1",cross-family,not_linked,No strong mechanism or phenotype link in this panel.,0.0000,0.0000,,,0.0787,0.2797,0.1399,,,HP:0030809|Abnormal tongue morphology|3.36; HP:0001643|Patent ductus arteriosus|3.27; HP:0011337|Abnormality of mouth size|3.02; HP:0001744|Splenomegaly|2.95; HP:0002119|Ventriculomegaly|2.65; HP:0001197|Abnormality of prenatal development or birth|2.37,3,disease_similarity_reactome_idf_jaccard_mondo_group_hpo_simgic_v0.4
MONDO:0009591,MONDO:0009737,"metachromatic leukodystrophy, juvenile form",galactosialidosis,lysosomal storage,not_linked,No strong mechanism or phenotype link in this panel.,0.1500,0.0500,,MONDO:0002561|lysosomal storage disease,0.0364,0.1289,0.1395,,R-HSA-6798695|Neutrophil degranulation; R-HSA-9840310|Glycosphingolipid catabolism,HP:0001392|Abnormality of the liver|2.14,2,disease_similarity_reactome_idf_jaccard_mondo_group_hpo_simgic_v0.4
MONDO:0008763,MONDO:0009026,Alstrom syndrome,Costello syndrome,cross-family,not_linked,No strong mechanism or phenotype link in this panel.,0.0000,0.0000,,,0.0776,0.2765,0.1383,,,HP:0000956|Acanthosis nigricans|4.96; HP:0000083|Renal insufficiency|3.19; HP:0001638|Cardiomyopathy|2.96; HP:0011362|Abnormal hair quantity|2.26; HP:0025015|Abnormal vascular morphology|2.07; HP:0002088|Abnormal lung morphology|2.03,4,disease_similarity_reactome_idf_jaccard_mondo_group_hpo_simgic_v0.4
MONDO:0008854,MONDO:0012690,Bardet-Biedl syndrome 1,Noonan syndrome 5,cross-family,not_linked,No strong mechanism or phenotype link in this panel.,0.0000,0.0000,,,0.0778,0.2765,0.1383,,,HP:0004324|Increased body weight|3.24; HP:0000256|Macrocephaly|2.97; HP:0000508|Ptosis|2.63; HP:0000035|Abnormal testis morphology|2.33,4,disease_similarity_reactome_idf_jaccard_mondo_group_hpo_simgic_v0.4
MONDO:0009026,MONDO:0012626,Costello syndrome,"Meckel syndrome, type 4",cross-family,not_linked,No strong mechanism or phenotype link in this panel.,0.0000,0.0000,,,0.0771,0.2765,0.1383,,,HP:0000238|Hydrocephalus|3.26; HP:0001631|Atrial septal defect|3.05; HP:0001629|Ventricular septal defect|2.95; HP:0002119|Ventriculomegaly|2.65; HP:0001317|Abnormal cerebellum morphology|2.17,3,disease_similarity_reactome_idf_jaccard_mondo_group_hpo_simgic_v0.4
MONDO:0010526,MONDO:0014113,Fabry disease,cardiofaciocutaneous syndrome 3,cross-family,not_linked,No strong mechanism or phenotype link in this panel.,0.0000,0.0000,,,0.0771,0.2765,0.1383,,,HP:0007550|Hypohidrosis or hyperhidrosis|3.76; HP:0010438|Abnormal ventricular septum morphology|2.92,1,disease_similarity_reactome_idf_jaccard_mondo_group_hpo_simgic_v0.4
MONDO:0010526,MONDO:0014438,Fabry disease,Bardet-Biedl syndrome 10,cross-family,not_linked,No strong mechanism or phenotype link in this panel.,0.0000,0.0000,,,0.0776,0.2765,0.1383,,,HP:0000083|Renal insufficiency|3.19; HP:0008373|Puberty and gonadal disorders|3.01,2,disease_similarity_reactome_idf_jaccard_mondo_group_hpo_simgic_v0.4
MONDO:0009261,MONDO:0010526,GM1 gangliosidosis type 2,Fabry disease,lysosomal storage,not_linked,No strong mechanism or phenotype link in this panel.,0.1500,0.0500,,MONDO:0002561|lysosomal storage disease,0.0363,0.1237,0.1368,,R-HSA-6798695|Neutrophil degranulation; R-HSA-9840310|Glycosphingolipid catabolism,HP:0025015|Abnormal vascular morphology|2.07,0,disease_similarity_reactome_idf_jaccard_mondo_group_hpo_simgic_v0.4
MONDO:0008300,MONDO:0012669,Prader-Willi syndrome,Legius syndrome,cross-family,not_linked,No strong mechanism or phenotype link in this panel.,0.0000,0.0000,,,0.0764,0.2733,0.1367,,,HP:0001328|Specific learning disability|3.76; HP:0007018|Attention deficit hyperactivity disorder|3.48; HP:0011361|Congenital abnormal hair pattern|3.39; HP:0001000|Abnormal skin pigmentation|2.87; HP:0200006|Slanting of the palpebral fissure|2.48,2,disease_similarity_reactome_idf_jaccard_mondo_group_hpo_simgic_v0.4
MONDO:0012626,MONDO:0018975,"Meckel syndrome, type 4",neurofibromatosis type 1,cross-family,not_linked,No strong mechanism or phenotype link in this panel.,0.0000,0.0000,,,0.0764,0.2733,0.1367,,,HP:0010651|Abnormal meningeal morphology|4.25; HP:0045005|Neural tube defect|3.60; HP:0000238|Hydrocephalus|3.26; HP:0006487|Bowing of the long bones|3.26; HP:0001631|Atrial septal defect|3.05; HP:0001629|Ventricular septal defect|2.95,3,disease_similarity_reactome_idf_jaccard_mondo_group_hpo_simgic_v0.4
MONDO:0009757,MONDO:0010079,"Niemann-Pick disease, type C1",Canavan disease,lysosomal storage,not_linked,No strong mechanism or phenotype link in this panel.,0.0000,0.0000,,,0.0631,0.2711,0.1355,,,HP:0007367|Atrophy/Degeneration affecting the central nervous system|2.45; HP:0001257|Spasticity|2.27,2,disease_similarity_reactome_idf_jaccard_mondo_group_hpo_simgic_v0.4
MONDO:0008300,MONDO:0009756,Prader-Willi syndrome,Niemann-Pick disease type A,cross-family,not_linked,No strong mechanism or phenotype link in this panel.,0.0000,0.0000,,,0.0757,0.2701,0.1350,,,HP:0000939|Osteoporosis|3.79; HP:0002019|Constipation|3.22; HP:0008872|Feeding difficulties in infancy|3.08; HP:0002205|Recurrent respiratory infections|2.81; HP:0001508|Failure to thrive|2.35; HP:0025766|Abnormal affect|2.13,6,disease_similarity_reactome_idf_jaccard_mondo_group_hpo_simgic_v0.4
MONDO:0009499,MONDO:0011963,Krabbe disease,Joubert syndrome 2,cross-family,not_linked,No strong mechanism or phenotype link in this panel.,0.0000,0.0000,,,0.0757,0.2701,0.1350,,,HP:0000238|Hydrocephalus|3.26; HP:0012795|Abnormal optic disc morphology|2.66; HP:0001508|Failure to thrive|2.35; HP:0000639|Nystagmus|2.29; HP:0000505|Visual impairment|2.17,5,disease_similarity_reactome_idf_jaccard_mondo_group_hpo_simgic_v0.4
MONDO:0009571,MONDO:0013379,"Meckel syndrome, type 1",Noonan syndrome 7,cross-family,not_linked,No strong mechanism or phenotype link in this panel.,0.0000,0.0000,,,0.0762,0.2701,0.1350,,,HP:0000465|Webbed neck|4.39; HP:0000470|Short neck|3.13; HP:0000286|Epicanthus|2.72; HP:0009810|Abnormality of upper limb joint|2.59; HP:0000369|Low-set ears|2.49; HP:0012718|Abnormal gastrointestinal tract morphology|2.46,5,disease_similarity_reactome_idf_jaccard_mondo_group_hpo_simgic_v0.4
MONDO:0009659,MONDO:0012371,mucopolysaccharidosis type 4A,Noonan syndrome 3,cross-family,not_linked,No strong mechanism or phenotype link in this panel.,0.0000,0.0000,,,0.0757,0.2701,0.1350,,,HP:0020300|Abnormal elbow morphology|4.24; HP:0000768|Pectus carinatum|3.96; HP:0000280|Coarse facial features|3.63; HP:0001654|Abnormal heart valve morphology|3.38; HP:0000470|Short neck|3.13; HP:0001547|Abnormal rib cage morphology|3.10,4,disease_similarity_reactome_idf_jaccard_mondo_group_hpo_simgic_v0.4
MONDO:0009660,MONDO:0014113,mucopolysaccharidosis type 4B,cardiofaciocutaneous syndrome 3,cross-family,not_linked,No strong mechanism or phenotype link in this panel.,0.0000,0.0000,,,0.0762,0.2701,0.1350,,,HP:0000154|Wide mouth|3.75; HP:0031653|Abnormal heart valve physiology|3.17; HP:0003319|Abnormality of the cervical spine|3.01; HP:0004349|Reduced bone mineral density|2.97; HP:0000766|Abnormal sternum morphology|2.92; HP:0002650|Scoliosis|2.04,3,disease_similarity_reactome_idf_jaccard_mondo_group_hpo_simgic_v0.4
MONDO:0010099,MONDO:0010526,Tay-Sachs disease AB variant,Fabry disease,lysosomal storage,not_linked,No strong mechanism or phenotype link in this panel.,0.1500,0.0500,,MONDO:0002561|lysosomal storage disease,0.0357,0.1184,0.1342,,R-HSA-6798695|Neutrophil degranulation; R-HSA-9840310|Glycosphingolipid catabolism,HP:0004305|Involuntary movements|2.18,1,disease_similarity_reactome_idf_jaccard_mondo_group_hpo_simgic_v0.4
MONDO:0014113,MONDO:0100082,cardiofaciocutaneous syndrome 3,LEOPARD syndrome 1,RASopathies,not_linked,No strong mechanism or phenotype link in this panel.,0.1500,0.0156,,MONDO:0021060|RASopathy,0.1326,0.1182,0.1341,,R-HSA-110056|MAPK3 (ERK1) activation,HP:0000465|Webbed neck|4.39; HP:0001642|Pulmonic stenosis|4.17; HP:0001639|Hypertrophic cardiomyopathy|3.92; HP:0000767|Pectus excavatum|3.32; HP:0000470|Short neck|3.13; HP:0001713|Abnormal cardiac ventricle morphology|2.62,6,disease_similarity_reactome_idf_jaccard_mondo_group_hpo_simgic_v0.4
MONDO:0008763,MONDO:0010589,Alstrom syndrome,"Aarskog-Scott syndrome, X-linked",cross-family,not_linked,No strong mechanism or phenotype link in this panel.,0.0000,0.0000,,,0.0744,0.2669,0.1334,,,HP:0011747|Abnormality of the anterior pituitary|3.53; HP:0001513|Obesity|3.46; HP:0001763|Pes planus|3.46; HP:0000927|Abnormality of skeletal maturation|3.25; HP:0008373|Puberty and gonadal disorders|3.01; HP:0000164|Abnormality of the dentition|2.19,5,disease_similarity_reactome_idf_jaccard_mondo_group_hpo_simgic_v0.4
MONDO:0008944,MONDO:0100082,Joubert syndrome 1,LEOPARD syndrome 1,cross-family,not_linked,No strong mechanism or phenotype link in this panel.,0.0000,0.0000,,,0.0750,0.2669,0.1334,,,HP:0045005|Neural tube defect|3.60; HP:0000256|Macrocephaly|2.97; HP:0000286|Epicanthus|2.72; HP:0000508|Ptosis|2.63; HP:0000369|Low-set ears|2.49; HP:0010938|Abnormal external nose morphology|2.19,5,disease_similarity_reactome_idf_jaccard_mondo_group_hpo_simgic_v0.4
MONDO:0009261,MONDO:0014113,GM1 gangliosidosis type 2,cardiofaciocutaneous syndrome 3,cross-family,not_linked,No strong mechanism or phenotype link in this panel.,0.0000,0.0000,,,0.0749,0.2669,0.1334,,,HP:0011337|Abnormality of mouth size|3.02; HP:0003330|Abnormal bone structure|2.44; HP:0001508|Failure to thrive|2.35; HP:0000765|Abnormal thorax morphology|2.16; HP:0002650|Scoliosis|2.04,2,disease_similarity_reactome_idf_jaccard_mondo_group_hpo_simgic_v0.4
MONDO:0008763,MONDO:0010100,Alstrom syndrome,Tay-Sachs disease,cross-family,not_linked,No strong mechanism or phenotype link in this panel.,0.0000,0.0000,,,0.0739,0.2637,0.1318,,,HP:0000618|Blindness|4.15; HP:0008046|Abnormal retinal vascular morphology|3.94; HP:0011004|Abnormal systemic arterial morphology|2.95,1,disease_similarity_reactome_idf_jaccard_mondo_group_hpo_simgic_v0.4
MONDO:0008854,MONDO:0009218,Bardet-Biedl syndrome 1,Farber lipogranulomatosis,cross-family,not_linked,No strong mechanism or phenotype link in this panel.,0.0000,0.0000,,,0.0731,0.2637,0.1318,,,HP:0008046|Abnormal retinal vascular morphology|3.94; HP:0005918|Abnormal finger phalanx morphology|2.47; HP:0410042|Abnormal liver morphology|2.36; HP:0040069|Abnormal lower limb bone morphology|2.26,1,disease_similarity_reactome_idf_jaccard_mondo_group_hpo_simgic_v0.4
MONDO:0009260,MONDO:0011963,GM1 gangliosidosis type 1,Joubert syndrome 2,cross-family,not_linked,No strong mechanism or phenotype link in this panel.,0.0000,0.0000,,,0.0729,0.2637,0.1318,,,HP:0002007|Frontal bossing|3.05; HP:0000479|Abnormal retinal morphology|2.31; HP:0000316|Hypertelorism|2.30,6,disease_similarity_reactome_idf_jaccard_mondo_group_hpo_simgic_v0.4
MONDO:0009728,MONDO:0012626,nephronophthisis 1,"Meckel syndrome, type 4",ciliopathies,not_linked,No strong mechanism or phenotype link in this panel.,0.1500,0.0498,,MONDO:0005308|ciliopathy,0.0347,0.1136,0.1318,,R-HSA-5620912|Anchoring of the basal body to the plasma membrane,HP:0000107|Renal cyst|3.70,0,disease_similarity_reactome_idf_jaccard_mondo_group_hpo_simgic_v0.4
MONDO:0009218,MONDO:0009591,Farber lipogranulomatosis,"metachromatic leukodystrophy, juvenile form",lysosomal storage,not_linked,No strong mechanism or phenotype link in this panel.,0.1500,0.0500,,MONDO:0002561|lysosomal storage disease,0.0351,0.1132,0.1316,,R-HSA-6798695|Neutrophil degranulation; R-HSA-9840310|Glycosphingolipid catabolism,HP:0001392|Abnormality of the liver|2.14; HP:0025766|Abnormal affect|2.13,1,disease_similarity_reactome_idf_jaccard_mondo_group_hpo_simgic_v0.4
MONDO:0009262,MONDO:0010079,GM1 gangliosidosis type 3,Canavan disease,lysosomal storage,not_linked,No strong mechanism or phenotype link in this panel.,0.0000,0.0000,,,0.0606,0.2605,0.1303,,,HP:0012444|Brain atrophy|2.59,0,disease_similarity_reactome_idf_jaccard_mondo_group_hpo_simgic_v0.4
MONDO:0008104,MONDO:0009261,Noonan syndrome 1,GM1 gangliosidosis type 2,cross-family,not_linked,No strong mechanism or phenotype link in this panel.,0.0000,0.0000,,,0.0725,0.2605,0.1302,,,HP:0001643|Patent ductus arteriosus|3.27; HP:0002808|Kyphosis|2.92; HP:0001881|Abnormal leukocyte morphology|2.66; HP:0001508|Failure to thrive|2.35; HP:0009122|Aplasia/hypoplasia affecting bones of the axial skeleton|2.17; HP:0000765|Abnormal thorax morphology|2.16,1,disease_similarity_reactome_idf_jaccard_mondo_group_hpo_simgic_v0.4
MONDO:0010006,MONDO:0014113,Sandhoff disease,cardiofaciocutaneous syndrome 3,cross-family,not_linked,No strong mechanism or phenotype link in this panel.,0.0000,0.0000,,,0.0725,0.2605,0.1302,,,HP:0000975|Hyperhidrosis|4.22,2,disease_similarity_reactome_idf_jaccard_mondo_group_hpo_simgic_v0.4
MONDO:0009659,MONDO:0009757,mucopolysaccharidosis type 4A,"Niemann-Pick disease, type C1",lysosomal storage,not_linked,No strong mechanism or phenotype link in this panel.,0.1500,0.0000,,MONDO:0002561|lysosomal storage disease,0.0345,0.1079,0.1289,,,HP:0002240|Hepatomegaly|2.66,2,disease_similarity_reactome_idf_jaccard_mondo_group_hpo_simgic_v0.4
MONDO:0008104,MONDO:0012626,Noonan syndrome 1,"Meckel syndrome, type 4",cross-family,not_linked,No strong mechanism or phenotype link in this panel.,0.0000,0.0000,,,0.0715,0.2540,0.1270,,,HP:0001631|Atrial septal defect|3.05; HP:0001629|Ventricular septal defect|2.95; HP:0000175|Cleft palate|2.66,3,disease_similarity_reactome_idf_jaccard_mondo_group_hpo_simgic_v0.4
MONDO:0008854,MONDO:0009026,Bardet-Biedl syndrome 1,Costello syndrome,cross-family,not_linked,No strong mechanism or phenotype link in this panel.,0.0000,0.0000,,,0.0722,0.2540,0.1270,,,HP:0000256|Macrocephaly|2.97; HP:0000508|Ptosis|2.63; HP:0001713|Abnormal cardiac ventricle morphology|2.62; HP:0000218|High palate|2.48; HP:0012718|Abnormal gastrointestinal tract morphology|2.46; HP:0011362|Abnormal hair quantity|2.26,6,disease_similarity_reactome_idf_jaccard_mondo_group_hpo_simgic_v0.4
MONDO:0008944,MONDO:0012547,Joubert syndrome 1,Noonan syndrome 4,cross-family,not_linked,No strong mechanism or phenotype link in this panel.,0.0000,0.0000,,,0.0720,0.2540,0.1270,,,HP:0000256|Macrocephaly|2.97; HP:0000553|Abnormal uvea morphology|2.93; HP:0000286|Epicanthus|2.72; HP:0000508|Ptosis|2.63; HP:0000534|Abnormal eyebrow morphology|2.57; HP:0000369|Low-set ears|2.49,5,disease_similarity_reactome_idf_jaccard_mondo_group_hpo_simgic_v0.4
MONDO:0010526,MONDO:0012433,Fabry disease,Senior-Loken syndrome 6,cross-family,not_linked,No strong mechanism or phenotype link in this panel.,0.0578,0.0578,,,0.0596,0.1961,0.1270,,R-HSA-6798695|Neutrophil degranulation,HP:0000083|Renal insufficiency|3.19,0,disease_similarity_reactome_idf_jaccard_mondo_group_hpo_simgic_v0.4
MONDO:0009591,MONDO:0009660,"metachromatic leukodystrophy, juvenile form",mucopolysaccharidosis type 4B,lysosomal storage,not_linked,No strong mechanism or phenotype link in this panel.,0.1500,0.0500,,MONDO:0002561|lysosomal storage disease,0.0344,0.1026,0.1263,,R-HSA-6798695|Neutrophil degranulation; R-HSA-9840310|Glycosphingolipid catabolism,HP:0001251|Ataxia|2.19; HP:0001392|Abnormality of the liver|2.14; HP:0002500|Abnormal cerebral white matter morphology|2.14; HP:0032101|Unusual infection|2.03,2,disease_similarity_reactome_idf_jaccard_mondo_group_hpo_simgic_v0.4
MONDO:0009659,MONDO:0010100,mucopolysaccharidosis type 4A,Tay-Sachs disease,lysosomal storage,not_linked,No strong mechanism or phenotype link in this panel.,0.2327,0.2327,,MONDO:0002561|lysosomal storage disease,0.0150,0.0184,0.1256,,R-HSA-2022857|Keratan sulfate degradation,,0,disease_similarity_reactome_idf_jaccard_mondo_group_hpo_simgic_v0.4
MONDO:0009218,MONDO:0010589,Farber lipogranulomatosis,"Aarskog-Scott syndrome, X-linked",cross-family,not_linked,No strong mechanism or phenotype link in this panel.,0.0000,0.0000,,,0.0714,0.2508,0.1254,,,HP:0001187|Hyperextensibility of the finger joints|6.03; HP:0001508|Failure to thrive|2.35; HP:0040069|Abnormal lower limb bone morphology|2.26; HP:0011355|Localized skin lesion|2.14; HP:0025766|Abnormal affect|2.13,3,disease_similarity_reactome_idf_jaccard_mondo_group_hpo_simgic_v0.4
MONDO:0010079,MONDO:0012433,Canavan disease,Senior-Loken syndrome 6,cross-family,not_linked,No strong mechanism or phenotype link in this panel.,0.0000,0.0000,,,0.0715,0.2508,0.1254,,,HP:0007663|Reduced visual acuity|2.91,1,disease_similarity_reactome_idf_jaccard_mondo_group_hpo_simgic_v0.4
MONDO:0009026,MONDO:0014113,Costello syndrome,cardiofaciocutaneous syndrome 3,RASopathies,not_linked,No strong mechanism or phenotype link in this panel.,0.1500,0.0224,,MONDO:0021060|RASopathy,0.1323,0.1000,0.1250,,R-HSA-5673000|RAF activation; R-HSA-5674135|MAP2K and MAPK activation,HP:0002212|Curly hair|5.49; HP:0000465|Webbed neck|4.39; HP:0001642|Pulmonic stenosis|4.17; HP:0001639|Hypertrophic cardiomyopathy|3.92; HP:0000470|Short neck|3.13; HP:0001631|Atrial septal defect|3.05,11,disease_similarity_reactome_idf_jaccard_mondo_group_hpo_simgic_v0.4
MONDO:0009571,MONDO:0014438,"Meckel syndrome, type 1",Bardet-Biedl syndrome 10,ciliopathies,not_linked,No strong mechanism or phenotype link in this panel.,0.1500,0.0000,,MONDO:0005308|ciliopathy,0.0338,0.0985,0.1242,,,HP:0000107|Renal cyst|3.70; HP:0010442|Polydactyly|3.38,1,disease_similarity_reactome_idf_jaccard_mondo_group_hpo_simgic_v0.4
MONDO:0009660,MONDO:0010526,mucopolysaccharidosis type 4B,Fabry disease,lysosomal storage,not_linked,No strong mechanism or phenotype link in this panel.,0.1500,0.0500,,MONDO:0002561|lysosomal storage disease,0.0341,0.0974,0.1237,,R-HSA-6798695|Neutrophil degranulation; R-HSA-9840310|Glycosphingolipid catabolism,HP:0000481|Abnormal cornea morphology|2.66; HP:0025015|Abnormal vascular morphology|2.07,0,disease_similarity_reactome_idf_jaccard_mondo_group_hpo_simgic_v0.4
MONDO:0008763,MONDO:0012690,Alstrom syndrome,Noonan syndrome 5,cross-family,not_linked,No strong mechanism or phenotype link in this panel.,0.0000,0.0000,,,0.0705,0.2444,0.1222,,,HP:0004324|Increased body weight|3.24; HP:0001638|Cardiomyopathy|2.96; HP:0002683|Abnormal calvaria morphology|2.11,2,disease_similarity_reactome_idf_jaccard_mondo_group_hpo_simgic_v0.4
MONDO:0012547,MONDO:0012626,Noonan syndrome 4,"Meckel syndrome, type 4",cross-family,not_linked,No strong mechanism or phenotype link in this panel.,0.0000,0.0000,,,0.0705,0.2444,0.1222,,,HP:0001631|Atrial septal defect|3.05; HP:0001629|Ventricular septal defect|2.95; HP:0012210|Abnormal renal morphology|2.16,2,disease_similarity_reactome_idf_jaccard_mondo_group_hpo_simgic_v0.4
MONDO:0014432,MONDO:0018975,Bardet-Biedl syndrome 2,neurofibromatosis type 1,cross-family,not_linked,No strong mechanism or phenotype link in this panel.,0.0000,0.0000,,,0.0708,0.2444,0.1222,,,HP:0000822|Hypertension|3.39; HP:0001631|Atrial septal defect|3.05; HP:0001638|Cardiomyopathy|2.96; HP:0000494|Downslanted palpebral fissures|2.88; HP:0025668|Abnormal neck morphology|2.58; HP:0040069|Abnormal lower limb bone morphology|2.26,3,disease_similarity_reactome_idf_jaccard_mondo_group_hpo_simgic_v0.4
MONDO:0009218,MONDO:0009499,Farber lipogranulomatosis,Krabbe disease,lysosomal storage,not_linked,No strong mechanism or phenotype link in this panel.,0.1500,0.0500,,MONDO:0002561|lysosomal storage disease,0.0332,0.0921,0.1211,,R-HSA-9840310|Glycosphingolipid catabolism,HP:0001508|Failure to thrive|2.35,1,disease_similarity_reactome_idf_jaccard_mondo_group_hpo_simgic_v0.4
MONDO:0008104,MONDO:0009737,Noonan syndrome 1,galactosialidosis,cross-family,not_linked,No strong mechanism or phenotype link in this panel.,0.0000,0.0000,,,0.0697,0.2412,0.1206,,,HP:0011004|Abnormal systemic arterial morphology|2.95; HP:0011276|Vascular skin abnormality|2.80; HP:0011793|Neoplasm by anatomical site|2.30; HP:0001999|Abnormal facial shape|2.06,2,disease_similarity_reactome_idf_jaccard_mondo_group_hpo_simgic_v0.4
MONDO:0008104,MONDO:0009738,Noonan syndrome 1,sialidosis type 2,cross-family,not_linked,No strong mechanism or phenotype link in this panel.,0.0000,0.0000,,,0.0697,0.2412,0.1206,,,HP:0001638|Cardiomyopathy|2.96; HP:0011004|Abnormal systemic arterial morphology|2.95; HP:0001881|Abnormal leukocyte morphology|2.66; HP:0000407|Sensorineural hearing impairment|2.47; HP:0001999|Abnormal facial shape|2.06,3,disease_similarity_reactome_idf_jaccard_mondo_group_hpo_simgic_v0.4
MONDO:0008854,MONDO:0013379,Bardet-Biedl syndrome 1,Noonan syndrome 7,cross-family,not_linked,No strong mechanism or phenotype link in this panel.,0.0000,0.0000,,,0.0700,0.2412,0.1206,,,HP:0004324|Increased body weight|3.24; HP:0000256|Macrocephaly|2.97; HP:0012718|Abnormal gastrointestinal tract morphology|2.46; HP:0000486|Strabismus|2.18; HP:0002650|Scoliosis|2.04,4,disease_similarity_reactome_idf_jaccard_mondo_group_hpo_simgic_v0.4
MONDO:0008854,MONDO:0018975,Bardet-Biedl syndrome 1,neurofibromatosis type 1,cross-family,not_linked,No strong mechanism or phenotype link in this panel.,0.0000,0.0000,,,0.0702,0.2412,0.1206,,,HP:0001328|Specific learning disability|3.76; HP:0000501|Glaucoma|3.75; HP:0002250|Abnormal large intestine morphology|3.45; HP:0000822|Hypertension|3.39; HP:0000256|Macrocephaly|2.97; HP:0001713|Abnormal cardiac ventricle morphology|2.62,5,disease_similarity_reactome_idf_jaccard_mondo_group_hpo_simgic_v0.4
MONDO:0009218,MONDO:0014438,Farber lipogranulomatosis,Bardet-Biedl syndrome 10,cross-family,not_linked,No strong mechanism or phenotype link in this panel.,0.0000,0.0000,,,0.0695,0.2412,0.1206,,,HP:0000479|Abnormal retinal morphology|2.31,0,disease_similarity_reactome_idf_jaccard_mondo_group_hpo_simgic_v0.4
MONDO:0009261,MONDO:0011963,GM1 gangliosidosis type 2,Joubert syndrome 2,cross-family,not_linked,No strong mechanism or phenotype link in this panel.,0.0000,0.0000,,,0.0699,0.2412,0.1206,,,HP:0012795|Abnormal optic disc morphology|2.66; HP:0002119|Ventriculomegaly|2.65; HP:0001508|Failure to thrive|2.35; HP:0040069|Abnormal lower limb bone morphology|2.26; HP:0001251|Ataxia|2.19,2,disease_similarity_reactome_idf_jaccard_mondo_group_hpo_simgic_v0.4
MONDO:0009266,MONDO:0012432,Gaucher disease type II,Joubert syndrome 5,cross-family,not_linked,No strong mechanism or phenotype link in this panel.,0.0000,0.0000,,,0.0695,0.2412,0.1206,,,HP:0000657|Oculomotor apraxia|4.67; HP:0002104|Apnea|4.02,2,disease_similarity_reactome_idf_jaccard_mondo_group_hpo_simgic_v0.4
MONDO:0010006,MONDO:0013379,Sandhoff disease,Noonan syndrome 7,cross-family,not_linked,No strong mechanism or phenotype link in this panel.,0.0000,0.0000,,,0.0702,0.2412,0.1206,,,HP:0000975|Hyperhidrosis|4.22; HP:0000256|Macrocephaly|2.97; HP:0100543|Cognitive impairment|2.30,3,disease_similarity_reactome_idf_jaccard_mondo_group_hpo_simgic_v0.4
MONDO:0008104,MONDO:0009266,Noonan syndrome 1,Gaucher disease type II,cross-family,not_linked,No strong mechanism or phenotype link in this panel.,0.0000,0.0000,,,0.0686,0.2379,0.1190,,,HP:0001679|Abnormal aortic morphology|3.45; HP:0001873|Thrombocytopenia|3.20; HP:0001508|Failure to thrive|2.35; HP:0011968|Feeding difficulties|2.18; HP:0000277|Abnormal mandible morphology|2.01,0,disease_similarity_reactome_idf_jaccard_mondo_group_hpo_simgic_v0.4
MONDO:0009261,MONDO:0013379,GM1 gangliosidosis type 2,Noonan syndrome 7,cross-family,not_linked,No strong mechanism or phenotype link in this panel.,0.0000,0.0000,,,0.0691,0.2379,0.1190,,,HP:0002015|Dysphagia|2.88; HP:0001290|Generalized hypotonia|2.86; HP:0100543|Cognitive impairment|2.30; HP:0000765|Abnormal thorax morphology|2.16; HP:0002650|Scoliosis|2.04,3,disease_similarity_reactome_idf_jaccard_mondo_group_hpo_simgic_v0.4
MONDO:0009660,MONDO:0012547,mucopolysaccharidosis type 4B,Noonan syndrome 4,cross-family,not_linked,No strong mechanism or phenotype link in this panel.,0.0000,0.0000,,,0.0693,0.2379,0.1190,,,HP:0000154|Wide mouth|3.75; HP:0031653|Abnormal heart valve physiology|3.17; HP:0000692|Tooth malposition|3.14; HP:0003319|Abnormality of the cervical spine|3.01; HP:0000766|Abnormal sternum morphology|2.92; HP:0009810|Abnormality of upper limb joint|2.59,3,disease_similarity_reactome_idf_jaccard_mondo_group_hpo_simgic_v0.4
MONDO:0010526,MONDO:0012626,Fabry disease,"Meckel syndrome, type 4",cross-family,not_linked,No strong mechanism or phenotype link in this panel.,0.0578,0.0578,,,0.0560,0.1801,0.1189,,R-HSA-6798695|Neutrophil degranulation,HP:0010438|Abnormal ventricular septum morphology|2.92,0,disease_similarity_reactome_idf_jaccard_mondo_group_hpo_simgic_v0.4
MONDO:0009659,MONDO:0010526,mucopolysaccharidosis type 4A,Fabry disease,lysosomal storage,not_linked,No strong mechanism or phenotype link in this panel.,0.1500,0.0500,,MONDO:0002561|lysosomal storage disease,0.0297,0.0868,0.1184,,R-HSA-6798695|Neutrophil degranulation,HP:0000481|Abnormal cornea morphology|2.66,0,disease_similarity_reactome_idf_jaccard_mondo_group_hpo_simgic_v0.4
MONDO:0008854,MONDO:0009660,Bardet-Biedl syndrome 1,mucopolysaccharidosis type 4B,cross-family,not_linked,No strong mechanism or phenotype link in this panel.,0.0000,0.0000,,,0.0685,0.2347,0.1174,,,HP:0000692|Tooth malposition|3.14; HP:0000481|Abnormal cornea morphology|2.66; HP:0410042|Abnormal liver morphology|2.36; HP:0040069|Abnormal lower limb bone morphology|2.26; HP:0001251|Ataxia|2.19; HP:0002650|Scoliosis|2.04,4,disease_similarity_reactome_idf_jaccard_mondo_group_hpo_simgic_v0.4
MONDO:0010099,MONDO:0012433,Tay-Sachs disease AB variant,Senior-Loken syndrome 6,cross-family,not_linked,No strong mechanism or phenotype link in this panel.,0.0578,0.0578,,,0.0531,0.1768,0.1173,,R-HSA-6798695|Neutrophil degranulation,HP:0007663|Reduced visual acuity|2.91,0,disease_similarity_reactome_idf_jaccard_mondo_group_hpo_simgic_v0.4
MONDO:0008944,MONDO:0009728,Joubert syndrome 1,nephronophthisis 1,ciliopathies,not_linked,No strong mechanism or phenotype link in this panel.,0.1500,0.0000,,MONDO:0005308|ciliopathy,0.0296,0.0833,0.1167,,,HP:0000107|Renal cyst|3.70; HP:0012211|Abnormal renal physiology|2.71; HP:5200241|Recurrent maladaptive behavior|2.34,0,disease_similarity_reactome_idf_jaccard_mondo_group_hpo_simgic_v0.4
MONDO:0008300,MONDO:0009266,Prader-Willi syndrome,Gaucher disease type II,cross-family,not_linked,No strong mechanism or phenotype link in this panel.,0.0000,0.0000,,,0.0663,0.2315,0.1158,,,HP:0000565|Esotropia|4.10; HP:0002793|Abnormal pattern of respiration|2.69; HP:0011947|Respiratory tract infection|2.57; HP:0001508|Failure to thrive|2.35; HP:0100543|Cognitive impairment|2.30; HP:0011968|Feeding difficulties|2.18,4,disease_similarity_reactome_idf_jaccard_mondo_group_hpo_simgic_v0.4
MONDO:0008763,MONDO:0009757,Alstrom syndrome,"Niemann-Pick disease, type C1",cross-family,not_linked,No strong mechanism or phenotype link in this panel.,0.0000,0.0000,,,0.0663,0.2315,0.1158,,,HP:0002621|Atherosclerosis|4.85; HP:0002240|Hepatomegaly|2.66,2,disease_similarity_reactome_idf_jaccard_mondo_group_hpo_simgic_v0.4
MONDO:0008854,MONDO:0009260,Bardet-Biedl syndrome 1,GM1 gangliosidosis type 1,cross-family,not_linked,No strong mechanism or phenotype link in this panel.,0.0000,0.0000,,,0.0679,0.2315,0.1158,,,HP:0008046|Abnormal retinal vascular morphology|3.94; HP:0410042|Abnormal liver morphology|2.36; HP:0011362|Abnormal hair quantity|2.26; HP:0002650|Scoliosis|2.04,3,disease_similarity_reactome_idf_jaccard_mondo_group_hpo_simgic_v0.4
MONDO:0008854,MONDO:0009659,Bardet-Biedl syndrome 1,mucopolysaccharidosis type 4A,cross-family,not_linked,No strong mechanism or phenotype link in this panel.,0.0000,0.0000,,,0.0664,0.2315,0.1158,,,HP:0000692|Tooth malposition|3.14; HP:0000481|Abnormal cornea morphology|2.66; HP:0410042|Abnormal liver morphology|2.36; HP:0040069|Abnormal lower limb bone morphology|2.26; HP:0002650|Scoliosis|2.04,3,disease_similarity_reactome_idf_jaccard_mondo_group_hpo_simgic_v0.4
MONDO:0008854,MONDO:0009737,Bardet-Biedl syndrome 1,galactosialidosis,cross-family,not_linked,No strong mechanism or phenotype link in this panel.,0.0000,0.0000,,,0.0684,0.2315,0.1158,,,HP:0008046|Abnormal retinal vascular morphology|3.94; HP:0000481|Abnormal cornea morphology|2.66; HP:0410042|Abnormal liver morphology|2.36,2,disease_similarity_reactome_idf_jaccard_mondo_group_hpo_simgic_v0.4
MONDO:0008854,MONDO:0012669,Bardet-Biedl syndrome 1,Legius syndrome,cross-family,not_linked,No strong mechanism or phenotype link in this panel.,0.0000,0.0000,,,0.0659,0.2315,0.1158,,,"HP:0002705|High, narrow palate|4.32; HP:0001328|Specific learning disability|3.76; HP:0000256|Macrocephaly|2.97; HP:0000508|Ptosis|2.63",5,disease_similarity_reactome_idf_jaccard_mondo_group_hpo_simgic_v0.4
MONDO:0008944,MONDO:0009266,Joubert syndrome 1,Gaucher disease type II,cross-family,not_linked,No strong mechanism or phenotype link in this panel.,0.0000,0.0000,,,0.0662,0.2315,0.1158,,,HP:0000657|Oculomotor apraxia|4.67; HP:0002104|Apnea|4.02; HP:0410042|Abnormal liver morphology|2.36; HP:0000486|Strabismus|2.18,3,disease_similarity_reactome_idf_jaccard_mondo_group_hpo_simgic_v0.4
MONDO:0009026,MONDO:0009266,Costello syndrome,Gaucher disease type II,cross-family,not_linked,No strong mechanism or phenotype link in this panel.,0.0000,0.0000,,,0.0678,0.2315,0.1158,,,HP:0002059|Cerebral atrophy|2.80; HP:0100763|Abnormality of the lymphatic system|2.52; HP:0001508|Failure to thrive|2.35; HP:0011968|Feeding difficulties|2.18; HP:0000486|Strabismus|2.18; HP:0025015|Abnormal vascular morphology|2.07,4,disease_similarity_reactome_idf_jaccard_mondo_group_hpo_simgic_v0.4
MONDO:0009260,MONDO:0018975,GM1 gangliosidosis type 1,neurofibromatosis type 1,cross-family,not_linked,No strong mechanism or phenotype link in this panel.,0.0000,0.0000,,,0.0672,0.2315,0.1158,,,HP:0001639|Hypertrophic cardiomyopathy|3.92; HP:0011004|Abnormal systemic arterial morphology|2.95; HP:0002808|Kyphosis|2.92; HP:0025668|Abnormal neck morphology|2.58; HP:0000316|Hypertelorism|2.30; HP:0000765|Abnormal thorax morphology|2.16,5,disease_similarity_reactome_idf_jaccard_mondo_group_hpo_simgic_v0.4
MONDO:0009262,MONDO:0009571,GM1 gangliosidosis type 3,"Meckel syndrome, type 1",cross-family,not_linked,No strong mechanism or phenotype link in this panel.,0.0000,0.0000,,,0.0679,0.2315,0.1158,,,HP:0001744|Splenomegaly|2.95; HP:0011004|Abnormal systemic arterial morphology|2.95; HP:0002119|Ventriculomegaly|2.65; HP:0001392|Abnormality of the liver|2.14; HP:0000750|Delayed speech and language development|2.14,2,disease_similarity_reactome_idf_jaccard_mondo_group_hpo_simgic_v0.4
MONDO:0009262,MONDO:0014438,GM1 gangliosidosis type 3,Bardet-Biedl syndrome 10,cross-family,not_linked,No strong mechanism or phenotype link in this panel.,0.0000,0.0000,,,0.0663,0.2315,0.1158,,,HP:0001256|Mild intellectual disability|3.27; HP:0000479|Abnormal retinal morphology|2.31,2,disease_similarity_reactome_idf_jaccard_mondo_group_hpo_simgic_v0.4
MONDO:0009267,MONDO:0014113,Gaucher disease type III,cardiofaciocutaneous syndrome 3,cross-family,not_linked,No strong mechanism or phenotype link in this panel.,0.0000,0.0000,,,0.0676,0.2315,0.1158,,,,1,disease_similarity_reactome_idf_jaccard_mondo_group_hpo_simgic_v0.4
MONDO:0009571,MONDO:0012669,"Meckel syndrome, type 1",Legius syndrome,cross-family,not_linked,No strong mechanism or phenotype link in this panel.,0.0000,0.0000,,,0.0676,0.2315,0.1158,,,HP:0000470|Short neck|3.13; HP:0000286|Epicanthus|2.72; HP:0000508|Ptosis|2.63; HP:0000369|Low-set ears|2.49; HP:0000347|Micrognathia|2.35; HP:0000316|Hypertelorism|2.30,6,disease_similarity_reactome_idf_jaccard_mondo_group_hpo_simgic_v0.4
MONDO:0009660,MONDO:0013379,mucopolysaccharidosis type 4B,Noonan syndrome 7,cross-family,not_linked,No strong mechanism or phenotype link in this panel.,0.0000,0.0000,,,0.0678,0.2315,0.1158,,,HP:0031653|Abnormal heart valve physiology|3.17; HP:0001547|Abnormal rib cage morphology|3.10; HP:0000306|Abnormality of the chin|3.08; HP:0003319|Abnormality of the cervical spine|3.01; HP:0000766|Abnormal sternum morphology|2.92; HP:0001382|Joint hypermobility|2.89,3,disease_similarity_reactome_idf_jaccard_mondo_group_hpo_simgic_v0.4
MONDO:0009738,MONDO:0012371,sialidosis type 2,Noonan syndrome 3,cross-family,not_linked,No strong mechanism or phenotype link in this panel.,0.0000,0.0000,,,0.0662,0.2315,0.1158,,,HP:0000280|Coarse facial features|3.63; HP:0001638|Cardiomyopathy|2.96; HP:0001881|Abnormal leukocyte morphology|2.66; HP:0000639|Nystagmus|2.29; HP:0033353|Abnormal blood vessel morphology|2.25,5,disease_similarity_reactome_idf_jaccard_mondo_group_hpo_simgic_v0.4
MONDO:0009756,MONDO:0012371,Niemann-Pick disease type A,Noonan syndrome 3,cross-family,not_linked,No strong mechanism or phenotype link in this panel.,0.0000,0.0000,,,0.0670,0.2315,0.1158,,,HP:0000256|Macrocephaly|2.97; HP:0001881|Abnormal leukocyte morphology|2.66; HP:0001508|Failure to thrive|2.35; HP:0033353|Abnormal blood vessel morphology|2.25; HP:0011968|Feeding difficulties|2.18; HP:0011354|Generalized abnormality of skin|2.11,4,disease_similarity_reactome_idf_jaccard_mondo_group_hpo_simgic_v0.4
MONDO:0012626,MONDO:0100082,"Meckel syndrome, type 4",LEOPARD syndrome 1,cross-family,not_linked,No strong mechanism or phenotype link in this panel.,0.0000,0.0000,,,0.0661,0.2315,0.1158,,,HP:0045005|Neural tube defect|3.60; HP:0000175|Cleft palate|2.66; HP:0001713|Abnormal cardiac ventricle morphology|2.62; HP:0001671|Abnormal cardiac septum morphology|2.44; HP:0012210|Abnormal renal morphology|2.16,1,disease_similarity_reactome_idf_jaccard_mondo_group_hpo_simgic_v0.4
MONDO:0009267,MONDO:0010079,Gaucher disease type III,Canavan disease,lysosomal storage,not_linked,No strong mechanism or phenotype link in this panel.,0.0000,0.0000,,,0.0572,0.2289,0.1145,,,HP:0020219|Motor seizure|3.10; HP:0001257|Spasticity|2.27,0,disease_similarity_reactome_idf_jaccard_mondo_group_hpo_simgic_v0.4
MONDO:0008104,MONDO:0009265,Noonan syndrome 1,Gaucher disease type I,cross-family,not_linked,No strong mechanism or phenotype link in this panel.,0.0000,0.0000,,,0.0653,0.2283,0.1141,,,HP:0004377|Hematological neoplasm|3.76; HP:0000953|Hyperpigmentation of the skin|3.36; HP:0001873|Thrombocytopenia|3.20; HP:0031653|Abnormal heart valve physiology|3.17; HP:0001892|Abnormal bleeding|2.86,0,disease_similarity_reactome_idf_jaccard_mondo_group_hpo_simgic_v0.4
MONDO:0008854,MONDO:0009756,Bardet-Biedl syndrome 1,Niemann-Pick disease type A,cross-family,not_linked,No strong mechanism or phenotype link in this panel.,0.0000,0.0000,,,0.0645,0.2283,0.1141,,,HP:0008046|Abnormal retinal vascular morphology|3.94; HP:0004297|Abnormality of the biliary system|3.13; HP:0000256|Macrocephaly|2.97; HP:0410042|Abnormal liver morphology|2.36,3,disease_similarity_reactome_idf_jaccard_mondo_group_hpo_simgic_v0.4
MONDO:0008944,MONDO:0009591,Joubert syndrome 1,"metachromatic leukodystrophy, juvenile form",cross-family,not_linked,No strong mechanism or phenotype link in this panel.,0.0000,0.0000,,,0.0651,0.2283,0.1141,,,HP:0001290|Generalized hypotonia|2.86; HP:0012795|Abnormal optic disc morphology|2.66; HP:0001251|Ataxia|2.19; HP:0004305|Involuntary movements|2.18; HP:0001392|Abnormality of the liver|2.14; HP:0025766|Abnormal affect|2.13,4,disease_similarity_reactome_idf_jaccard_mondo_group_hpo_simgic_v0.4
MONDO:0009499,MONDO:0012432,Krabbe disease,Joubert syndrome 5,cross-family,not_linked,No strong mechanism or phenotype link in this panel.,0.0000,0.0000,,,0.0652,0.2283,0.1141,,,HP:0000618|Blindness|4.15; HP:0000639|Nystagmus|2.29,2,disease_similarity_reactome_idf_jaccard_mondo_group_hpo_simgic_v0.4
MONDO:0009571,MONDO:0009738,"Meckel syndrome, type 1",sialidosis type 2,cross-family,not_linked,No strong mechanism or phenotype link in this panel.,0.0000,0.0000,,,0.0650,0.2283,0.1141,,,HP:0001744|Splenomegaly|2.95; HP:0011004|Abnormal systemic arterial morphology|2.95; HP:0004299|Hernia of the abdominal wall|2.93; HP:0000639|Nystagmus|2.29; HP:0011314|Abnormal long bone morphology|2.20; HP:0001392|Abnormality of the liver|2.14,2,disease_similarity_reactome_idf_jaccard_mondo_group_hpo_simgic_v0.4
MONDO:0010526,MONDO:0014432,Fabry disease,Bardet-Biedl syndrome 2,cross-family,not_linked,No strong mechanism or phenotype link in this panel.,0.0000,0.0000,,,0.0645,0.2283,0.1141,,,HP:0000822|Hypertension|3.39; HP:0000083|Renal insufficiency|3.19; HP:0008373|Puberty and gonadal disorders|3.01; HP:0001671|Abnormal cardiac septum morphology|2.44,1,disease_similarity_reactome_idf_jaccard_mondo_group_hpo_simgic_v0.4
MONDO:0010589,MONDO:0100082,"Aarskog-Scott syndrome, X-linked",LEOPARD syndrome 1,RASopathies,not_linked,No strong mechanism or phenotype link in this panel.,0.0000,0.0000,,,0.1473,0.2273,0.1136,,,HP:0000823|Delayed puberty|4.13; HP:0000047|Hypospadias|3.33; HP:0000767|Pectus excavatum|3.32; HP:0001256|Mild intellectual disability|3.27; HP:0000470|Short neck|3.13; HP:0000306|Abnormality of the chin|3.08,11,disease_similarity_reactome_idf_jaccard_mondo_group_hpo_simgic_v0.4
MONDO:0009260,MONDO:0012626,GM1 gangliosidosis type 1,"Meckel syndrome, type 4",cross-family,not_linked,No strong mechanism or phenotype link in this panel.,0.0434,0.0434,,,0.0550,0.1801,0.1117,,R-HSA-6798695|Neutrophil degranulation,HP:0001511|Intrauterine growth retardation|2.78; HP:0001392|Abnormality of the liver|2.14,1,disease_similarity_reactome_idf_jaccard_mondo_group_hpo_simgic_v0.4
MONDO:0009262,MONDO:0012626,GM1 gangliosidosis type 3,"Meckel syndrome, type 4",cross-family,not_linked,No strong mechanism or phenotype link in this panel.,0.0434,0.0434,,,0.0552,0.1801,0.1117,,R-HSA-6798695|Neutrophil degranulation,HP:0002119|Ventriculomegaly|2.65; HP:0001392|Abnormality of the liver|2.14,0,disease_similarity_reactome_idf_jaccard_mondo_group_hpo_simgic_v0.4
MONDO:0008104,MONDO:0009756,Noonan syndrome 1,Niemann-Pick disease type A,cross-family,not_linked,No strong mechanism or phenotype link in this panel.,0.0000,0.0000,,,0.0638,0.2219,0.1109,,,HP:0008872|Feeding difficulties in infancy|3.08; HP:0011004|Abnormal systemic arterial morphology|2.95; HP:0001881|Abnormal leukocyte morphology|2.66; HP:0001508|Failure to thrive|2.35; HP:0011355|Localized skin lesion|2.14; HP:0011354|Generalized abnormality of skin|2.11,3,disease_similarity_reactome_idf_jaccard_mondo_group_hpo_simgic_v0.4
MONDO:0008944,MONDO:0010079,Joubert syndrome 1,Canavan disease,cross-family,not_linked,No strong mechanism or phenotype link in this panel.,0.0000,0.0000,,,0.0641,0.2219,0.1109,,,HP:0000256|Macrocephaly|2.97; HP:0012795|Abnormal optic disc morphology|2.66,4,disease_similarity_reactome_idf_jaccard_mondo_group_hpo_simgic_v0.4
MONDO:0008944,MONDO:0010099,Joubert syndrome 1,Tay-Sachs disease AB variant,cross-family,not_linked,No strong mechanism or phenotype link in this panel.,0.0000,0.0000,,,0.0636,0.2219,0.1109,,,HP:0002421|Poor head control|4.29; HP:0001290|Generalized hypotonia|2.86; HP:0025780|Abnormal volitional state|2.25; HP:0004305|Involuntary movements|2.18,4,disease_similarity_reactome_idf_jaccard_mondo_group_hpo_simgic_v0.4
MONDO:0009266,MONDO:0009571,Gaucher disease type II,"Meckel syndrome, type 1",cross-family,not_linked,No strong mechanism or phenotype link in this panel.,0.0000,0.0000,,,0.0635,0.2219,0.1109,,,HP:0001679|Abnormal aortic morphology|3.45; HP:0001744|Splenomegaly|2.95; HP:0001392|Abnormality of the liver|2.14; HP:0002088|Abnormal lung morphology|2.03; HP:0000277|Abnormal mandible morphology|2.01,2,disease_similarity_reactome_idf_jaccard_mondo_group_hpo_simgic_v0.4
MONDO:0009571,MONDO:0010006,"Meckel syndrome, type 1",Sandhoff disease,cross-family,not_linked,No strong mechanism or phenotype link in this panel.,0.0000,0.0000,,,0.0637,0.2219,0.1109,,,HP:0030809|Abnormal tongue morphology|3.36; HP:0000014|Abnormality of the bladder|2.99; HP:0001744|Splenomegaly|2.95; HP:0011004|Abnormal systemic arterial morphology|2.95; HP:0001392|Abnormality of the liver|2.14,1,disease_similarity_reactome_idf_jaccard_mondo_group_hpo_simgic_v0.4
MONDO:0009737,MONDO:0012371,galactosialidosis,Noonan syndrome 3,cross-family,not_linked,No strong mechanism or phenotype link in this panel.,0.0000,0.0000,,,0.0640,0.2219,0.1109,,,HP:0000280|Coarse facial features|3.63; HP:0011276|Vascular skin abnormality|2.80; HP:0011793|Neoplasm by anatomical site|2.30; HP:0033353|Abnormal blood vessel morphology|2.25,3,disease_similarity_reactome_idf_jaccard_mondo_group_hpo_simgic_v0.4
MONDO:0009591,MONDO:0009659,"metachromatic leukodystrophy, juvenile form",mucopolysaccharidosis type 4A,lysosomal storage,not_linked,No strong mechanism or phenotype link in this panel.,0.1500,0.0500,,MONDO:0002561|lysosomal storage disease,0.0267,0.0711,0.1105,,R-HSA-6798695|Neutrophil degranulation,HP:0032158|Unusual infection by anatomical site|2.65; HP:0001392|Abnormality of the liver|2.14,1,disease_similarity_reactome_idf_jaccard_mondo_group_hpo_simgic_v0.4
MONDO:0009571,MONDO:0012433,"Meckel syndrome, type 1",Senior-Loken syndrome 6,ciliopathies,not_linked,No strong mechanism or phenotype link in this panel.,0.1500,0.0420,,MONDO:0005308|ciliopathy,0.0290,0.0682,0.1091,,R-HSA-5620912|Anchoring of the basal body to the plasma membrane,HP:0006817|Aplasia/Hypoplasia of the cerebellar vermis|3.52,0,disease_similarity_reactome_idf_jaccard_mondo_group_hpo_simgic_v0.4
MONDO:0009261,MONDO:0012626,GM1 gangliosidosis type 2,"Meckel syndrome, type 4",cross-family,not_linked,No strong mechanism or phenotype link in this panel.,0.0434,0.0434,,,0.0531,0.1736,0.1085,,R-HSA-6798695|Neutrophil degranulation,HP:0002119|Ventriculomegaly|2.65; HP:0001392|Abnormality of the liver|2.14,0,disease_similarity_reactome_idf_jaccard_mondo_group_hpo_simgic_v0.4
MONDO:0009499,MONDO:0009660,Krabbe disease,mucopolysaccharidosis type 4B,lysosomal storage,not_linked,No strong mechanism or phenotype link in this panel.,0.1500,0.0423,,MONDO:0002561|lysosomal storage disease,0.0263,0.0658,0.1079,,R-HSA-9840310|Glycosphingolipid catabolism,,1,disease_similarity_reactome_idf_jaccard_mondo_group_hpo_simgic_v0.4
MONDO:0008104,MONDO:0011963,Noonan syndrome 1,Joubert syndrome 2,cross-family,not_linked,No strong mechanism or phenotype link in this panel.,0.0000,0.0000,,,0.0634,0.2154,0.1077,,,HP:0000369|Low-set ears|2.49; HP:0000218|High palate|2.48; HP:0001508|Failure to thrive|2.35; HP:0000316|Hypertelorism|2.30; HP:0000032|Abnormal male external genitalia morphology|2.10; HP:0000290|Abnormal forehead morphology|2.02,4,disease_similarity_reactome_idf_jaccard_mondo_group_hpo_simgic_v0.4
MONDO:0008300,MONDO:0009262,Prader-Willi syndrome,GM1 gangliosidosis type 3,cross-family,not_linked,No strong mechanism or phenotype link in this panel.,0.0000,0.0000,,,0.0633,0.2154,0.1077,,,HP:0002808|Kyphosis|2.92; HP:0003272|Abnormal hip bone morphology|2.75; HP:0002119|Ventriculomegaly|2.65; HP:0100491|Abnormality of lower limb joint|2.43; HP:0000750|Delayed speech and language development|2.14; HP:0011443|Abnormality of coordination|2.10,6,disease_similarity_reactome_idf_jaccard_mondo_group_hpo_simgic_v0.4
MONDO:0008763,MONDO:0013379,Alstrom syndrome,Noonan syndrome 7,cross-family,not_linked,No strong mechanism or phenotype link in this panel.,0.0000,0.0000,,,0.0632,0.2154,0.1077,,,HP:0004324|Increased body weight|3.24; HP:0001638|Cardiomyopathy|2.96; HP:0002683|Abnormal calvaria morphology|2.11; HP:0002650|Scoliosis|2.04,2,disease_similarity_reactome_idf_jaccard_mondo_group_hpo_simgic_v0.4
MONDO:0008944,MONDO:0009260,Joubert syndrome 1,GM1 gangliosidosis type 1,cross-family,not_linked,No strong mechanism or phenotype link in this panel.,0.0000,0.0000,,,0.0633,0.2154,0.1077,,,HP:0410042|Abnormal liver morphology|2.36; HP:0000479|Abnormal retinal morphology|2.31; HP:0010938|Abnormal external nose morphology|2.19; HP:0002683|Abnormal calvaria morphology|2.11; HP:0000290|Abnormal forehead morphology|2.02,3,disease_similarity_reactome_idf_jaccard_mondo_group_hpo_simgic_v0.4
MONDO:0009218,MONDO:0009571,Farber lipogranulomatosis,"Meckel syndrome, type 1",cross-family,not_linked,No strong mechanism or phenotype link in this panel.,0.0000,0.0000,,,0.0633,0.2154,0.1077,,,HP:0001744|Splenomegaly|2.95; HP:0011004|Abnormal systemic arterial morphology|2.95; HP:0009810|Abnormality of upper limb joint|2.59; HP:0005918|Abnormal finger phalanx morphology|2.47; HP:0001270|Motor delay|2.26; HP:0040069|Abnormal lower limb bone morphology|2.26,1,disease_similarity_reactome_idf_jaccard_mondo_group_hpo_simgic_v0.4
MONDO:0009218,MONDO:0012626,Farber lipogranulomatosis,"Meckel syndrome, type 4",cross-family,not_linked,No strong mechanism or phenotype link in this panel.,0.0495,0.0495,,,0.0514,0.1640,0.1068,,R-HSA-6798695|Neutrophil degranulation,HP:0005918|Abnormal finger phalanx morphology|2.47; HP:0001392|Abnormality of the liver|2.14,0,disease_similarity_reactome_idf_jaccard_mondo_group_hpo_simgic_v0.4
MONDO:0009591,MONDO:0012432,"metachromatic leukodystrophy, juvenile form",Joubert syndrome 5,cross-family,not_linked,No strong mechanism or phenotype link in this panel.,0.0495,0.0495,,,0.0520,0.1640,0.1068,,R-HSA-6798695|Neutrophil degranulation,HP:0001290|Generalized hypotonia|2.86; HP:0001251|Ataxia|2.19; HP:0025766|Abnormal affect|2.13,4,disease_similarity_reactome_idf_jaccard_mondo_group_hpo_simgic_v0.4
MONDO:0012371,MONDO:0018975,Noonan syndrome 3,neurofibromatosis type 1,RASopathies,not_linked,No strong mechanism or phenotype link in this panel.,0.1500,0.0158,,MONDO:0021060|RASopathy,0.1236,0.0636,0.1068,,R-HSA-5658442|Regulation of RAS by GAPs,HP:0000465|Webbed neck|4.39; HP:0001642|Pulmonic stenosis|4.17; HP:0000768|Pectus carinatum|3.96; HP:0001639|Hypertrophic cardiomyopathy|3.92; HP:0000767|Pectus excavatum|3.32; HP:0031093|Abnormal breast morphology|3.15,12,disease_similarity_reactome_idf_jaccard_mondo_group_hpo_simgic_v0.4
MONDO:0008300,MONDO:0018975,Prader-Willi syndrome,neurofibromatosis type 1,cross-family,not_linked,No strong mechanism or phenotype link in this panel.,0.0000,0.0000,,,0.0624,0.2122,0.1061,,,HP:0002857|Genu valgum|4.06; HP:0001328|Specific learning disability|3.76; HP:0002808|Kyphosis|2.92; HP:0001000|Abnormal skin pigmentation|2.87; HP:0200006|Slanting of the palpebral fissure|2.48; HP:0002118|Abnormal cerebral ventricle morphology|2.31,6,disease_similarity_reactome_idf_jaccard_mondo_group_hpo_simgic_v0.4
MONDO:0008944,MONDO:0009267,Joubert syndrome 1,Gaucher disease type III,cross-family,not_linked,No strong mechanism or phenotype link in this panel.,0.0000,0.0000,,,0.0621,0.2122,0.1061,,,HP:0001336|Myoclonus|3.46; HP:0410042|Abnormal liver morphology|2.36; HP:0001270|Motor delay|2.26; HP:0025780|Abnormal volitional state|2.25; HP:0001251|Ataxia|2.19; HP:0000486|Strabismus|2.18,2,disease_similarity_reactome_idf_jaccard_mondo_group_hpo_simgic_v0.4
MONDO:0009026,MONDO:0009262,Costello syndrome,GM1 gangliosidosis type 3,cross-family,not_linked,No strong mechanism or phenotype link in this panel.,0.0000,0.0000,,,0.0618,0.2122,0.1061,,,HP:0000280|Coarse facial features|3.63; HP:0002059|Cerebral atrophy|2.80; HP:0002119|Ventriculomegaly|2.65; HP:0100763|Abnormality of the lymphatic system|2.52; HP:0025015|Abnormal vascular morphology|2.07,3,disease_similarity_reactome_idf_jaccard_mondo_group_hpo_simgic_v0.4
MONDO:0009026,MONDO:0010006,Costello syndrome,Sandhoff disease,cross-family,not_linked,No strong mechanism or phenotype link in this panel.,0.0000,0.0000,,,0.0622,0.2122,0.1061,,,HP:0000158|Macroglossia|4.26; HP:0000280|Coarse facial features|3.63; HP:0000256|Macrocephaly|2.97; HP:0100763|Abnormality of the lymphatic system|2.52; HP:0025015|Abnormal vascular morphology|2.07,3,disease_similarity_reactome_idf_jaccard_mondo_group_hpo_simgic_v0.4
MONDO:0009266,MONDO:0013379,Gaucher disease type II,Noonan syndrome 7,cross-family,not_linked,No strong mechanism or phenotype link in this panel.,0.0000,0.0000,,,0.0619,0.2122,0.1061,,,HP:0002015|Dysphagia|2.88; HP:0100543|Cognitive impairment|2.30; HP:0011968|Feeding difficulties|2.18; HP:0000486|Strabismus|2.18,3,disease_similarity_reactome_idf_jaccard_mondo_group_hpo_simgic_v0.4
MONDO:0009660,MONDO:0012371,mucopolysaccharidosis type 4B,Noonan syndrome 3,cross-family,not_linked,No strong mechanism or phenotype link in this panel.,0.0000,0.0000,,,0.0627,0.2122,0.1061,,,HP:0000280|Coarse facial features|3.63; HP:0031653|Abnormal heart valve physiology|3.17; HP:0001547|Abnormal rib cage morphology|3.10; HP:0003319|Abnormality of the cervical spine|3.01; HP:0000766|Abnormal sternum morphology|2.92; HP:0009810|Abnormality of upper limb joint|2.59,2,disease_similarity_reactome_idf_jaccard_mondo_group_hpo_simgic_v0.4
MONDO:0009737,MONDO:0014113,galactosialidosis,cardiofaciocutaneous syndrome 3,cross-family,not_linked,No strong mechanism or phenotype link in this panel.,0.0000,0.0000,,,0.0626,0.2122,0.1061,,,,2,disease_similarity_reactome_idf_jaccard_mondo_group_hpo_simgic_v0.4
MONDO:0009737,MONDO:0014438,galactosialidosis,Bardet-Biedl syndrome 10,cross-family,not_linked,No strong mechanism or phenotype link in this panel.,0.0000,0.0000,,,0.0631,0.2122,0.1061,,,HP:0000479|Abnormal retinal morphology|2.31,1,disease_similarity_reactome_idf_jaccard_mondo_group_hpo_simgic_v0.4
MONDO:0009756,MONDO:0013379,Niemann-Pick disease type A,Noonan syndrome 7,cross-family,not_linked,No strong mechanism or phenotype link in this panel.,0.0000,0.0000,,,0.0628,0.2122,0.1061,,,HP:0008872|Feeding difficulties in infancy|3.08; HP:0000256|Macrocephaly|2.97; HP:0011355|Localized skin lesion|2.14,5,disease_similarity_reactome_idf_jaccard_mondo_group_hpo_simgic_v0.4
MONDO:0010079,MONDO:0014113,Canavan disease,cardiofaciocutaneous syndrome 3,cross-family,not_linked,No strong mechanism or phenotype link in this panel.,0.0000,0.0000,,,0.0623,0.2122,0.1061,,,HP:0000639|Nystagmus|2.29,3,disease_similarity_reactome_idf_jaccard_mondo_group_hpo_simgic_v0.4
MONDO:0012432,MONDO:0012669,Joubert syndrome 5,Legius syndrome,cross-family,not_linked,No strong mechanism or phenotype link in this panel.,0.0000,0.0000,,,0.0626,0.2122,0.1061,,,HP:0000734|Disinhibition|2.71; HP:0000508|Ptosis|2.63,2,disease_similarity_reactome_idf_jaccard_mondo_group_hpo_simgic_v0.4
MONDO:0009260,MONDO:0012432,GM1 gangliosidosis type 1,Joubert syndrome 5,cross-family,not_linked,No strong mechanism or phenotype link in this panel.,0.0434,0.0434,,,0.0523,0.1672,0.1053,,R-HSA-6798695|Neutrophil degranulation,HP:0000479|Abnormal retinal morphology|2.31,3,disease_similarity_reactome_idf_jaccard_mondo_group_hpo_simgic_v0.4
MONDO:0009265,MONDO:0009591,Gaucher disease type I,"metachromatic leukodystrophy, juvenile form",lysosomal storage,not_linked,No strong mechanism or phenotype link in this panel.,0.1500,0.0363,,MONDO:0002561|lysosomal storage disease,0.0245,0.0605,0.1053,,R-HSA-9840310|Glycosphingolipid catabolism,HP:0001392|Abnormality of the liver|2.14,0,disease_similarity_reactome_idf_jaccard_mondo_group_hpo_simgic_v0.4
MONDO:0008300,MONDO:0014113,Prader-Willi syndrome,cardiofaciocutaneous syndrome 3,cross-family,not_linked,No strong mechanism or phenotype link in this panel.,0.0000,0.0000,,,0.0615,0.2090,0.1045,,,HP:0004349|Reduced bone mineral density|2.97; HP:0001508|Failure to thrive|2.35; HP:0002650|Scoliosis|2.04,5,disease_similarity_reactome_idf_jaccard_mondo_group_hpo_simgic_v0.4
MONDO:0008854,MONDO:0009261,Bardet-Biedl syndrome 1,GM1 gangliosidosis type 2,cross-family,not_linked,No strong mechanism or phenotype link in this panel.,0.0000,0.0000,,,0.0613,0.2090,0.1045,,,HP:0410042|Abnormal liver morphology|2.36; HP:0040069|Abnormal lower limb bone morphology|2.26; HP:0001251|Ataxia|2.19; HP:0009815|Aplasia/hypoplasia of the extremities|2.19; HP:0002650|Scoliosis|2.04,2,disease_similarity_reactome_idf_jaccard_mondo_group_hpo_simgic_v0.4
MONDO:0008854,MONDO:0009265,Bardet-Biedl syndrome 1,Gaucher disease type I,cross-family,not_linked,No strong mechanism or phenotype link in this panel.,0.0000,0.0000,,,0.0609,0.2090,0.1045,,,HP:0000546|Retinal degeneration|3.88; HP:0000822|Hypertension|3.39; HP:0410042|Abnormal liver morphology|2.36; HP:0040069|Abnormal lower limb bone morphology|2.26,1,disease_similarity_reactome_idf_jaccard_mondo_group_hpo_simgic_v0.4
MONDO:0008944,MONDO:0009218,Joubert syndrome 1,Farber lipogranulomatosis,cross-family,not_linked,No strong mechanism or phenotype link in this panel.,0.0000,0.0000,,,0.0611,0.2090,0.1045,,,HP:0005918|Abnormal finger phalanx morphology|2.47; HP:0410042|Abnormal liver morphology|2.36; HP:0000479|Abnormal retinal morphology|2.31; HP:0001270|Motor delay|2.26; HP:0040069|Abnormal lower limb bone morphology|2.26; HP:0025766|Abnormal affect|2.13,1,disease_similarity_reactome_idf_jaccard_mondo_group_hpo_simgic_v0.4
MONDO:0009218,MONDO:0011963,Farber lipogranulomatosis,Joubert syndrome 2,cross-family,not_linked,No strong mechanism or phenotype link in this panel.,0.0000,0.0000,,,0.0610,0.2090,0.1045,,,HP:0005918|Abnormal finger phalanx morphology|2.47; HP:0001508|Failure to thrive|2.35; HP:0000479|Abnormal retinal morphology|2.31; HP:0040069|Abnormal lower limb bone morphology|2.26,2,disease_similarity_reactome_idf_jaccard_mondo_group_hpo_simgic_v0.4
MONDO:0009262,MONDO:0014113,GM1 gangliosidosis type 3,cardiofaciocutaneous syndrome 3,cross-family,not_linked,No strong mechanism or phenotype link in this panel.,0.0000,0.0000,,,0.0614,0.2090,0.1045,,,HP:0002650|Scoliosis|2.04,3,disease_similarity_reactome_idf_jaccard_mondo_group_hpo_simgic_v0.4
MONDO:0008854,MONDO:0009728,Bardet-Biedl syndrome 1,nephronophthisis 1,ciliopathies,not_linked,No strong mechanism or phenotype link in this panel.,0.1500,0.0000,,MONDO:0005308|ciliopathy,0.0270,0.0530,0.1015,,,HP:0000822|Hypertension|3.39,1,disease_similarity_reactome_idf_jaccard_mondo_group_hpo_simgic_v0.4
MONDO:0009659,MONDO:0014432,mucopolysaccharidosis type 4A,Bardet-Biedl syndrome 2,cross-family,not_linked,No strong mechanism or phenotype link in this panel.,0.0000,0.0000,,,0.0606,0.2026,0.1013,,,HP:0001654|Abnormal heart valve morphology|3.38; HP:0000692|Tooth malposition|3.14; HP:0000470|Short neck|3.13; HP:0040069|Abnormal lower limb bone morphology|2.26; HP:0001999|Abnormal facial shape|2.06,2,disease_similarity_reactome_idf_jaccard_mondo_group_hpo_simgic_v0.4
MONDO:0008944,MONDO:0009738,Joubert syndrome 1,sialidosis type 2,cross-family,not_linked,No strong mechanism or phenotype link in this panel.,0.0000,0.0000,,,0.0600,0.1994,0.0997,,,HP:0001336|Myoclonus|3.46; HP:0001290|Generalized hypotonia|2.86; HP:0410042|Abnormal liver morphology|2.36; HP:0000479|Abnormal retinal morphology|2.31; HP:0001251|Ataxia|2.19; HP:0001324|Muscle weakness|2.08,3,disease_similarity_reactome_idf_jaccard_mondo_group_hpo_simgic_v0.4
MONDO:0009218,MONDO:0014432,Farber lipogranulomatosis,Bardet-Biedl syndrome 2,cross-family,not_linked,No strong mechanism or phenotype link in this panel.,0.0000,0.0000,,,0.0598,0.1994,0.0997,,,HP:0005918|Abnormal finger phalanx morphology|2.47; HP:0000479|Abnormal retinal morphology|2.31; HP:0040069|Abnormal lower limb bone morphology|2.26; HP:0025766|Abnormal affect|2.13,1,disease_similarity_reactome_idf_jaccard_mondo_group_hpo_simgic_v0.4
MONDO:0009266,MONDO:0014113,Gaucher disease type II,cardiofaciocutaneous syndrome 3,cross-family,not_linked,No strong mechanism or phenotype link in this panel.,0.0000,0.0000,,,0.0600,0.1994,0.0997,,,HP:0001508|Failure to thrive|2.35,3,disease_similarity_reactome_idf_jaccard_mondo_group_hpo_simgic_v0.4
MONDO:0009571,MONDO:0009757,"Meckel syndrome, type 1","Niemann-Pick disease, type C1",cross-family,not_linked,No strong mechanism or phenotype link in this panel.,0.0000,0.0000,,,0.0598,0.1994,0.0997,,,HP:0034058|Abnormal fetal morphology|3.59; HP:0004297|Abnormality of the biliary system|3.13; HP:0001744|Splenomegaly|2.95; HP:0011004|Abnormal systemic arterial morphology|2.95,3,disease_similarity_reactome_idf_jaccard_mondo_group_hpo_simgic_v0.4
MONDO:0011963,MONDO:0012669,Joubert syndrome 2,Legius syndrome,cross-family,not_linked,No strong mechanism or phenotype link in this panel.,0.0000,0.0000,,,0.0600,0.1994,0.0997,,,HP:0000256|Macrocephaly|2.97; HP:0000369|Low-set ears|2.49; HP:0000218|High palate|2.48; HP:0000316|Hypertelorism|2.30,5,disease_similarity_reactome_idf_jaccard_mondo_group_hpo_simgic_v0.4
MONDO:0011963,MONDO:0018975,Joubert syndrome 2,neurofibromatosis type 1,cross-family,not_linked,No strong mechanism or phenotype link in this panel.,0.0000,0.0000,,,0.0597,0.1994,0.0997,,,HP:0045005|Neural tube defect|3.60; HP:0000238|Hydrocephalus|3.26; HP:0000256|Macrocephaly|2.97; HP:0000553|Abnormal uvea morphology|2.93; HP:0000369|Low-set ears|2.49; HP:0000316|Hypertelorism|2.30,5,disease_similarity_reactome_idf_jaccard_mondo_group_hpo_simgic_v0.4
MONDO:0008300,MONDO:0009261,Prader-Willi syndrome,GM1 gangliosidosis type 2,cross-family,not_linked,No strong mechanism or phenotype link in this panel.,0.0000,0.0000,,,0.0596,0.1961,0.0981,,,HP:0002808|Kyphosis|2.92; HP:0001290|Generalized hypotonia|2.86; HP:0002119|Ventriculomegaly|2.65; HP:0003330|Abnormal bone structure|2.44; HP:0001197|Abnormality of prenatal development or birth|2.37; HP:0001508|Failure to thrive|2.35,3,disease_similarity_reactome_idf_jaccard_mondo_group_hpo_simgic_v0.4
MONDO:0010526,MONDO:0012547,Fabry disease,Noonan syndrome 4,cross-family,not_linked,No strong mechanism or phenotype link in this panel.,0.0000,0.0000,,,0.0594,0.1961,0.0981,,,HP:0010438|Abnormal ventricular septum morphology|2.92; HP:0011276|Vascular skin abnormality|2.80,0,disease_similarity_reactome_idf_jaccard_mondo_group_hpo_simgic_v0.4
MONDO:0014113,MONDO:0018975,cardiofaciocutaneous syndrome 3,neurofibromatosis type 1,RASopathies,not_linked,No strong mechanism or phenotype link in this panel.,0.1500,0.0000,,MONDO:0021060|RASopathy,0.0996,0.0455,0.0977,,,HP:0000465|Webbed neck|4.39; HP:0001642|Pulmonic stenosis|4.17; HP:0001639|Hypertrophic cardiomyopathy|3.92; HP:0000767|Pectus excavatum|3.32; HP:0001631|Atrial septal defect|3.05; HP:0001629|Ventricular septal defect|2.95,9,disease_similarity_reactome_idf_jaccard_mondo_group_hpo_simgic_v0.4
MONDO:0009499,MONDO:0009659,Krabbe disease,mucopolysaccharidosis type 4A,lysosomal storage,not_linked,No strong mechanism or phenotype link in this panel.,0.1500,0.0000,,MONDO:0002561|lysosomal storage disease,0.0227,0.0447,0.0974,,,,1,disease_similarity_reactome_idf_jaccard_mondo_group_hpo_simgic_v0.4
MONDO:0010006,MONDO:0012433,Sandhoff disease,Senior-Loken syndrome 6,cross-family,not_linked,No strong mechanism or phenotype link in this panel.,0.0428,0.0428,,,0.0489,0.1511,0.0970,,R-HSA-6798695|Neutrophil degranulation,HP:0007663|Reduced visual acuity|2.91; HP:0000479|Abnormal retinal morphology|2.31,0,disease_similarity_reactome_idf_jaccard_mondo_group_hpo_simgic_v0.4
MONDO:0010006,MONDO:0011963,Sandhoff disease,Joubert syndrome 2,cross-family,not_linked,No strong mechanism or phenotype link in this panel.,0.0000,0.0000,,,0.0591,0.1929,0.0965,,,HP:0000256|Macrocephaly|2.97; HP:0000479|Abnormal retinal morphology|2.31; HP:0001251|Ataxia|2.19; HP:0000505|Visual impairment|2.17,3,disease_similarity_reactome_idf_jaccard_mondo_group_hpo_simgic_v0.4
MONDO:0010526,MONDO:0100082,Fabry disease,LEOPARD syndrome 1,cross-family,not_linked,No strong mechanism or phenotype link in this panel.,0.0000,0.0000,,,0.0591,0.1929,0.0965,,,HP:0001711|Abnormal left ventricle morphology|4.39; HP:0000823|Delayed puberty|4.13; HP:0030956|Abnormality of cardiovascular system electrophysiology|2.77; HP:0001671|Abnormal cardiac septum morphology|2.44,1,disease_similarity_reactome_idf_jaccard_mondo_group_hpo_simgic_v0.4
MONDO:0009261,MONDO:0012432,GM1 gangliosidosis type 2,Joubert syndrome 5,cross-family,not_linked,No strong mechanism or phenotype link in this panel.,0.0434,0.0434,,,0.0480,0.1479,0.0957,,R-HSA-6798695|Neutrophil degranulation,HP:0001290|Generalized hypotonia|2.86; HP:0001251|Ataxia|2.19,2,disease_similarity_reactome_idf_jaccard_mondo_group_hpo_simgic_v0.4
MONDO:0010526,MONDO:0012432,Fabry disease,Joubert syndrome 5,cross-family,not_linked,No strong mechanism or phenotype link in this panel.,0.0578,0.0578,,,0.0454,0.1318,0.0948,,R-HSA-6798695|Neutrophil degranulation,HP:0000083|Renal insufficiency|3.19,0,disease_similarity_reactome_idf_jaccard_mondo_group_hpo_simgic_v0.4
MONDO:0009262,MONDO:0012432,GM1 gangliosidosis type 3,Joubert syndrome 5,cross-family,not_linked,No strong mechanism or phenotype link in this panel.,0.0434,0.0434,,,0.0479,0.1447,0.0941,,R-HSA-6798695|Neutrophil degranulation,HP:0000479|Abnormal retinal morphology|2.31; HP:0001251|Ataxia|2.19,1,disease_similarity_reactome_idf_jaccard_mondo_group_hpo_simgic_v0.4
MONDO:0009571,MONDO:0009728,"Meckel syndrome, type 1",nephronophthisis 1,ciliopathies,not_linked,No strong mechanism or phenotype link in this panel.,0.1500,0.0500,,MONDO:0005308|ciliopathy,0.0150,0.0379,0.0939,,R-HSA-5620912|Anchoring of the basal body to the plasma membrane,HP:0000107|Renal cyst|3.70,0,disease_similarity_reactome_idf_jaccard_mondo_group_hpo_simgic_v0.4
MONDO:0008104,MONDO:0009218,Noonan syndrome 1,Farber lipogranulomatosis,cross-family,not_linked,No strong mechanism or phenotype link in this panel.,0.0000,0.0000,,,0.0585,0.1865,0.0932,,,HP:0011004|Abnormal systemic arterial morphology|2.95; HP:0009810|Abnormality of upper limb joint|2.59; HP:0001508|Failure to thrive|2.35; HP:0011355|Localized skin lesion|2.14,1,disease_similarity_reactome_idf_jaccard_mondo_group_hpo_simgic_v0.4
MONDO:0008300,MONDO:0009757,Prader-Willi syndrome,"Niemann-Pick disease, type C1",cross-family,not_linked,No strong mechanism or phenotype link in this panel.,0.0000,0.0000,,,0.0583,0.1865,0.0932,,,HP:0000709|Psychosis|4.56; HP:0034057|Fetal anomaly|3.06; HP:0001290|Generalized hypotonia|2.86; HP:0100543|Cognitive impairment|2.30; HP:0000549|Abnormal conjugate eye movement|2.14; HP:0011354|Generalized abnormality of skin|2.11,5,disease_similarity_reactome_idf_jaccard_mondo_group_hpo_simgic_v0.4
MONDO:0008763,MONDO:0010079,Alstrom syndrome,Canavan disease,cross-family,not_linked,No strong mechanism or phenotype link in this panel.,0.0000,0.0000,,,0.0585,0.1865,0.0932,,,HP:0000618|Blindness|4.15; HP:0000639|Nystagmus|2.29,4,disease_similarity_reactome_idf_jaccard_mondo_group_hpo_simgic_v0.4
MONDO:0008944,MONDO:0009659,Joubert syndrome 1,mucopolysaccharidosis type 4A,cross-family,not_linked,No strong mechanism or phenotype link in this panel.,0.0000,0.0000,,,0.0581,0.1865,0.0932,,,HP:0034238|Closed neural tube defect|5.26; HP:0031936|Delayed ability to walk|3.52; HP:0410042|Abnormal liver morphology|2.36; HP:0040069|Abnormal lower limb bone morphology|2.26,2,disease_similarity_reactome_idf_jaccard_mondo_group_hpo_simgic_v0.4
MONDO:0008944,MONDO:0009756,Joubert syndrome 1,Niemann-Pick disease type A,cross-family,not_linked,No strong mechanism or phenotype link in this panel.,0.0000,0.0000,,,0.0573,0.1865,0.0932,,,HP:0000256|Macrocephaly|2.97; HP:0410042|Abnormal liver morphology|2.36; HP:0000479|Abnormal retinal morphology|2.31; HP:0004305|Involuntary movements|2.18; HP:0025766|Abnormal affect|2.13; HP:0001324|Muscle weakness|2.08,4,disease_similarity_reactome_idf_jaccard_mondo_group_hpo_simgic_v0.4
MONDO:0009026,MONDO:0010526,Costello syndrome,Fabry disease,cross-family,not_linked,No strong mechanism or phenotype link in this panel.,0.0000,0.0000,,,0.0578,0.1865,0.0932,,,HP:0000083|Renal insufficiency|3.19; HP:0010438|Abnormal ventricular septum morphology|2.92; HP:0011675|Arrhythmia|2.90; HP:0025015|Abnormal vascular morphology|2.07,2,disease_similarity_reactome_idf_jaccard_mondo_group_hpo_simgic_v0.4
MONDO:0009262,MONDO:0012371,GM1 gangliosidosis type 3,Noonan syndrome 3,cross-family,not_linked,No strong mechanism or phenotype link in this panel.,0.0000,0.0000,,,0.0585,0.1865,0.0932,,,HP:0000280|Coarse facial features|3.63; HP:0002119|Ventriculomegaly|2.65; HP:0033353|Abnormal blood vessel morphology|2.25,3,disease_similarity_reactome_idf_jaccard_mondo_group_hpo_simgic_v0.4
MONDO:0009499,MONDO:0012433,Krabbe disease,Senior-Loken syndrome 6,cross-family,not_linked,No strong mechanism or phenotype link in this panel.,0.0000,0.0000,,,0.0576,0.1865,0.0932,,,HP:0007663|Reduced visual acuity|2.91,0,disease_similarity_reactome_idf_jaccard_mondo_group_hpo_simgic_v0.4
MONDO:0009499,MONDO:0014113,Krabbe disease,cardiofaciocutaneous syndrome 3,cross-family,not_linked,No strong mechanism or phenotype link in this panel.,0.0000,0.0000,,,0.0573,0.1865,0.0932,,,HP:0001508|Failure to thrive|2.35; HP:0000639|Nystagmus|2.29,4,disease_similarity_reactome_idf_jaccard_mondo_group_hpo_simgic_v0.4
MONDO:0009737,MONDO:0012547,galactosialidosis,Noonan syndrome 4,cross-family,not_linked,No strong mechanism or phenotype link in this panel.,0.0000,0.0000,,,0.0578,0.1865,0.0932,,,HP:0011276|Vascular skin abnormality|2.80,1,disease_similarity_reactome_idf_jaccard_mondo_group_hpo_simgic_v0.4
MONDO:0009737,MONDO:0012690,galactosialidosis,Noonan syndrome 5,cross-family,not_linked,No strong mechanism or phenotype link in this panel.,0.0000,0.0000,,,0.0574,0.1865,0.0932,,,HP:0001999|Abnormal facial shape|2.06,1,disease_similarity_reactome_idf_jaccard_mondo_group_hpo_simgic_v0.4
MONDO:0009737,MONDO:0013379,galactosialidosis,Noonan syndrome 7,cross-family,not_linked,No strong mechanism or phenotype link in this panel.,0.0000,0.0000,,,0.0576,0.1865,0.0932,,,HP:0011793|Neoplasm by anatomical site|2.30,2,disease_similarity_reactome_idf_jaccard_mondo_group_hpo_simgic_v0.4
MONDO:0009756,MONDO:0012690,Niemann-Pick disease type A,Noonan syndrome 5,cross-family,not_linked,No strong mechanism or phenotype link in this panel.,0.0000,0.0000,,,0.0587,0.1865,0.0932,,,HP:0000256|Macrocephaly|2.97; HP:0011355|Localized skin lesion|2.14,4,disease_similarity_reactome_idf_jaccard_mondo_group_hpo_simgic_v0.4
MONDO:0010006,MONDO:0014432,Sandhoff disease,Bardet-Biedl syndrome 2,cross-family,not_linked,No strong mechanism or phenotype link in this panel.,0.0000,0.0000,,,0.0576,0.1865,0.0932,,,HP:0030972|Abnormal systemic blood pressure|2.99; HP:0007663|Reduced visual acuity|2.91; HP:0000080|Abnormality of reproductive system physiology|2.62; HP:0010936|Abnormality of the lower urinary tract|2.46; HP:0000479|Abnormal retinal morphology|2.31; HP:0001999|Abnormal facial shape|2.06,0,disease_similarity_reactome_idf_jaccard_mondo_group_hpo_simgic_v0.4
MONDO:0010100,MONDO:0014113,Tay-Sachs disease,cardiofaciocutaneous syndrome 3,cross-family,not_linked,No strong mechanism or phenotype link in this panel.,0.0000,0.0000,,,0.0581,0.1865,0.0932,,,,2,disease_similarity_reactome_idf_jaccard_mondo_group_hpo_simgic_v0.4
MONDO:0009218,MONDO:0010099,Farber lipogranulomatosis,Tay-Sachs disease AB variant,lysosomal storage,not_linked,No strong mechanism or phenotype link in this panel.,0.1500,0.0500,,MONDO:0002561|lysosomal storage disease,0.0219,0.0342,0.0921,,R-HSA-6798695|Neutrophil degranulation; R-HSA-9840310|Glycosphingolipid catabolism,HP:0025766|Abnormal affect|2.13,0,disease_similarity_reactome_idf_jaccard_mondo_group_hpo_simgic_v0.4
MONDO:0008763,MONDO:0009267,Alstrom syndrome,Gaucher disease type III,cross-family,not_linked,No strong mechanism or phenotype link in this panel.,0.0000,0.0000,,,0.0565,0.1833,0.0916,,,HP:0002240|Hepatomegaly|2.66; HP:0033353|Abnormal blood vessel morphology|2.25,2,disease_similarity_reactome_idf_jaccard_mondo_group_hpo_simgic_v0.4
MONDO:0008763,MONDO:0009499,Alstrom syndrome,Krabbe disease,cross-family,not_linked,No strong mechanism or phenotype link in this panel.,0.0000,0.0000,,,0.0561,0.1833,0.0916,,,HP:0000618|Blindness|4.15; HP:0000639|Nystagmus|2.29,2,disease_similarity_reactome_idf_jaccard_mondo_group_hpo_simgic_v0.4
MONDO:0008854,MONDO:0014113,Bardet-Biedl syndrome 1,cardiofaciocutaneous syndrome 3,cross-family,not_linked,No strong mechanism or phenotype link in this panel.,0.0000,0.0000,,,0.0570,0.1833,0.0916,,,HP:0001713|Abnormal cardiac ventricle morphology|2.62; HP:0000639|Nystagmus|2.29; HP:0002650|Scoliosis|2.04,4,disease_similarity_reactome_idf_jaccard_mondo_group_hpo_simgic_v0.4
MONDO:0008944,MONDO:0009660,Joubert syndrome 1,mucopolysaccharidosis type 4B,cross-family,not_linked,No strong mechanism or phenotype link in this panel.,0.0000,0.0000,,,0.0563,0.1833,0.0916,,,HP:0034238|Closed neural tube defect|5.26; HP:0410042|Abnormal liver morphology|2.36; HP:0040069|Abnormal lower limb bone morphology|2.26; HP:0001251|Ataxia|2.19,2,disease_similarity_reactome_idf_jaccard_mondo_group_hpo_simgic_v0.4
MONDO:0009026,MONDO:0009756,Costello syndrome,Niemann-Pick disease type A,cross-family,not_linked,No strong mechanism or phenotype link in this panel.,0.0000,0.0000,,,0.0568,0.1833,0.0916,,,HP:0008872|Feeding difficulties in infancy|3.08; HP:0000256|Macrocephaly|2.97; HP:0100763|Abnormality of the lymphatic system|2.52; HP:0001508|Failure to thrive|2.35; HP:0011355|Localized skin lesion|2.14; HP:0025015|Abnormal vascular morphology|2.07,5,disease_similarity_reactome_idf_jaccard_mondo_group_hpo_simgic_v0.4
MONDO:0009261,MONDO:0010589,GM1 gangliosidosis type 2,"Aarskog-Scott syndrome, X-linked",cross-family,not_linked,No strong mechanism or phenotype link in this panel.,0.0000,0.0000,,,0.0565,0.1833,0.0916,,,HP:0008518|Aplasia/Hypoplasia involving the vertebral column|4.74; HP:0001508|Failure to thrive|2.35; HP:0100543|Cognitive impairment|2.30; HP:0040069|Abnormal lower limb bone morphology|2.26; HP:0009815|Aplasia/hypoplasia of the extremities|2.19; HP:0000765|Abnormal thorax morphology|2.16,2,disease_similarity_reactome_idf_jaccard_mondo_group_hpo_simgic_v0.4
MONDO:0009262,MONDO:0011963,GM1 gangliosidosis type 3,Joubert syndrome 2,cross-family,not_linked,No strong mechanism or phenotype link in this panel.,0.0000,0.0000,,,0.0569,0.1833,0.0916,,,HP:0002119|Ventriculomegaly|2.65; HP:0000479|Abnormal retinal morphology|2.31; HP:0001251|Ataxia|2.19,2,disease_similarity_reactome_idf_jaccard_mondo_group_hpo_simgic_v0.4
MONDO:0009265,MONDO:0012547,Gaucher disease type I,Noonan syndrome 4,cross-family,not_linked,No strong mechanism or phenotype link in this panel.,0.0000,0.0000,,,0.0566,0.1833,0.0916,,,HP:0001873|Thrombocytopenia|3.20; HP:0031653|Abnormal heart valve physiology|3.17; HP:0001892|Abnormal bleeding|2.86,1,disease_similarity_reactome_idf_jaccard_mondo_group_hpo_simgic_v0.4
MONDO:0009660,MONDO:0011963,mucopolysaccharidosis type 4B,Joubert syndrome 2,cross-family,not_linked,No strong mechanism or phenotype link in this panel.,0.0000,0.0000,,,0.0563,0.1833,0.0916,,,HP:0045005|Neural tube defect|3.60; HP:0001273|Abnormal corpus callosum morphology|2.35; HP:0040069|Abnormal lower limb bone morphology|2.26; HP:0001251|Ataxia|2.19,2,disease_similarity_reactome_idf_jaccard_mondo_group_hpo_simgic_v0.4
MONDO:0009738,MONDO:0013379,sialidosis type 2,Noonan syndrome 7,cross-family,not_linked,No strong mechanism or phenotype link in this panel.,0.0000,0.0000,,,0.0568,0.1833,0.0916,,,HP:0001638|Cardiomyopathy|2.96; HP:0001290|Generalized hypotonia|2.86,5,disease_similarity_reactome_idf_jaccard_mondo_group_hpo_simgic_v0.4
MONDO:0012432,MONDO:0014113,Joubert syndrome 5,cardiofaciocutaneous syndrome 3,cross-family,not_linked,No strong mechanism or phenotype link in this panel.,0.0000,0.0000,,,0.0567,0.1833,0.0916,,,HP:0000639|Nystagmus|2.29,4,disease_similarity_reactome_idf_jaccard_mondo_group_hpo_simgic_v0.4
MONDO:0012432,MONDO:0100082,Joubert syndrome 5,LEOPARD syndrome 1,cross-family,not_linked,No strong mechanism or phenotype link in this panel.,0.0000,0.0000,,,0.0564,0.1833,0.0916,,,HP:0045005|Neural tube defect|3.60; HP:0000175|Cleft palate|2.66; HP:0000508|Ptosis|2.63; HP:0012210|Abnormal renal morphology|2.16,2,disease_similarity_reactome_idf_jaccard_mondo_group_hpo_simgic_v0.4
MONDO:0009737,MONDO:0010079,galactosialidosis,Canavan disease,lysosomal storage,not_linked,No strong mechanism or phenotype link in this panel.,0.0000,0.0000,,,0.0484,0.1816,0.0908,,,,1,disease_similarity_reactome_idf_jaccard_mondo_group_hpo_simgic_v0.4
MONDO:0008104,MONDO:0010526,Noonan syndrome 1,Fabry disease,cross-family,not_linked,No strong mechanism or phenotype link in this panel.,0.0000,0.0000,,,0.0542,0.1801,0.0900,,,HP:0008373|Puberty and gonadal disorders|3.01; HP:0010438|Abnormal ventricular septum morphology|2.92; HP:0011276|Vascular skin abnormality|2.80; HP:0025015|Abnormal vascular morphology|2.07,0,disease_similarity_reactome_idf_jaccard_mondo_group_hpo_simgic_v0.4
MONDO:0008300,MONDO:0009218,Prader-Willi syndrome,Farber lipogranulomatosis,cross-family,not_linked,No strong mechanism or phenotype link in this panel.,0.0000,0.0000,,,0.0559,0.1801,0.0900,,,HP:0001608|Abnormality of the voice|3.21; HP:0002815|Abnormality of the knee|3.03; HP:0003330|Abnormal bone structure|2.44; HP:0001508|Failure to thrive|2.35; HP:0001270|Motor delay|2.26; HP:0040069|Abnormal lower limb bone morphology|2.26,2,disease_similarity_reactome_idf_jaccard_mondo_group_hpo_simgic_v0.4
MONDO:0008300,MONDO:0009260,Prader-Willi syndrome,GM1 gangliosidosis type 1,cross-family,not_linked,No strong mechanism or phenotype link in this panel.,0.0000,0.0000,,,0.0554,0.1801,0.0900,,,HP:0002808|Kyphosis|2.92; HP:0001511|Intrauterine growth retardation|2.78; HP:0002683|Abnormal calvaria morphology|2.11; HP:0011354|Generalized abnormality of skin|2.11; HP:0002650|Scoliosis|2.04; HP:0000290|Abnormal forehead morphology|2.02,6,disease_similarity_reactome_idf_jaccard_mondo_group_hpo_simgic_v0.4
MONDO:0008854,MONDO:0010079,Bardet-Biedl syndrome 1,Canavan disease,cross-family,not_linked,No strong mechanism or phenotype link in this panel.,0.0000,0.0000,,,0.0558,0.1801,0.0900,,,HP:0000256|Macrocephaly|2.97; HP:0007663|Reduced visual acuity|2.91; HP:0000639|Nystagmus|2.29,4,disease_similarity_reactome_idf_jaccard_mondo_group_hpo_simgic_v0.4
MONDO:0008944,MONDO:0009757,Joubert syndrome 1,"Niemann-Pick disease, type C1",cross-family,not_linked,No strong mechanism or phenotype link in this panel.,0.0000,0.0000,,,0.0544,0.1801,0.0900,,,HP:0001290|Generalized hypotonia|2.86; HP:0410042|Abnormal liver morphology|2.36; HP:0001251|Ataxia|2.19; HP:0000549|Abnormal conjugate eye movement|2.14,5,disease_similarity_reactome_idf_jaccard_mondo_group_hpo_simgic_v0.4
MONDO:0008944,MONDO:0018975,Joubert syndrome 1,neurofibromatosis type 1,cross-family,not_linked,No strong mechanism or phenotype link in this panel.,0.0000,0.0000,,,0.0555,0.1801,0.0900,,,HP:0010651|Abnormal meningeal morphology|4.25; HP:0045005|Neural tube defect|3.60; HP:0000256|Macrocephaly|2.97; HP:0000553|Abnormal uvea morphology|2.93; HP:0000369|Low-set ears|2.49; HP:0002118|Abnormal cerebral ventricle morphology|2.31,2,disease_similarity_reactome_idf_jaccard_mondo_group_hpo_simgic_v0.4
MONDO:0009218,MONDO:0014113,Farber lipogranulomatosis,cardiofaciocutaneous syndrome 3,cross-family,not_linked,No strong mechanism or phenotype link in this panel.,0.0000,0.0000,,,0.0551,0.1801,0.0900,,,HP:0003330|Abnormal bone structure|2.44; HP:0001508|Failure to thrive|2.35,2,disease_similarity_reactome_idf_jaccard_mondo_group_hpo_simgic_v0.4
MONDO:0009262,MONDO:0018975,GM1 gangliosidosis type 3,neurofibromatosis type 1,cross-family,not_linked,No strong mechanism or phenotype link in this panel.,0.0000,0.0000,,,0.0548,0.1801,0.0900,,,HP:0001256|Mild intellectual disability|3.27; HP:0011004|Abnormal systemic arterial morphology|2.95; HP:0002808|Kyphosis|2.92; HP:0100491|Abnormality of lower limb joint|2.43; HP:0002118|Abnormal cerebral ventricle morphology|2.31; HP:0002650|Scoliosis|2.04,5,disease_similarity_reactome_idf_jaccard_mondo_group_hpo_simgic_v0.4
MONDO:0009265,MONDO:0014432,Gaucher disease type I,Bardet-Biedl syndrome 2,cross-family,not_linked,No strong mechanism or phenotype link in this panel.,0.0000,0.0000,,,0.0550,0.1801,0.0900,,,HP:0000546|Retinal degeneration|3.88; HP:0000822|Hypertension|3.39; HP:0040069|Abnormal lower limb bone morphology|2.26,1,disease_similarity_reactome_idf_jaccard_mondo_group_hpo_simgic_v0.4
MONDO:0009265,MONDO:0018975,Gaucher disease type I,neurofibromatosis type 1,cross-family,not_linked,No strong mechanism or phenotype link in this panel.,0.0000,0.0000,,,0.0542,0.1801,0.0900,,,HP:0031481|Abnormal mitral valve physiology|4.19; HP:0000822|Hypertension|3.39; HP:0000953|Hyperpigmentation of the skin|3.36; HP:0011793|Neoplasm by anatomical site|2.30; HP:0040069|Abnormal lower limb bone morphology|2.26,1,disease_similarity_reactome_idf_jaccard_mondo_group_hpo_simgic_v0.4
MONDO:0009266,MONDO:0012371,Gaucher disease type II,Noonan syndrome 3,cross-family,not_linked,No strong mechanism or phenotype link in this panel.,0.0000,0.0000,,,0.0554,0.1801,0.0900,,,HP:0030962|Abnormal morphology of the great vessels|2.62; HP:0001508|Failure to thrive|2.35; HP:0011968|Feeding difficulties|2.18; HP:0000486|Strabismus|2.18,5,disease_similarity_reactome_idf_jaccard_mondo_group_hpo_simgic_v0.4
MONDO:0009659,MONDO:0012669,mucopolysaccharidosis type 4A,Legius syndrome,cross-family,not_linked,No strong mechanism or phenotype link in this panel.,0.0000,0.0000,,,0.0549,0.1801,0.0900,,,HP:0000470|Short neck|3.13; HP:0000766|Abnormal sternum morphology|2.92; HP:0009122|Aplasia/hypoplasia affecting bones of the axial skeleton|2.17; HP:0001999|Abnormal facial shape|2.06; HP:0000277|Abnormal mandible morphology|2.01,1,disease_similarity_reactome_idf_jaccard_mondo_group_hpo_simgic_v0.4
MONDO:0009738,MONDO:0011963,sialidosis type 2,Joubert syndrome 2,cross-family,not_linked,No strong mechanism or phenotype link in this panel.,0.0000,0.0000,,,0.0543,0.1801,0.0900,,,HP:0000479|Abnormal retinal morphology|2.31; HP:0000639|Nystagmus|2.29; HP:0001251|Ataxia|2.19; HP:0000505|Visual impairment|2.17,4,disease_similarity_reactome_idf_jaccard_mondo_group_hpo_simgic_v0.4
MONDO:0009757,MONDO:0013379,"Niemann-Pick disease, type C1",Noonan syndrome 7,cross-family,not_linked,No strong mechanism or phenotype link in this panel.,0.0000,0.0000,,,0.0551,0.1801,0.0900,,,HP:0002015|Dysphagia|2.88; HP:0001290|Generalized hypotonia|2.86; HP:0100543|Cognitive impairment|2.30; HP:0000549|Abnormal conjugate eye movement|2.14,5,disease_similarity_reactome_idf_jaccard_mondo_group_hpo_simgic_v0.4
MONDO:0010006,MONDO:0012669,Sandhoff disease,Legius syndrome,cross-family,not_linked,No strong mechanism or phenotype link in this panel.,0.0000,0.0000,,,0.0546,0.1801,0.0900,,,HP:0000256|Macrocephaly|2.97; HP:0100543|Cognitive impairment|2.30; HP:0001999|Abnormal facial shape|2.06,2,disease_similarity_reactome_idf_jaccard_mondo_group_hpo_simgic_v0.4
MONDO:0010100,MONDO:0014438,Tay-Sachs disease,Bardet-Biedl syndrome 10,cross-family,not_linked,No strong mechanism or phenotype link in this panel.,0.0000,0.0000,,,0.0558,0.1801,0.0900,,,HP:0000479|Abnormal retinal morphology|2.31,1,disease_similarity_reactome_idf_jaccard_mondo_group_hpo_simgic_v0.4
MONDO:0011963,MONDO:0014113,Joubert syndrome 2,cardiofaciocutaneous syndrome 3,cross-family,not_linked,No strong mechanism or phenotype link in this panel.,0.0000,0.0000,,,0.0542,0.1801,0.0900,,,HP:0001508|Failure to thrive|2.35; HP:0000639|Nystagmus|2.29,6,disease_similarity_reactome_idf_jaccard_mondo_group_hpo_simgic_v0.4
MONDO:0012626,MONDO:0012690,"Meckel syndrome, type 4",Noonan syndrome 5,cross-family,not_linked,No strong mechanism or phenotype link in this panel.,0.0000,0.0000,,,0.0558,0.1801,0.0900,,,HP:0001631|Atrial septal defect|3.05,1,disease_similarity_reactome_idf_jaccard_mondo_group_hpo_simgic_v0.4
MONDO:0014113,MONDO:0014438,cardiofaciocutaneous syndrome 3,Bardet-Biedl syndrome 10,cross-family,not_linked,No strong mechanism or phenotype link in this panel.,0.0000,0.0000,,,0.0549,0.1801,0.0900,,,,2,disease_similarity_reactome_idf_jaccard_mondo_group_hpo_simgic_v0.4
MONDO:0008104,MONDO:0008944,Noonan syndrome 1,Joubert syndrome 1,cross-family,not_linked,No strong mechanism or phenotype link in this panel.,0.0000,0.0000,,,0.0535,0.1768,0.0884,,,HP:0030084|Clinodactyly|2.77; HP:0000286|Epicanthus|2.72; HP:0000508|Ptosis|2.63; HP:0000369|Low-set ears|2.49; HP:0000290|Abnormal forehead morphology|2.02,5,disease_similarity_reactome_idf_jaccard_mondo_group_hpo_simgic_v0.4
MONDO:0009218,MONDO:0012371,Farber lipogranulomatosis,Noonan syndrome 3,cross-family,not_linked,No strong mechanism or phenotype link in this panel.,0.0000,0.0000,,,0.0537,0.1768,0.0884,,,HP:0009810|Abnormality of upper limb joint|2.59; HP:0001508|Failure to thrive|2.35; HP:0033353|Abnormal blood vessel morphology|2.25,2,disease_similarity_reactome_idf_jaccard_mondo_group_hpo_simgic_v0.4
MONDO:0009571,MONDO:0014113,"Meckel syndrome, type 1",cardiofaciocutaneous syndrome 3,cross-family,not_linked,No strong mechanism or phenotype link in this panel.,0.0000,0.0000,,,0.0532,0.1768,0.0884,,,HP:0000465|Webbed neck|4.39; HP:0000154|Wide mouth|3.75; HP:0000470|Short neck|3.13; HP:0001671|Abnormal cardiac septum morphology|2.44; HP:0000639|Nystagmus|2.29,5,disease_similarity_reactome_idf_jaccard_mondo_group_hpo_simgic_v0.4
MONDO:0009738,MONDO:0100082,sialidosis type 2,LEOPARD syndrome 1,cross-family,not_linked,No strong mechanism or phenotype link in this panel.,0.0000,0.0000,,,0.0534,0.1768,0.0884,,,HP:0001638|Cardiomyopathy|2.96; HP:0000407|Sensorineural hearing impairment|2.47; HP:0001999|Abnormal facial shape|2.06,2,disease_similarity_reactome_idf_jaccard_mondo_group_hpo_simgic_v0.4
MONDO:0010589,MONDO:0012626,"Aarskog-Scott syndrome, X-linked","Meckel syndrome, type 4",cross-family,not_linked,No strong mechanism or phenotype link in this panel.,0.0000,0.0000,,,0.0538,0.1768,0.0884,,,HP:0004207|Abnormal 5th finger morphology|2.86; HP:0000175|Cleft palate|2.66,2,disease_similarity_reactome_idf_jaccard_mondo_group_hpo_simgic_v0.4
MONDO:0012371,MONDO:0012432,Noonan syndrome 3,Joubert syndrome 5,cross-family,not_linked,No strong mechanism or phenotype link in this panel.,0.0000,0.0000,,,0.0536,0.1768,0.0884,,,HP:0006817|Aplasia/Hypoplasia of the cerebellar vermis|3.52; HP:0000508|Ptosis|2.63; HP:0000639|Nystagmus|2.29,4,disease_similarity_reactome_idf_jaccard_mondo_group_hpo_simgic_v0.4
MONDO:0008300,MONDO:0012432,Prader-Willi syndrome,Joubert syndrome 5,ciliopathies,not_linked,No strong mechanism or phenotype link in this panel.,0.0000,0.0000,,,0.0479,0.1742,0.0871,,,HP:0001290|Generalized hypotonia|2.86; HP:0000734|Disinhibition|2.71; HP:0002793|Abnormal pattern of respiration|2.69; HP:0011443|Abnormality of coordination|2.10,3,disease_similarity_reactome_idf_jaccard_mondo_group_hpo_simgic_v0.4
MONDO:0009218,MONDO:0013379,Farber lipogranulomatosis,Noonan syndrome 7,cross-family,not_linked,No strong mechanism or phenotype link in this panel.,0.0000,0.0000,,,0.0531,0.1736,0.0868,,,HP:0001382|Joint hypermobility|2.89; HP:0009810|Abnormality of upper limb joint|2.59; HP:0011355|Localized skin lesion|2.14,1,disease_similarity_reactome_idf_jaccard_mondo_group_hpo_simgic_v0.4
MONDO:0009660,MONDO:0010099,mucopolysaccharidosis type 4B,Tay-Sachs disease AB variant,lysosomal storage,not_linked,No strong mechanism or phenotype link in this panel.,0.1500,0.0500,,MONDO:0002561|lysosomal storage disease,0.0171,0.0237,0.0868,,R-HSA-6798695|Neutrophil degranulation; R-HSA-9840310|Glycosphingolipid catabolism,,0,disease_similarity_reactome_idf_jaccard_mondo_group_hpo_simgic_v0.4
MONDO:0010526,MONDO:0013379,Fabry disease,Noonan syndrome 7,cross-family,not_linked,No strong mechanism or phenotype link in this panel.,0.0000,0.0000,,,0.0525,0.1736,0.0868,,,HP:0007550|Hypohidrosis or hyperhidrosis|3.76; HP:0001671|Abnormal cardiac septum morphology|2.44,1,disease_similarity_reactome_idf_jaccard_mondo_group_hpo_simgic_v0.4
MONDO:0010006,MONDO:0012371,Sandhoff disease,Noonan syndrome 3,cross-family,not_linked,No strong mechanism or phenotype link in this panel.,0.0000,0.0000,,,0.0522,0.1672,0.0836,,,HP:0000280|Coarse facial features|3.63; HP:0000256|Macrocephaly|2.97; HP:0033353|Abnormal blood vessel morphology|2.25,1,disease_similarity_reactome_idf_jaccard_mondo_group_hpo_simgic_v0.4
MONDO:0008854,MONDO:0009267,Bardet-Biedl syndrome 1,Gaucher disease type III,cross-family,not_linked,No strong mechanism or phenotype link in this panel.,0.0000,0.0000,,,0.0509,0.1640,0.0820,,,HP:0410042|Abnormal liver morphology|2.36; HP:0001251|Ataxia|2.19; HP:0000486|Strabismus|2.18,3,disease_similarity_reactome_idf_jaccard_mondo_group_hpo_simgic_v0.4
MONDO:0008854,MONDO:0009757,Bardet-Biedl syndrome 1,"Niemann-Pick disease, type C1",cross-family,not_linked,No strong mechanism or phenotype link in this panel.,0.0000,0.0000,,,0.0519,0.1640,0.0820,,,HP:0004297|Abnormality of the biliary system|3.13; HP:0410042|Abnormal liver morphology|2.36; HP:0001251|Ataxia|2.19; HP:0000549|Abnormal conjugate eye movement|2.14,3,disease_similarity_reactome_idf_jaccard_mondo_group_hpo_simgic_v0.4
MONDO:0009737,MONDO:0012669,galactosialidosis,Legius syndrome,cross-family,not_linked,No strong mechanism or phenotype link in this panel.,0.0000,0.0000,,,0.0516,0.1640,0.0820,,,HP:0011793|Neoplasm by anatomical site|2.30; HP:0001999|Abnormal facial shape|2.06,0,disease_similarity_reactome_idf_jaccard_mondo_group_hpo_simgic_v0.4
MONDO:0009756,MONDO:0011963,Niemann-Pick disease type A,Joubert syndrome 2,cross-family,not_linked,No strong mechanism or phenotype link in this panel.,0.0000,0.0000,,,0.0509,0.1640,0.0820,,,HP:0000256|Macrocephaly|2.97; HP:0001508|Failure to thrive|2.35; HP:0000479|Abnormal retinal morphology|2.31,5,disease_similarity_reactome_idf_jaccard_mondo_group_hpo_simgic_v0.4
MONDO:0010526,MONDO:0012371,Fabry disease,Noonan syndrome 3,cross-family,not_linked,No strong mechanism or phenotype link in this panel.,0.0000,0.0000,,,0.0508,0.1640,0.0820,,,HP:0010438|Abnormal ventricular septum morphology|2.92; HP:0011276|Vascular skin abnormality|2.80; HP:0025015|Abnormal vascular morphology|2.07,1,disease_similarity_reactome_idf_jaccard_mondo_group_hpo_simgic_v0.4
MONDO:0012626,MONDO:0013379,"Meckel syndrome, type 4",Noonan syndrome 7,cross-family,not_linked,No strong mechanism or phenotype link in this panel.,0.0000,0.0000,,,0.0509,0.1640,0.0820,,,HP:0001631|Atrial septal defect|3.05,1,disease_similarity_reactome_idf_jaccard_mondo_group_hpo_simgic_v0.4
MONDO:0009659,MONDO:0010099,mucopolysaccharidosis type 4A,Tay-Sachs disease AB variant,lysosomal storage,not_linked,No strong mechanism or phenotype link in this panel.,0.1500,0.0500,,MONDO:0002561|lysosomal storage disease,0.0145,0.0132,0.0816,,R-HSA-6798695|Neutrophil degranulation,,0,disease_similarity_reactome_idf_jaccard_mondo_group_hpo_simgic_v0.4
MONDO:0008944,MONDO:0010100,Joubert syndrome 1,Tay-Sachs disease,cross-family,not_linked,No strong mechanism or phenotype link in this panel.,0.0000,0.0000,,,0.0502,0.1608,0.0804,,,HP:0002421|Poor head control|4.29; HP:0001290|Generalized hypotonia|2.86; HP:0000479|Abnormal retinal morphology|2.31; HP:0025780|Abnormal volitional state|2.25,3,disease_similarity_reactome_idf_jaccard_mondo_group_hpo_simgic_v0.4
MONDO:0009571,MONDO:0009756,"Meckel syndrome, type 1",Niemann-Pick disease type A,cross-family,not_linked,No strong mechanism or phenotype link in this panel.,0.0000,0.0000,,,0.0507,0.1608,0.0804,,,HP:0004297|Abnormality of the biliary system|3.13; HP:0001744|Splenomegaly|2.95; HP:0011004|Abnormal systemic arterial morphology|2.95; HP:0002088|Abnormal lung morphology|2.03,3,disease_similarity_reactome_idf_jaccard_mondo_group_hpo_simgic_v0.4
MONDO:0010100,MONDO:0012669,Tay-Sachs disease,Legius syndrome,cross-family,not_linked,No strong mechanism or phenotype link in this panel.,0.0000,0.0000,,,0.0506,0.1608,0.0804,,,HP:0100543|Cognitive impairment|2.30; HP:0025780|Abnormal volitional state|2.25,1,disease_similarity_reactome_idf_jaccard_mondo_group_hpo_simgic_v0.4
MONDO:0008300,MONDO:0014438,Prader-Willi syndrome,Bardet-Biedl syndrome 10,ciliopathies,not_linked,No strong mechanism or phenotype link in this panel.,0.0000,0.0000,,,0.0451,0.1591,0.0795,,,HP:0000135|Hypogonadism|3.57; HP:0001513|Obesity|3.46,3,disease_similarity_reactome_idf_jaccard_mondo_group_hpo_simgic_v0.4
MONDO:0009738,MONDO:0012433,sialidosis type 2,Senior-Loken syndrome 6,cross-family,not_linked,No strong mechanism or phenotype link in this panel.,0.0518,0.0518,,,0.0389,0.1061,0.0790,,R-HSA-6798695|Neutrophil degranulation,HP:0000479|Abnormal retinal morphology|2.31; HP:0000505|Visual impairment|2.17,0,disease_similarity_reactome_idf_jaccard_mondo_group_hpo_simgic_v0.4
MONDO:0009737,MONDO:0010099,galactosialidosis,Tay-Sachs disease AB variant,lysosomal storage,not_linked,No strong mechanism or phenotype link in this panel.,0.1500,0.0500,,MONDO:0002561|lysosomal storage disease,0.0136,0.0079,0.0789,,R-HSA-6798695|Neutrophil degranulation; R-HSA-9840310|Glycosphingolipid catabolism,,1,disease_similarity_reactome_idf_jaccard_mondo_group_hpo_simgic_v0.4
MONDO:0008104,MONDO:0009262,Noonan syndrome 1,GM1 gangliosidosis type 3,cross-family,not_linked,No strong mechanism or phenotype link in this panel.,0.0000,0.0000,,,0.0495,0.1576,0.0788,,,HP:0011004|Abnormal systemic arterial morphology|2.95; HP:0002808|Kyphosis|2.92; HP:0001999|Abnormal facial shape|2.06; HP:0002650|Scoliosis|2.04,1,disease_similarity_reactome_idf_jaccard_mondo_group_hpo_simgic_v0.4
MONDO:0009757,MONDO:0012371,"Niemann-Pick disease, type C1",Noonan syndrome 3,cross-family,not_linked,No strong mechanism or phenotype link in this panel.,0.0000,0.0000,,,0.0499,0.1576,0.0788,,,HP:0001881|Abnormal leukocyte morphology|2.66; HP:0001197|Abnormality of prenatal development or birth|2.37; HP:0033353|Abnormal blood vessel morphology|2.25; HP:0000549|Abnormal conjugate eye movement|2.14; HP:0011354|Generalized abnormality of skin|2.11,3,disease_similarity_reactome_idf_jaccard_mondo_group_hpo_simgic_v0.4
MONDO:0010006,MONDO:0012690,Sandhoff disease,Noonan syndrome 5,cross-family,not_linked,No strong mechanism or phenotype link in this panel.,0.0000,0.0000,,,0.0494,0.1576,0.0788,,,HP:0000256|Macrocephaly|2.97; HP:0001999|Abnormal facial shape|2.06,1,disease_similarity_reactome_idf_jaccard_mondo_group_hpo_simgic_v0.4
MONDO:0010006,MONDO:0100082,Sandhoff disease,LEOPARD syndrome 1,cross-family,not_linked,No strong mechanism or phenotype link in this panel.,0.0000,0.0000,,,0.0496,0.1576,0.0788,,,HP:0000256|Macrocephaly|2.97; HP:0000080|Abnormality of reproductive system physiology|2.62; HP:0010936|Abnormality of the lower urinary tract|2.46; HP:0001999|Abnormal facial shape|2.06,1,disease_similarity_reactome_idf_jaccard_mondo_group_hpo_simgic_v0.4
MONDO:0010526,MONDO:0018975,Fabry disease,neurofibromatosis type 1,cross-family,not_linked,No strong mechanism or phenotype link in this panel.,0.0000,0.0000,,,0.0497,0.1576,0.0788,,,HP:0000822|Hypertension|3.39; HP:0010438|Abnormal ventricular septum morphology|2.92; HP:0025015|Abnormal vascular morphology|2.07,2,disease_similarity_reactome_idf_jaccard_mondo_group_hpo_simgic_v0.4
MONDO:0010589,MONDO:0012432,"Aarskog-Scott syndrome, X-linked",Joubert syndrome 5,cross-family,not_linked,No strong mechanism or phenotype link in this panel.,0.0000,0.0000,,,0.0498,0.1576,0.0788,,,HP:0000734|Disinhibition|2.71; HP:0000175|Cleft palate|2.66; HP:0000508|Ptosis|2.63,4,disease_similarity_reactome_idf_jaccard_mondo_group_hpo_simgic_v0.4
MONDO:0009591,MONDO:0012626,"metachromatic leukodystrophy, juvenile form","Meckel syndrome, type 4",cross-family,not_linked,No strong mechanism or phenotype link in this panel.,0.0495,0.0495,,,0.0384,0.1061,0.0778,,R-HSA-6798695|Neutrophil degranulation,HP:0004297|Abnormality of the biliary system|3.13; HP:0002500|Abnormal cerebral white matter morphology|2.14,0,disease_similarity_reactome_idf_jaccard_mondo_group_hpo_simgic_v0.4
MONDO:0009738,MONDO:0012626,sialidosis type 2,"Meckel syndrome, type 4",cross-family,not_linked,No strong mechanism or phenotype link in this panel.,0.0518,0.0518,,,0.0364,0.1029,0.0774,,R-HSA-6798695|Neutrophil degranulation,HP:0011314|Abnormal long bone morphology|2.20; HP:0001392|Abnormality of the liver|2.14,0,disease_similarity_reactome_idf_jaccard_mondo_group_hpo_simgic_v0.4
MONDO:0009660,MONDO:0012669,mucopolysaccharidosis type 4B,Legius syndrome,cross-family,not_linked,No strong mechanism or phenotype link in this panel.,0.0000,0.0000,,,0.0493,0.1543,0.0772,,,HP:0031653|Abnormal heart valve physiology|3.17; HP:0003319|Abnormality of the cervical spine|3.01; HP:0000766|Abnormal sternum morphology|2.92; HP:0009122|Aplasia/hypoplasia affecting bones of the axial skeleton|2.17; HP:0001999|Abnormal facial shape|2.06; HP:0000277|Abnormal mandible morphology|2.01,0,disease_similarity_reactome_idf_jaccard_mondo_group_hpo_simgic_v0.4
MONDO:0009757,MONDO:0014113,"Niemann-Pick disease, type C1",cardiofaciocutaneous syndrome 3,cross-family,not_linked,No strong mechanism or phenotype link in this panel.,0.0000,0.0000,,,0.0493,0.1543,0.0772,,,,4,disease_similarity_reactome_idf_jaccard_mondo_group_hpo_simgic_v0.4
MONDO:0009265,MONDO:0010099,Gaucher disease type I,Tay-Sachs disease AB variant,lysosomal storage,not_linked,No strong mechanism or phenotype link in this panel.,0.1500,0.0500,,MONDO:0002561|lysosomal storage disease,0.0093,0.0026,0.0763,,R-HSA-9840310|Glycosphingolipid catabolism,,0,disease_similarity_reactome_idf_jaccard_mondo_group_hpo_simgic_v0.4
MONDO:0008854,MONDO:0010100,Bardet-Biedl syndrome 1,Tay-Sachs disease,cross-family,not_linked,No strong mechanism or phenotype link in this panel.,0.0000,0.0000,,,0.0487,0.1511,0.0756,,,HP:0008046|Abnormal retinal vascular morphology|3.94; HP:0007663|Reduced visual acuity|2.91,0,disease_similarity_reactome_idf_jaccard_mondo_group_hpo_simgic_v0.4
MONDO:0009260,MONDO:0014438,GM1 gangliosidosis type 1,Bardet-Biedl syndrome 10,cross-family,not_linked,No strong mechanism or phenotype link in this panel.,0.0000,0.0000,,,0.0489,0.1511,0.0756,,,HP:0000479|Abnormal retinal morphology|2.31,2,disease_similarity_reactome_idf_jaccard_mondo_group_hpo_simgic_v0.4
MONDO:0009265,MONDO:0012669,Gaucher disease type I,Legius syndrome,cross-family,not_linked,No strong mechanism or phenotype link in this panel.,0.0000,0.0000,,,0.0486,0.1511,0.0756,,,HP:0000953|Hyperpigmentation of the skin|3.36; HP:0031653|Abnormal heart valve physiology|3.17; HP:0011793|Neoplasm by anatomical site|2.30,0,disease_similarity_reactome_idf_jaccard_mondo_group_hpo_simgic_v0.4
MONDO:0009265,MONDO:0012690,Gaucher disease type I,Noonan syndrome 5,cross-family,not_linked,No strong mechanism or phenotype link in this panel.,0.0000,0.0000,,,0.0486,0.1511,0.0756,,,HP:0000953|Hyperpigmentation of the skin|3.36; HP:0031653|Abnormal heart valve physiology|3.17,0,disease_similarity_reactome_idf_jaccard_mondo_group_hpo_simgic_v0.4
MONDO:0009591,MONDO:0011963,"metachromatic leukodystrophy, juvenile form",Joubert syndrome 2,cross-family,not_linked,No strong mechanism or phenotype link in this panel.,0.0000,0.0000,,,0.0485,0.1511,0.0756,,,HP:0012795|Abnormal optic disc morphology|2.66; HP:0001251|Ataxia|2.19; HP:0002500|Abnormal cerebral white matter morphology|2.14,4,disease_similarity_reactome_idf_jaccard_mondo_group_hpo_simgic_v0.4
MONDO:0009738,MONDO:0012690,sialidosis type 2,Noonan syndrome 5,cross-family,not_linked,No strong mechanism or phenotype link in this panel.,0.0000,0.0000,,,0.0486,0.1511,0.0756,,,HP:0001638|Cardiomyopathy|2.96; HP:0001999|Abnormal facial shape|2.06,2,disease_similarity_reactome_idf_jaccard_mondo_group_hpo_simgic_v0.4
MONDO:0009738,MONDO:0014432,sialidosis type 2,Bardet-Biedl syndrome 2,cross-family,not_linked,No strong mechanism or phenotype link in this panel.,0.0000,0.0000,,,0.0490,0.1511,0.0756,,,HP:0001638|Cardiomyopathy|2.96; HP:0000479|Abnormal retinal morphology|2.31; HP:0000505|Visual impairment|2.17; HP:0001999|Abnormal facial shape|2.06,1,disease_similarity_reactome_idf_jaccard_mondo_group_hpo_simgic_v0.4
MONDO:0009738,MONDO:0014438,sialidosis type 2,Bardet-Biedl syndrome 10,cross-family,not_linked,No strong mechanism or phenotype link in this panel.,0.0000,0.0000,,,0.0485,0.1511,0.0756,,,HP:0000479|Abnormal retinal morphology|2.31,1,disease_similarity_reactome_idf_jaccard_mondo_group_hpo_simgic_v0.4
MONDO:0012690,MONDO:0014438,Noonan syndrome 5,Bardet-Biedl syndrome 10,cross-family,not_linked,No strong mechanism or phenotype link in this panel.,0.0000,0.0000,,,0.0487,0.1511,0.0756,,,HP:0004324|Increased body weight|3.24,1,disease_similarity_reactome_idf_jaccard_mondo_group_hpo_simgic_v0.4
MONDO:0014438,MONDO:0100082,Bardet-Biedl syndrome 10,LEOPARD syndrome 1,cross-family,not_linked,No strong mechanism or phenotype link in this panel.,0.0000,0.0000,,,0.0489,0.1511,0.0756,,,HP:0001256|Mild intellectual disability|3.27; HP:0008373|Puberty and gonadal disorders|3.01; HP:0000080|Abnormality of reproductive system physiology|2.62; HP:0012210|Abnormal renal morphology|2.16,1,disease_similarity_reactome_idf_jaccard_mondo_group_hpo_simgic_v0.4
MONDO:0009262,MONDO:0012433,GM1 gangliosidosis type 3,Senior-Loken syndrome 6,cross-family,not_linked,No strong mechanism or phenotype link in this panel.,0.0434,0.0434,,,0.0371,0.1061,0.0748,,R-HSA-6798695|Neutrophil degranulation,HP:0000479|Abnormal retinal morphology|2.31,0,disease_similarity_reactome_idf_jaccard_mondo_group_hpo_simgic_v0.4
MONDO:0009660,MONDO:0012432,mucopolysaccharidosis type 4B,Joubert syndrome 5,cross-family,not_linked,No strong mechanism or phenotype link in this panel.,0.0434,0.0434,,,0.0366,0.1061,0.0748,,R-HSA-6798695|Neutrophil degranulation,HP:0045005|Neural tube defect|3.60; HP:0001251|Ataxia|2.19,2,disease_similarity_reactome_idf_jaccard_mondo_group_hpo_simgic_v0.4
MONDO:0010006,MONDO:0012626,Sandhoff disease,"Meckel syndrome, type 4",cross-family,not_linked,No strong mechanism or phenotype link in this panel.,0.0428,0.0428,,,0.0408,0.1061,0.0745,,R-HSA-6798695|Neutrophil degranulation,HP:0001392|Abnormality of the liver|2.14,0,disease_similarity_reactome_idf_jaccard_mondo_group_hpo_simgic_v0.4
MONDO:0009262,MONDO:0100082,GM1 gangliosidosis type 3,LEOPARD syndrome 1,cross-family,not_linked,No strong mechanism or phenotype link in this panel.,0.0000,0.0000,,,0.0483,0.1479,0.0740,,,HP:0001256|Mild intellectual disability|3.27; HP:0002808|Kyphosis|2.92; HP:0001999|Abnormal facial shape|2.06; HP:0002650|Scoliosis|2.04,2,disease_similarity_reactome_idf_jaccard_mondo_group_hpo_simgic_v0.4
MONDO:0009267,MONDO:0012547,Gaucher disease type III,Noonan syndrome 4,cross-family,not_linked,No strong mechanism or phenotype link in this panel.,0.0000,0.0000,,,0.0484,0.1479,0.0740,,,HP:0001873|Thrombocytopenia|3.20,2,disease_similarity_reactome_idf_jaccard_mondo_group_hpo_simgic_v0.4
MONDO:0010079,MONDO:0014438,Canavan disease,Bardet-Biedl syndrome 10,cross-family,not_linked,No strong mechanism or phenotype link in this panel.,0.0000,0.0000,,,0.0480,0.1479,0.0740,,,,1,disease_similarity_reactome_idf_jaccard_mondo_group_hpo_simgic_v0.4
MONDO:0009218,MONDO:0012432,Farber lipogranulomatosis,Joubert syndrome 5,cross-family,not_linked,No strong mechanism or phenotype link in this panel.,0.0495,0.0495,,,0.0355,0.0965,0.0730,,R-HSA-6798695|Neutrophil degranulation,HP:0000479|Abnormal retinal morphology|2.31; HP:0025766|Abnormal affect|2.13,1,disease_similarity_reactome_idf_jaccard_mondo_group_hpo_simgic_v0.4
MONDO:0008104,MONDO:0009267,Noonan syndrome 1,Gaucher disease type III,cross-family,not_linked,No strong mechanism or phenotype link in this panel.,0.0000,0.0000,,,0.0478,0.1415,0.0707,,,HP:0001873|Thrombocytopenia|3.20; HP:0033353|Abnormal blood vessel morphology|2.25,1,disease_similarity_reactome_idf_jaccard_mondo_group_hpo_simgic_v0.4
MONDO:0009026,MONDO:0009265,Costello syndrome,Gaucher disease type I,cross-family,not_linked,No strong mechanism or phenotype link in this panel.,0.0000,0.0000,,,0.0478,0.1415,0.0707,,,HP:0000953|Hyperpigmentation of the skin|3.36; HP:0031653|Abnormal heart valve physiology|3.17; HP:0100763|Abnormality of the lymphatic system|2.52; HP:0011793|Neoplasm by anatomical site|2.30; HP:0002088|Abnormal lung morphology|2.03,1,disease_similarity_reactome_idf_jaccard_mondo_group_hpo_simgic_v0.4
MONDO:0009261,MONDO:0100082,GM1 gangliosidosis type 2,LEOPARD syndrome 1,cross-family,not_linked,No strong mechanism or phenotype link in this panel.,0.0000,0.0000,,,0.0478,0.1415,0.0707,,,HP:0001376|Limitation of joint mobility|3.03; HP:0002808|Kyphosis|2.92; HP:0009122|Aplasia/hypoplasia affecting bones of the axial skeleton|2.17; HP:0000765|Abnormal thorax morphology|2.16; HP:0001999|Abnormal facial shape|2.06; HP:0002650|Scoliosis|2.04,0,disease_similarity_reactome_idf_jaccard_mondo_group_hpo_simgic_v0.4
MONDO:0009660,MONDO:0014432,mucopolysaccharidosis type 4B,Bardet-Biedl syndrome 2,cross-family,not_linked,No strong mechanism or phenotype link in this panel.,0.0000,0.0000,,,0.0479,0.1415,0.0707,,,HP:0000692|Tooth malposition|3.14; HP:0003319|Abnormality of the cervical spine|3.01; HP:0040069|Abnormal lower limb bone morphology|2.26; HP:0001999|Abnormal facial shape|2.06,1,disease_similarity_reactome_idf_jaccard_mondo_group_hpo_simgic_v0.4
MONDO:0009260,MONDO:0012433,GM1 gangliosidosis type 1,Senior-Loken syndrome 6,cross-family,not_linked,No strong mechanism or phenotype link in this panel.,0.0434,0.0434,,,0.0353,0.0965,0.0699,,R-HSA-6798695|Neutrophil degranulation,HP:0000479|Abnormal retinal morphology|2.31,0,disease_similarity_reactome_idf_jaccard_mondo_group_hpo_simgic_v0.4
MONDO:0008104,MONDO:0010006,Noonan syndrome 1,Sandhoff disease,cross-family,not_linked,No strong mechanism or phenotype link in this panel.,0.0000,0.0000,,,0.0477,0.1383,0.0691,,,HP:0011004|Abnormal systemic arterial morphology|2.95; HP:0000080|Abnormality of reproductive system physiology|2.62; HP:0010936|Abnormality of the lower urinary tract|2.46; HP:0001999|Abnormal facial shape|2.06,0,disease_similarity_reactome_idf_jaccard_mondo_group_hpo_simgic_v0.4
MONDO:0008854,MONDO:0009266,Bardet-Biedl syndrome 1,Gaucher disease type II,cross-family,not_linked,No strong mechanism or phenotype link in this panel.,0.0000,0.0000,,,0.0478,0.1383,0.0691,,,HP:0410042|Abnormal liver morphology|2.36; HP:0000486|Strabismus|2.18,2,disease_similarity_reactome_idf_jaccard_mondo_group_hpo_simgic_v0.4
MONDO:0009737,MONDO:0100082,galactosialidosis,LEOPARD syndrome 1,cross-family,not_linked,No strong mechanism or phenotype link in this panel.,0.0000,0.0000,,,0.0477,0.1383,0.0691,,,HP:0001999|Abnormal facial shape|2.06,0,disease_similarity_reactome_idf_jaccard_mondo_group_hpo_simgic_v0.4
MONDO:0012547,MONDO:0014438,Noonan syndrome 4,Bardet-Biedl syndrome 10,cross-family,not_linked,No strong mechanism or phenotype link in this panel.,0.0000,0.0000,,,0.0476,0.1383,0.0691,,,HP:0004324|Increased body weight|3.24; HP:0012210|Abnormal renal morphology|2.16,0,disease_similarity_reactome_idf_jaccard_mondo_group_hpo_simgic_v0.4
MONDO:0008300,MONDO:0009267,Prader-Willi syndrome,Gaucher disease type III,cross-family,not_linked,No strong mechanism or phenotype link in this panel.,0.0000,0.0000,,,0.0471,0.1350,0.0675,,,HP:0100543|Cognitive impairment|2.30; HP:0001270|Motor delay|2.26; HP:0025780|Abnormal volitional state|2.25; HP:0000486|Strabismus|2.18; HP:0011443|Abnormality of coordination|2.10,3,disease_similarity_reactome_idf_jaccard_mondo_group_hpo_simgic_v0.4
MONDO:0008763,MONDO:0010099,Alstrom syndrome,Tay-Sachs disease AB variant,cross-family,not_linked,No strong mechanism or phenotype link in this panel.,0.0000,0.0000,,,0.0463,0.1350,0.0675,,,HP:0000618|Blindness|4.15; HP:5200058|Sensory hypersensitivity|3.71,2,disease_similarity_reactome_idf_jaccard_mondo_group_hpo_simgic_v0.4
MONDO:0008854,MONDO:0009499,Bardet-Biedl syndrome 1,Krabbe disease,cross-family,not_linked,No strong mechanism or phenotype link in this panel.,0.0000,0.0000,,,0.0473,0.1350,0.0675,,,HP:0007663|Reduced visual acuity|2.91; HP:0410008|Abnormality of the peripheral nervous system|2.45; HP:0000639|Nystagmus|2.29,2,disease_similarity_reactome_idf_jaccard_mondo_group_hpo_simgic_v0.4
MONDO:0008854,MONDO:0009591,Bardet-Biedl syndrome 1,"metachromatic leukodystrophy, juvenile form",cross-family,not_linked,No strong mechanism or phenotype link in this panel.,0.0000,0.0000,,,0.0471,0.1350,0.0675,,,HP:0004297|Abnormality of the biliary system|3.13; HP:0410008|Abnormality of the peripheral nervous system|2.45; HP:0001251|Ataxia|2.19,2,disease_similarity_reactome_idf_jaccard_mondo_group_hpo_simgic_v0.4
MONDO:0009026,MONDO:0009499,Costello syndrome,Krabbe disease,cross-family,not_linked,No strong mechanism or phenotype link in this panel.,0.0000,0.0000,,,0.0467,0.1350,0.0675,,,HP:0000238|Hydrocephalus|3.26; HP:0000759|Abnormal peripheral nervous system morphology|3.11; HP:0002059|Cerebral atrophy|2.80; HP:0001508|Failure to thrive|2.35,2,disease_similarity_reactome_idf_jaccard_mondo_group_hpo_simgic_v0.4
MONDO:0009026,MONDO:0012432,Costello syndrome,Joubert syndrome 5,cross-family,not_linked,No strong mechanism or phenotype link in this panel.,0.0000,0.0000,,,0.0471,0.1350,0.0675,,,HP:0000083|Renal insufficiency|3.19; HP:0000508|Ptosis|2.63; HP:0001317|Abnormal cerebellum morphology|2.17,3,disease_similarity_reactome_idf_jaccard_mondo_group_hpo_simgic_v0.4
MONDO:0009218,MONDO:0012690,Farber lipogranulomatosis,Noonan syndrome 5,cross-family,not_linked,No strong mechanism or phenotype link in this panel.,0.0000,0.0000,,,0.0475,0.1350,0.0675,,,HP:0009810|Abnormality of upper limb joint|2.59; HP:0011355|Localized skin lesion|2.14,1,disease_similarity_reactome_idf_jaccard_mondo_group_hpo_simgic_v0.4
MONDO:0009265,MONDO:0012371,Gaucher disease type I,Noonan syndrome 3,cross-family,not_linked,No strong mechanism or phenotype link in this panel.,0.0000,0.0000,,,0.0472,0.1350,0.0675,,,HP:0004377|Hematological neoplasm|3.76; HP:0031653|Abnormal heart valve physiology|3.17; HP:0001892|Abnormal bleeding|2.86,0,disease_similarity_reactome_idf_jaccard_mondo_group_hpo_simgic_v0.4
MONDO:0009267,MONDO:0013379,Gaucher disease type III,Noonan syndrome 7,cross-family,not_linked,No strong mechanism or phenotype link in this panel.,0.0000,0.0000,,,0.0471,0.1350,0.0675,,,HP:0100543|Cognitive impairment|2.30; HP:0000486|Strabismus|2.18,2,disease_similarity_reactome_idf_jaccard_mondo_group_hpo_simgic_v0.4
MONDO:0009737,MONDO:0018975,galactosialidosis,neurofibromatosis type 1,cross-family,not_linked,No strong mechanism or phenotype link in this panel.,0.0000,0.0000,,,0.0466,0.1350,0.0675,,,HP:0011004|Abnormal systemic arterial morphology|2.95; HP:0011793|Neoplasm by anatomical site|2.30,1,disease_similarity_reactome_idf_jaccard_mondo_group_hpo_simgic_v0.4
MONDO:0009756,MONDO:0012547,Niemann-Pick disease type A,Noonan syndrome 4,cross-family,not_linked,No strong mechanism or phenotype link in this panel.,0.0000,0.0000,,,0.0467,0.1350,0.0675,,,HP:0000256|Macrocephaly|2.97; HP:0011354|Generalized abnormality of skin|2.11,3,disease_similarity_reactome_idf_jaccard_mondo_group_hpo_simgic_v0.4
MONDO:0009756,MONDO:0012669,Niemann-Pick disease type A,Legius syndrome,cross-family,not_linked,No strong mechanism or phenotype link in this panel.,0.0000,0.0000,,,0.0472,0.1350,0.0675,,,HP:0000256|Macrocephaly|2.97; HP:0011355|Localized skin lesion|2.14; HP:0025766|Abnormal affect|2.13,2,disease_similarity_reactome_idf_jaccard_mondo_group_hpo_simgic_v0.4
MONDO:0010006,MONDO:0014438,Sandhoff disease,Bardet-Biedl syndrome 10,cross-family,not_linked,No strong mechanism or phenotype link in this panel.,0.0000,0.0000,,,0.0467,0.1350,0.0675,,,HP:0000080|Abnormality of reproductive system physiology|2.62; HP:0000479|Abnormal retinal morphology|2.31,0,disease_similarity_reactome_idf_jaccard_mondo_group_hpo_simgic_v0.4
MONDO:0010079,MONDO:0012371,Canavan disease,Noonan syndrome 3,cross-family,not_linked,No strong mechanism or phenotype link in this panel.,0.0000,0.0000,,,0.0468,0.1350,0.0675,,,HP:0011329|Abnormality of cranial sutures|3.15; HP:0000256|Macrocephaly|2.97; HP:0000639|Nystagmus|2.29,2,disease_similarity_reactome_idf_jaccard_mondo_group_hpo_simgic_v0.4
MONDO:0010079,MONDO:0012669,Canavan disease,Legius syndrome,cross-family,not_linked,No strong mechanism or phenotype link in this panel.,0.0000,0.0000,,,0.0476,0.1350,0.0675,,,HP:0000256|Macrocephaly|2.97,2,disease_similarity_reactome_idf_jaccard_mondo_group_hpo_simgic_v0.4
MONDO:0010079,MONDO:0018975,Canavan disease,neurofibromatosis type 1,cross-family,not_linked,No strong mechanism or phenotype link in this panel.,0.0000,0.0000,,,0.0473,0.1350,0.0675,,,HP:0002521|Hypsarrhythmia|4.32; HP:0000256|Macrocephaly|2.97,2,disease_similarity_reactome_idf_jaccard_mondo_group_hpo_simgic_v0.4
MONDO:0010526,MONDO:0012690,Fabry disease,Noonan syndrome 5,cross-family,not_linked,No strong mechanism or phenotype link in this panel.,0.0000,0.0000,,,0.0463,0.1350,0.0675,,,HP:0011675|Arrhythmia|2.90; HP:0001671|Abnormal cardiac septum morphology|2.44,1,disease_similarity_reactome_idf_jaccard_mondo_group_hpo_simgic_v0.4
MONDO:0008104,MONDO:0014438,Noonan syndrome 1,Bardet-Biedl syndrome 10,cross-family,not_linked,No strong mechanism or phenotype link in this panel.,0.0000,0.0000,,,0.0454,0.1318,0.0659,,,HP:0000135|Hypogonadism|3.57,1,disease_similarity_reactome_idf_jaccard_mondo_group_hpo_simgic_v0.4
MONDO:0008300,MONDO:0010006,Prader-Willi syndrome,Sandhoff disease,cross-family,not_linked,No strong mechanism or phenotype link in this panel.,0.0000,0.0000,,,0.0456,0.1318,0.0659,,,HP:0033747|Abnormal exteroceptive sensation|3.58; HP:0000080|Abnormality of reproductive system physiology|2.62; HP:0100543|Cognitive impairment|2.30; HP:0011443|Abnormality of coordination|2.10,0,disease_similarity_reactome_idf_jaccard_mondo_group_hpo_simgic_v0.4
MONDO:0009026,MONDO:0010079,Costello syndrome,Canavan disease,cross-family,not_linked,No strong mechanism or phenotype link in this panel.,0.0000,0.0000,,,0.0453,0.1318,0.0659,,,HP:0000236|Abnormal anterior fontanelle morphology|4.29; HP:0000256|Macrocephaly|2.97; HP:0012444|Brain atrophy|2.59,2,disease_similarity_reactome_idf_jaccard_mondo_group_hpo_simgic_v0.4
MONDO:0009267,MONDO:0009571,Gaucher disease type III,"Meckel syndrome, type 1",cross-family,not_linked,No strong mechanism or phenotype link in this panel.,0.0000,0.0000,,,0.0459,0.1318,0.0659,,,HP:0001744|Splenomegaly|2.95; HP:0001270|Motor delay|2.26; HP:0033353|Abnormal blood vessel morphology|2.25; HP:0001392|Abnormality of the liver|2.14,1,disease_similarity_reactome_idf_jaccard_mondo_group_hpo_simgic_v0.4
MONDO:0009571,MONDO:0009737,"Meckel syndrome, type 1",galactosialidosis,cross-family,not_linked,No strong mechanism or phenotype link in this panel.,0.0000,0.0000,,,0.0458,0.1318,0.0659,,,HP:0001744|Splenomegaly|2.95; HP:0011004|Abnormal systemic arterial morphology|2.95; HP:0001392|Abnormality of the liver|2.14,0,disease_similarity_reactome_idf_jaccard_mondo_group_hpo_simgic_v0.4
MONDO:0009738,MONDO:0012547,sialidosis type 2,Noonan syndrome 4,cross-family,not_linked,No strong mechanism or phenotype link in this panel.,0.0000,0.0000,,,0.0455,0.1318,0.0659,,,HP:0001638|Cardiomyopathy|2.96,2,disease_similarity_reactome_idf_jaccard_mondo_group_hpo_simgic_v0.4
MONDO:0009756,MONDO:0012432,Niemann-Pick disease type A,Joubert syndrome 5,cross-family,not_linked,No strong mechanism or phenotype link in this panel.,0.0000,0.0000,,,0.0456,0.1318,0.0659,,,HP:0000479|Abnormal retinal morphology|2.31; HP:0025766|Abnormal affect|2.13,3,disease_similarity_reactome_idf_jaccard_mondo_group_hpo_simgic_v0.4
MONDO:0008300,MONDO:0012626,Prader-Willi syndrome,"Meckel syndrome, type 4",ciliopathies,not_linked,No strong mechanism or phenotype link in this panel.,0.0000,0.0000,,,0.0425,0.1288,0.0644,,,HP:0006487|Bowing of the long bones|3.26; HP:0001511|Intrauterine growth retardation|2.78; HP:0002119|Ventriculomegaly|2.65,1,disease_similarity_reactome_idf_jaccard_mondo_group_hpo_simgic_v0.4
MONDO:0009659,MONDO:0012432,mucopolysaccharidosis type 4A,Joubert syndrome 5,cross-family,not_linked,No strong mechanism or phenotype link in this panel.,0.0549,0.0549,,,0.0315,0.0740,0.0644,,R-HSA-6798695|Neutrophil degranulation,HP:0045005|Neural tube defect|3.60,1,disease_similarity_reactome_idf_jaccard_mondo_group_hpo_simgic_v0.4
MONDO:0009261,MONDO:0012669,GM1 gangliosidosis type 2,Legius syndrome,cross-family,not_linked,No strong mechanism or phenotype link in this panel.,0.0000,0.0000,,,0.0451,0.1286,0.0643,,,HP:0100543|Cognitive impairment|2.30; HP:0009122|Aplasia/hypoplasia affecting bones of the axial skeleton|2.17; HP:0000765|Abnormal thorax morphology|2.16; HP:0001999|Abnormal facial shape|2.06,0,disease_similarity_reactome_idf_jaccard_mondo_group_hpo_simgic_v0.4
MONDO:0009591,MONDO:0012433,"metachromatic leukodystrophy, juvenile form",Senior-Loken syndrome 6,cross-family,not_linked,No strong mechanism or phenotype link in this panel.,0.0495,0.0495,,,0.0304,0.0740,0.0617,,R-HSA-6798695|Neutrophil degranulation,,0,disease_similarity_reactome_idf_jaccard_mondo_group_hpo_simgic_v0.4
MONDO:0009026,MONDO:0009737,Costello syndrome,galactosialidosis,cross-family,not_linked,No strong mechanism or phenotype link in this panel.,0.0000,0.0000,,,0.0450,0.1222,0.0611,,,HP:0000280|Coarse facial features|3.63; HP:0100763|Abnormality of the lymphatic system|2.52; HP:0011793|Neoplasm by anatomical site|2.30; HP:0025015|Abnormal vascular morphology|2.07,2,disease_similarity_reactome_idf_jaccard_mondo_group_hpo_simgic_v0.4
MONDO:0009265,MONDO:0009728,Gaucher disease type I,nephronophthisis 1,cross-family,not_linked,No strong mechanism or phenotype link in this panel.,0.0000,0.0000,,,0.0446,0.1222,0.0611,,,HP:0000822|Hypertension|3.39; HP:0001903|Anemia|2.69,2,disease_similarity_reactome_idf_jaccard_mondo_group_hpo_simgic_v0.4
MONDO:0010589,MONDO:0014438,"Aarskog-Scott syndrome, X-linked",Bardet-Biedl syndrome 10,cross-family,not_linked,No strong mechanism or phenotype link in this panel.,0.0000,0.0000,,,0.0450,0.1222,0.0611,,,HP:0001513|Obesity|3.46; HP:0001256|Mild intellectual disability|3.27; HP:0008373|Puberty and gonadal disorders|3.01,3,disease_similarity_reactome_idf_jaccard_mondo_group_hpo_simgic_v0.4
MONDO:0008104,MONDO:0009499,Noonan syndrome 1,Krabbe disease,cross-family,not_linked,No strong mechanism or phenotype link in this panel.,0.0000,0.0000,,,0.0439,0.1190,0.0595,,,HP:0001873|Thrombocytopenia|3.20; HP:0001508|Failure to thrive|2.35,1,disease_similarity_reactome_idf_jaccard_mondo_group_hpo_simgic_v0.4
MONDO:0009026,MONDO:0009738,Costello syndrome,sialidosis type 2,cross-family,not_linked,No strong mechanism or phenotype link in this panel.,0.0000,0.0000,,,0.0434,0.1190,0.0595,,,HP:0000280|Coarse facial features|3.63; HP:0001638|Cardiomyopathy|2.96; HP:0100763|Abnormality of the lymphatic system|2.52; HP:0025015|Abnormal vascular morphology|2.07,3,disease_similarity_reactome_idf_jaccard_mondo_group_hpo_simgic_v0.4
MONDO:0009261,MONDO:0012547,GM1 gangliosidosis type 2,Noonan syndrome 4,cross-family,not_linked,No strong mechanism or phenotype link in this panel.,0.0000,0.0000,,,0.0444,0.1190,0.0595,,,HP:0011337|Abnormality of mouth size|3.02; HP:0001197|Abnormality of prenatal development or birth|2.37; HP:0000765|Abnormal thorax morphology|2.16; HP:0002650|Scoliosis|2.04,1,disease_similarity_reactome_idf_jaccard_mondo_group_hpo_simgic_v0.4
MONDO:0009262,MONDO:0012690,GM1 gangliosidosis type 3,Noonan syndrome 5,cross-family,not_linked,No strong mechanism or phenotype link in this panel.,0.0000,0.0000,,,0.0434,0.1190,0.0595,,,HP:0001999|Abnormal facial shape|2.06,1,disease_similarity_reactome_idf_jaccard_mondo_group_hpo_simgic_v0.4
MONDO:0009262,MONDO:0013379,GM1 gangliosidosis type 3,Noonan syndrome 7,cross-family,not_linked,No strong mechanism or phenotype link in this panel.,0.0000,0.0000,,,0.0438,0.1190,0.0595,,,HP:0002650|Scoliosis|2.04,3,disease_similarity_reactome_idf_jaccard_mondo_group_hpo_simgic_v0.4
MONDO:0009738,MONDO:0018975,sialidosis type 2,neurofibromatosis type 1,cross-family,not_linked,No strong mechanism or phenotype link in this panel.,0.0000,0.0000,,,0.0441,0.1190,0.0595,,,HP:0001638|Cardiomyopathy|2.96; HP:0011004|Abnormal systemic arterial morphology|2.95; HP:0011314|Abnormal long bone morphology|2.20,2,disease_similarity_reactome_idf_jaccard_mondo_group_hpo_simgic_v0.4
MONDO:0009756,MONDO:0014438,Niemann-Pick disease type A,Bardet-Biedl syndrome 10,cross-family,not_linked,No strong mechanism or phenotype link in this panel.,0.0000,0.0000,,,0.0441,0.1190,0.0595,,,HP:0000479|Abnormal retinal morphology|2.31,1,disease_similarity_reactome_idf_jaccard_mondo_group_hpo_simgic_v0.4
MONDO:0009757,MONDO:0012432,"Niemann-Pick disease, type C1",Joubert syndrome 5,cross-family,not_linked,No strong mechanism or phenotype link in this panel.,0.0000,0.0000,,,0.0434,0.1190,0.0595,,,HP:0001290|Generalized hypotonia|2.86; HP:0001251|Ataxia|2.19,5,disease_similarity_reactome_idf_jaccard_mondo_group_hpo_simgic_v0.4
MONDO:0010006,MONDO:0012547,Sandhoff disease,Noonan syndrome 4,cross-family,not_linked,No strong mechanism or phenotype link in this panel.,0.0000,0.0000,,,0.0436,0.1190,0.0595,,,HP:0000256|Macrocephaly|2.97,1,disease_similarity_reactome_idf_jaccard_mondo_group_hpo_simgic_v0.4
MONDO:0010079,MONDO:0012626,Canavan disease,"Meckel syndrome, type 4",cross-family,not_linked,No strong mechanism or phenotype link in this panel.,0.0000,0.0000,,,0.0431,0.1190,0.0595,,,,1,disease_similarity_reactome_idf_jaccard_mondo_group_hpo_simgic_v0.4
MONDO:0010100,MONDO:0014432,Tay-Sachs disease,Bardet-Biedl syndrome 2,cross-family,not_linked,No strong mechanism or phenotype link in this panel.,0.0000,0.0000,,,0.0438,0.1190,0.0595,,,HP:0007663|Reduced visual acuity|2.91; HP:0000479|Abnormal retinal morphology|2.31; HP:0025780|Abnormal volitional state|2.25,0,disease_similarity_reactome_idf_jaccard_mondo_group_hpo_simgic_v0.4
MONDO:0009737,MONDO:0012433,galactosialidosis,Senior-Loken syndrome 6,cross-family,not_linked,No strong mechanism or phenotype link in this panel.,0.0399,0.0399,,,0.0333,0.0772,0.0585,,R-HSA-6798695|Neutrophil degranulation,HP:0000479|Abnormal retinal morphology|2.31,0,disease_similarity_reactome_idf_jaccard_mondo_group_hpo_simgic_v0.4
MONDO:0009261,MONDO:0018975,GM1 gangliosidosis type 2,neurofibromatosis type 1,cross-family,not_linked,No strong mechanism or phenotype link in this panel.,0.0000,0.0000,,,0.0430,0.1158,0.0579,,,HP:0002808|Kyphosis|2.92; HP:0030962|Abnormal morphology of the great vessels|2.62; HP:0002118|Abnormal cerebral ventricle morphology|2.31; HP:0040069|Abnormal lower limb bone morphology|2.26; HP:0000765|Abnormal thorax morphology|2.16; HP:0002650|Scoliosis|2.04,1,disease_similarity_reactome_idf_jaccard_mondo_group_hpo_simgic_v0.4
MONDO:0009262,MONDO:0012547,GM1 gangliosidosis type 3,Noonan syndrome 4,cross-family,not_linked,No strong mechanism or phenotype link in this panel.,0.0000,0.0000,,,0.0426,0.1158,0.0579,,,HP:0002650|Scoliosis|2.04,2,disease_similarity_reactome_idf_jaccard_mondo_group_hpo_simgic_v0.4
MONDO:0009266,MONDO:0012690,Gaucher disease type II,Noonan syndrome 5,cross-family,not_linked,No strong mechanism or phenotype link in this panel.,0.0000,0.0000,,,0.0428,0.1158,0.0579,,,HP:0000277|Abnormal mandible morphology|2.01,1,disease_similarity_reactome_idf_jaccard_mondo_group_hpo_simgic_v0.4
MONDO:0010079,MONDO:0013379,Canavan disease,Noonan syndrome 7,cross-family,not_linked,No strong mechanism or phenotype link in this panel.,0.0000,0.0000,,,0.0426,0.1158,0.0579,,,HP:0000256|Macrocephaly|2.97,2,disease_similarity_reactome_idf_jaccard_mondo_group_hpo_simgic_v0.4
MONDO:0010100,MONDO:0011963,Tay-Sachs disease,Joubert syndrome 2,cross-family,not_linked,No strong mechanism or phenotype link in this panel.,0.0000,0.0000,,,0.0429,0.1158,0.0579,,,HP:0000479|Abnormal retinal morphology|2.31; HP:0000505|Visual impairment|2.17,2,disease_similarity_reactome_idf_jaccard_mondo_group_hpo_simgic_v0.4
MONDO:0010100,MONDO:0013379,Tay-Sachs disease,Noonan syndrome 7,cross-family,not_linked,No strong mechanism or phenotype link in this panel.,0.0000,0.0000,,,0.0427,0.1158,0.0579,,,HP:0001290|Generalized hypotonia|2.86; HP:0100543|Cognitive impairment|2.30,3,disease_similarity_reactome_idf_jaccard_mondo_group_hpo_simgic_v0.4
MONDO:0010526,MONDO:0011963,Fabry disease,Joubert syndrome 2,cross-family,not_linked,No strong mechanism or phenotype link in this panel.,0.0000,0.0000,,,0.0428,0.1158,0.0579,,,HP:0000083|Renal insufficiency|3.19,2,disease_similarity_reactome_idf_jaccard_mondo_group_hpo_simgic_v0.4
MONDO:0009737,MONDO:0012432,galactosialidosis,Joubert syndrome 5,cross-family,not_linked,No strong mechanism or phenotype link in this panel.,0.0399,0.0399,,,0.0305,0.0740,0.0569,,R-HSA-6798695|Neutrophil degranulation,HP:0000479|Abnormal retinal morphology|2.31,1,disease_similarity_reactome_idf_jaccard_mondo_group_hpo_simgic_v0.4
MONDO:0009737,MONDO:0012626,galactosialidosis,"Meckel syndrome, type 4",cross-family,not_linked,No strong mechanism or phenotype link in this panel.,0.0399,0.0399,,,0.0331,0.0740,0.0569,,R-HSA-6798695|Neutrophil degranulation,HP:0001392|Abnormality of the liver|2.14,0,disease_similarity_reactome_idf_jaccard_mondo_group_hpo_simgic_v0.4
MONDO:0008944,MONDO:0009265,Joubert syndrome 1,Gaucher disease type I,cross-family,not_linked,No strong mechanism or phenotype link in this panel.,0.0000,0.0000,,,0.0422,0.1125,0.0563,,,HP:0002793|Abnormal pattern of respiration|2.69; HP:0410042|Abnormal liver morphology|2.36; HP:0000479|Abnormal retinal morphology|2.31; HP:0040069|Abnormal lower limb bone morphology|2.26,0,disease_similarity_reactome_idf_jaccard_mondo_group_hpo_simgic_v0.4
MONDO:0009262,MONDO:0014432,GM1 gangliosidosis type 3,Bardet-Biedl syndrome 2,cross-family,not_linked,No strong mechanism or phenotype link in this panel.,0.0000,0.0000,,,0.0422,0.1125,0.0563,,,HP:0000479|Abnormal retinal morphology|2.31; HP:0001999|Abnormal facial shape|2.06,0,disease_similarity_reactome_idf_jaccard_mondo_group_hpo_simgic_v0.4
MONDO:0009659,MONDO:0011963,mucopolysaccharidosis type 4A,Joubert syndrome 2,cross-family,not_linked,No strong mechanism or phenotype link in this panel.,0.0000,0.0000,,,0.0420,0.1125,0.0563,,,HP:0045005|Neural tube defect|3.60; HP:0040069|Abnormal lower limb bone morphology|2.26,1,disease_similarity_reactome_idf_jaccard_mondo_group_hpo_simgic_v0.4
MONDO:0010099,MONDO:0011963,Tay-Sachs disease AB variant,Joubert syndrome 2,cross-family,not_linked,No strong mechanism or phenotype link in this panel.,0.0000,0.0000,,,0.0421,0.1125,0.0563,,,HP:0000505|Visual impairment|2.17,3,disease_similarity_reactome_idf_jaccard_mondo_group_hpo_simgic_v0.4
MONDO:0008300,MONDO:0010526,Prader-Willi syndrome,Fabry disease,cross-family,not_linked,No strong mechanism or phenotype link in this panel.,0.0000,0.0000,,,0.0416,0.1093,0.0547,,,HP:0000823|Delayed puberty|4.13; HP:0033747|Abnormal exteroceptive sensation|3.58; HP:0011354|Generalized abnormality of skin|2.11,2,disease_similarity_reactome_idf_jaccard_mondo_group_hpo_simgic_v0.4
MONDO:0009261,MONDO:0012690,GM1 gangliosidosis type 2,Noonan syndrome 5,cross-family,not_linked,No strong mechanism or phenotype link in this panel.,0.0000,0.0000,,,0.0418,0.1093,0.0547,,,HP:0011337|Abnormality of mouth size|3.02; HP:0001197|Abnormality of prenatal development or birth|2.37; HP:0000765|Abnormal thorax morphology|2.16; HP:0001999|Abnormal facial shape|2.06,0,disease_similarity_reactome_idf_jaccard_mondo_group_hpo_simgic_v0.4
MONDO:0009262,MONDO:0010589,GM1 gangliosidosis type 3,"Aarskog-Scott syndrome, X-linked",cross-family,not_linked,No strong mechanism or phenotype link in this panel.,0.0000,0.0000,,,0.0416,0.1093,0.0547,,,HP:0001256|Mild intellectual disability|3.27; HP:0001999|Abnormal facial shape|2.06; HP:0002650|Scoliosis|2.04,3,disease_similarity_reactome_idf_jaccard_mondo_group_hpo_simgic_v0.4
MONDO:0009265,MONDO:0014438,Gaucher disease type I,Bardet-Biedl syndrome 10,cross-family,not_linked,No strong mechanism or phenotype link in this panel.,0.0000,0.0000,,,0.0412,0.1093,0.0547,,,HP:0000479|Abnormal retinal morphology|2.31,0,disease_similarity_reactome_idf_jaccard_mondo_group_hpo_simgic_v0.4
MONDO:0009266,MONDO:0012547,Gaucher disease type II,Noonan syndrome 4,cross-family,not_linked,No strong mechanism or phenotype link in this panel.,0.0000,0.0000,,,0.0418,0.1093,0.0547,,,HP:0001873|Thrombocytopenia|3.20,1,disease_similarity_reactome_idf_jaccard_mondo_group_hpo_simgic_v0.4
MONDO:0009267,MONDO:0012371,Gaucher disease type III,Noonan syndrome 3,cross-family,not_linked,No strong mechanism or phenotype link in this panel.,0.0000,0.0000,,,0.0420,0.1093,0.0547,,,HP:0033353|Abnormal blood vessel morphology|2.25; HP:0000486|Strabismus|2.18,2,disease_similarity_reactome_idf_jaccard_mondo_group_hpo_simgic_v0.4
MONDO:0009737,MONDO:0014432,galactosialidosis,Bardet-Biedl syndrome 2,cross-family,not_linked,No strong mechanism or phenotype link in this panel.,0.0000,0.0000,,,0.0419,0.1093,0.0547,,,HP:0000479|Abnormal retinal morphology|2.31; HP:0001999|Abnormal facial shape|2.06,1,disease_similarity_reactome_idf_jaccard_mondo_group_hpo_simgic_v0.4
MONDO:0008104,MONDO:0009757,Noonan syndrome 1,"Niemann-Pick disease, type C1",cross-family,not_linked,No strong mechanism or phenotype link in this panel.,0.0000,0.0000,,,0.0392,0.1061,0.0531,,,HP:0011004|Abnormal systemic arterial morphology|2.95; HP:0001881|Abnormal leukocyte morphology|2.66; HP:0011354|Generalized abnormality of skin|2.11,1,disease_similarity_reactome_idf_jaccard_mondo_group_hpo_simgic_v0.4
MONDO:0008300,MONDO:0009591,Prader-Willi syndrome,"metachromatic leukodystrophy, juvenile form",cross-family,not_linked,No strong mechanism or phenotype link in this panel.,0.0000,0.0000,,,0.0397,0.1061,0.0531,,,HP:5200423|Abnormal experience of reality|3.09; HP:0001290|Generalized hypotonia|2.86; HP:0100543|Cognitive impairment|2.30; HP:0025766|Abnormal affect|2.13; HP:0011443|Abnormality of coordination|2.10; HP:0032101|Unusual infection|2.03,3,disease_similarity_reactome_idf_jaccard_mondo_group_hpo_simgic_v0.4
MONDO:0008300,MONDO:0009738,Prader-Willi syndrome,sialidosis type 2,cross-family,not_linked,No strong mechanism or phenotype link in this panel.,0.0000,0.0000,,,0.0378,0.1061,0.0531,,,HP:0001290|Generalized hypotonia|2.86; HP:0011849|Abnormal bone ossification|2.55; HP:0011314|Abnormal long bone morphology|2.20; HP:0011443|Abnormality of coordination|2.10,4,disease_similarity_reactome_idf_jaccard_mondo_group_hpo_simgic_v0.4
MONDO:0008300,MONDO:0010099,Prader-Willi syndrome,Tay-Sachs disease AB variant,cross-family,not_linked,No strong mechanism or phenotype link in this panel.,0.0000,0.0000,,,0.0386,0.1061,0.0531,,,HP:0001290|Generalized hypotonia|2.86; HP:0100543|Cognitive impairment|2.30; HP:0025780|Abnormal volitional state|2.25,3,disease_similarity_reactome_idf_jaccard_mondo_group_hpo_simgic_v0.4
MONDO:0008763,MONDO:0012669,Alstrom syndrome,Legius syndrome,cross-family,not_linked,No strong mechanism or phenotype link in this panel.,0.0000,0.0000,,,0.0368,0.1061,0.0531,,,,0,disease_similarity_reactome_idf_jaccard_mondo_group_hpo_simgic_v0.4
MONDO:0008944,MONDO:0009499,Joubert syndrome 1,Krabbe disease,cross-family,not_linked,No strong mechanism or phenotype link in this panel.,0.0000,0.0000,,,0.0411,0.1061,0.0531,,,HP:0012795|Abnormal optic disc morphology|2.66; HP:0002118|Abnormal cerebral ventricle morphology|2.31,1,disease_similarity_reactome_idf_jaccard_mondo_group_hpo_simgic_v0.4
MONDO:0008944,MONDO:0009737,Joubert syndrome 1,galactosialidosis,cross-family,not_linked,No strong mechanism or phenotype link in this panel.,0.0000,0.0000,,,0.0382,0.1061,0.0531,,,HP:0410042|Abnormal liver morphology|2.36; HP:0000479|Abnormal retinal morphology|2.31,1,disease_similarity_reactome_idf_jaccard_mondo_group_hpo_simgic_v0.4
MONDO:0008944,MONDO:0010526,Joubert syndrome 1,Fabry disease,cross-family,not_linked,No strong mechanism or phenotype link in this panel.,0.0000,0.0000,,,0.0378,0.1061,0.0531,,,HP:0012211|Abnormal renal physiology|2.71; HP:0004305|Involuntary movements|2.18,0,disease_similarity_reactome_idf_jaccard_mondo_group_hpo_simgic_v0.4
MONDO:0009026,MONDO:0014438,Costello syndrome,Bardet-Biedl syndrome 10,cross-family,not_linked,No strong mechanism or phenotype link in this panel.,0.0000,0.0000,,,0.0366,0.1061,0.0531,,,HP:0000083|Renal insufficiency|3.19,2,disease_similarity_reactome_idf_jaccard_mondo_group_hpo_simgic_v0.4
MONDO:0009218,MONDO:0012547,Farber lipogranulomatosis,Noonan syndrome 4,cross-family,not_linked,No strong mechanism or phenotype link in this panel.,0.0000,0.0000,,,0.0375,0.1061,0.0531,,,HP:0009810|Abnormality of upper limb joint|2.59,1,disease_similarity_reactome_idf_jaccard_mondo_group_hpo_simgic_v0.4
MONDO:0009218,MONDO:0018975,Farber lipogranulomatosis,neurofibromatosis type 1,cross-family,not_linked,No strong mechanism or phenotype link in this panel.,0.0000,0.0000,,,0.0409,0.1061,0.0531,,,HP:0002815|Abnormality of the knee|3.03; HP:0011004|Abnormal systemic arterial morphology|2.95; HP:0040069|Abnormal lower limb bone morphology|2.26; HP:0011355|Localized skin lesion|2.14,0,disease_similarity_reactome_idf_jaccard_mondo_group_hpo_simgic_v0.4
MONDO:0009218,MONDO:0100082,Farber lipogranulomatosis,LEOPARD syndrome 1,cross-family,not_linked,No strong mechanism or phenotype link in this panel.,0.0000,0.0000,,,0.0393,0.1061,0.0531,,,HP:0001376|Limitation of joint mobility|3.03; HP:0009810|Abnormality of upper limb joint|2.59; HP:0011355|Localized skin lesion|2.14,0,disease_similarity_reactome_idf_jaccard_mondo_group_hpo_simgic_v0.4
MONDO:0009261,MONDO:0014432,GM1 gangliosidosis type 2,Bardet-Biedl syndrome 2,cross-family,not_linked,No strong mechanism or phenotype link in this panel.,0.0000,0.0000,,,0.0393,0.1061,0.0531,,,HP:0040069|Abnormal lower limb bone morphology|2.26; HP:0001999|Abnormal facial shape|2.06,0,disease_similarity_reactome_idf_jaccard_mondo_group_hpo_simgic_v0.4
MONDO:0009261,MONDO:0014438,GM1 gangliosidosis type 2,Bardet-Biedl syndrome 10,cross-family,not_linked,No strong mechanism or phenotype link in this panel.,0.0000,0.0000,,,0.0407,0.1061,0.0531,,,,0,disease_similarity_reactome_idf_jaccard_mondo_group_hpo_simgic_v0.4
MONDO:0009265,MONDO:0009571,Gaucher disease type I,"Meckel syndrome, type 1",cross-family,not_linked,No strong mechanism or phenotype link in this panel.,0.0000,0.0000,,,0.0402,0.1061,0.0531,,,HP:0001744|Splenomegaly|2.95; HP:0040069|Abnormal lower limb bone morphology|2.26; HP:0001392|Abnormality of the liver|2.14; HP:0002088|Abnormal lung morphology|2.03,1,disease_similarity_reactome_idf_jaccard_mondo_group_hpo_simgic_v0.4
MONDO:0009265,MONDO:0013379,Gaucher disease type I,Noonan syndrome 7,cross-family,not_linked,No strong mechanism or phenotype link in this panel.,0.0000,0.0000,,,0.0387,0.1061,0.0531,,,HP:0031653|Abnormal heart valve physiology|3.17; HP:0011793|Neoplasm by anatomical site|2.30,0,disease_similarity_reactome_idf_jaccard_mondo_group_hpo_simgic_v0.4
MONDO:0009265,MONDO:0014113,Gaucher disease type I,cardiofaciocutaneous syndrome 3,cross-family,not_linked,No strong mechanism or phenotype link in this panel.,0.0000,0.0000,,,0.0367,0.1061,0.0531,,,HP:0031653|Abnormal heart valve physiology|3.17,0,disease_similarity_reactome_idf_jaccard_mondo_group_hpo_simgic_v0.4
MONDO:0009266,MONDO:0010589,Gaucher disease type II,"Aarskog-Scott syndrome, X-linked",cross-family,not_linked,No strong mechanism or phenotype link in this panel.,0.0000,0.0000,,,0.0396,0.1061,0.0531,,,HP:0001508|Failure to thrive|2.35; HP:0100543|Cognitive impairment|2.30; HP:0000486|Strabismus|2.18; HP:0000277|Abnormal mandible morphology|2.01,3,disease_similarity_reactome_idf_jaccard_mondo_group_hpo_simgic_v0.4
MONDO:0009266,MONDO:0012626,Gaucher disease type II,"Meckel syndrome, type 4",cross-family,not_linked,No strong mechanism or phenotype link in this panel.,0.0000,0.0000,,,0.0373,0.1061,0.0531,,,HP:0001392|Abnormality of the liver|2.14,0,disease_similarity_reactome_idf_jaccard_mondo_group_hpo_simgic_v0.4
MONDO:0009266,MONDO:0012669,Gaucher disease type II,Legius syndrome,cross-family,not_linked,No strong mechanism or phenotype link in this panel.,0.0000,0.0000,,,0.0379,0.1061,0.0531,,,HP:0100543|Cognitive impairment|2.30; HP:0000277|Abnormal mandible morphology|2.01,0,disease_similarity_reactome_idf_jaccard_mondo_group_hpo_simgic_v0.4
MONDO:0009266,MONDO:0018975,Gaucher disease type II,neurofibromatosis type 1,cross-family,not_linked,No strong mechanism or phenotype link in this panel.,0.0000,0.0000,,,0.0403,0.1061,0.0531,,,HP:0001679|Abnormal aortic morphology|3.45,1,disease_similarity_reactome_idf_jaccard_mondo_group_hpo_simgic_v0.4
MONDO:0009267,MONDO:0011963,Gaucher disease type III,Joubert syndrome 2,cross-family,not_linked,No strong mechanism or phenotype link in this panel.,0.0000,0.0000,,,0.0386,0.1061,0.0531,,,HP:0001251|Ataxia|2.19; HP:0000486|Strabismus|2.18,1,disease_similarity_reactome_idf_jaccard_mondo_group_hpo_simgic_v0.4
MONDO:0009267,MONDO:0012432,Gaucher disease type III,Joubert syndrome 5,cross-family,not_linked,No strong mechanism or phenotype link in this panel.,0.0000,0.0000,,,0.0404,0.1061,0.0531,,,HP:0025780|Abnormal volitional state|2.25; HP:0001251|Ataxia|2.19,1,disease_similarity_reactome_idf_jaccard_mondo_group_hpo_simgic_v0.4
MONDO:0009499,MONDO:0012371,Krabbe disease,Noonan syndrome 3,cross-family,not_linked,No strong mechanism or phenotype link in this panel.,0.0000,0.0000,,,0.0390,0.1061,0.0531,,,HP:0001508|Failure to thrive|2.35; HP:0002118|Abnormal cerebral ventricle morphology|2.31; HP:0000639|Nystagmus|2.29,3,disease_similarity_reactome_idf_jaccard_mondo_group_hpo_simgic_v0.4
MONDO:0009499,MONDO:0014438,Krabbe disease,Bardet-Biedl syndrome 10,cross-family,not_linked,No strong mechanism or phenotype link in this panel.,0.0000,0.0000,,,0.0379,0.1061,0.0531,,,,1,disease_similarity_reactome_idf_jaccard_mondo_group_hpo_simgic_v0.4
MONDO:0009738,MONDO:0010589,sialidosis type 2,"Aarskog-Scott syndrome, X-linked",cross-family,not_linked,No strong mechanism or phenotype link in this panel.,0.0000,0.0000,,,0.0400,0.1061,0.0531,,,HP:0000023|Inguinal hernia|3.39; HP:0001999|Abnormal facial shape|2.06,3,disease_similarity_reactome_idf_jaccard_mondo_group_hpo_simgic_v0.4
MONDO:0009756,MONDO:0010589,Niemann-Pick disease type A,"Aarskog-Scott syndrome, X-linked",cross-family,not_linked,No strong mechanism or phenotype link in this panel.,0.0000,0.0000,,,0.0403,0.1061,0.0531,,,HP:0000256|Macrocephaly|2.97; HP:0001508|Failure to thrive|2.35; HP:0011355|Localized skin lesion|2.14; HP:0025766|Abnormal affect|2.13,4,disease_similarity_reactome_idf_jaccard_mondo_group_hpo_simgic_v0.4
MONDO:0009756,MONDO:0018975,Niemann-Pick disease type A,neurofibromatosis type 1,cross-family,not_linked,No strong mechanism or phenotype link in this panel.,0.0000,0.0000,,,0.0406,0.1061,0.0531,,,HP:0000256|Macrocephaly|2.97; HP:0011004|Abnormal systemic arterial morphology|2.95; HP:0011355|Localized skin lesion|2.14,2,disease_similarity_reactome_idf_jaccard_mondo_group_hpo_simgic_v0.4
MONDO:0009756,MONDO:0100082,Niemann-Pick disease type A,LEOPARD syndrome 1,cross-family,not_linked,No strong mechanism or phenotype link in this panel.,0.0000,0.0000,,,0.0401,0.1061,0.0531,,,HP:0000256|Macrocephaly|2.97; HP:0011355|Localized skin lesion|2.14,2,disease_similarity_reactome_idf_jaccard_mondo_group_hpo_simgic_v0.4
MONDO:0009757,MONDO:0011963,"Niemann-Pick disease, type C1",Joubert syndrome 2,cross-family,not_linked,No strong mechanism or phenotype link in this panel.,0.0000,0.0000,,,0.0376,0.1061,0.0531,,,HP:0001251|Ataxia|2.19; HP:0000549|Abnormal conjugate eye movement|2.14,5,disease_similarity_reactome_idf_jaccard_mondo_group_hpo_simgic_v0.4
MONDO:0010006,MONDO:0018975,Sandhoff disease,neurofibromatosis type 1,cross-family,not_linked,No strong mechanism or phenotype link in this panel.,0.0000,0.0000,,,0.0394,0.1061,0.0531,,,HP:0030972|Abnormal systemic blood pressure|2.99; HP:0000256|Macrocephaly|2.97; HP:0011004|Abnormal systemic arterial morphology|2.95,1,disease_similarity_reactome_idf_jaccard_mondo_group_hpo_simgic_v0.4
MONDO:0010079,MONDO:0010589,Canavan disease,"Aarskog-Scott syndrome, X-linked",cross-family,not_linked,No strong mechanism or phenotype link in this panel.,0.0000,0.0000,,,0.0368,0.1061,0.0531,,,HP:0000256|Macrocephaly|2.97,2,disease_similarity_reactome_idf_jaccard_mondo_group_hpo_simgic_v0.4
MONDO:0010079,MONDO:0012690,Canavan disease,Noonan syndrome 5,cross-family,not_linked,No strong mechanism or phenotype link in this panel.,0.0000,0.0000,,,0.0398,0.1061,0.0531,,,HP:0000256|Macrocephaly|2.97,2,disease_similarity_reactome_idf_jaccard_mondo_group_hpo_simgic_v0.4
MONDO:0010079,MONDO:0100082,Canavan disease,LEOPARD syndrome 1,cross-family,not_linked,No strong mechanism or phenotype link in this panel.,0.0000,0.0000,,,0.0376,0.1061,0.0531,,,HP:0000256|Macrocephaly|2.97,1,disease_similarity_reactome_idf_jaccard_mondo_group_hpo_simgic_v0.4
MONDO:0010099,MONDO:0012669,Tay-Sachs disease AB variant,Legius syndrome,cross-family,not_linked,No strong mechanism or phenotype link in this panel.,0.0000,0.0000,,,0.0375,0.1061,0.0531,,,HP:0100543|Cognitive impairment|2.30; HP:0025780|Abnormal volitional state|2.25,1,disease_similarity_reactome_idf_jaccard_mondo_group_hpo_simgic_v0.4
MONDO:0010099,MONDO:0014113,Tay-Sachs disease AB variant,cardiofaciocutaneous syndrome 3,cross-family,not_linked,No strong mechanism or phenotype link in this panel.,0.0000,0.0000,,,0.0375,0.1061,0.0531,,,,3,disease_similarity_reactome_idf_jaccard_mondo_group_hpo_simgic_v0.4
MONDO:0012432,MONDO:0012690,Joubert syndrome 5,Noonan syndrome 5,cross-family,not_linked,No strong mechanism or phenotype link in this panel.,0.0000,0.0000,,,0.0364,0.1061,0.0531,,,HP:0000508|Ptosis|2.63,3,disease_similarity_reactome_idf_jaccard_mondo_group_hpo_simgic_v0.4
MONDO:0009026,MONDO:0009757,Costello syndrome,"Niemann-Pick disease, type C1",cross-family,not_linked,No strong mechanism or phenotype link in this panel.,0.0000,0.0000,,,0.0363,0.1029,0.0514,,,HP:0100763|Abnormality of the lymphatic system|2.52; HP:0007367|Atrophy/Degeneration affecting the central nervous system|2.45; HP:0001197|Abnormality of prenatal development or birth|2.37; HP:0000549|Abnormal conjugate eye movement|2.14; HP:0025015|Abnormal vascular morphology|2.07,2,disease_similarity_reactome_idf_jaccard_mondo_group_hpo_simgic_v0.4
MONDO:0009265,MONDO:0011963,Gaucher disease type I,Joubert syndrome 2,cross-family,not_linked,No strong mechanism or phenotype link in this panel.,0.0000,0.0000,,,0.0363,0.1029,0.0514,,,HP:0002793|Abnormal pattern of respiration|2.69; HP:0000479|Abnormal retinal morphology|2.31; HP:0040069|Abnormal lower limb bone morphology|2.26,0,disease_similarity_reactome_idf_jaccard_mondo_group_hpo_simgic_v0.4
MONDO:0009756,MONDO:0012626,Niemann-Pick disease type A,"Meckel syndrome, type 4",cross-family,not_linked,No strong mechanism or phenotype link in this panel.,0.0000,0.0000,,,0.0363,0.1029,0.0514,,,HP:0004297|Abnormality of the biliary system|3.13,0,disease_similarity_reactome_idf_jaccard_mondo_group_hpo_simgic_v0.4
MONDO:0008944,MONDO:0014113,Joubert syndrome 1,cardiofaciocutaneous syndrome 3,cross-family,not_linked,No strong mechanism or phenotype link in this panel.,0.0000,0.0000,,,0.0357,0.0997,0.0498,,,,3,disease_similarity_reactome_idf_jaccard_mondo_group_hpo_simgic_v0.4
MONDO:0009499,MONDO:0012626,Krabbe disease,"Meckel syndrome, type 4",cross-family,not_linked,No strong mechanism or phenotype link in this panel.,0.0000,0.0000,,,0.0359,0.0997,0.0498,,,HP:0000238|Hydrocephalus|3.26,1,disease_similarity_reactome_idf_jaccard_mondo_group_hpo_simgic_v0.4
MONDO:0009591,MONDO:0014438,"metachromatic leukodystrophy, juvenile form",Bardet-Biedl syndrome 10,cross-family,not_linked,No strong mechanism or phenotype link in this panel.,0.0000,0.0000,,,0.0362,0.0997,0.0498,,,,1,disease_similarity_reactome_idf_jaccard_mondo_group_hpo_simgic_v0.4
MONDO:0009571,MONDO:0009591,"Meckel syndrome, type 1","metachromatic leukodystrophy, juvenile form",cross-family,not_linked,No strong mechanism or phenotype link in this panel.,0.0000,0.0000,,,0.0354,0.0965,0.0482,,,HP:0004297|Abnormality of the biliary system|3.13; HP:0000014|Abnormality of the bladder|2.99; HP:0002500|Abnormal cerebral white matter morphology|2.14,1,disease_similarity_reactome_idf_jaccard_mondo_group_hpo_simgic_v0.4
MONDO:0012432,MONDO:0012547,Joubert syndrome 5,Noonan syndrome 4,cross-family,not_linked,No strong mechanism or phenotype link in this panel.,0.0000,0.0000,,,0.0355,0.0965,0.0482,,,HP:0000508|Ptosis|2.63; HP:0012210|Abnormal renal morphology|2.16,2,disease_similarity_reactome_idf_jaccard_mondo_group_hpo_simgic_v0.4
MONDO:0009267,MONDO:0014438,Gaucher disease type III,Bardet-Biedl syndrome 10,cross-family,not_linked,No strong mechanism or phenotype link in this panel.,0.0000,0.0000,,,0.0347,0.0932,0.0466,,,,0,disease_similarity_reactome_idf_jaccard_mondo_group_hpo_simgic_v0.4
MONDO:0009499,MONDO:0013379,Krabbe disease,Noonan syndrome 7,cross-family,not_linked,No strong mechanism or phenotype link in this panel.,0.0000,0.0000,,,0.0349,0.0932,0.0466,,,HP:0100543|Cognitive impairment|2.30,2,disease_similarity_reactome_idf_jaccard_mondo_group_hpo_simgic_v0.4
MONDO:0012371,MONDO:0012433,Noonan syndrome 3,Senior-Loken syndrome 6,cross-family,not_linked,No strong mechanism or phenotype link in this panel.,0.0000,0.0000,,,0.0350,0.0932,0.0466,,,HP:0006817|Aplasia/Hypoplasia of the cerebellar vermis|3.52,0,disease_similarity_reactome_idf_jaccard_mondo_group_hpo_simgic_v0.4
MONDO:0009218,MONDO:0012433,Farber lipogranulomatosis,Senior-Loken syndrome 6,cross-family,not_linked,No strong mechanism or phenotype link in this panel.,0.0495,0.0495,,,0.0239,0.0418,0.0457,,R-HSA-6798695|Neutrophil degranulation,HP:0000479|Abnormal retinal morphology|2.31,0,disease_similarity_reactome_idf_jaccard_mondo_group_hpo_simgic_v0.4
MONDO:0009499,MONDO:0018975,Krabbe disease,neurofibromatosis type 1,cross-family,not_linked,No strong mechanism or phenotype link in this panel.,0.0000,0.0000,,,0.0345,0.0868,0.0434,,,HP:0000238|Hydrocephalus|3.26; HP:0000759|Abnormal peripheral nervous system morphology|3.11; HP:0002353|EEG abnormality|2.99,2,disease_similarity_reactome_idf_jaccard_mondo_group_hpo_simgic_v0.4
MONDO:0010006,MONDO:0010589,Sandhoff disease,"Aarskog-Scott syndrome, X-linked",cross-family,not_linked,No strong mechanism or phenotype link in this panel.,0.0000,0.0000,,,0.0345,0.0868,0.0434,,,HP:0000256|Macrocephaly|2.97; HP:0010936|Abnormality of the lower urinary tract|2.46; HP:0100543|Cognitive impairment|2.30; HP:0001999|Abnormal facial shape|2.06,0,disease_similarity_reactome_idf_jaccard_mondo_group_hpo_simgic_v0.4
MONDO:0009499,MONDO:0012547,Krabbe disease,Noonan syndrome 4,cross-family,not_linked,No strong mechanism or phenotype link in this panel.,0.0000,0.0000,,,0.0342,0.0836,0.0418,,,HP:0001873|Thrombocytopenia|3.20,0,disease_similarity_reactome_idf_jaccard_mondo_group_hpo_simgic_v0.4
MONDO:0010099,MONDO:0012626,Tay-Sachs disease AB variant,"Meckel syndrome, type 4",cross-family,not_linked,No strong mechanism or phenotype link in this panel.,0.0578,0.0578,,,0.0171,0.0257,0.0417,,R-HSA-6798695|Neutrophil degranulation,,0,disease_similarity_reactome_idf_jaccard_mondo_group_hpo_simgic_v0.4
MONDO:0010589,MONDO:0012690,"Aarskog-Scott syndrome, X-linked",Noonan syndrome 5,RASopathies,not_linked,No strong mechanism or phenotype link in this panel.,0.0000,0.0000,,,0.1285,0.0818,0.0409,,,HP:0004324|Increased body weight|3.24; HP:0000470|Short neck|3.13; HP:0000306|Abnormality of the chin|3.08; HP:0000256|Macrocephaly|2.97; HP:0000766|Abnormal sternum morphology|2.92; HP:0000494|Downslanted palpebral fissures|2.88,8,disease_similarity_reactome_idf_jaccard_mondo_group_hpo_simgic_v0.4
MONDO:0012432,MONDO:0013379,Joubert syndrome 5,Noonan syndrome 7,cross-family,not_linked,No strong mechanism or phenotype link in this panel.,0.0000,0.0000,,,0.0341,0.0804,0.0402,,,HP:0001290|Generalized hypotonia|2.86,3,disease_similarity_reactome_idf_jaccard_mondo_group_hpo_simgic_v0.4
MONDO:0008854,MONDO:0010099,Bardet-Biedl syndrome 1,Tay-Sachs disease AB variant,cross-family,not_linked,No strong mechanism or phenotype link in this panel.,0.0000,0.0000,,,0.0333,0.0772,0.0386,,,HP:0007663|Reduced visual acuity|2.91,1,disease_similarity_reactome_idf_jaccard_mondo_group_hpo_simgic_v0.4
MONDO:0009265,MONDO:0100082,Gaucher disease type I,LEOPARD syndrome 1,cross-family,not_linked,No strong mechanism or phenotype link in this panel.,0.0000,0.0000,,,0.0333,0.0772,0.0386,,,HP:0000953|Hyperpigmentation of the skin|3.36; HP:0031653|Abnormal heart valve physiology|3.17,0,disease_similarity_reactome_idf_jaccard_mondo_group_hpo_simgic_v0.4
MONDO:0009738,MONDO:0012669,sialidosis type 2,Legius syndrome,cross-family,not_linked,No strong mechanism or phenotype link in this panel.,0.0000,0.0000,,,0.0335,0.0772,0.0386,,,HP:0001999|Abnormal facial shape|2.06,1,disease_similarity_reactome_idf_jaccard_mondo_group_hpo_simgic_v0.4
MONDO:0009660,MONDO:0010079,mucopolysaccharidosis type 4B,Canavan disease,lysosomal storage,not_linked,No strong mechanism or phenotype link in this panel.,0.0000,0.0000,,,0.0271,0.0763,0.0382,,,,1,disease_similarity_reactome_idf_jaccard_mondo_group_hpo_simgic_v0.4
MONDO:0009261,MONDO:0012433,GM1 gangliosidosis type 2,Senior-Loken syndrome 6,cross-family,not_linked,No strong mechanism or phenotype link in this panel.,0.0434,0.0434,,,0.0223,0.0322,0.0378,,R-HSA-6798695|Neutrophil degranulation,,0,disease_similarity_reactome_idf_jaccard_mondo_group_hpo_simgic_v0.4
MONDO:0008104,MONDO:0012432,Noonan syndrome 1,Joubert syndrome 5,cross-family,not_linked,No strong mechanism or phenotype link in this panel.,0.0000,0.0000,,,0.0325,0.0740,0.0370,,,HP:0000175|Cleft palate|2.66; HP:0000508|Ptosis|2.63,3,disease_similarity_reactome_idf_jaccard_mondo_group_hpo_simgic_v0.4
MONDO:0008300,MONDO:0009265,Prader-Willi syndrome,Gaucher disease type I,cross-family,not_linked,No strong mechanism or phenotype link in this panel.,0.0000,0.0000,,,0.0322,0.0740,0.0370,,,HP:0001000|Abnormal skin pigmentation|2.87; HP:0002793|Abnormal pattern of respiration|2.69; HP:0040069|Abnormal lower limb bone morphology|2.26; HP:0002088|Abnormal lung morphology|2.03,0,disease_similarity_reactome_idf_jaccard_mondo_group_hpo_simgic_v0.4
MONDO:0008300,MONDO:0009499,Prader-Willi syndrome,Krabbe disease,cross-family,not_linked,No strong mechanism or phenotype link in this panel.,0.0000,0.0000,,,0.0324,0.0740,0.0370,,,HP:0001508|Failure to thrive|2.35; HP:0002118|Abnormal cerebral ventricle morphology|2.31; HP:0100543|Cognitive impairment|2.30,1,disease_similarity_reactome_idf_jaccard_mondo_group_hpo_simgic_v0.4
MONDO:0008300,MONDO:0010100,Prader-Willi syndrome,Tay-Sachs disease,cross-family,not_linked,No strong mechanism or phenotype link in this panel.,0.0000,0.0000,,,0.0303,0.0740,0.0370,,,HP:0001290|Generalized hypotonia|2.86; HP:0100543|Cognitive impairment|2.30; HP:0025780|Abnormal volitional state|2.25,2,disease_similarity_reactome_idf_jaccard_mondo_group_hpo_simgic_v0.4
MONDO:0008763,MONDO:0009591,Alstrom syndrome,"metachromatic leukodystrophy, juvenile form",cross-family,not_linked,No strong mechanism or phenotype link in this panel.,0.0000,0.0000,,,0.0330,0.0740,0.0370,,,HP:0032158|Unusual infection by anatomical site|2.65; HP:0001392|Abnormality of the liver|2.14,0,disease_similarity_reactome_idf_jaccard_mondo_group_hpo_simgic_v0.4
MONDO:0009026,MONDO:0009267,Costello syndrome,Gaucher disease type III,cross-family,not_linked,No strong mechanism or phenotype link in this panel.,0.0000,0.0000,,,0.0321,0.0740,0.0370,,,HP:0100763|Abnormality of the lymphatic system|2.52; HP:0000486|Strabismus|2.18; HP:0025015|Abnormal vascular morphology|2.07,2,disease_similarity_reactome_idf_jaccard_mondo_group_hpo_simgic_v0.4
MONDO:0009026,MONDO:0012433,Costello syndrome,Senior-Loken syndrome 6,cross-family,not_linked,No strong mechanism or phenotype link in this panel.,0.0000,0.0000,,,0.0311,0.0740,0.0370,,,HP:0000083|Renal insufficiency|3.19; HP:0001317|Abnormal cerebellum morphology|2.17,0,disease_similarity_reactome_idf_jaccard_mondo_group_hpo_simgic_v0.4
MONDO:0009265,MONDO:0012432,Gaucher disease type I,Joubert syndrome 5,cross-family,not_linked,No strong mechanism or phenotype link in this panel.,0.0000,0.0000,,,0.0307,0.0740,0.0370,,,HP:0002793|Abnormal pattern of respiration|2.69; HP:0000479|Abnormal retinal morphology|2.31,0,disease_similarity_reactome_idf_jaccard_mondo_group_hpo_simgic_v0.4
MONDO:0009265,MONDO:0012626,Gaucher disease type I,"Meckel syndrome, type 4",cross-family,not_linked,No strong mechanism or phenotype link in this panel.,0.0000,0.0000,,,0.0304,0.0740,0.0370,,,HP:0001392|Abnormality of the liver|2.14,0,disease_similarity_reactome_idf_jaccard_mondo_group_hpo_simgic_v0.4
MONDO:0009266,MONDO:0014438,Gaucher disease type II,Bardet-Biedl syndrome 10,cross-family,not_linked,No strong mechanism or phenotype link in this panel.,0.0000,0.0000,,,0.0332,0.0740,0.0370,,,,2,disease_similarity_reactome_idf_jaccard_mondo_group_hpo_simgic_v0.4
MONDO:0009266,MONDO:0100082,Gaucher disease type II,LEOPARD syndrome 1,cross-family,not_linked,No strong mechanism or phenotype link in this panel.,0.0000,0.0000,,,0.0326,0.0740,0.0370,,,HP:0000486|Strabismus|2.18; HP:0000277|Abnormal mandible morphology|2.01,1,disease_similarity_reactome_idf_jaccard_mondo_group_hpo_simgic_v0.4
MONDO:0009267,MONDO:0010589,Gaucher disease type III,"Aarskog-Scott syndrome, X-linked",cross-family,not_linked,No strong mechanism or phenotype link in this panel.,0.0000,0.0000,,,0.0309,0.0740,0.0370,,,HP:0100543|Cognitive impairment|2.30; HP:0025780|Abnormal volitional state|2.25; HP:0000486|Strabismus|2.18,2,disease_similarity_reactome_idf_jaccard_mondo_group_hpo_simgic_v0.4
MONDO:0009267,MONDO:0012669,Gaucher disease type III,Legius syndrome,cross-family,not_linked,No strong mechanism or phenotype link in this panel.,0.0000,0.0000,,,0.0314,0.0740,0.0370,,,HP:0100543|Cognitive impairment|2.30; HP:0025780|Abnormal volitional state|2.25,0,disease_similarity_reactome_idf_jaccard_mondo_group_hpo_simgic_v0.4
MONDO:0009267,MONDO:0012690,Gaucher disease type III,Noonan syndrome 5,cross-family,not_linked,No strong mechanism or phenotype link in this panel.,0.0000,0.0000,,,0.0306,0.0740,0.0370,,,,1,disease_similarity_reactome_idf_jaccard_mondo_group_hpo_simgic_v0.4
MONDO:0009499,MONDO:0009571,Krabbe disease,"Meckel syndrome, type 1",cross-family,not_linked,No strong mechanism or phenotype link in this panel.,0.0000,0.0000,,,0.0328,0.0740,0.0370,,,HP:0008936|Axial hypotonia|3.53; HP:0000238|Hydrocephalus|3.26; HP:0000639|Nystagmus|2.29,3,disease_similarity_reactome_idf_jaccard_mondo_group_hpo_simgic_v0.4
MONDO:0009499,MONDO:0012669,Krabbe disease,Legius syndrome,cross-family,not_linked,No strong mechanism or phenotype link in this panel.,0.0000,0.0000,,,0.0316,0.0740,0.0370,,,HP:0000759|Abnormal peripheral nervous system morphology|3.11; HP:0100543|Cognitive impairment|2.30,1,disease_similarity_reactome_idf_jaccard_mondo_group_hpo_simgic_v0.4
MONDO:0009571,MONDO:0010079,"Meckel syndrome, type 1",Canavan disease,cross-family,not_linked,No strong mechanism or phenotype link in this panel.,0.0000,0.0000,,,0.0331,0.0740,0.0370,,,HP:0000639|Nystagmus|2.29,3,disease_similarity_reactome_idf_jaccard_mondo_group_hpo_simgic_v0.4
MONDO:0009591,MONDO:0012669,"metachromatic leukodystrophy, juvenile form",Legius syndrome,cross-family,not_linked,No strong mechanism or phenotype link in this panel.,0.0000,0.0000,,,0.0321,0.0740,0.0370,,,HP:0000759|Abnormal peripheral nervous system morphology|3.11; HP:0100543|Cognitive impairment|2.30; HP:0025766|Abnormal affect|2.13,1,disease_similarity_reactome_idf_jaccard_mondo_group_hpo_simgic_v0.4
MONDO:0009591,MONDO:0013379,"metachromatic leukodystrophy, juvenile form",Noonan syndrome 7,cross-family,not_linked,No strong mechanism or phenotype link in this panel.,0.0000,0.0000,,,0.0324,0.0740,0.0370,,,HP:0001290|Generalized hypotonia|2.86; HP:0100543|Cognitive impairment|2.30; HP:0012719|Functional abnormality of the gastrointestinal tract|2.10,4,disease_similarity_reactome_idf_jaccard_mondo_group_hpo_simgic_v0.4
MONDO:0009737,MONDO:0010589,galactosialidosis,"Aarskog-Scott syndrome, X-linked",cross-family,not_linked,No strong mechanism or phenotype link in this panel.,0.0000,0.0000,,,0.0329,0.0740,0.0370,,,HP:0003508|Proportionate short stature|4.06; HP:0001999|Abnormal facial shape|2.06,1,disease_similarity_reactome_idf_jaccard_mondo_group_hpo_simgic_v0.4
MONDO:0009756,MONDO:0014432,Niemann-Pick disease type A,Bardet-Biedl syndrome 2,cross-family,not_linked,No strong mechanism or phenotype link in this panel.,0.0000,0.0000,,,0.0327,0.0740,0.0370,,,HP:0000479|Abnormal retinal morphology|2.31; HP:0025766|Abnormal affect|2.13,2,disease_similarity_reactome_idf_jaccard_mondo_group_hpo_simgic_v0.4
MONDO:0009757,MONDO:0012626,"Niemann-Pick disease, type C1","Meckel syndrome, type 4",cross-family,not_linked,No strong mechanism or phenotype link in this panel.,0.0000,0.0000,,,0.0300,0.0740,0.0370,,,HP:0004297|Abnormality of the biliary system|3.13,0,disease_similarity_reactome_idf_jaccard_mondo_group_hpo_simgic_v0.4
MONDO:0010079,MONDO:0014432,Canavan disease,Bardet-Biedl syndrome 2,cross-family,not_linked,No strong mechanism or phenotype link in this panel.,0.0000,0.0000,,,0.0329,0.0740,0.0370,,,HP:0007663|Reduced visual acuity|2.91,1,disease_similarity_reactome_idf_jaccard_mondo_group_hpo_simgic_v0.4
MONDO:0010099,MONDO:0014432,Tay-Sachs disease AB variant,Bardet-Biedl syndrome 2,cross-family,not_linked,No strong mechanism or phenotype link in this panel.,0.0000,0.0000,,,0.0312,0.0740,0.0370,,,HP:0007663|Reduced visual acuity|2.91; HP:0025780|Abnormal volitional state|2.25,1,disease_similarity_reactome_idf_jaccard_mondo_group_hpo_simgic_v0.4
MONDO:0012371,MONDO:0014438,Noonan syndrome 3,Bardet-Biedl syndrome 10,cross-family,not_linked,No strong mechanism or phenotype link in this panel.,0.0000,0.0000,,,0.0323,0.0740,0.0370,,,,2,disease_similarity_reactome_idf_jaccard_mondo_group_hpo_simgic_v0.4
MONDO:0013379,MONDO:0014438,Noonan syndrome 7,Bardet-Biedl syndrome 10,cross-family,not_linked,No strong mechanism or phenotype link in this panel.,0.0000,0.0000,,,0.0319,0.0740,0.0370,,,HP:0004324|Increased body weight|3.24,1,disease_similarity_reactome_idf_jaccard_mondo_group_hpo_simgic_v0.4
MONDO:0014438,MONDO:0018975,Bardet-Biedl syndrome 10,neurofibromatosis type 1,cross-family,not_linked,No strong mechanism or phenotype link in this panel.,0.0000,0.0000,,,0.0317,0.0740,0.0370,,,HP:0001256|Mild intellectual disability|3.27; HP:0012210|Abnormal renal morphology|2.16,2,disease_similarity_reactome_idf_jaccard_mondo_group_hpo_simgic_v0.4
MONDO:0009571,MONDO:0010526,"Meckel syndrome, type 1",Fabry disease,cross-family,not_linked,No strong mechanism or phenotype link in this panel.,0.0000,0.0000,,,0.0294,0.0675,0.0338,,,HP:0001671|Abnormal cardiac septum morphology|2.44; HP:0025015|Abnormal vascular morphology|2.07,0,disease_similarity_reactome_idf_jaccard_mondo_group_hpo_simgic_v0.4
MONDO:0009026,MONDO:0010099,Costello syndrome,Tay-Sachs disease AB variant,cross-family,not_linked,No strong mechanism or phenotype link in this panel.,0.0000,0.0000,,,0.0282,0.0643,0.0322,,,HP:0002059|Cerebral atrophy|2.80,2,disease_similarity_reactome_idf_jaccard_mondo_group_hpo_simgic_v0.4
MONDO:0009757,MONDO:0012669,"Niemann-Pick disease, type C1",Legius syndrome,cross-family,not_linked,No strong mechanism or phenotype link in this panel.,0.0000,0.0000,,,0.0283,0.0643,0.0322,,,HP:0100543|Cognitive impairment|2.30,1,disease_similarity_reactome_idf_jaccard_mondo_group_hpo_simgic_v0.4
MONDO:0010079,MONDO:0012547,Canavan disease,Noonan syndrome 4,cross-family,not_linked,No strong mechanism or phenotype link in this panel.,0.0000,0.0000,,,0.0287,0.0643,0.0322,,,HP:0000256|Macrocephaly|2.97,1,disease_similarity_reactome_idf_jaccard_mondo_group_hpo_simgic_v0.4
MONDO:0010099,MONDO:0014438,Tay-Sachs disease AB variant,Bardet-Biedl syndrome 10,cross-family,not_linked,No strong mechanism or phenotype link in this panel.,0.0000,0.0000,,,0.0290,0.0643,0.0322,,,,2,disease_similarity_reactome_idf_jaccard_mondo_group_hpo_simgic_v0.4
MONDO:0010100,MONDO:0012690,Tay-Sachs disease,Noonan syndrome 5,cross-family,not_linked,No strong mechanism or phenotype link in this panel.,0.0000,0.0000,,,0.0288,0.0643,0.0322,,,,0,disease_similarity_reactome_idf_jaccard_mondo_group_hpo_simgic_v0.4
MONDO:0008104,MONDO:0010100,Noonan syndrome 1,Tay-Sachs disease,cross-family,not_linked,No strong mechanism or phenotype link in this panel.,0.0000,0.0000,,,0.0271,0.0611,0.0305,,,HP:0011004|Abnormal systemic arterial morphology|2.95,0,disease_similarity_reactome_idf_jaccard_mondo_group_hpo_simgic_v0.4
MONDO:0008300,MONDO:0009737,Prader-Willi syndrome,galactosialidosis,cross-family,not_linked,No strong mechanism or phenotype link in this panel.,0.0000,0.0000,,,0.0280,0.0611,0.0305,,,HP:0011354|Generalized abnormality of skin|2.11,2,disease_similarity_reactome_idf_jaccard_mondo_group_hpo_simgic_v0.4
MONDO:0009218,MONDO:0012669,Farber lipogranulomatosis,Legius syndrome,cross-family,not_linked,No strong mechanism or phenotype link in this panel.,0.0000,0.0000,,,0.0272,0.0611,0.0305,,,HP:0011355|Localized skin lesion|2.14; HP:0025766|Abnormal affect|2.13,0,disease_similarity_reactome_idf_jaccard_mondo_group_hpo_simgic_v0.4
MONDO:0009728,MONDO:0012547,nephronophthisis 1,Noonan syndrome 4,cross-family,not_linked,No strong mechanism or phenotype link in this panel.,0.0000,0.0000,,,0.0278,0.0611,0.0305,,,HP:0012210|Abnormal renal morphology|2.16,0,disease_similarity_reactome_idf_jaccard_mondo_group_hpo_simgic_v0.4
MONDO:0009737,MONDO:0011963,galactosialidosis,Joubert syndrome 2,cross-family,not_linked,No strong mechanism or phenotype link in this panel.,0.0000,0.0000,,,0.0277,0.0611,0.0305,,,HP:0000479|Abnormal retinal morphology|2.31,2,disease_similarity_reactome_idf_jaccard_mondo_group_hpo_simgic_v0.4
MONDO:0009757,MONDO:0012690,"Niemann-Pick disease, type C1",Noonan syndrome 5,cross-family,not_linked,No strong mechanism or phenotype link in this panel.,0.0000,0.0000,,,0.0271,0.0611,0.0305,,,HP:0001197|Abnormality of prenatal development or birth|2.37,2,disease_similarity_reactome_idf_jaccard_mondo_group_hpo_simgic_v0.4
MONDO:0010526,MONDO:0010589,Fabry disease,"Aarskog-Scott syndrome, X-linked",cross-family,not_linked,No strong mechanism or phenotype link in this panel.,0.0000,0.0000,,,0.0273,0.0611,0.0305,,,HP:0000823|Delayed puberty|4.13,1,disease_similarity_reactome_idf_jaccard_mondo_group_hpo_simgic_v0.4
MONDO:0012432,MONDO:0018975,Joubert syndrome 5,neurofibromatosis type 1,cross-family,not_linked,No strong mechanism or phenotype link in this panel.,0.0000,0.0000,,,0.0278,0.0611,0.0305,,,HP:0045005|Neural tube defect|3.60; HP:0012210|Abnormal renal morphology|2.16,0,disease_similarity_reactome_idf_jaccard_mondo_group_hpo_simgic_v0.4
MONDO:0012626,MONDO:0012669,"Meckel syndrome, type 4",Legius syndrome,cross-family,not_linked,No strong mechanism or phenotype link in this panel.,0.0000,0.0000,,,0.0280,0.0611,0.0305,,,,0,disease_similarity_reactome_idf_jaccard_mondo_group_hpo_simgic_v0.4
MONDO:0009218,MONDO:0010079,Farber lipogranulomatosis,Canavan disease,lysosomal storage,not_linked,No strong mechanism or phenotype link in this panel.,0.0000,0.0000,,,0.0241,0.0553,0.0276,,,,0,disease_similarity_reactome_idf_jaccard_mondo_group_hpo_simgic_v0.4
MONDO:0009659,MONDO:0012433,mucopolysaccharidosis type 4A,Senior-Loken syndrome 6,cross-family,not_linked,No strong mechanism or phenotype link in this panel.,0.0549,0.0549,,,0.0061,0.0000,0.0275,,R-HSA-6798695|Neutrophil degranulation,,0,disease_similarity_reactome_idf_jaccard_mondo_group_hpo_simgic_v0.4
MONDO:0009267,MONDO:0100082,Gaucher disease type III,LEOPARD syndrome 1,cross-family,not_linked,No strong mechanism or phenotype link in this panel.,0.0000,0.0000,,,0.0269,0.0547,0.0273,,,HP:0000486|Strabismus|2.18,2,disease_similarity_reactome_idf_jaccard_mondo_group_hpo_simgic_v0.4
MONDO:0009757,MONDO:0018975,"Niemann-Pick disease, type C1",neurofibromatosis type 1,cross-family,not_linked,No strong mechanism or phenotype link in this panel.,0.0000,0.0000,,,0.0268,0.0547,0.0273,,,HP:0011004|Abnormal systemic arterial morphology|2.95,1,disease_similarity_reactome_idf_jaccard_mondo_group_hpo_simgic_v0.4
MONDO:0009499,MONDO:0014432,Krabbe disease,Bardet-Biedl syndrome 2,cross-family,not_linked,No strong mechanism or phenotype link in this panel.,0.0000,0.0000,,,0.0264,0.0514,0.0257,,,HP:0007663|Reduced visual acuity|2.91,0,disease_similarity_reactome_idf_jaccard_mondo_group_hpo_simgic_v0.4
MONDO:0009757,MONDO:0012547,"Niemann-Pick disease, type C1",Noonan syndrome 4,cross-family,not_linked,No strong mechanism or phenotype link in this panel.,0.0000,0.0000,,,0.0265,0.0514,0.0257,,,HP:0001197|Abnormality of prenatal development or birth|2.37; HP:0011354|Generalized abnormality of skin|2.11,1,disease_similarity_reactome_idf_jaccard_mondo_group_hpo_simgic_v0.4
MONDO:0009659,MONDO:0010079,mucopolysaccharidosis type 4A,Canavan disease,lysosomal storage,not_linked,No strong mechanism or phenotype link in this panel.,0.0000,0.0000,,,0.0231,0.0500,0.0250,,,,1,disease_similarity_reactome_idf_jaccard_mondo_group_hpo_simgic_v0.4
MONDO:0009262,MONDO:0012669,GM1 gangliosidosis type 3,Legius syndrome,cross-family,not_linked,No strong mechanism or phenotype link in this panel.,0.0000,0.0000,,,0.0263,0.0482,0.0241,,,HP:0001999|Abnormal facial shape|2.06,0,disease_similarity_reactome_idf_jaccard_mondo_group_hpo_simgic_v0.4
MONDO:0009267,MONDO:0014432,Gaucher disease type III,Bardet-Biedl syndrome 2,cross-family,not_linked,No strong mechanism or phenotype link in this panel.,0.0000,0.0000,,,0.0258,0.0482,0.0241,,,HP:0025780|Abnormal volitional state|2.25,0,disease_similarity_reactome_idf_jaccard_mondo_group_hpo_simgic_v0.4
MONDO:0009499,MONDO:0010589,Krabbe disease,"Aarskog-Scott syndrome, X-linked",cross-family,not_linked,No strong mechanism or phenotype link in this panel.,0.0000,0.0000,,,0.0256,0.0482,0.0241,,,HP:0001508|Failure to thrive|2.35; HP:0100543|Cognitive impairment|2.30,1,disease_similarity_reactome_idf_jaccard_mondo_group_hpo_simgic_v0.4
MONDO:0009571,MONDO:0010099,"Meckel syndrome, type 1",Tay-Sachs disease AB variant,cross-family,not_linked,No strong mechanism or phenotype link in this panel.,0.0000,0.0000,,,0.0263,0.0482,0.0241,,,HP:0008936|Axial hypotonia|3.53,3,disease_similarity_reactome_idf_jaccard_mondo_group_hpo_simgic_v0.4
MONDO:0009728,MONDO:0018975,nephronophthisis 1,neurofibromatosis type 1,cross-family,not_linked,No strong mechanism or phenotype link in this panel.,0.0000,0.0000,,,0.0253,0.0482,0.0241,,,HP:0000822|Hypertension|3.39; HP:0012210|Abnormal renal morphology|2.16,1,disease_similarity_reactome_idf_jaccard_mondo_group_hpo_simgic_v0.4
MONDO:0009757,MONDO:0014438,"Niemann-Pick disease, type C1",Bardet-Biedl syndrome 10,cross-family,not_linked,No strong mechanism or phenotype link in this panel.,0.0000,0.0000,,,0.0251,0.0482,0.0241,,,,2,disease_similarity_reactome_idf_jaccard_mondo_group_hpo_simgic_v0.4
MONDO:0010099,MONDO:0013379,Tay-Sachs disease AB variant,Noonan syndrome 7,cross-family,not_linked,No strong mechanism or phenotype link in this panel.,0.0000,0.0000,,,0.0260,0.0482,0.0241,,,HP:0001290|Generalized hypotonia|2.86; HP:0100543|Cognitive impairment|2.30,3,disease_similarity_reactome_idf_jaccard_mondo_group_hpo_simgic_v0.4
MONDO:0010100,MONDO:0012371,Tay-Sachs disease,Noonan syndrome 3,cross-family,not_linked,No strong mechanism or phenotype link in this panel.,0.0000,0.0000,,,0.0245,0.0482,0.0241,,,HP:0033353|Abnormal blood vessel morphology|2.25,1,disease_similarity_reactome_idf_jaccard_mondo_group_hpo_simgic_v0.4
MONDO:0009660,MONDO:0012433,mucopolysaccharidosis type 4B,Senior-Loken syndrome 6,cross-family,not_linked,No strong mechanism or phenotype link in this panel.,0.0434,0.0434,,,0.0074,0.0032,0.0233,,R-HSA-6798695|Neutrophil degranulation,,0,disease_similarity_reactome_idf_jaccard_mondo_group_hpo_simgic_v0.4
MONDO:0010099,MONDO:0010589,Tay-Sachs disease AB variant,"Aarskog-Scott syndrome, X-linked",cross-family,not_linked,No strong mechanism or phenotype link in this panel.,0.0000,0.0000,,,0.0243,0.0450,0.0225,,,HP:0100543|Cognitive impairment|2.30; HP:0025780|Abnormal volitional state|2.25,1,disease_similarity_reactome_idf_jaccard_mondo_group_hpo_simgic_v0.4
MONDO:0010100,MONDO:0018975,Tay-Sachs disease,neurofibromatosis type 1,cross-family,not_linked,No strong mechanism or phenotype link in this panel.,0.0000,0.0000,,,0.0242,0.0450,0.0225,,,HP:0011004|Abnormal systemic arterial morphology|2.95,1,disease_similarity_reactome_idf_jaccard_mondo_group_hpo_simgic_v0.4
MONDO:0009266,MONDO:0009728,Gaucher disease type II,nephronophthisis 1,cross-family,not_linked,No strong mechanism or phenotype link in this panel.,0.0000,0.0000,,,0.0236,0.0418,0.0209,,,HP:0001903|Anemia|2.69,1,disease_similarity_reactome_idf_jaccard_mondo_group_hpo_simgic_v0.4
MONDO:0009267,MONDO:0012626,Gaucher disease type III,"Meckel syndrome, type 4",cross-family,not_linked,No strong mechanism or phenotype link in this panel.,0.0000,0.0000,,,0.0237,0.0418,0.0209,,,HP:0001392|Abnormality of the liver|2.14,0,disease_similarity_reactome_idf_jaccard_mondo_group_hpo_simgic_v0.4
MONDO:0009267,MONDO:0018975,Gaucher disease type III,neurofibromatosis type 1,cross-family,not_linked,No strong mechanism or phenotype link in this panel.,0.0000,0.0000,,,0.0233,0.0418,0.0209,,,HP:0033353|Abnormal blood vessel morphology|2.25,1,disease_similarity_reactome_idf_jaccard_mondo_group_hpo_simgic_v0.4
MONDO:0009591,MONDO:0014113,"metachromatic leukodystrophy, juvenile form",cardiofaciocutaneous syndrome 3,cross-family,not_linked,No strong mechanism or phenotype link in this panel.,0.0000,0.0000,,,0.0235,0.0418,0.0209,,,,3,disease_similarity_reactome_idf_jaccard_mondo_group_hpo_simgic_v0.4
MONDO:0009591,MONDO:0014432,"metachromatic leukodystrophy, juvenile form",Bardet-Biedl syndrome 2,cross-family,not_linked,No strong mechanism or phenotype link in this panel.,0.0000,0.0000,,,0.0240,0.0418,0.0209,,,HP:0010936|Abnormality of the lower urinary tract|2.46; HP:0025766|Abnormal affect|2.13,1,disease_similarity_reactome_idf_jaccard_mondo_group_hpo_simgic_v0.4
MONDO:0009756,MONDO:0012433,Niemann-Pick disease type A,Senior-Loken syndrome 6,cross-family,not_linked,No strong mechanism or phenotype link in this panel.,0.0000,0.0000,,,0.0236,0.0418,0.0209,,,HP:0000479|Abnormal retinal morphology|2.31,0,disease_similarity_reactome_idf_jaccard_mondo_group_hpo_simgic_v0.4
MONDO:0009757,MONDO:0010589,"Niemann-Pick disease, type C1","Aarskog-Scott syndrome, X-linked",cross-family,not_linked,No strong mechanism or phenotype link in this panel.,0.0000,0.0000,,,0.0237,0.0418,0.0209,,,HP:0100543|Cognitive impairment|2.30; HP:0000549|Abnormal conjugate eye movement|2.14,2,disease_similarity_reactome_idf_jaccard_mondo_group_hpo_simgic_v0.4
MONDO:0010100,MONDO:0012547,Tay-Sachs disease,Noonan syndrome 4,cross-family,not_linked,No strong mechanism or phenotype link in this panel.,0.0000,0.0000,,,0.0233,0.0418,0.0209,,,,0,disease_similarity_reactome_idf_jaccard_mondo_group_hpo_simgic_v0.4
MONDO:0010079,MONDO:0010526,Canavan disease,Fabry disease,lysosomal storage,not_linked,No strong mechanism or phenotype link in this panel.,0.0000,0.0000,,,0.0226,0.0395,0.0197,,,,0,disease_similarity_reactome_idf_jaccard_mondo_group_hpo_simgic_v0.4
MONDO:0009265,MONDO:0012433,Gaucher disease type I,Senior-Loken syndrome 6,cross-family,not_linked,No strong mechanism or phenotype link in this panel.,0.0000,0.0000,,,0.0230,0.0386,0.0193,,,HP:0000479|Abnormal retinal morphology|2.31,0,disease_similarity_reactome_idf_jaccard_mondo_group_hpo_simgic_v0.4
MONDO:0009728,MONDO:0009756,nephronophthisis 1,Niemann-Pick disease type A,cross-family,not_linked,No strong mechanism or phenotype link in this panel.,0.0000,0.0000,,,0.0229,0.0386,0.0193,,,HP:0001903|Anemia|2.69,0,disease_similarity_reactome_idf_jaccard_mondo_group_hpo_simgic_v0.4
MONDO:0008300,MONDO:0010079,Prader-Willi syndrome,Canavan disease,cross-family,not_linked,No strong mechanism or phenotype link in this panel.,0.0000,0.0000,,,0.0226,0.0322,0.0161,,,,1,disease_similarity_reactome_idf_jaccard_mondo_group_hpo_simgic_v0.4
MONDO:0009026,MONDO:0009591,Costello syndrome,"metachromatic leukodystrophy, juvenile form",cross-family,not_linked,No strong mechanism or phenotype link in this panel.,0.0000,0.0000,,,0.0220,0.0322,0.0161,,,HP:0000759|Abnormal peripheral nervous system morphology|3.11,1,disease_similarity_reactome_idf_jaccard_mondo_group_hpo_simgic_v0.4
MONDO:0009265,MONDO:0010589,Gaucher disease type I,"Aarskog-Scott syndrome, X-linked",cross-family,not_linked,No strong mechanism or phenotype link in this panel.,0.0000,0.0000,,,0.0223,0.0322,0.0161,,,HP:0040069|Abnormal lower limb bone morphology|2.26,0,disease_similarity_reactome_idf_jaccard_mondo_group_hpo_simgic_v0.4
MONDO:0009591,MONDO:0010589,"metachromatic leukodystrophy, juvenile form","Aarskog-Scott syndrome, X-linked",cross-family,not_linked,No strong mechanism or phenotype link in this panel.,0.0000,0.0000,,,0.0225,0.0322,0.0161,,,HP:0010936|Abnormality of the lower urinary tract|2.46; HP:0100543|Cognitive impairment|2.30; HP:0025766|Abnormal affect|2.13,1,disease_similarity_reactome_idf_jaccard_mondo_group_hpo_simgic_v0.4
MONDO:0009591,MONDO:0018975,"metachromatic leukodystrophy, juvenile form",neurofibromatosis type 1,cross-family,not_linked,No strong mechanism or phenotype link in this panel.,0.0000,0.0000,,,0.0221,0.0322,0.0161,,,HP:0000759|Abnormal peripheral nervous system morphology|3.11; HP:0001311|Abnormal nervous system electrophysiology|2.61,1,disease_similarity_reactome_idf_jaccard_mondo_group_hpo_simgic_v0.4
MONDO:0009026,MONDO:0009728,Costello syndrome,nephronophthisis 1,cross-family,not_linked,No strong mechanism or phenotype link in this panel.,0.0000,0.0000,,,0.0207,0.0289,0.0145,,,HP:0000083|Renal insufficiency|3.19,0,disease_similarity_reactome_idf_jaccard_mondo_group_hpo_simgic_v0.4
MONDO:0009026,MONDO:0010100,Costello syndrome,Tay-Sachs disease,cross-family,not_linked,No strong mechanism or phenotype link in this panel.,0.0000,0.0000,,,0.0201,0.0289,0.0145,,,HP:0025015|Abnormal vascular morphology|2.07,0,disease_similarity_reactome_idf_jaccard_mondo_group_hpo_simgic_v0.4
MONDO:0009260,MONDO:0009728,GM1 gangliosidosis type 1,nephronophthisis 1,cross-family,not_linked,No strong mechanism or phenotype link in this panel.,0.0000,0.0000,,,0.0207,0.0289,0.0145,,,,0,disease_similarity_reactome_idf_jaccard_mondo_group_hpo_simgic_v0.4
MONDO:0009265,MONDO:0010079,Gaucher disease type I,Canavan disease,lysosomal storage,not_linked,No strong mechanism or phenotype link in this panel.,0.0000,0.0000,,,0.0197,0.0289,0.0145,,,,0,disease_similarity_reactome_idf_jaccard_mondo_group_hpo_simgic_v0.4
MONDO:0009266,MONDO:0014432,Gaucher disease type II,Bardet-Biedl syndrome 2,cross-family,not_linked,No strong mechanism or phenotype link in this panel.,0.0000,0.0000,,,0.0213,0.0289,0.0145,,,,1,disease_similarity_reactome_idf_jaccard_mondo_group_hpo_simgic_v0.4
MONDO:0009499,MONDO:0100082,Krabbe disease,LEOPARD syndrome 1,cross-family,not_linked,No strong mechanism or phenotype link in this panel.,0.0000,0.0000,,,0.0217,0.0289,0.0145,,,,0,disease_similarity_reactome_idf_jaccard_mondo_group_hpo_simgic_v0.4
MONDO:0009571,MONDO:0010100,"Meckel syndrome, type 1",Tay-Sachs disease,cross-family,not_linked,No strong mechanism or phenotype link in this panel.,0.0000,0.0000,,,0.0212,0.0289,0.0145,,,HP:0011004|Abnormal systemic arterial morphology|2.95,1,disease_similarity_reactome_idf_jaccard_mondo_group_hpo_simgic_v0.4
MONDO:0009659,MONDO:0014438,mucopolysaccharidosis type 4A,Bardet-Biedl syndrome 10,cross-family,not_linked,No strong mechanism or phenotype link in this panel.,0.0000,0.0000,,,0.0219,0.0289,0.0145,,,,0,disease_similarity_reactome_idf_jaccard_mondo_group_hpo_simgic_v0.4
MONDO:0009728,MONDO:0014113,nephronophthisis 1,cardiofaciocutaneous syndrome 3,cross-family,not_linked,No strong mechanism or phenotype link in this panel.,0.0000,0.0000,,,0.0204,0.0289,0.0145,,,,0,disease_similarity_reactome_idf_jaccard_mondo_group_hpo_simgic_v0.4
MONDO:0009728,MONDO:0100082,nephronophthisis 1,LEOPARD syndrome 1,cross-family,not_linked,No strong mechanism or phenotype link in this panel.,0.0000,0.0000,,,0.0211,0.0289,0.0145,,,HP:0012210|Abnormal renal morphology|2.16,0,disease_similarity_reactome_idf_jaccard_mondo_group_hpo_simgic_v0.4
MONDO:0009757,MONDO:0100082,"Niemann-Pick disease, type C1",LEOPARD syndrome 1,cross-family,not_linked,No strong mechanism or phenotype link in this panel.,0.0000,0.0000,,,0.0217,0.0289,0.0145,,,HP:0000549|Abnormal conjugate eye movement|2.14,0,disease_similarity_reactome_idf_jaccard_mondo_group_hpo_simgic_v0.4
MONDO:0010526,MONDO:0012669,Fabry disease,Legius syndrome,cross-family,not_linked,No strong mechanism or phenotype link in this panel.,0.0000,0.0000,,,0.0205,0.0289,0.0145,,,,0,disease_similarity_reactome_idf_jaccard_mondo_group_hpo_simgic_v0.4
MONDO:0010589,MONDO:0014113,"Aarskog-Scott syndrome, X-linked",cardiofaciocutaneous syndrome 3,RASopathies,not_linked,No strong mechanism or phenotype link in this panel.,0.0000,0.0000,,,0.0685,0.0273,0.0136,,,HP:0000767|Pectus excavatum|3.32; HP:0000470|Short neck|3.13; HP:0001508|Failure to thrive|2.35; HP:0002650|Scoliosis|2.04,7,disease_similarity_reactome_idf_jaccard_mondo_group_hpo_simgic_v0.4
MONDO:0008104,MONDO:0010079,Noonan syndrome 1,Canavan disease,cross-family,not_linked,No strong mechanism or phenotype link in this panel.,0.0000,0.0000,,,0.0194,0.0257,0.0129,,,,1,disease_similarity_reactome_idf_jaccard_mondo_group_hpo_simgic_v0.4
MONDO:0009266,MONDO:0012433,Gaucher disease type II,Senior-Loken syndrome 6,cross-family,not_linked,No strong mechanism or phenotype link in this panel.,0.0000,0.0000,,,0.0185,0.0257,0.0129,,,,0,disease_similarity_reactome_idf_jaccard_mondo_group_hpo_simgic_v0.4
MONDO:0009267,MONDO:0009728,Gaucher disease type III,nephronophthisis 1,cross-family,not_linked,No strong mechanism or phenotype link in this panel.,0.0000,0.0000,,,0.0182,0.0257,0.0129,,,,0,disease_similarity_reactome_idf_jaccard_mondo_group_hpo_simgic_v0.4
MONDO:0009660,MONDO:0014438,mucopolysaccharidosis type 4B,Bardet-Biedl syndrome 10,cross-family,not_linked,No strong mechanism or phenotype link in this panel.,0.0000,0.0000,,,0.0192,0.0257,0.0129,,,,0,disease_similarity_reactome_idf_jaccard_mondo_group_hpo_simgic_v0.4
MONDO:0009728,MONDO:0010006,nephronophthisis 1,Sandhoff disease,cross-family,not_linked,No strong mechanism or phenotype link in this panel.,0.0000,0.0000,,,0.0185,0.0257,0.0129,,,HP:0030972|Abnormal systemic blood pressure|2.99,0,disease_similarity_reactome_idf_jaccard_mondo_group_hpo_simgic_v0.4
MONDO:0009728,MONDO:0012669,nephronophthisis 1,Legius syndrome,cross-family,not_linked,No strong mechanism or phenotype link in this panel.,0.0000,0.0000,,,0.0178,0.0257,0.0129,,,HP:5200241|Recurrent maladaptive behavior|2.34,0,disease_similarity_reactome_idf_jaccard_mondo_group_hpo_simgic_v0.4
MONDO:0010100,MONDO:0010589,Tay-Sachs disease,"Aarskog-Scott syndrome, X-linked",cross-family,not_linked,No strong mechanism or phenotype link in this panel.,0.0000,0.0000,,,0.0187,0.0257,0.0129,,,HP:0100543|Cognitive impairment|2.30; HP:0025780|Abnormal volitional state|2.25,0,disease_similarity_reactome_idf_jaccard_mondo_group_hpo_simgic_v0.4
MONDO:0010100,MONDO:0100082,Tay-Sachs disease,LEOPARD syndrome 1,cross-family,not_linked,No strong mechanism or phenotype link in this panel.,0.0000,0.0000,,,0.0188,0.0257,0.0129,,,,0,disease_similarity_reactome_idf_jaccard_mondo_group_hpo_simgic_v0.4
MONDO:0012433,MONDO:0012547,Senior-Loken syndrome 6,Noonan syndrome 4,cross-family,not_linked,No strong mechanism or phenotype link in this panel.,0.0000,0.0000,,,0.0184,0.0257,0.0129,,,,0,disease_similarity_reactome_idf_jaccard_mondo_group_hpo_simgic_v0.4
MONDO:0012433,MONDO:0100082,Senior-Loken syndrome 6,LEOPARD syndrome 1,cross-family,not_linked,No strong mechanism or phenotype link in this panel.,0.0000,0.0000,,,0.0181,0.0257,0.0129,,,,0,disease_similarity_reactome_idf_jaccard_mondo_group_hpo_simgic_v0.4
MONDO:0008300,MONDO:0009728,Prader-Willi syndrome,nephronophthisis 1,ciliopathies,not_linked,No strong mechanism or phenotype link in this panel.,0.0000,0.0000,,,0.0135,0.0227,0.0114,,,HP:0040202|Abnormal consumption behavior|4.15,0,disease_similarity_reactome_idf_jaccard_mondo_group_hpo_simgic_v0.4
MONDO:0008104,MONDO:0009591,Noonan syndrome 1,"metachromatic leukodystrophy, juvenile form",cross-family,not_linked,No strong mechanism or phenotype link in this panel.,0.0000,0.0000,,,0.0154,0.0225,0.0113,,,HP:0010936|Abnormality of the lower urinary tract|2.46,1,disease_similarity_reactome_idf_jaccard_mondo_group_hpo_simgic_v0.4
MONDO:0009499,MONDO:0012690,Krabbe disease,Noonan syndrome 5,cross-family,not_linked,No strong mechanism or phenotype link in this panel.,0.0000,0.0000,,,0.0164,0.0225,0.0113,,,,0,disease_similarity_reactome_idf_jaccard_mondo_group_hpo_simgic_v0.4
MONDO:0009591,MONDO:0012371,"metachromatic leukodystrophy, juvenile form",Noonan syndrome 3,cross-family,not_linked,No strong mechanism or phenotype link in this panel.,0.0000,0.0000,,,0.0156,0.0225,0.0113,,,,2,disease_similarity_reactome_idf_jaccard_mondo_group_hpo_simgic_v0.4
MONDO:0009591,MONDO:0100082,"metachromatic leukodystrophy, juvenile form",LEOPARD syndrome 1,cross-family,not_linked,No strong mechanism or phenotype link in this panel.,0.0000,0.0000,,,0.0159,0.0225,0.0113,,,HP:0010936|Abnormality of the lower urinary tract|2.46,0,disease_similarity_reactome_idf_jaccard_mondo_group_hpo_simgic_v0.4
MONDO:0009728,MONDO:0012690,nephronophthisis 1,Noonan syndrome 5,cross-family,not_linked,No strong mechanism or phenotype link in this panel.,0.0000,0.0000,,,0.0156,0.0225,0.0113,,,,0,disease_similarity_reactome_idf_jaccard_mondo_group_hpo_simgic_v0.4
MONDO:0010099,MONDO:0012371,Tay-Sachs disease AB variant,Noonan syndrome 3,cross-family,not_linked,No strong mechanism or phenotype link in this panel.,0.0000,0.0000,,,0.0156,0.0225,0.0113,,,,2,disease_similarity_reactome_idf_jaccard_mondo_group_hpo_simgic_v0.4
MONDO:0010099,MONDO:0012690,Tay-Sachs disease AB variant,Noonan syndrome 5,cross-family,not_linked,No strong mechanism or phenotype link in this panel.,0.0000,0.0000,,,0.0167,0.0225,0.0113,,,,1,disease_similarity_reactome_idf_jaccard_mondo_group_hpo_simgic_v0.4
MONDO:0012669,MONDO:0014438,Legius syndrome,Bardet-Biedl syndrome 10,cross-family,not_linked,No strong mechanism or phenotype link in this panel.,0.0000,0.0000,,,0.0157,0.0225,0.0113,,,,0,disease_similarity_reactome_idf_jaccard_mondo_group_hpo_simgic_v0.4
MONDO:0009728,MONDO:0009738,nephronophthisis 1,sialidosis type 2,cross-family,not_linked,No strong mechanism or phenotype link in this panel.,0.0000,0.0000,,,0.0150,0.0193,0.0096,,,,0,disease_similarity_reactome_idf_jaccard_mondo_group_hpo_simgic_v0.4
MONDO:0009728,MONDO:0009737,nephronophthisis 1,galactosialidosis,cross-family,not_linked,No strong mechanism or phenotype link in this panel.,0.0000,0.0000,,,0.0146,0.0161,0.0080,,,,0,disease_similarity_reactome_idf_jaccard_mondo_group_hpo_simgic_v0.4
MONDO:0009757,MONDO:0014432,"Niemann-Pick disease, type C1",Bardet-Biedl syndrome 2,cross-family,not_linked,No strong mechanism or phenotype link in this panel.,0.0000,0.0000,,,0.0146,0.0161,0.0080,,,,2,disease_similarity_reactome_idf_jaccard_mondo_group_hpo_simgic_v0.4
MONDO:0010100,MONDO:0012626,Tay-Sachs disease,"Meckel syndrome, type 4",cross-family,not_linked,No strong mechanism or phenotype link in this panel.,0.0000,0.0000,,,0.0145,0.0161,0.0080,,,,0,disease_similarity_reactome_idf_jaccard_mondo_group_hpo_simgic_v0.4
MONDO:0009757,MONDO:0012433,"Niemann-Pick disease, type C1",Senior-Loken syndrome 6,cross-family,not_linked,No strong mechanism or phenotype link in this panel.,0.0000,0.0000,,,0.0142,0.0129,0.0064,,,,0,disease_similarity_reactome_idf_jaccard_mondo_group_hpo_simgic_v0.4
MONDO:0012433,MONDO:0018975,Senior-Loken syndrome 6,neurofibromatosis type 1,cross-family,not_linked,No strong mechanism or phenotype link in this panel.,0.0000,0.0000,,,0.0138,0.0129,0.0064,,,,0,disease_similarity_reactome_idf_jaccard_mondo_group_hpo_simgic_v0.4
MONDO:0008104,MONDO:0009728,Noonan syndrome 1,nephronophthisis 1,cross-family,not_linked,No strong mechanism or phenotype link in this panel.,0.0000,0.0000,,,0.0136,0.0096,0.0048,,,,0,disease_similarity_reactome_idf_jaccard_mondo_group_hpo_simgic_v0.4
MONDO:0010589,MONDO:0018975,"Aarskog-Scott syndrome, X-linked",neurofibromatosis type 1,RASopathies,not_linked,No strong mechanism or phenotype link in this panel.,0.0000,0.0000,,,0.0642,0.0091,0.0045,,,HP:0000767|Pectus excavatum|3.32; HP:0001256|Mild intellectual disability|3.27; HP:0000256|Macrocephaly|2.97; HP:0000494|Downslanted palpebral fissures|2.88; HP:0025668|Abnormal neck morphology|2.58; HP:0000316|Hypertelorism|2.30,6,disease_similarity_reactome_idf_jaccard_mondo_group_hpo_simgic_v0.4
MONDO:0008300,MONDO:0012433,Prader-Willi syndrome,Senior-Loken syndrome 6,ciliopathies,not_linked,No strong mechanism or phenotype link in this panel.,0.0000,0.0000,,,0.0068,0.0076,0.0038,,,,0,disease_similarity_reactome_idf_jaccard_mondo_group_hpo_simgic_v0.4
MONDO:0009261,MONDO:0009728,GM1 gangliosidosis type 2,nephronophthisis 1,cross-family,not_linked,No strong mechanism or phenotype link in this panel.,0.0000,0.0000,,,0.0096,0.0064,0.0032,,,,0,disease_similarity_reactome_idf_jaccard_mondo_group_hpo_simgic_v0.4
MONDO:0009262,MONDO:0009728,GM1 gangliosidosis type 3,nephronophthisis 1,cross-family,not_linked,No strong mechanism or phenotype link in this panel.,0.0000,0.0000,,,0.0115,0.0064,0.0032,,,,0,disease_similarity_reactome_idf_jaccard_mondo_group_hpo_simgic_v0.4
MONDO:0009499,MONDO:0009728,Krabbe disease,nephronophthisis 1,cross-family,not_linked,No strong mechanism or phenotype link in this panel.,0.0000,0.0000,,,0.0103,0.0064,0.0032,,,,0,disease_similarity_reactome_idf_jaccard_mondo_group_hpo_simgic_v0.4
MONDO:0009591,MONDO:0009728,"metachromatic leukodystrophy, juvenile form",nephronophthisis 1,cross-family,not_linked,No strong mechanism or phenotype link in this panel.,0.0000,0.0000,,,0.0126,0.0064,0.0032,,,,0,disease_similarity_reactome_idf_jaccard_mondo_group_hpo_simgic_v0.4
MONDO:0009591,MONDO:0012547,"metachromatic leukodystrophy, juvenile form",Noonan syndrome 4,cross-family,not_linked,No strong mechanism or phenotype link in this panel.,0.0000,0.0000,,,0.0114,0.0064,0.0032,,,,1,disease_similarity_reactome_idf_jaccard_mondo_group_hpo_simgic_v0.4
MONDO:0009591,MONDO:0012690,"metachromatic leukodystrophy, juvenile form",Noonan syndrome 5,cross-family,not_linked,No strong mechanism or phenotype link in this panel.,0.0000,0.0000,,,0.0111,0.0064,0.0032,,,,1,disease_similarity_reactome_idf_jaccard_mondo_group_hpo_simgic_v0.4
MONDO:0009728,MONDO:0009757,nephronophthisis 1,"Niemann-Pick disease, type C1",cross-family,not_linked,No strong mechanism or phenotype link in this panel.,0.0000,0.0000,,,0.0094,0.0064,0.0032,,,,0,disease_similarity_reactome_idf_jaccard_mondo_group_hpo_simgic_v0.4
MONDO:0009728,MONDO:0010099,nephronophthisis 1,Tay-Sachs disease AB variant,cross-family,not_linked,No strong mechanism or phenotype link in this panel.,0.0000,0.0000,,,0.0098,0.0064,0.0032,,,,0,disease_similarity_reactome_idf_jaccard_mondo_group_hpo_simgic_v0.4
MONDO:0009728,MONDO:0010589,nephronophthisis 1,"Aarskog-Scott syndrome, X-linked",cross-family,not_linked,No strong mechanism or phenotype link in this panel.,0.0000,0.0000,,,0.0112,0.0064,0.0032,,,HP:5200241|Recurrent maladaptive behavior|2.34,0,disease_similarity_reactome_idf_jaccard_mondo_group_hpo_simgic_v0.4
MONDO:0009728,MONDO:0012371,nephronophthisis 1,Noonan syndrome 3,cross-family,not_linked,No strong mechanism or phenotype link in this panel.,0.0000,0.0000,,,0.0116,0.0064,0.0032,,,,0,disease_similarity_reactome_idf_jaccard_mondo_group_hpo_simgic_v0.4
MONDO:0009728,MONDO:0013379,nephronophthisis 1,Noonan syndrome 7,cross-family,not_linked,No strong mechanism or phenotype link in this panel.,0.0000,0.0000,,,0.0116,0.0064,0.0032,,,,1,disease_similarity_reactome_idf_jaccard_mondo_group_hpo_simgic_v0.4
MONDO:0010099,MONDO:0018975,Tay-Sachs disease AB variant,neurofibromatosis type 1,cross-family,not_linked,No strong mechanism or phenotype link in this panel.,0.0000,0.0000,,,0.0097,0.0064,0.0032,,,,1,disease_similarity_reactome_idf_jaccard_mondo_group_hpo_simgic_v0.4
MONDO:0010099,MONDO:0100082,Tay-Sachs disease AB variant,LEOPARD syndrome 1,cross-family,not_linked,No strong mechanism or phenotype link in this panel.,0.0000,0.0000,,,0.0100,0.0064,0.0032,,,,0,disease_similarity_reactome_idf_jaccard_mondo_group_hpo_simgic_v0.4
MONDO:0010589,MONDO:0012433,"Aarskog-Scott syndrome, X-linked",Senior-Loken syndrome 6,cross-family,not_linked,No strong mechanism or phenotype link in this panel.,0.0000,0.0000,,,0.0116,0.0064,0.0032,,,,0,disease_similarity_reactome_idf_jaccard_mondo_group_hpo_simgic_v0.4
MONDO:0012433,MONDO:0012669,Senior-Loken syndrome 6,Legius syndrome,cross-family,not_linked,No strong mechanism or phenotype link in this panel.,0.0000,0.0000,,,0.0109,0.0064,0.0032,,,,0,disease_similarity_reactome_idf_jaccard_mondo_group_hpo_simgic_v0.4
MONDO:0012433,MONDO:0012690,Senior-Loken syndrome 6,Noonan syndrome 5,cross-family,not_linked,No strong mechanism or phenotype link in this panel.,0.0000,0.0000,,,0.0106,0.0064,0.0032,,,,0,disease_similarity_reactome_idf_jaccard_mondo_group_hpo_simgic_v0.4
MONDO:0012433,MONDO:0014113,Senior-Loken syndrome 6,cardiofaciocutaneous syndrome 3,cross-family,not_linked,No strong mechanism or phenotype link in this panel.,0.0000,0.0000,,,0.0094,0.0064,0.0032,,,,0,disease_similarity_reactome_idf_jaccard_mondo_group_hpo_simgic_v0.4
MONDO:0008104,MONDO:0012433,Noonan syndrome 1,Senior-Loken syndrome 6,cross-family,not_linked,No strong mechanism or phenotype link in this panel.,0.0000,0.0000,,,0.0081,0.0032,0.0016,,,,0,disease_similarity_reactome_idf_jaccard_mondo_group_hpo_simgic_v0.4
MONDO:0009218,MONDO:0009728,Farber lipogranulomatosis,nephronophthisis 1,cross-family,not_linked,No strong mechanism or phenotype link in this panel.,0.0000,0.0000,,,0.0083,0.0032,0.0016,,,,0,disease_similarity_reactome_idf_jaccard_mondo_group_hpo_simgic_v0.4
MONDO:0009267,MONDO:0012433,Gaucher disease type III,Senior-Loken syndrome 6,cross-family,not_linked,No strong mechanism or phenotype link in this panel.,0.0000,0.0000,,,0.0081,0.0032,0.0016,,,,0,disease_similarity_reactome_idf_jaccard_mondo_group_hpo_simgic_v0.4
MONDO:0009660,MONDO:0009728,mucopolysaccharidosis type 4B,nephronophthisis 1,cross-family,not_linked,No strong mechanism or phenotype link in this panel.,0.0000,0.0000,,,0.0087,0.0032,0.0016,,,,0,disease_similarity_reactome_idf_jaccard_mondo_group_hpo_simgic_v0.4
MONDO:0009728,MONDO:0010100,nephronophthisis 1,Tay-Sachs disease,cross-family,not_linked,No strong mechanism or phenotype link in this panel.,0.0000,0.0000,,,0.0090,0.0032,0.0016,,,,0,disease_similarity_reactome_idf_jaccard_mondo_group_hpo_simgic_v0.4
MONDO:0010099,MONDO:0012547,Tay-Sachs disease AB variant,Noonan syndrome 4,cross-family,not_linked,No strong mechanism or phenotype link in this panel.,0.0000,0.0000,,,0.0075,0.0032,0.0016,,,,0,disease_similarity_reactome_idf_jaccard_mondo_group_hpo_simgic_v0.4
MONDO:0008104,MONDO:0010099,Noonan syndrome 1,Tay-Sachs disease AB variant,cross-family,not_linked,No strong mechanism or phenotype link in this panel.,0.0000,0.0000,,,0.0058,0.0000,0.0000,,,,0,disease_similarity_reactome_idf_jaccard_mondo_group_hpo_simgic_v0.4
MONDO:0009659,MONDO:0009728,mucopolysaccharidosis type 4A,nephronophthisis 1,cross-family,not_linked,No strong mechanism or phenotype link in this panel.,0.0000,0.0000,,,0.0067,0.0000,0.0000,,,,0,disease_similarity_reactome_idf_jaccard_mondo_group_hpo_simgic_v0.4
MONDO:0009728,MONDO:0010079,nephronophthisis 1,Canavan disease,cross-family,not_linked,No strong mechanism or phenotype link in this panel.,0.0000,0.0000,,,0.0025,0.0000,0.0000,,,,0,disease_similarity_reactome_idf_jaccard_mondo_group_hpo_simgic_v0.4
MONDO:0012433,MONDO:0013379,Senior-Loken syndrome 6,Noonan syndrome 7,cross-family,not_linked,No strong mechanism or phenotype link in this panel.,0.0000,0.0000,,,0.0067,0.0000,0.0000,,,,0,disease_similarity_reactome_idf_jaccard_mondo_group_hpo_simgic_v0.4
