clinvar_variation_id,accession,title,seed_gene,reported_genes,seed_condition,reported_traits,clinical_significance,review_status,last_evaluated,variation_type,query,source_url,retrieved_at,assertion_level
4961632,VCV004961632,NM_000404.4(GLB1):c.477C>T (p.Asp159=),GLB1,GLB1,GM1 gangliosidosis,,Likely pathogenic,"criteria provided, single submitter",2023/02/28 00:00,single nucleotide variant,"GLB1[gene] AND ""GM1 gangliosidosis""[All Fields]",https://www.ncbi.nlm.nih.gov/clinvar/,2026-10-03T17:58:14.119878Z,curated_source_record
4961629,VCV004961629,NM_000404.4(GLB1):c.817T>C (p.Trp273Arg),GLB1,GLB1,GM1 gangliosidosis,,Pathogenic,"criteria provided, single submitter",2023/03/22 00:00,single nucleotide variant,"GLB1[gene] AND ""GM1 gangliosidosis""[All Fields]",https://www.ncbi.nlm.nih.gov/clinvar/,2026-10-03T17:58:14.119878Z,curated_source_record
4961626,VCV004961626,NM_000404.4(GLB1):c.956-2A>G,GLB1,GLB1,GM1 gangliosidosis,,Pathogenic,"criteria provided, single submitter",2019/10/10 00:00,single nucleotide variant,"GLB1[gene] AND ""GM1 gangliosidosis""[All Fields]",https://www.ncbi.nlm.nih.gov/clinvar/,2026-10-03T17:58:14.119878Z,curated_source_record
4961625,VCV004961625,NM_000404.4(GLB1):c.962del (p.Asn321fs),GLB1,GLB1,GM1 gangliosidosis,,Likely pathogenic,"criteria provided, single submitter",2019/03/26 00:00,Deletion,"GLB1[gene] AND ""GM1 gangliosidosis""[All Fields]",https://www.ncbi.nlm.nih.gov/clinvar/,2026-10-03T17:58:14.119878Z,curated_source_record
4891110,VCV004891110,NM_000404.4(GLB1):c.1628C>G (p.Ser543Ter),GLB1,GLB1,GM1 gangliosidosis,,Pathogenic,"criteria provided, single submitter",2026/05/29 00:00,single nucleotide variant,"GLB1[gene] AND ""GM1 gangliosidosis""[All Fields]",https://www.ncbi.nlm.nih.gov/clinvar/,2026-10-03T17:58:14.119878Z,curated_source_record
4852928,VCV004852928,NM_000404.4(GLB1):c.989G>T (p.Ser330Ile),GLB1,GLB1,GM1 gangliosidosis,,Likely pathogenic,"criteria provided, single submitter",2025/02/02 00:00,single nucleotide variant,"GLB1[gene] AND ""GM1 gangliosidosis""[All Fields]",https://www.ncbi.nlm.nih.gov/clinvar/,2026-10-03T17:58:14.119878Z,curated_source_record
4818323,VCV004818323,NM_000404.4(GLB1):c.689G>A (p.Cys230Tyr),GLB1,GLB1,GM1 gangliosidosis,,Likely pathogenic,"criteria provided, single submitter",2024/08/24 00:00,single nucleotide variant,"GLB1[gene] AND ""GM1 gangliosidosis""[All Fields]",https://www.ncbi.nlm.nih.gov/clinvar/,2026-10-03T17:58:14.119878Z,curated_source_record
4818322,VCV004818322,NM_000404.4(GLB1):c.553-2A>G,GLB1,GLB1,GM1 gangliosidosis,,Pathogenic,"criteria provided, single submitter",2024/07/02 00:00,single nucleotide variant,"GLB1[gene] AND ""GM1 gangliosidosis""[All Fields]",https://www.ncbi.nlm.nih.gov/clinvar/,2026-10-03T17:58:14.119878Z,curated_source_record
4818321,VCV004818321,NM_000404.4(GLB1):c.479del (p.Lys160fs),GLB1,GLB1,GM1 gangliosidosis,,Likely pathogenic,"criteria provided, single submitter",2024/08/16 00:00,Deletion,"GLB1[gene] AND ""GM1 gangliosidosis""[All Fields]",https://www.ncbi.nlm.nih.gov/clinvar/,2026-10-03T17:58:14.119878Z,curated_source_record
4818320,VCV004818320,NM_000404.4(GLB1):c.414G>A (p.Trp138Ter),GLB1,GLB1,GM1 gangliosidosis,,Likely pathogenic,"criteria provided, single submitter",2025/11/06 00:00,single nucleotide variant,"GLB1[gene] AND ""GM1 gangliosidosis""[All Fields]",https://www.ncbi.nlm.nih.gov/clinvar/,2026-10-03T17:58:14.119878Z,curated_source_record
4818319,VCV004818319,NM_000404.4(GLB1):c.33_34delinsCTGC (p.Leu12fs),GLB1,GLB1; LOC129936434; TMPPE,GM1 gangliosidosis,,Likely pathogenic,"criteria provided, single submitter",2024/10/16 00:00,Indel,"GLB1[gene] AND ""GM1 gangliosidosis""[All Fields]",https://www.ncbi.nlm.nih.gov/clinvar/,2026-10-03T17:58:14.119878Z,curated_source_record
4818318,VCV004818318,NM_000404.4(GLB1):c.1813del (p.Gln605fs),GLB1,GLB1,GM1 gangliosidosis,,Likely pathogenic,"criteria provided, single submitter",2025/06/08 00:00,Deletion,"GLB1[gene] AND ""GM1 gangliosidosis""[All Fields]",https://www.ncbi.nlm.nih.gov/clinvar/,2026-10-03T17:58:14.119878Z,curated_source_record
4818317,VCV004818317,NM_000404.4(GLB1):c.1734G>T (p.Lys578Asn),GLB1,GLB1,GM1 gangliosidosis,,Likely pathogenic,"criteria provided, single submitter",2025/05/08 00:00,single nucleotide variant,"GLB1[gene] AND ""GM1 gangliosidosis""[All Fields]",https://www.ncbi.nlm.nih.gov/clinvar/,2026-10-03T17:58:14.119878Z,curated_source_record
4818316,VCV004818316,NM_000404.4(GLB1):c.1527G>A (p.Trp509Ter),GLB1,GLB1,GM1 gangliosidosis,,Likely pathogenic,"criteria provided, single submitter",2024/05/20 00:00,single nucleotide variant,"GLB1[gene] AND ""GM1 gangliosidosis""[All Fields]",https://www.ncbi.nlm.nih.gov/clinvar/,2026-10-03T17:58:14.119878Z,curated_source_record
4818315,VCV004818315,NM_000404.4(GLB1):c.1480-2A>T,GLB1,GLB1,GM1 gangliosidosis,,Pathogenic,"criteria provided, single submitter",2024/09/27 00:00,single nucleotide variant,"GLB1[gene] AND ""GM1 gangliosidosis""[All Fields]",https://www.ncbi.nlm.nih.gov/clinvar/,2026-10-03T17:58:14.119878Z,curated_source_record
4818314,VCV004818314,NM_000404.4(GLB1):c.1480-1G>A,GLB1,GLB1,GM1 gangliosidosis,,Likely pathogenic,"criteria provided, single submitter",2024/04/02 00:00,single nucleotide variant,"GLB1[gene] AND ""GM1 gangliosidosis""[All Fields]",https://www.ncbi.nlm.nih.gov/clinvar/,2026-10-03T17:58:14.119878Z,curated_source_record
4818313,VCV004818313,NM_000404.4(GLB1):c.1396delinsGGG (p.Thr466fs),GLB1,GLB1,GM1 gangliosidosis,,Likely pathogenic,"criteria provided, single submitter",2025/04/28 00:00,Indel,"GLB1[gene] AND ""GM1 gangliosidosis""[All Fields]",https://www.ncbi.nlm.nih.gov/clinvar/,2026-10-03T17:58:14.119878Z,curated_source_record
4818312,VCV004818312,NM_000404.4(GLB1):c.136C>T (p.Gln46Ter),GLB1,GLB1,GM1 gangliosidosis,,Likely pathogenic,"criteria provided, single submitter",2024/04/19 00:00,single nucleotide variant,"GLB1[gene] AND ""GM1 gangliosidosis""[All Fields]",https://www.ncbi.nlm.nih.gov/clinvar/,2026-10-03T17:58:14.119878Z,curated_source_record
4818311,VCV004818311,NM_000404.4(GLB1):c.1348-2A>G,GLB1,GLB1,GM1 gangliosidosis,,Pathogenic,"criteria provided, single submitter",2024/10/24 00:00,single nucleotide variant,"GLB1[gene] AND ""GM1 gangliosidosis""[All Fields]",https://www.ncbi.nlm.nih.gov/clinvar/,2026-10-03T17:58:14.119878Z,curated_source_record
4818310,VCV004818310,NM_000404.4(GLB1):c.1233+1G>T,GLB1,GLB1,GM1 gangliosidosis,,Likely pathogenic,"criteria provided, single submitter",2025/03/29 00:00,single nucleotide variant,"GLB1[gene] AND ""GM1 gangliosidosis""[All Fields]",https://www.ncbi.nlm.nih.gov/clinvar/,2026-10-03T17:58:14.119878Z,curated_source_record
4794458,VCV004794458,NM_000404.4(GLB1):c.75+17C>G,GLB1,GLB1; LOC129936434; TMPPE,GM1 gangliosidosis,,Likely benign,"criteria provided, single submitter",2026/01/16 00:00,single nucleotide variant,"GLB1[gene] AND ""GM1 gangliosidosis""[All Fields]",https://www.ncbi.nlm.nih.gov/clinvar/,2026-10-03T17:58:14.119878Z,curated_source_record
4794273,VCV004794273,NM_000404.4(GLB1):c.1143+5G>A,GLB1,GLB1,GM1 gangliosidosis,,Uncertain significance,"criteria provided, single submitter",2025/07/09 00:00,single nucleotide variant,"GLB1[gene] AND ""GM1 gangliosidosis""[All Fields]",https://www.ncbi.nlm.nih.gov/clinvar/,2026-10-03T17:58:14.119878Z,curated_source_record
4793927,VCV004793927,NM_000404.4(GLB1):c.1158A>G (p.Gly386=),GLB1,GLB1,GM1 gangliosidosis,,Likely benign,"criteria provided, single submitter",2025/03/24 00:00,single nucleotide variant,"GLB1[gene] AND ""GM1 gangliosidosis""[All Fields]",https://www.ncbi.nlm.nih.gov/clinvar/,2026-10-03T17:58:14.119878Z,curated_source_record
4793019,VCV004793019,NM_000404.4(GLB1):c.246-19G>C,GLB1,GLB1,GM1 gangliosidosis,,Likely benign,"criteria provided, single submitter",2025/06/17 00:00,single nucleotide variant,"GLB1[gene] AND ""GM1 gangliosidosis""[All Fields]",https://www.ncbi.nlm.nih.gov/clinvar/,2026-10-03T17:58:14.119878Z,curated_source_record
4792851,VCV004792851,NM_000404.4(GLB1):c.70_73del (p.Leu24fs),GLB1,GLB1; LOC129936434; TMPPE,GM1 gangliosidosis,,Pathogenic,"criteria provided, single submitter",2025/09/23 00:00,Deletion,"GLB1[gene] AND ""GM1 gangliosidosis""[All Fields]",https://www.ncbi.nlm.nih.gov/clinvar/,2026-10-03T17:58:14.119878Z,curated_source_record
4791182,VCV004791182,NM_000404.4(GLB1):c.159A>C (p.Gly53=),GLB1,GLB1,GM1 gangliosidosis,,Likely benign,"criteria provided, single submitter",2025/12/22 00:00,single nucleotide variant,"GLB1[gene] AND ""GM1 gangliosidosis""[All Fields]",https://www.ncbi.nlm.nih.gov/clinvar/,2026-10-03T17:58:14.119878Z,curated_source_record
4789948,VCV004789948,NM_000404.4(GLB1):c.444C>T (p.Arg148=),GLB1,GLB1,GM1 gangliosidosis,,Likely benign,"criteria provided, single submitter",2025/09/11 00:00,single nucleotide variant,"GLB1[gene] AND ""GM1 gangliosidosis""[All Fields]",https://www.ncbi.nlm.nih.gov/clinvar/,2026-10-03T17:58:14.119878Z,curated_source_record
4789512,VCV004789512,NM_000404.4(GLB1):c.1313G>C (p.Gly438Ala),GLB1,GLB1,GM1 gangliosidosis,,Likely pathogenic,"criteria provided, single submitter",2025/12/19 00:00,single nucleotide variant,"GLB1[gene] AND ""GM1 gangliosidosis""[All Fields]",https://www.ncbi.nlm.nih.gov/clinvar/,2026-10-03T17:58:14.119878Z,curated_source_record
4788536,VCV004788536,NM_000404.4(GLB1):c.128A>G (p.Lys43Arg),GLB1,GLB1,GM1 gangliosidosis,,Uncertain significance,"criteria provided, single submitter",2025/02/11 00:00,single nucleotide variant,"GLB1[gene] AND ""GM1 gangliosidosis""[All Fields]",https://www.ncbi.nlm.nih.gov/clinvar/,2026-10-03T17:58:14.119878Z,curated_source_record
4787150,VCV004787150,NM_000404.4(GLB1):c.1509C>G (p.Ser503=),GLB1,GLB1,GM1 gangliosidosis,,Likely benign,"criteria provided, single submitter",2025/12/28 00:00,single nucleotide variant,"GLB1[gene] AND ""GM1 gangliosidosis""[All Fields]",https://www.ncbi.nlm.nih.gov/clinvar/,2026-10-03T17:58:14.119878Z,curated_source_record
4786703,VCV004786703,NM_000404.4(GLB1):c.1363del (p.Glu456fs),GLB1,GLB1,GM1 gangliosidosis,,Pathogenic,"criteria provided, single submitter",2025/11/13 00:00,Deletion,"GLB1[gene] AND ""GM1 gangliosidosis""[All Fields]",https://www.ncbi.nlm.nih.gov/clinvar/,2026-10-03T17:58:14.119878Z,curated_source_record
4786382,VCV004786382,NM_000404.4(GLB1):c.1347+2del,GLB1,GLB1,GM1 gangliosidosis,,Likely pathogenic,"criteria provided, single submitter",2025/10/11 00:00,Deletion,"GLB1[gene] AND ""GM1 gangliosidosis""[All Fields]",https://www.ncbi.nlm.nih.gov/clinvar/,2026-10-03T17:58:14.119878Z,curated_source_record
4786259,VCV004786259,NM_000404.4(GLB1):c.397-7G>C,GLB1,GLB1,GM1 gangliosidosis,,Likely benign,"criteria provided, single submitter",2025/09/28 00:00,single nucleotide variant,"GLB1[gene] AND ""GM1 gangliosidosis""[All Fields]",https://www.ncbi.nlm.nih.gov/clinvar/,2026-10-03T17:58:14.119878Z,curated_source_record
4785214,VCV004785214,NM_000404.4(GLB1):c.956-18C>T,GLB1,GLB1,GM1 gangliosidosis,,Likely benign,"criteria provided, single submitter",2025/06/08 00:00,single nucleotide variant,"GLB1[gene] AND ""GM1 gangliosidosis""[All Fields]",https://www.ncbi.nlm.nih.gov/clinvar/,2026-10-03T17:58:14.119878Z,curated_source_record
4784966,VCV004784966,NM_000404.4(GLB1):c.1480-20G>C,GLB1,GLB1,GM1 gangliosidosis,,Likely benign,"criteria provided, single submitter",2025/05/26 00:00,single nucleotide variant,"GLB1[gene] AND ""GM1 gangliosidosis""[All Fields]",https://www.ncbi.nlm.nih.gov/clinvar/,2026-10-03T17:58:14.119878Z,curated_source_record
4784114,VCV004784114,NM_000404.4(GLB1):c.397-16G>C,GLB1,GLB1,GM1 gangliosidosis,,Likely benign,"criteria provided, single submitter",2025/10/26 00:00,single nucleotide variant,"GLB1[gene] AND ""GM1 gangliosidosis""[All Fields]",https://www.ncbi.nlm.nih.gov/clinvar/,2026-10-03T17:58:14.119878Z,curated_source_record
4783819,VCV004783819,NM_000404.4(GLB1):c.102T>C (p.Ile34=),GLB1,GLB1,GM1 gangliosidosis,,Likely benign,"criteria provided, single submitter",2026/01/18 00:00,single nucleotide variant,"GLB1[gene] AND ""GM1 gangliosidosis""[All Fields]",https://www.ncbi.nlm.nih.gov/clinvar/,2026-10-03T17:58:14.119878Z,curated_source_record
4783619,VCV004783619,NM_000404.4(GLB1):c.734-10C>G,GLB1,GLB1,GM1 gangliosidosis,,Uncertain significance,"criteria provided, single submitter",2025/07/03 00:00,single nucleotide variant,"GLB1[gene] AND ""GM1 gangliosidosis""[All Fields]",https://www.ncbi.nlm.nih.gov/clinvar/,2026-10-03T17:58:14.119878Z,curated_source_record
4782561,VCV004782561,NM_000404.4(GLB1):c.1342G>A (p.Asp448Asn),GLB1,GLB1,GM1 gangliosidosis,,Conflicting classifications of pathogenicity,"criteria provided, conflicting classifications",2025/09/10 00:00,single nucleotide variant,"GLB1[gene] AND ""GM1 gangliosidosis""[All Fields]",https://www.ncbi.nlm.nih.gov/clinvar/,2026-10-03T17:58:14.119878Z,curated_source_record
4759478,VCV004759478,NM_000404.4(GLB1):c.1738C>G (p.Gln580Glu),GLB1,GLB1,GM1 gangliosidosis,,Uncertain significance,"criteria provided, single submitter",2024/02/29 00:00,single nucleotide variant,"GLB1[gene] AND ""GM1 gangliosidosis""[All Fields]",https://www.ncbi.nlm.nih.gov/clinvar/,2026-10-03T17:58:14.119878Z,curated_source_record
4687404,VCV004687404,NM_000404.4(GLB1):c.485T>C (p.Leu162Ser),GLB1,GLB1,GM1 gangliosidosis,,Likely pathogenic,"criteria provided, single submitter",2025/10/09 00:00,single nucleotide variant,"GLB1[gene] AND ""GM1 gangliosidosis""[All Fields]",https://www.ncbi.nlm.nih.gov/clinvar/,2026-10-03T17:58:14.119878Z,curated_source_record
4531892,VCV004531892,NM_000404.4(GLB1):c.370C>T (p.Pro124Ser),GLB1,GLB1,GM1 gangliosidosis,,Likely pathogenic,"criteria provided, single submitter",2024/11/21 00:00,single nucleotide variant,"GLB1[gene] AND ""GM1 gangliosidosis""[All Fields]",https://www.ncbi.nlm.nih.gov/clinvar/,2026-10-03T17:58:14.119878Z,curated_source_record
4079395,VCV004079395,NM_000404.4(GLB1):c.1480-1G>C,GLB1,GLB1,GM1 gangliosidosis,,Pathogenic/Likely pathogenic,"criteria provided, multiple submitters, no conflicts",2024/09/17 00:00,single nucleotide variant,"GLB1[gene] AND ""GM1 gangliosidosis""[All Fields]",https://www.ncbi.nlm.nih.gov/clinvar/,2026-10-03T17:58:14.119878Z,curated_source_record
3902680,VCV003902680,NM_000404.4(GLB1):c.520T>C (p.Tyr174His),GLB1,GLB1,GM1 gangliosidosis,,Likely pathogenic,"criteria provided, multiple submitters, no conflicts",2025/05/27 00:00,single nucleotide variant,"GLB1[gene] AND ""GM1 gangliosidosis""[All Fields]",https://www.ncbi.nlm.nih.gov/clinvar/,2026-10-03T17:58:14.119878Z,curated_source_record
3896250,VCV003896250,NM_000404.4(GLB1):c.1736G>A (p.Gly579Asp),GLB1,GLB1,GM1 gangliosidosis,,Pathogenic,"criteria provided, single submitter",2025/04/30 00:00,single nucleotide variant,"GLB1[gene] AND ""GM1 gangliosidosis""[All Fields]",https://www.ncbi.nlm.nih.gov/clinvar/,2026-10-03T17:58:14.119878Z,curated_source_record
3893128,VCV003893128,NM_000404.4(GLB1):c.1322A>G (p.Asp441Gly),GLB1,GLB1,GM1 gangliosidosis,,Uncertain significance,"criteria provided, single submitter",2023/04/23 00:00,single nucleotide variant,"GLB1[gene] AND ""GM1 gangliosidosis""[All Fields]",https://www.ncbi.nlm.nih.gov/clinvar/,2026-10-03T17:58:14.119878Z,curated_source_record
3773739,VCV003773739,NM_000404.4(GLB1):c.326G>C (p.Arg109Pro),GLB1,GLB1,GM1 gangliosidosis,,Conflicting classifications of pathogenicity,"criteria provided, conflicting classifications",2025/02/18 00:00,single nucleotide variant,"GLB1[gene] AND ""GM1 gangliosidosis""[All Fields]",https://www.ncbi.nlm.nih.gov/clinvar/,2026-10-03T17:58:14.119878Z,curated_source_record
3769334,VCV003769334,NM_000404.4(GLB1):c.787C>T (p.Pro263Ser),GLB1,GLB1,GM1 gangliosidosis,,Likely pathogenic,"criteria provided, single submitter",2025/01/31 00:00,single nucleotide variant,"GLB1[gene] AND ""GM1 gangliosidosis""[All Fields]",https://www.ncbi.nlm.nih.gov/clinvar/,2026-10-03T17:58:14.119878Z,curated_source_record
3768497,VCV003768497,NM_000404.4(GLB1):c.363G>T (p.Arg121Ser),GLB1,GLB1,GM1 gangliosidosis,,Uncertain significance,"criteria provided, single submitter",2024/12/20 00:00,single nucleotide variant,"GLB1[gene] AND ""GM1 gangliosidosis""[All Fields]",https://www.ncbi.nlm.nih.gov/clinvar/,2026-10-03T17:58:14.119878Z,curated_source_record
3767249,VCV003767249,NM_000404.4(GLB1):c.890T>G (p.Leu297Arg),GLB1,GLB1,GM1 gangliosidosis,,Uncertain significance,"criteria provided, single submitter",2025/08/11 00:00,single nucleotide variant,"GLB1[gene] AND ""GM1 gangliosidosis""[All Fields]",https://www.ncbi.nlm.nih.gov/clinvar/,2026-10-03T17:58:14.119878Z,curated_source_record
3767206,VCV003767206,NM_000404.4(GLB1):c.859G>T (p.Glu287Ter),GLB1,GLB1,GM1 gangliosidosis,,Likely pathogenic,"criteria provided, single submitter",2024/02/27 00:00,single nucleotide variant,"GLB1[gene] AND ""GM1 gangliosidosis""[All Fields]",https://www.ncbi.nlm.nih.gov/clinvar/,2026-10-03T17:58:14.119878Z,curated_source_record
3763162,VCV003763162,NM_000404.4(GLB1):c.792+18G>C,GLB1,GLB1,GM1 gangliosidosis,,Likely benign,"criteria provided, single submitter",2024/07/17 00:00,single nucleotide variant,"GLB1[gene] AND ""GM1 gangliosidosis""[All Fields]",https://www.ncbi.nlm.nih.gov/clinvar/,2026-10-03T17:58:14.119878Z,curated_source_record
3762993,VCV003762993,NM_000404.4(GLB1):c.1029C>T (p.Leu343=),GLB1,GLB1,GM1 gangliosidosis,,Likely benign,"criteria provided, single submitter",2024/04/09 00:00,single nucleotide variant,"GLB1[gene] AND ""GM1 gangliosidosis""[All Fields]",https://www.ncbi.nlm.nih.gov/clinvar/,2026-10-03T17:58:14.119878Z,curated_source_record
3762578,VCV003762578,NM_000404.4(GLB1):c.1152A>C (p.Thr384=),GLB1,GLB1,GM1 gangliosidosis,,Likely benign,"criteria provided, single submitter",2024/02/16 00:00,single nucleotide variant,"GLB1[gene] AND ""GM1 gangliosidosis""[All Fields]",https://www.ncbi.nlm.nih.gov/clinvar/,2026-10-03T17:58:14.119878Z,curated_source_record
3762395,VCV003762395,NM_000404.4(GLB1):c.825T>C (p.Asp275=),GLB1,GLB1,GM1 gangliosidosis,,Likely benign,"criteria provided, single submitter",2024/03/30 00:00,single nucleotide variant,"GLB1[gene] AND ""GM1 gangliosidosis""[All Fields]",https://www.ncbi.nlm.nih.gov/clinvar/,2026-10-03T17:58:14.119878Z,curated_source_record
3762067,VCV003762067,NM_000404.4(GLB1):c.521A>G (p.Tyr174Cys),GLB1,GLB1,GM1 gangliosidosis,,Likely pathogenic,"criteria provided, single submitter",2024/02/09 00:00,single nucleotide variant,"GLB1[gene] AND ""GM1 gangliosidosis""[All Fields]",https://www.ncbi.nlm.nih.gov/clinvar/,2026-10-03T17:58:14.119878Z,curated_source_record
3761955,VCV003761955,NM_000404.4(GLB1):c.77A>G (p.Asn26Ser),GLB1,GLB1,GM1 gangliosidosis,,Uncertain significance,"criteria provided, multiple submitters, no conflicts",2025/03/13 00:00,single nucleotide variant,"GLB1[gene] AND ""GM1 gangliosidosis""[All Fields]",https://www.ncbi.nlm.nih.gov/clinvar/,2026-10-03T17:58:14.119878Z,curated_source_record
3761539,VCV003761539,NM_000404.4(GLB1):c.1143+1G>T,GLB1,GLB1,GM1 gangliosidosis,,Likely pathogenic,"criteria provided, single submitter",2024/02/22 00:00,single nucleotide variant,"GLB1[gene] AND ""GM1 gangliosidosis""[All Fields]",https://www.ncbi.nlm.nih.gov/clinvar/,2026-10-03T17:58:14.119878Z,curated_source_record
3761308,VCV003761308,NM_000404.4(GLB1):c.1068+4G>A,GLB1,GLB1,GM1 gangliosidosis,,Conflicting classifications of pathogenicity,"criteria provided, conflicting classifications",2024/11/05 00:00,single nucleotide variant,"GLB1[gene] AND ""GM1 gangliosidosis""[All Fields]",https://www.ncbi.nlm.nih.gov/clinvar/,2026-10-03T17:58:14.119878Z,curated_source_record
3760697,VCV003760697,NM_000404.4(GLB1):c.1616G>C (p.Trp539Ser),GLB1,GLB1,GM1 gangliosidosis,,Uncertain significance,"criteria provided, single submitter",2025/01/30 00:00,single nucleotide variant,"GLB1[gene] AND ""GM1 gangliosidosis""[All Fields]",https://www.ncbi.nlm.nih.gov/clinvar/,2026-10-03T17:58:14.119878Z,curated_source_record
3760049,VCV003760049,NM_000404.4(GLB1):c.835C>T (p.Gln279Ter),GLB1,GLB1,GM1 gangliosidosis,,Pathogenic,"criteria provided, single submitter",2024/12/27 00:00,single nucleotide variant,"GLB1[gene] AND ""GM1 gangliosidosis""[All Fields]",https://www.ncbi.nlm.nih.gov/clinvar/,2026-10-03T17:58:14.119878Z,curated_source_record
3759085,VCV003759085,NM_000404.4(GLB1):c.400G>A (p.Gly134Arg),GLB1,GLB1,GM1 gangliosidosis,,Pathogenic,"criteria provided, single submitter",2024/06/26 00:00,single nucleotide variant,"GLB1[gene] AND ""GM1 gangliosidosis""[All Fields]",https://www.ncbi.nlm.nih.gov/clinvar/,2026-10-03T17:58:14.119878Z,curated_source_record
3759084,VCV003759084,NM_000404.4(GLB1):c.452A>T (p.Asp151Val),GLB1,GLB1,GM1 gangliosidosis,,Pathogenic/Likely pathogenic,"criteria provided, multiple submitters, no conflicts",2025/12/04 00:00,single nucleotide variant,"GLB1[gene] AND ""GM1 gangliosidosis""[All Fields]",https://www.ncbi.nlm.nih.gov/clinvar/,2026-10-03T17:58:14.119878Z,curated_source_record
3759083,VCV003759083,NM_000404.4(GLB1):c.718G>A (p.Val240Met),GLB1,GLB1,GM1 gangliosidosis,,Pathogenic,"criteria provided, single submitter",2024/02/25 00:00,single nucleotide variant,"GLB1[gene] AND ""GM1 gangliosidosis""[All Fields]",https://www.ncbi.nlm.nih.gov/clinvar/,2026-10-03T17:58:14.119878Z,curated_source_record
3757528,VCV003757528,NM_000404.4(GLB1):c.375C>T (p.Tyr125=),GLB1,GLB1,GM1 gangliosidosis,,Likely benign,"criteria provided, single submitter",2024/08/24 00:00,single nucleotide variant,"GLB1[gene] AND ""GM1 gangliosidosis""[All Fields]",https://www.ncbi.nlm.nih.gov/clinvar/,2026-10-03T17:58:14.119878Z,curated_source_record
3756341,VCV003756341,NM_000404.4(GLB1):c.1428G>A (p.Leu476=),GLB1,GLB1,GM1 gangliosidosis,,Likely benign,"criteria provided, single submitter",2024/05/14 00:00,single nucleotide variant,"GLB1[gene] AND ""GM1 gangliosidosis""[All Fields]",https://www.ncbi.nlm.nih.gov/clinvar/,2026-10-03T17:58:14.119878Z,curated_source_record
3755894,VCV003755894,NM_000404.4(GLB1):c.396+10G>T,GLB1,GLB1,GM1 gangliosidosis,,Likely benign,"criteria provided, single submitter",2024/04/16 00:00,single nucleotide variant,"GLB1[gene] AND ""GM1 gangliosidosis""[All Fields]",https://www.ncbi.nlm.nih.gov/clinvar/,2026-10-03T17:58:14.119878Z,curated_source_record
3755227,VCV003755227,NM_000404.4(GLB1):c.39G>A (p.Leu13=),GLB1,GLB1; LOC129936434; TMPPE,GM1 gangliosidosis,,Likely benign,"criteria provided, single submitter",2024/03/12 00:00,single nucleotide variant,"GLB1[gene] AND ""GM1 gangliosidosis""[All Fields]",https://www.ncbi.nlm.nih.gov/clinvar/,2026-10-03T17:58:14.119878Z,curated_source_record
3755093,VCV003755093,NM_000404.4(GLB1):c.955+10C>T,GLB1,GLB1,GM1 gangliosidosis,,Likely benign,"criteria provided, single submitter",2024/03/03 00:00,single nucleotide variant,"GLB1[gene] AND ""GM1 gangliosidosis""[All Fields]",https://www.ncbi.nlm.nih.gov/clinvar/,2026-10-03T17:58:14.119878Z,curated_source_record
3754984,VCV003754984,NM_000404.4(GLB1):c.112C>A (p.Arg38=),GLB1,GLB1,GM1 gangliosidosis,,Likely benign,"criteria provided, single submitter",2024/02/27 00:00,single nucleotide variant,"GLB1[gene] AND ""GM1 gangliosidosis""[All Fields]",https://www.ncbi.nlm.nih.gov/clinvar/,2026-10-03T17:58:14.119878Z,curated_source_record
3754703,VCV003754703,NM_000404.4(GLB1):c.396+18G>T,GLB1,GLB1,GM1 gangliosidosis,,Likely benign,"criteria provided, single submitter",2024/02/16 00:00,single nucleotide variant,"GLB1[gene] AND ""GM1 gangliosidosis""[All Fields]",https://www.ncbi.nlm.nih.gov/clinvar/,2026-10-03T17:58:14.119878Z,curated_source_record
3754671,VCV003754671,NM_000404.4(GLB1):c.397-10C>T,GLB1,GLB1,GM1 gangliosidosis,,Likely benign,"criteria provided, single submitter",2024/03/01 00:00,single nucleotide variant,"GLB1[gene] AND ""GM1 gangliosidosis""[All Fields]",https://www.ncbi.nlm.nih.gov/clinvar/,2026-10-03T17:58:14.119878Z,curated_source_record
3754491,VCV003754491,NM_000404.4(GLB1):c.915-18del,GLB1,GLB1,GM1 gangliosidosis,,Likely benign,"criteria provided, single submitter",2024/02/07 00:00,Deletion,"GLB1[gene] AND ""GM1 gangliosidosis""[All Fields]",https://www.ncbi.nlm.nih.gov/clinvar/,2026-10-03T17:58:14.119878Z,curated_source_record
3753905,VCV003753905,NM_000404.4(GLB1):c.1313G>T (p.Gly438Val),GLB1,GLB1,GM1 gangliosidosis,,Likely pathogenic,"criteria provided, single submitter",2024/11/25 00:00,single nucleotide variant,"GLB1[gene] AND ""GM1 gangliosidosis""[All Fields]",https://www.ncbi.nlm.nih.gov/clinvar/,2026-10-03T17:58:14.119878Z,curated_source_record
3753904,VCV003753904,NM_000404.4(GLB1):c.1748T>G (p.Ile583Ser),GLB1,GLB1,GM1 gangliosidosis,,Uncertain significance,"criteria provided, single submitter",2024/11/11 00:00,single nucleotide variant,"GLB1[gene] AND ""GM1 gangliosidosis""[All Fields]",https://www.ncbi.nlm.nih.gov/clinvar/,2026-10-03T17:58:14.119878Z,curated_source_record
3752548,VCV003752548,NM_000404.4(GLB1):c.75+16C>A,GLB1,GLB1; LOC129936434; TMPPE,GM1 gangliosidosis,,Likely benign,"criteria provided, single submitter",2024/03/02 00:00,single nucleotide variant,"GLB1[gene] AND ""GM1 gangliosidosis""[All Fields]",https://www.ncbi.nlm.nih.gov/clinvar/,2026-10-03T17:58:14.119878Z,curated_source_record
3751865,VCV003751865,NM_000404.4(GLB1):c.1347+12C>T,GLB1,GLB1,GM1 gangliosidosis,,Likely benign,"criteria provided, single submitter",2024/04/25 00:00,single nucleotide variant,"GLB1[gene] AND ""GM1 gangliosidosis""[All Fields]",https://www.ncbi.nlm.nih.gov/clinvar/,2026-10-03T17:58:14.119878Z,curated_source_record
3751693,VCV003751693,NM_000404.4(GLB1):c.9G>C (p.Gly3=),GLB1,GLB1; LOC129936434; TMPPE,GM1 gangliosidosis,,Likely benign,"criteria provided, single submitter",2024/10/23 00:00,single nucleotide variant,"GLB1[gene] AND ""GM1 gangliosidosis""[All Fields]",https://www.ncbi.nlm.nih.gov/clinvar/,2026-10-03T17:58:14.119878Z,curated_source_record
3751248,VCV003751248,NM_000404.4(GLB1):c.1347+16G>C,GLB1,GLB1,GM1 gangliosidosis,,Likely benign,"criteria provided, single submitter",2024/03/12 00:00,single nucleotide variant,"GLB1[gene] AND ""GM1 gangliosidosis""[All Fields]",https://www.ncbi.nlm.nih.gov/clinvar/,2026-10-03T17:58:14.119878Z,curated_source_record
3750804,VCV003750804,NM_000404.4(GLB1):c.1079T>C (p.Val360Ala),GLB1,GLB1,GM1 gangliosidosis,,Uncertain significance,"criteria provided, single submitter",2024/10/02 00:00,single nucleotide variant,"GLB1[gene] AND ""GM1 gangliosidosis""[All Fields]",https://www.ncbi.nlm.nih.gov/clinvar/,2026-10-03T17:58:14.119878Z,curated_source_record
3750139,VCV003750139,NM_000404.4(GLB1):c.1810C>G (p.Pro604Ala),GLB1,GLB1,GM1 gangliosidosis,,Uncertain significance,"criteria provided, single submitter",2025/11/10 00:00,single nucleotide variant,"GLB1[gene] AND ""GM1 gangliosidosis""[All Fields]",https://www.ncbi.nlm.nih.gov/clinvar/,2026-10-03T17:58:14.119878Z,curated_source_record
3749817,VCV003749817,NM_000404.4(GLB1):c.447C>G (p.Ser149=),GLB1,GLB1,GM1 gangliosidosis,,Likely benign,"criteria provided, single submitter",2025/03/05 00:00,single nucleotide variant,"GLB1[gene] AND ""GM1 gangliosidosis""[All Fields]",https://www.ncbi.nlm.nih.gov/clinvar/,2026-10-03T17:58:14.119878Z,curated_source_record
3749750,VCV003749750,NM_000404.4(GLB1):c.1063C>T (p.Gln355Ter),GLB1,GLB1,GM1 gangliosidosis,,Pathogenic,"criteria provided, single submitter",2024/03/01 00:00,single nucleotide variant,"GLB1[gene] AND ""GM1 gangliosidosis""[All Fields]",https://www.ncbi.nlm.nih.gov/clinvar/,2026-10-03T17:58:14.119878Z,curated_source_record
3748336,VCV003748336,NM_000404.4(GLB1):c.668C>G (p.Ala223Gly),GLB1,GLB1,GM1 gangliosidosis,,Uncertain significance,"criteria provided, multiple submitters, no conflicts",2025/04/11 00:00,single nucleotide variant,"GLB1[gene] AND ""GM1 gangliosidosis""[All Fields]",https://www.ncbi.nlm.nih.gov/clinvar/,2026-10-03T17:58:14.119878Z,curated_source_record
3589144,VCV003589144,NM_000404.4(GLB1):c.29dup (p.Leu11fs),GLB1,GLB1; LOC129936434; TMPPE,GM1 gangliosidosis,,Likely pathogenic,"criteria provided, single submitter",2024/01/24 00:00,Duplication,"GLB1[gene] AND ""GM1 gangliosidosis""[All Fields]",https://www.ncbi.nlm.nih.gov/clinvar/,2026-10-03T17:58:14.119878Z,curated_source_record
3589143,VCV003589143,NM_000404.4(GLB1):c.47del (p.Leu16fs),GLB1,GLB1; LOC129936434; TMPPE,GM1 gangliosidosis,,Likely pathogenic,"criteria provided, single submitter",2024/05/07 00:00,Deletion,"GLB1[gene] AND ""GM1 gangliosidosis""[All Fields]",https://www.ncbi.nlm.nih.gov/clinvar/,2026-10-03T17:58:14.119878Z,curated_source_record
3589141,VCV003589141,NM_000404.4(GLB1):c.275G>A (p.Trp92Ter),GLB1,GLB1,GM1 gangliosidosis,,Pathogenic,"criteria provided, single submitter",2024/05/04 00:00,single nucleotide variant,"GLB1[gene] AND ""GM1 gangliosidosis""[All Fields]",https://www.ncbi.nlm.nih.gov/clinvar/,2026-10-03T17:58:14.119878Z,curated_source_record
3589140,VCV003589140,NM_000404.4(GLB1):c.288C>G (p.Tyr96Ter),GLB1,GLB1,GM1 gangliosidosis,,Likely pathogenic,"criteria provided, single submitter",2024/05/20 00:00,single nucleotide variant,"GLB1[gene] AND ""GM1 gangliosidosis""[All Fields]",https://www.ncbi.nlm.nih.gov/clinvar/,2026-10-03T17:58:14.119878Z,curated_source_record
3589139,VCV003589139,NM_000404.4(GLB1):c.289C>T (p.Gln97Ter),GLB1,GLB1,GM1 gangliosidosis,,Likely pathogenic,"criteria provided, single submitter",2024/02/13 00:00,single nucleotide variant,"GLB1[gene] AND ""GM1 gangliosidosis""[All Fields]",https://www.ncbi.nlm.nih.gov/clinvar/,2026-10-03T17:58:14.119878Z,curated_source_record
3589138,VCV003589138,NM_000404.4(GLB1):c.435_436delinsA (p.Leu146fs),GLB1,GLB1,GM1 gangliosidosis,,Likely pathogenic,"criteria provided, single submitter",2024/05/19 00:00,Indel,"GLB1[gene] AND ""GM1 gangliosidosis""[All Fields]",https://www.ncbi.nlm.nih.gov/clinvar/,2026-10-03T17:58:14.119878Z,curated_source_record
3589137,VCV003589137,NM_000404.4(GLB1):c.462C>G (p.Tyr154Ter),GLB1,GLB1,GM1 gangliosidosis,,Likely pathogenic,"criteria provided, single submitter",2024/04/17 00:00,single nucleotide variant,"GLB1[gene] AND ""GM1 gangliosidosis""[All Fields]",https://www.ncbi.nlm.nih.gov/clinvar/,2026-10-03T17:58:14.119878Z,curated_source_record
3589136,VCV003589136,NM_000404.4(GLB1):c.468del (p.Ala157fs),GLB1,GLB1,GM1 gangliosidosis,,Likely pathogenic,"criteria provided, single submitter",2024/05/04 00:00,Deletion,"GLB1[gene] AND ""GM1 gangliosidosis""[All Fields]",https://www.ncbi.nlm.nih.gov/clinvar/,2026-10-03T17:58:14.119878Z,curated_source_record
3589135,VCV003589135,NM_000404.4(GLB1):c.488dup (p.Val164fs),GLB1,GLB1,GM1 gangliosidosis,,Likely pathogenic,"criteria provided, single submitter",2024/05/10 00:00,Duplication,"GLB1[gene] AND ""GM1 gangliosidosis""[All Fields]",https://www.ncbi.nlm.nih.gov/clinvar/,2026-10-03T17:58:14.119878Z,curated_source_record
3589134,VCV003589134,NM_000404.4(GLB1):c.597_598del (p.Leu200fs),GLB1,GLB1,GM1 gangliosidosis,,Likely pathogenic,"criteria provided, single submitter",2024/03/13 00:00,Deletion,"GLB1[gene] AND ""GM1 gangliosidosis""[All Fields]",https://www.ncbi.nlm.nih.gov/clinvar/,2026-10-03T17:58:14.119878Z,curated_source_record
3589132,VCV003589132,NM_000404.4(GLB1):c.1242del (p.Phe415fs),GLB1,GLB1,GM1 gangliosidosis,,Likely pathogenic,"criteria provided, single submitter",2024/06/12 00:00,Deletion,"GLB1[gene] AND ""GM1 gangliosidosis""[All Fields]",https://www.ncbi.nlm.nih.gov/clinvar/,2026-10-03T17:58:14.119878Z,curated_source_record
3589131,VCV003589131,NM_000404.4(GLB1):c.1792C>T (p.Gln598Ter),GLB1,GLB1,GM1 gangliosidosis,,Likely pathogenic,"criteria provided, multiple submitters, no conflicts",2024/06/25 00:00,single nucleotide variant,"GLB1[gene] AND ""GM1 gangliosidosis""[All Fields]",https://www.ncbi.nlm.nih.gov/clinvar/,2026-10-03T17:58:14.119878Z,curated_source_record
3384079,VCV003384079,NM_000404.4(GLB1):c.914+4A>G,GLB1,GLB1,GM1 gangliosidosis,,Likely pathogenic,"criteria provided, single submitter",2024/10/04 00:00,single nucleotide variant,"GLB1[gene] AND ""GM1 gangliosidosis""[All Fields]",https://www.ncbi.nlm.nih.gov/clinvar/,2026-10-03T17:58:14.119878Z,curated_source_record
3367000,VCV003367000,NM_000404.4(GLB1):c.1022G>T (p.Gly341Val),GLB1,GLB1,GM1 gangliosidosis,,Uncertain significance,"criteria provided, single submitter",2023/05/20 00:00,single nucleotide variant,"GLB1[gene] AND ""GM1 gangliosidosis""[All Fields]",https://www.ncbi.nlm.nih.gov/clinvar/,2026-10-03T17:58:14.119878Z,curated_source_record
3366437,VCV003366437,NM_000404.4(GLB1):c.659dup (p.Thr220_Asp221insTer),GLB1,GLB1,GM1 gangliosidosis,,Pathogenic,"criteria provided, single submitter",2024/08/07 00:00,Duplication,"GLB1[gene] AND ""GM1 gangliosidosis""[All Fields]",https://www.ncbi.nlm.nih.gov/clinvar/,2026-10-03T17:58:14.119878Z,curated_source_record
3362831,VCV003362831,NM_000404.4(GLB1):c.515_516del (p.Leu172fs),GLB1,GLB1,GM1 gangliosidosis,,Likely pathogenic,"criteria provided, single submitter",1/01/01 00:00,Microsatellite,"GLB1[gene] AND ""GM1 gangliosidosis""[All Fields]",https://www.ncbi.nlm.nih.gov/clinvar/,2026-10-03T17:58:14.119878Z,curated_source_record
4884842,VCV004884842,NM_000520.6(HEXA):c.634C>A (p.Pro212Thr),HEXA,HEXA,Tay-Sachs disease or GM2 gangliosidosis,,Pathogenic,no assertion criteria provided,1/01/01 00:00,single nucleotide variant,"HEXA[gene] AND (""Tay-Sachs disease""[All Fields] OR ""GM2 gangliosidosis""[All Fields])",https://www.ncbi.nlm.nih.gov/clinvar/,2026-10-03T17:58:14.119878Z,curated_source_record
4818724,VCV004818724,NM_000520.6(HEXA):c.1559del (p.Gly520fs),HEXA,HEXA,Tay-Sachs disease or GM2 gangliosidosis,,Likely pathogenic,"criteria provided, single submitter",2025/01/27 00:00,Deletion,"HEXA[gene] AND (""Tay-Sachs disease""[All Fields] OR ""GM2 gangliosidosis""[All Fields])",https://www.ncbi.nlm.nih.gov/clinvar/,2026-10-03T17:58:14.119878Z,curated_source_record
4818723,VCV004818723,NM_000520.6(HEXA):c.1526_1526+3del,HEXA,HEXA,Tay-Sachs disease or GM2 gangliosidosis,,Likely pathogenic,"criteria provided, single submitter",2024/04/12 00:00,Deletion,"HEXA[gene] AND (""Tay-Sachs disease""[All Fields] OR ""GM2 gangliosidosis""[All Fields])",https://www.ncbi.nlm.nih.gov/clinvar/,2026-10-03T17:58:14.119878Z,curated_source_record
4818722,VCV004818722,NM_000520.6(HEXA):c.1451T>C (p.Leu484Pro),HEXA,HEXA,Tay-Sachs disease or GM2 gangliosidosis,,Likely pathogenic,"criteria provided, single submitter",2026/01/16 00:00,single nucleotide variant,"HEXA[gene] AND (""Tay-Sachs disease""[All Fields] OR ""GM2 gangliosidosis""[All Fields])",https://www.ncbi.nlm.nih.gov/clinvar/,2026-10-03T17:58:14.119878Z,curated_source_record
4818721,VCV004818721,NM_000520.6(HEXA):c.1422-1G>A,HEXA,HEXA,Tay-Sachs disease or GM2 gangliosidosis,,Pathogenic,"criteria provided, single submitter",2024/07/29 00:00,single nucleotide variant,"HEXA[gene] AND (""Tay-Sachs disease""[All Fields] OR ""GM2 gangliosidosis""[All Fields])",https://www.ncbi.nlm.nih.gov/clinvar/,2026-10-03T17:58:14.119878Z,curated_source_record
4818720,VCV004818720,NM_000520.6(HEXA):c.1421+1G>A,HEXA,HEXA,Tay-Sachs disease or GM2 gangliosidosis,,Pathogenic,"criteria provided, single submitter",2025/03/27 00:00,single nucleotide variant,"HEXA[gene] AND (""Tay-Sachs disease""[All Fields] OR ""GM2 gangliosidosis""[All Fields])",https://www.ncbi.nlm.nih.gov/clinvar/,2026-10-03T17:58:14.119878Z,curated_source_record
4818719,VCV004818719,NM_000520.6(HEXA):c.1374T>A (p.Cys458Ter),HEXA,HEXA,Tay-Sachs disease or GM2 gangliosidosis,,Likely pathogenic,"criteria provided, single submitter",2024/10/10 00:00,single nucleotide variant,"HEXA[gene] AND (""Tay-Sachs disease""[All Fields] OR ""GM2 gangliosidosis""[All Fields])",https://www.ncbi.nlm.nih.gov/clinvar/,2026-10-03T17:58:14.119878Z,curated_source_record
4818718,VCV004818718,NM_000520.6(HEXA):c.1345_1346dup (p.Ala450fs),HEXA,HEXA,Tay-Sachs disease or GM2 gangliosidosis,,Likely pathogenic,"criteria provided, single submitter",2025/01/17 00:00,Duplication,"HEXA[gene] AND (""Tay-Sachs disease""[All Fields] OR ""GM2 gangliosidosis""[All Fields])",https://www.ncbi.nlm.nih.gov/clinvar/,2026-10-03T17:58:14.119878Z,curated_source_record
4818717,VCV004818717,NM_000520.6(HEXA):c.1331-2A>G,HEXA,HEXA,Tay-Sachs disease or GM2 gangliosidosis,,Likely pathogenic,"criteria provided, single submitter",2024/06/05 00:00,single nucleotide variant,"HEXA[gene] AND (""Tay-Sachs disease""[All Fields] OR ""GM2 gangliosidosis""[All Fields])",https://www.ncbi.nlm.nih.gov/clinvar/,2026-10-03T17:58:14.119878Z,curated_source_record
4818716,VCV004818716,NM_000520.6(HEXA):c.1292G>A (p.Trp431Ter),HEXA,HEXA,Tay-Sachs disease or GM2 gangliosidosis,,Pathogenic,"criteria provided, single submitter",2025/01/31 00:00,single nucleotide variant,"HEXA[gene] AND (""Tay-Sachs disease""[All Fields] OR ""GM2 gangliosidosis""[All Fields])",https://www.ncbi.nlm.nih.gov/clinvar/,2026-10-03T17:58:14.119878Z,curated_source_record
4818715,VCV004818715,NM_000520.6(HEXA):c.1260G>T (p.Trp420Cys),HEXA,HEXA,Tay-Sachs disease or GM2 gangliosidosis,,Likely pathogenic,"criteria provided, single submitter",2026/01/05 00:00,single nucleotide variant,"HEXA[gene] AND (""Tay-Sachs disease""[All Fields] OR ""GM2 gangliosidosis""[All Fields])",https://www.ncbi.nlm.nih.gov/clinvar/,2026-10-03T17:58:14.119878Z,curated_source_record
4818714,VCV004818714,NM_000520.6(HEXA):c.1257del (p.Trp420fs),HEXA,HEXA,Tay-Sachs disease or GM2 gangliosidosis,,Likely pathogenic,"criteria provided, single submitter",2025/10/08 00:00,Deletion,"HEXA[gene] AND (""Tay-Sachs disease""[All Fields] OR ""GM2 gangliosidosis""[All Fields])",https://www.ncbi.nlm.nih.gov/clinvar/,2026-10-03T17:58:14.119878Z,curated_source_record
4818713,VCV004818713,NM_000520.6(HEXA):c.1235_1247del (p.Phe412fs),HEXA,HEXA,Tay-Sachs disease or GM2 gangliosidosis,,Likely pathogenic,"criteria provided, single submitter",2025/09/22 00:00,Deletion,"HEXA[gene] AND (""Tay-Sachs disease""[All Fields] OR ""GM2 gangliosidosis""[All Fields])",https://www.ncbi.nlm.nih.gov/clinvar/,2026-10-03T17:58:14.119878Z,curated_source_record
4818712,VCV004818712,NM_000520.6(HEXA):c.1228del (p.Ala410fs),HEXA,HEXA,Tay-Sachs disease or GM2 gangliosidosis,,Likely pathogenic,"criteria provided, single submitter",2025/09/24 00:00,Deletion,"HEXA[gene] AND (""Tay-Sachs disease""[All Fields] OR ""GM2 gangliosidosis""[All Fields])",https://www.ncbi.nlm.nih.gov/clinvar/,2026-10-03T17:58:14.119878Z,curated_source_record
4818711,VCV004818711,NM_000520.6(HEXA):c.1226del (p.Lys409fs),HEXA,HEXA,Tay-Sachs disease or GM2 gangliosidosis,,Likely pathogenic,"criteria provided, single submitter",2024/06/24 00:00,Deletion,"HEXA[gene] AND (""Tay-Sachs disease""[All Fields] OR ""GM2 gangliosidosis""[All Fields])",https://www.ncbi.nlm.nih.gov/clinvar/,2026-10-03T17:58:14.119878Z,curated_source_record
4818710,VCV004818710,NM_000520.6(HEXA):c.1147-2A>G,HEXA,HEXA,Tay-Sachs disease or GM2 gangliosidosis,,Pathogenic,"criteria provided, single submitter",2025/08/22 00:00,single nucleotide variant,"HEXA[gene] AND (""Tay-Sachs disease""[All Fields] OR ""GM2 gangliosidosis""[All Fields])",https://www.ncbi.nlm.nih.gov/clinvar/,2026-10-03T17:58:14.119878Z,curated_source_record
4818709,VCV004818709,NM_000520.6(HEXA):c.1061_1063del (p.Phe354del),HEXA,HEXA,Tay-Sachs disease or GM2 gangliosidosis,,Likely pathogenic,"criteria provided, single submitter",2025/11/18 00:00,Deletion,"HEXA[gene] AND (""Tay-Sachs disease""[All Fields] OR ""GM2 gangliosidosis""[All Fields])",https://www.ncbi.nlm.nih.gov/clinvar/,2026-10-03T17:58:14.119878Z,curated_source_record
4818708,VCV004818708,NM_000520.6(HEXA):c.1026del (p.Gly343fs),HEXA,HEXA,Tay-Sachs disease or GM2 gangliosidosis,,Likely pathogenic,"criteria provided, single submitter",2025/05/27 00:00,Deletion,"HEXA[gene] AND (""Tay-Sachs disease""[All Fields] OR ""GM2 gangliosidosis""[All Fields])",https://www.ncbi.nlm.nih.gov/clinvar/,2026-10-03T17:58:14.119878Z,curated_source_record
4814277,VCV004814277,NM_000520.6(HEXA):c.970del (p.Val324fs),HEXA,HEXA,Tay-Sachs disease or GM2 gangliosidosis,,Likely pathogenic,"criteria provided, single submitter",2025/12/03 00:00,Deletion,"HEXA[gene] AND (""Tay-Sachs disease""[All Fields] OR ""GM2 gangliosidosis""[All Fields])",https://www.ncbi.nlm.nih.gov/clinvar/,2026-10-03T17:58:14.119878Z,curated_source_record
4814276,VCV004814276,NM_000520.6(HEXA):c.894T>A (p.Tyr298Ter),HEXA,HEXA,Tay-Sachs disease or GM2 gangliosidosis,,Likely pathogenic,"criteria provided, single submitter",2024/07/29 00:00,single nucleotide variant,"HEXA[gene] AND (""Tay-Sachs disease""[All Fields] OR ""GM2 gangliosidosis""[All Fields])",https://www.ncbi.nlm.nih.gov/clinvar/,2026-10-03T17:58:14.119878Z,curated_source_record
4814275,VCV004814275,NM_000520.6(HEXA):c.803del (p.Pro268fs),HEXA,HEXA,Tay-Sachs disease or GM2 gangliosidosis,,Likely pathogenic,"criteria provided, single submitter",2025/10/17 00:00,Deletion,"HEXA[gene] AND (""Tay-Sachs disease""[All Fields] OR ""GM2 gangliosidosis""[All Fields])",https://www.ncbi.nlm.nih.gov/clinvar/,2026-10-03T17:58:14.119878Z,curated_source_record
4814274,VCV004814274,NM_000520.6(HEXA):c.798G>A (p.Trp266Ter),HEXA,HEXA,Tay-Sachs disease or GM2 gangliosidosis,,Likely pathogenic,"criteria provided, single submitter",2025/12/31 00:00,single nucleotide variant,"HEXA[gene] AND (""Tay-Sachs disease""[All Fields] OR ""GM2 gangliosidosis""[All Fields])",https://www.ncbi.nlm.nih.gov/clinvar/,2026-10-03T17:58:14.119878Z,curated_source_record
4814272,VCV004814272,NM_000520.6(HEXA):c.722_732dup (p.Tyr245fs),HEXA,HEXA,Tay-Sachs disease or GM2 gangliosidosis,,Likely pathogenic,"criteria provided, single submitter",2024/12/01 00:00,Duplication,"HEXA[gene] AND (""Tay-Sachs disease""[All Fields] OR ""GM2 gangliosidosis""[All Fields])",https://www.ncbi.nlm.nih.gov/clinvar/,2026-10-03T17:58:14.119878Z,curated_source_record
4814271,VCV004814271,NM_000520.6(HEXA):c.681C>G (p.Tyr227Ter),HEXA,HEXA,Tay-Sachs disease or GM2 gangliosidosis,,Pathogenic,"criteria provided, single submitter",2025/02/24 00:00,single nucleotide variant,"HEXA[gene] AND (""Tay-Sachs disease""[All Fields] OR ""GM2 gangliosidosis""[All Fields])",https://www.ncbi.nlm.nih.gov/clinvar/,2026-10-03T17:58:14.119878Z,curated_source_record
4814270,VCV004814270,NM_000520.6(HEXA):c.672+1G>C,HEXA,HEXA,Tay-Sachs disease or GM2 gangliosidosis,,Pathogenic,"criteria provided, single submitter",2025/08/14 00:00,single nucleotide variant,"HEXA[gene] AND (""Tay-Sachs disease""[All Fields] OR ""GM2 gangliosidosis""[All Fields])",https://www.ncbi.nlm.nih.gov/clinvar/,2026-10-03T17:58:14.119878Z,curated_source_record
4814269,VCV004814269,NM_000520.6(HEXA):c.639T>A (p.Tyr213Ter),HEXA,HEXA,Tay-Sachs disease or GM2 gangliosidosis,,Likely pathogenic,"criteria provided, single submitter",2024/12/13 00:00,single nucleotide variant,"HEXA[gene] AND (""Tay-Sachs disease""[All Fields] OR ""GM2 gangliosidosis""[All Fields])",https://www.ncbi.nlm.nih.gov/clinvar/,2026-10-03T17:58:14.119878Z,curated_source_record
4814268,VCV004814268,NM_000520.6(HEXA):c.623A>T (p.Asp208Val),HEXA,HEXA,Tay-Sachs disease or GM2 gangliosidosis,,Likely pathogenic,"criteria provided, single submitter",2025/03/10 00:00,single nucleotide variant,"HEXA[gene] AND (""Tay-Sachs disease""[All Fields] OR ""GM2 gangliosidosis""[All Fields])",https://www.ncbi.nlm.nih.gov/clinvar/,2026-10-03T17:58:14.119878Z,curated_source_record
4814267,VCV004814267,NM_000520.6(HEXA):c.613del (p.Leu205fs),HEXA,HEXA,Tay-Sachs disease or GM2 gangliosidosis,,Pathogenic,"criteria provided, single submitter",2025/09/19 00:00,Deletion,"HEXA[gene] AND (""Tay-Sachs disease""[All Fields] OR ""GM2 gangliosidosis""[All Fields])",https://www.ncbi.nlm.nih.gov/clinvar/,2026-10-03T17:58:14.119878Z,curated_source_record
4814266,VCV004814266,NM_000520.6(HEXA):c.609del (p.Trp203fs),HEXA,HEXA,Tay-Sachs disease or GM2 gangliosidosis,,Likely pathogenic,"criteria provided, single submitter",2025/09/02 00:00,Deletion,"HEXA[gene] AND (""Tay-Sachs disease""[All Fields] OR ""GM2 gangliosidosis""[All Fields])",https://www.ncbi.nlm.nih.gov/clinvar/,2026-10-03T17:58:14.119878Z,curated_source_record
4814265,VCV004814265,NM_000520.6(HEXA):c.602del (p.Phe201fs),HEXA,HEXA,Tay-Sachs disease or GM2 gangliosidosis,,Likely pathogenic,"criteria provided, single submitter",2025/06/23 00:00,Deletion,"HEXA[gene] AND (""Tay-Sachs disease""[All Fields] OR ""GM2 gangliosidosis""[All Fields])",https://www.ncbi.nlm.nih.gov/clinvar/,2026-10-03T17:58:14.119878Z,curated_source_record
4814264,VCV004814264,NM_000520.6(HEXA):c.571-8A>G,HEXA,HEXA,Tay-Sachs disease or GM2 gangliosidosis,,Likely pathogenic,"criteria provided, single submitter",2024/02/27 00:00,single nucleotide variant,"HEXA[gene] AND (""Tay-Sachs disease""[All Fields] OR ""GM2 gangliosidosis""[All Fields])",https://www.ncbi.nlm.nih.gov/clinvar/,2026-10-03T17:58:14.119878Z,curated_source_record
4814263,VCV004814263,NM_000520.6(HEXA):c.571-2A>G,HEXA,HEXA,Tay-Sachs disease or GM2 gangliosidosis,,Pathogenic,"criteria provided, single submitter",2025/04/20 00:00,single nucleotide variant,"HEXA[gene] AND (""Tay-Sachs disease""[All Fields] OR ""GM2 gangliosidosis""[All Fields])",https://www.ncbi.nlm.nih.gov/clinvar/,2026-10-03T17:58:14.119878Z,curated_source_record
4814262,VCV004814262,NM_000520.6(HEXA):c.511_515delinsAAA (p.Gly171fs),HEXA,HEXA,Tay-Sachs disease or GM2 gangliosidosis,,Likely pathogenic,"criteria provided, single submitter",2024/03/25 00:00,Indel,"HEXA[gene] AND (""Tay-Sachs disease""[All Fields] OR ""GM2 gangliosidosis""[All Fields])",https://www.ncbi.nlm.nih.gov/clinvar/,2026-10-03T17:58:14.119878Z,curated_source_record
4814261,VCV004814261,NM_000520.6(HEXA):c.488A>G (p.Asp163Gly),HEXA,HEXA,Tay-Sachs disease or GM2 gangliosidosis,,Likely pathogenic,"criteria provided, single submitter",2024/04/25 00:00,single nucleotide variant,"HEXA[gene] AND (""Tay-Sachs disease""[All Fields] OR ""GM2 gangliosidosis""[All Fields])",https://www.ncbi.nlm.nih.gov/clinvar/,2026-10-03T17:58:14.119878Z,curated_source_record
4814260,VCV004814260,NM_000520.6(HEXA):c.412G>A (p.Gly138Ser),HEXA,HEXA,Tay-Sachs disease or GM2 gangliosidosis,,Likely pathogenic,"criteria provided, single submitter",2025/10/13 00:00,single nucleotide variant,"HEXA[gene] AND (""Tay-Sachs disease""[All Fields] OR ""GM2 gangliosidosis""[All Fields])",https://www.ncbi.nlm.nih.gov/clinvar/,2026-10-03T17:58:14.119878Z,curated_source_record
4814259,VCV004814259,NM_000520.6(HEXA):c.272del (p.Glu91fs),HEXA,HEXA,Tay-Sachs disease or GM2 gangliosidosis,,Likely pathogenic,"criteria provided, single submitter",2025/09/22 00:00,Deletion,"HEXA[gene] AND (""Tay-Sachs disease""[All Fields] OR ""GM2 gangliosidosis""[All Fields])",https://www.ncbi.nlm.nih.gov/clinvar/,2026-10-03T17:58:14.119878Z,curated_source_record
4814258,VCV004814258,NM_000520.6(HEXA):c.271G>T (p.Glu91Ter),HEXA,HEXA,Tay-Sachs disease or GM2 gangliosidosis,,Pathogenic,"criteria provided, single submitter",2024/07/05 00:00,single nucleotide variant,"HEXA[gene] AND (""Tay-Sachs disease""[All Fields] OR ""GM2 gangliosidosis""[All Fields])",https://www.ncbi.nlm.nih.gov/clinvar/,2026-10-03T17:58:14.119878Z,curated_source_record
4814257,VCV004814257,NM_000520.6(HEXA):c.258del (p.Lys86fs),HEXA,HEXA,Tay-Sachs disease or GM2 gangliosidosis,,Likely pathogenic,"criteria provided, single submitter",2025/07/07 00:00,Deletion,"HEXA[gene] AND (""Tay-Sachs disease""[All Fields] OR ""GM2 gangliosidosis""[All Fields])",https://www.ncbi.nlm.nih.gov/clinvar/,2026-10-03T17:58:14.119878Z,curated_source_record
4814256,VCV004814256,NM_000520.6(HEXA):c.231_235del (p.Trp78fs),HEXA,HEXA,Tay-Sachs disease or GM2 gangliosidosis,,Likely pathogenic,"criteria provided, single submitter",2025/08/18 00:00,Deletion,"HEXA[gene] AND (""Tay-Sachs disease""[All Fields] OR ""GM2 gangliosidosis""[All Fields])",https://www.ncbi.nlm.nih.gov/clinvar/,2026-10-03T17:58:14.119878Z,curated_source_record
4814255,VCV004814255,NM_000520.6(HEXA):c.194dup (p.Gln66fs),HEXA,HEXA,Tay-Sachs disease or GM2 gangliosidosis,,Likely pathogenic,"criteria provided, single submitter",2025/07/25 00:00,Duplication,"HEXA[gene] AND (""Tay-Sachs disease""[All Fields] OR ""GM2 gangliosidosis""[All Fields])",https://www.ncbi.nlm.nih.gov/clinvar/,2026-10-03T17:58:14.119878Z,curated_source_record
4814254,VCV004814254,NM_000520.6(HEXA):c.175_176dup (p.Val60fs),HEXA,HEXA,Tay-Sachs disease or GM2 gangliosidosis,,Likely pathogenic,"criteria provided, single submitter",2024/08/23 00:00,Duplication,"HEXA[gene] AND (""Tay-Sachs disease""[All Fields] OR ""GM2 gangliosidosis""[All Fields])",https://www.ncbi.nlm.nih.gov/clinvar/,2026-10-03T17:58:14.119878Z,curated_source_record
4806000,VCV004806000,NM_000520.6(HEXA):c.457A>G (p.Thr153Ala),HEXA,HEXA,Tay-Sachs disease or GM2 gangliosidosis,,Uncertain significance,"criteria provided, single submitter",2025/06/15 00:00,single nucleotide variant,"HEXA[gene] AND (""Tay-Sachs disease""[All Fields] OR ""GM2 gangliosidosis""[All Fields])",https://www.ncbi.nlm.nih.gov/clinvar/,2026-10-03T17:58:14.119878Z,curated_source_record
4802394,VCV004802394,NM_000520.6(HEXA):c.1559G>C (p.Gly520Ala),HEXA,HEXA,Tay-Sachs disease or GM2 gangliosidosis,,Uncertain significance,"criteria provided, single submitter",2025/06/25 00:00,single nucleotide variant,"HEXA[gene] AND (""Tay-Sachs disease""[All Fields] OR ""GM2 gangliosidosis""[All Fields])",https://www.ncbi.nlm.nih.gov/clinvar/,2026-10-03T17:58:14.119878Z,curated_source_record
4777398,VCV004777398,NM_000520.6(HEXA):c.1382G>A (p.Gly461Glu),HEXA,HEXA,Tay-Sachs disease or GM2 gangliosidosis,,Uncertain significance,"criteria provided, single submitter",2025/11/25 00:00,single nucleotide variant,"HEXA[gene] AND (""Tay-Sachs disease""[All Fields] OR ""GM2 gangliosidosis""[All Fields])",https://www.ncbi.nlm.nih.gov/clinvar/,2026-10-03T17:58:14.119878Z,curated_source_record
4769831,VCV004769831,NM_000520.6(HEXA):c.1422-4C>G,HEXA,HEXA,Tay-Sachs disease or GM2 gangliosidosis,,Likely benign,"criteria provided, single submitter",2026/01/13 00:00,single nucleotide variant,"HEXA[gene] AND (""Tay-Sachs disease""[All Fields] OR ""GM2 gangliosidosis""[All Fields])",https://www.ncbi.nlm.nih.gov/clinvar/,2026-10-03T17:58:14.119878Z,curated_source_record
4766874,VCV004766874,NM_000520.6(HEXA):c.347-10G>A,HEXA,HEXA,Tay-Sachs disease or GM2 gangliosidosis,,Likely benign,"criteria provided, single submitter",2025/08/29 00:00,single nucleotide variant,"HEXA[gene] AND (""Tay-Sachs disease""[All Fields] OR ""GM2 gangliosidosis""[All Fields])",https://www.ncbi.nlm.nih.gov/clinvar/,2026-10-03T17:58:14.119878Z,curated_source_record
4764832,VCV004764832,NM_000520.6(HEXA):c.1080G>C (p.Leu360=),HEXA,HEXA,Tay-Sachs disease or GM2 gangliosidosis,,Likely benign,"criteria provided, single submitter",2025/03/11 00:00,single nucleotide variant,"HEXA[gene] AND (""Tay-Sachs disease""[All Fields] OR ""GM2 gangliosidosis""[All Fields])",https://www.ncbi.nlm.nih.gov/clinvar/,2026-10-03T17:58:14.119878Z,curated_source_record
4754831,VCV004754831,NM_000520.6(HEXA):c.99C>G (p.Ser33=),HEXA,HEXA,Tay-Sachs disease or GM2 gangliosidosis,,Likely benign,"criteria provided, single submitter",2025/11/10 00:00,single nucleotide variant,"HEXA[gene] AND (""Tay-Sachs disease""[All Fields] OR ""GM2 gangliosidosis""[All Fields])",https://www.ncbi.nlm.nih.gov/clinvar/,2026-10-03T17:58:14.119878Z,curated_source_record
4750167,VCV004750167,NM_000520.6(HEXA):c.100G>C (p.Asp34His),HEXA,HEXA,Tay-Sachs disease or GM2 gangliosidosis,,Uncertain significance,"criteria provided, single submitter",2025/02/25 00:00,single nucleotide variant,"HEXA[gene] AND (""Tay-Sachs disease""[All Fields] OR ""GM2 gangliosidosis""[All Fields])",https://www.ncbi.nlm.nih.gov/clinvar/,2026-10-03T17:58:14.119878Z,curated_source_record
4748899,VCV004748899,NM_000520.6(HEXA):c.253+9G>T,HEXA,HEXA,Tay-Sachs disease or GM2 gangliosidosis,,Likely benign,"criteria provided, single submitter",2025/12/08 00:00,single nucleotide variant,"HEXA[gene] AND (""Tay-Sachs disease""[All Fields] OR ""GM2 gangliosidosis""[All Fields])",https://www.ncbi.nlm.nih.gov/clinvar/,2026-10-03T17:58:14.119878Z,curated_source_record
4741542,VCV004741542,NM_000520.6(HEXA):c.1331-15C>T,HEXA,HEXA,Tay-Sachs disease or GM2 gangliosidosis,,Likely benign,"criteria provided, single submitter",2025/11/26 00:00,single nucleotide variant,"HEXA[gene] AND (""Tay-Sachs disease""[All Fields] OR ""GM2 gangliosidosis""[All Fields])",https://www.ncbi.nlm.nih.gov/clinvar/,2026-10-03T17:58:14.119878Z,curated_source_record
4736535,VCV004736535,NM_000520.6(HEXA):c.1395C>T (p.Asp465=),HEXA,HEXA,Tay-Sachs disease or GM2 gangliosidosis,,Likely benign,"criteria provided, single submitter",2026/02/01 00:00,single nucleotide variant,"HEXA[gene] AND (""Tay-Sachs disease""[All Fields] OR ""GM2 gangliosidosis""[All Fields])",https://www.ncbi.nlm.nih.gov/clinvar/,2026-10-03T17:58:14.119878Z,curated_source_record
4734066,VCV004734066,NM_000520.6(HEXA):c.1527-13T>C,HEXA,HEXA,Tay-Sachs disease or GM2 gangliosidosis,,Likely benign,"criteria provided, single submitter",2025/12/24 00:00,single nucleotide variant,"HEXA[gene] AND (""Tay-Sachs disease""[All Fields] OR ""GM2 gangliosidosis""[All Fields])",https://www.ncbi.nlm.nih.gov/clinvar/,2026-10-03T17:58:14.119878Z,curated_source_record
4732663,VCV004732663,NM_000520.6(HEXA):c.440G>A (p.Trp147Ter),HEXA,HEXA,Tay-Sachs disease or GM2 gangliosidosis,,Pathogenic/Likely pathogenic,"criteria provided, multiple submitters, no conflicts",2025/12/09 00:00,single nucleotide variant,"HEXA[gene] AND (""Tay-Sachs disease""[All Fields] OR ""GM2 gangliosidosis""[All Fields])",https://www.ncbi.nlm.nih.gov/clinvar/,2026-10-03T17:58:14.119878Z,curated_source_record
4731468,VCV004731468,NM_000520.6(HEXA):c.1299T>C (p.Asp433=),HEXA,HEXA,Tay-Sachs disease or GM2 gangliosidosis,,Likely benign,"criteria provided, single submitter",2025/11/18 00:00,single nucleotide variant,"HEXA[gene] AND (""Tay-Sachs disease""[All Fields] OR ""GM2 gangliosidosis""[All Fields])",https://www.ncbi.nlm.nih.gov/clinvar/,2026-10-03T17:58:14.119878Z,curated_source_record
4729885,VCV004729885,NM_000520.6(HEXA):c.805+18G>A,HEXA,HEXA,Tay-Sachs disease or GM2 gangliosidosis,,Likely benign,"criteria provided, single submitter",2025/10/26 00:00,single nucleotide variant,"HEXA[gene] AND (""Tay-Sachs disease""[All Fields] OR ""GM2 gangliosidosis""[All Fields])",https://www.ncbi.nlm.nih.gov/clinvar/,2026-10-03T17:58:14.119878Z,curated_source_record
4727721,VCV004727721,NM_000520.6(HEXA):c.987-20C>T,HEXA,HEXA,Tay-Sachs disease or GM2 gangliosidosis,,Likely benign,"criteria provided, single submitter",2025/10/01 00:00,single nucleotide variant,"HEXA[gene] AND (""Tay-Sachs disease""[All Fields] OR ""GM2 gangliosidosis""[All Fields])",https://www.ncbi.nlm.nih.gov/clinvar/,2026-10-03T17:58:14.119878Z,curated_source_record
4721203,VCV004721203,NM_000520.6(HEXA):c.36G>C (p.Leu12=),HEXA,HEXA,Tay-Sachs disease or GM2 gangliosidosis,,Likely benign,"criteria provided, single submitter",2025/06/11 00:00,single nucleotide variant,"HEXA[gene] AND (""Tay-Sachs disease""[All Fields] OR ""GM2 gangliosidosis""[All Fields])",https://www.ncbi.nlm.nih.gov/clinvar/,2026-10-03T17:58:14.119878Z,curated_source_record
4718398,VCV004718398,NM_000520.6(HEXA):c.1083C>T (p.Asp361=),HEXA,HEXA,Tay-Sachs disease or GM2 gangliosidosis,,Likely benign,"criteria provided, single submitter",2025/05/01 00:00,single nucleotide variant,"HEXA[gene] AND (""Tay-Sachs disease""[All Fields] OR ""GM2 gangliosidosis""[All Fields])",https://www.ncbi.nlm.nih.gov/clinvar/,2026-10-03T17:58:14.119878Z,curated_source_record
4717584,VCV004717584,NM_000520.6(HEXA):c.1068C>T (p.Ile356=),HEXA,HEXA,Tay-Sachs disease or GM2 gangliosidosis,,Likely benign,"criteria provided, single submitter",2025/04/17 00:00,single nucleotide variant,"HEXA[gene] AND (""Tay-Sachs disease""[All Fields] OR ""GM2 gangliosidosis""[All Fields])",https://www.ncbi.nlm.nih.gov/clinvar/,2026-10-03T17:58:14.119878Z,curated_source_record
4717447,VCV004717447,NM_000520.6(HEXA):c.678C>T (p.Ser226=),HEXA,HEXA,Tay-Sachs disease or GM2 gangliosidosis,,Likely benign,"criteria provided, single submitter",2025/04/25 00:00,single nucleotide variant,"HEXA[gene] AND (""Tay-Sachs disease""[All Fields] OR ""GM2 gangliosidosis""[All Fields])",https://www.ncbi.nlm.nih.gov/clinvar/,2026-10-03T17:58:14.119878Z,curated_source_record
4716067,VCV004716067,NM_000520.6(HEXA):c.570+18_570+43del,HEXA,HEXA,Tay-Sachs disease or GM2 gangliosidosis,,Uncertain significance,"criteria provided, single submitter",2025/09/09 00:00,Deletion,"HEXA[gene] AND (""Tay-Sachs disease""[All Fields] OR ""GM2 gangliosidosis""[All Fields])",https://www.ncbi.nlm.nih.gov/clinvar/,2026-10-03T17:58:14.119878Z,curated_source_record
4712965,VCV004712965,NM_000520.6(HEXA):c.412+7A>C,HEXA,HEXA,Tay-Sachs disease or GM2 gangliosidosis,,Likely benign,"criteria provided, single submitter",2025/06/18 00:00,single nucleotide variant,"HEXA[gene] AND (""Tay-Sachs disease""[All Fields] OR ""GM2 gangliosidosis""[All Fields])",https://www.ncbi.nlm.nih.gov/clinvar/,2026-10-03T17:58:14.119878Z,curated_source_record
4712094,VCV004712094,NM_000520.6(HEXA):c.1320G>A (p.Leu440=),HEXA,HEXA,Tay-Sachs disease or GM2 gangliosidosis,,Likely benign,"criteria provided, single submitter",2025/01/31 00:00,single nucleotide variant,"HEXA[gene] AND (""Tay-Sachs disease""[All Fields] OR ""GM2 gangliosidosis""[All Fields])",https://www.ncbi.nlm.nih.gov/clinvar/,2026-10-03T17:58:14.119878Z,curated_source_record
4710195,VCV004710195,NM_000520.6(HEXA):c.755G>T (p.Arg252Leu),HEXA,HEXA,Tay-Sachs disease or GM2 gangliosidosis,,Pathogenic,"criteria provided, single submitter",2026/01/20 00:00,single nucleotide variant,"HEXA[gene] AND (""Tay-Sachs disease""[All Fields] OR ""GM2 gangliosidosis""[All Fields])",https://www.ncbi.nlm.nih.gov/clinvar/,2026-10-03T17:58:14.119878Z,curated_source_record
4710194,VCV004710194,NM_000520.6(HEXA):c.805+2T>C,HEXA,HEXA,Tay-Sachs disease or GM2 gangliosidosis,,Pathogenic,"criteria provided, single submitter",2025/05/19 00:00,single nucleotide variant,"HEXA[gene] AND (""Tay-Sachs disease""[All Fields] OR ""GM2 gangliosidosis""[All Fields])",https://www.ncbi.nlm.nih.gov/clinvar/,2026-10-03T17:58:14.119878Z,curated_source_record
4535726,VCV004535726,NM_000520.6(HEXA):c.784C>T (p.His262Tyr),HEXA,HEXA,Tay-Sachs disease or GM2 gangliosidosis,,Uncertain significance,"criteria provided, single submitter",2025/09/05 00:00,single nucleotide variant,"HEXA[gene] AND (""Tay-Sachs disease""[All Fields] OR ""GM2 gangliosidosis""[All Fields])",https://www.ncbi.nlm.nih.gov/clinvar/,2026-10-03T17:58:14.119878Z,curated_source_record
4405389,VCV004405389,NM_000520.6(HEXA):c.987-1G>T,HEXA,HEXA,Tay-Sachs disease or GM2 gangliosidosis,,Likely pathogenic,"criteria provided, single submitter",2024/08/12 00:00,single nucleotide variant,"HEXA[gene] AND (""Tay-Sachs disease""[All Fields] OR ""GM2 gangliosidosis""[All Fields])",https://www.ncbi.nlm.nih.gov/clinvar/,2026-10-03T17:58:14.119878Z,curated_source_record
4293778,VCV004293778,NM_000520.6(HEXA):c.987G>C (p.Trp329Cys),HEXA,HEXA,Tay-Sachs disease or GM2 gangliosidosis,,Uncertain significance,"criteria provided, single submitter",2024/06/27 00:00,single nucleotide variant,"HEXA[gene] AND (""Tay-Sachs disease""[All Fields] OR ""GM2 gangliosidosis""[All Fields])",https://www.ncbi.nlm.nih.gov/clinvar/,2026-10-03T17:58:14.119878Z,curated_source_record
4292144,VCV004292144,NM_000520.6(HEXA):c.1259G>C (p.Trp420Ser),HEXA,HEXA,Tay-Sachs disease or GM2 gangliosidosis,,Uncertain significance,"criteria provided, single submitter",2024/07/26 00:00,single nucleotide variant,"HEXA[gene] AND (""Tay-Sachs disease""[All Fields] OR ""GM2 gangliosidosis""[All Fields])",https://www.ncbi.nlm.nih.gov/clinvar/,2026-10-03T17:58:14.119878Z,curated_source_record
4086054,VCV004086054,NM_000520.6(HEXA):c.605A>G (p.His202Arg),HEXA,HEXA,Tay-Sachs disease or GM2 gangliosidosis,,Likely pathogenic,"criteria provided, single submitter",2025/08/23 00:00,single nucleotide variant,"HEXA[gene] AND (""Tay-Sachs disease""[All Fields] OR ""GM2 gangliosidosis""[All Fields])",https://www.ncbi.nlm.nih.gov/clinvar/,2026-10-03T17:58:14.119878Z,curated_source_record
4081704,VCV004081704,NM_000520.6(HEXA):c.1412C>T (p.Pro471Leu),HEXA,HEXA,Tay-Sachs disease or GM2 gangliosidosis,,Likely pathogenic,"criteria provided, single submitter",2025/02/24 00:00,single nucleotide variant,"HEXA[gene] AND (""Tay-Sachs disease""[All Fields] OR ""GM2 gangliosidosis""[All Fields])",https://www.ncbi.nlm.nih.gov/clinvar/,2026-10-03T17:58:14.119878Z,curated_source_record
4069209,VCV004069209,NM_000520.6(HEXA):c.483T>G (p.Ile161Met),HEXA,HEXA,Tay-Sachs disease or GM2 gangliosidosis,,Uncertain significance,no assertion criteria provided,2025/01/06 00:00,single nucleotide variant,"HEXA[gene] AND (""Tay-Sachs disease""[All Fields] OR ""GM2 gangliosidosis""[All Fields])",https://www.ncbi.nlm.nih.gov/clinvar/,2026-10-03T17:58:14.119878Z,curated_source_record
4069208,VCV004069208,NM_000520.6(HEXA):c.291C>G (p.Val97=),HEXA,HEXA,Tay-Sachs disease or GM2 gangliosidosis,,Uncertain significance,no assertion criteria provided,2025/01/09 00:00,single nucleotide variant,"HEXA[gene] AND (""Tay-Sachs disease""[All Fields] OR ""GM2 gangliosidosis""[All Fields])",https://www.ncbi.nlm.nih.gov/clinvar/,2026-10-03T17:58:14.119878Z,curated_source_record
4069207,VCV004069207,NM_000520.6(HEXA):c.625C>G (p.Pro209Ala),HEXA,HEXA,Tay-Sachs disease or GM2 gangliosidosis,,Uncertain significance,no assertion criteria provided,2025/01/09 00:00,single nucleotide variant,"HEXA[gene] AND (""Tay-Sachs disease""[All Fields] OR ""GM2 gangliosidosis""[All Fields])",https://www.ncbi.nlm.nih.gov/clinvar/,2026-10-03T17:58:14.119878Z,curated_source_record
4069206,VCV004069206,NM_000520.6(HEXA):c.1504C>A (p.His502Asn),HEXA,HEXA,Tay-Sachs disease or GM2 gangliosidosis,,Uncertain significance,no assertion criteria provided,2025/01/13 00:00,single nucleotide variant,"HEXA[gene] AND (""Tay-Sachs disease""[All Fields] OR ""GM2 gangliosidosis""[All Fields])",https://www.ncbi.nlm.nih.gov/clinvar/,2026-10-03T17:58:14.119878Z,curated_source_record
4069205,VCV004069205,NM_000520.6(HEXA):c.254-20A>T,HEXA,HEXA,Tay-Sachs disease or GM2 gangliosidosis,,Uncertain significance,no assertion criteria provided,2025/01/13 00:00,single nucleotide variant,"HEXA[gene] AND (""Tay-Sachs disease""[All Fields] OR ""GM2 gangliosidosis""[All Fields])",https://www.ncbi.nlm.nih.gov/clinvar/,2026-10-03T17:58:14.119878Z,curated_source_record
4069204,VCV004069204,NM_000520.6(HEXA):c.633C>G (p.Phe211Leu),HEXA,HEXA,Tay-Sachs disease or GM2 gangliosidosis,,Uncertain significance,no assertion criteria provided,2025/01/18 00:00,single nucleotide variant,"HEXA[gene] AND (""Tay-Sachs disease""[All Fields] OR ""GM2 gangliosidosis""[All Fields])",https://www.ncbi.nlm.nih.gov/clinvar/,2026-10-03T17:58:14.119878Z,curated_source_record
4069203,VCV004069203,NM_000520.6(HEXA):c.17T>C (p.Leu6Pro),HEXA,HEXA,Tay-Sachs disease or GM2 gangliosidosis,,Uncertain significance,no assertion criteria provided,2025/01/21 00:00,single nucleotide variant,"HEXA[gene] AND (""Tay-Sachs disease""[All Fields] OR ""GM2 gangliosidosis""[All Fields])",https://www.ncbi.nlm.nih.gov/clinvar/,2026-10-03T17:58:14.119878Z,curated_source_record
4069202,VCV004069202,NM_000520.6(HEXA):c.43G>C (p.Ala15Pro),HEXA,HEXA,Tay-Sachs disease or GM2 gangliosidosis,,Uncertain significance,no assertion criteria provided,2025/01/22 00:00,single nucleotide variant,"HEXA[gene] AND (""Tay-Sachs disease""[All Fields] OR ""GM2 gangliosidosis""[All Fields])",https://www.ncbi.nlm.nih.gov/clinvar/,2026-10-03T17:58:14.119878Z,curated_source_record
4069201,VCV004069201,NM_000520.6(HEXA):c.1170G>C (p.Gln390His),HEXA,HEXA,Tay-Sachs disease or GM2 gangliosidosis,,Uncertain significance,no assertion criteria provided,2025/01/23 00:00,single nucleotide variant,"HEXA[gene] AND (""Tay-Sachs disease""[All Fields] OR ""GM2 gangliosidosis""[All Fields])",https://www.ncbi.nlm.nih.gov/clinvar/,2026-10-03T17:58:14.119878Z,curated_source_record
4069200,VCV004069200,NM_000520.6(HEXA):c.127A>T (p.Asn43Tyr),HEXA,HEXA,Tay-Sachs disease or GM2 gangliosidosis,,Uncertain significance,no assertion criteria provided,2025/01/25 00:00,single nucleotide variant,"HEXA[gene] AND (""Tay-Sachs disease""[All Fields] OR ""GM2 gangliosidosis""[All Fields])",https://www.ncbi.nlm.nih.gov/clinvar/,2026-10-03T17:58:14.119878Z,curated_source_record
4069199,VCV004069199,NM_000520.6(HEXA):c.1216C>G (p.Leu406Val),HEXA,HEXA,Tay-Sachs disease or GM2 gangliosidosis,,Uncertain significance,no assertion criteria provided,2025/01/27 00:00,single nucleotide variant,"HEXA[gene] AND (""Tay-Sachs disease""[All Fields] OR ""GM2 gangliosidosis""[All Fields])",https://www.ncbi.nlm.nih.gov/clinvar/,2026-10-03T17:58:14.119878Z,curated_source_record
4069198,VCV004069198,NM_000520.6(HEXA):c.1099G>C (p.Gly367Arg),HEXA,HEXA,Tay-Sachs disease or GM2 gangliosidosis,,Uncertain significance,no assertion criteria provided,2025/01/27 00:00,single nucleotide variant,"HEXA[gene] AND (""Tay-Sachs disease""[All Fields] OR ""GM2 gangliosidosis""[All Fields])",https://www.ncbi.nlm.nih.gov/clinvar/,2026-10-03T17:58:14.119878Z,curated_source_record
4069197,VCV004069197,NM_000520.6(HEXA):c.1527-9C>G,HEXA,HEXA,Tay-Sachs disease or GM2 gangliosidosis,,Uncertain significance,no assertion criteria provided,2025/01/27 00:00,single nucleotide variant,"HEXA[gene] AND (""Tay-Sachs disease""[All Fields] OR ""GM2 gangliosidosis""[All Fields])",https://www.ncbi.nlm.nih.gov/clinvar/,2026-10-03T17:58:14.119878Z,curated_source_record
4069196,VCV004069196,NM_000520.6(HEXA):c.1073+8A>G,HEXA,HEXA,Tay-Sachs disease or GM2 gangliosidosis,,Uncertain significance,no assertion criteria provided,2025/01/27 00:00,single nucleotide variant,"HEXA[gene] AND (""Tay-Sachs disease""[All Fields] OR ""GM2 gangliosidosis""[All Fields])",https://www.ncbi.nlm.nih.gov/clinvar/,2026-10-03T17:58:14.119878Z,curated_source_record
4069195,VCV004069195,NM_000520.6(HEXA):c.774C>T (p.Asp258=),HEXA,HEXA,Tay-Sachs disease or GM2 gangliosidosis,,Uncertain significance,no assertion criteria provided,2025/01/27 00:00,single nucleotide variant,"HEXA[gene] AND (""Tay-Sachs disease""[All Fields] OR ""GM2 gangliosidosis""[All Fields])",https://www.ncbi.nlm.nih.gov/clinvar/,2026-10-03T17:58:14.119878Z,curated_source_record
4069194,VCV004069194,NM_000520.6(HEXA):c.1149T>G (p.Ile383Met),HEXA,HEXA,Tay-Sachs disease or GM2 gangliosidosis,,Uncertain significance,no assertion criteria provided,2025/01/29 00:00,single nucleotide variant,"HEXA[gene] AND (""Tay-Sachs disease""[All Fields] OR ""GM2 gangliosidosis""[All Fields])",https://www.ncbi.nlm.nih.gov/clinvar/,2026-10-03T17:58:14.119878Z,curated_source_record
4069193,VCV004069193,NM_000520.6(HEXA):c.450_456del (p.Glu151fs),HEXA,HEXA,Tay-Sachs disease or GM2 gangliosidosis,,Likely pathogenic,"criteria provided, single submitter",2025/01/31 00:00,Deletion,"HEXA[gene] AND (""Tay-Sachs disease""[All Fields] OR ""GM2 gangliosidosis""[All Fields])",https://www.ncbi.nlm.nih.gov/clinvar/,2026-10-03T17:58:14.119878Z,curated_source_record
4069190,VCV004069190,NM_000520.6(HEXA):c.960A>T (p.Gly320=),HEXA,HEXA,Tay-Sachs disease or GM2 gangliosidosis,,Uncertain significance,no assertion criteria provided,2025/02/06 00:00,single nucleotide variant,"HEXA[gene] AND (""Tay-Sachs disease""[All Fields] OR ""GM2 gangliosidosis""[All Fields])",https://www.ncbi.nlm.nih.gov/clinvar/,2026-10-03T17:58:14.119878Z,curated_source_record
4069189,VCV004069189,NM_000520.6(HEXA):c.126C>G (p.Asn42Lys),HEXA,HEXA,Tay-Sachs disease or GM2 gangliosidosis,,Uncertain significance,no assertion criteria provided,2025/02/10 00:00,single nucleotide variant,"HEXA[gene] AND (""Tay-Sachs disease""[All Fields] OR ""GM2 gangliosidosis""[All Fields])",https://www.ncbi.nlm.nih.gov/clinvar/,2026-10-03T17:58:14.119878Z,curated_source_record
4069188,VCV004069188,NM_000520.6(HEXA):c.369C>A (p.Asp123Glu),HEXA,HEXA,Tay-Sachs disease or GM2 gangliosidosis,,Uncertain significance,no assertion criteria provided,2025/02/11 00:00,single nucleotide variant,"HEXA[gene] AND (""Tay-Sachs disease""[All Fields] OR ""GM2 gangliosidosis""[All Fields])",https://www.ncbi.nlm.nih.gov/clinvar/,2026-10-03T17:58:14.119878Z,curated_source_record
4069187,VCV004069187,NM_000520.6(HEXA):c.205C>A (p.Arg69Ser),HEXA,HEXA,Tay-Sachs disease or GM2 gangliosidosis,,Uncertain significance,no assertion criteria provided,2025/02/11 00:00,single nucleotide variant,"HEXA[gene] AND (""Tay-Sachs disease""[All Fields] OR ""GM2 gangliosidosis""[All Fields])",https://www.ncbi.nlm.nih.gov/clinvar/,2026-10-03T17:58:14.119878Z,curated_source_record
4069186,VCV004069186,NM_000520.6(HEXA):c.883A>G (p.Asn295Asp),HEXA,HEXA,Tay-Sachs disease or GM2 gangliosidosis,,Uncertain significance,no assertion criteria provided,2025/02/12 00:00,single nucleotide variant,"HEXA[gene] AND (""Tay-Sachs disease""[All Fields] OR ""GM2 gangliosidosis""[All Fields])",https://www.ncbi.nlm.nih.gov/clinvar/,2026-10-03T17:58:14.119878Z,curated_source_record
4069185,VCV004069185,NM_000520.6(HEXA):c.344A>G (p.Asn115Ser),HEXA,HEXA,Tay-Sachs disease or GM2 gangliosidosis,,Uncertain significance,no assertion criteria provided,2025/02/18 00:00,single nucleotide variant,"HEXA[gene] AND (""Tay-Sachs disease""[All Fields] OR ""GM2 gangliosidosis""[All Fields])",https://www.ncbi.nlm.nih.gov/clinvar/,2026-10-03T17:58:14.119878Z,curated_source_record
4069183,VCV004069183,NM_000520.6(HEXA):c.-3G>A,HEXA,HEXA,Tay-Sachs disease or GM2 gangliosidosis,,Uncertain significance,no assertion criteria provided,2025/02/18 00:00,single nucleotide variant,"HEXA[gene] AND (""Tay-Sachs disease""[All Fields] OR ""GM2 gangliosidosis""[All Fields])",https://www.ncbi.nlm.nih.gov/clinvar/,2026-10-03T17:58:14.119878Z,curated_source_record
4069182,VCV004069182,NM_000520.6(HEXA):c.966T>G (p.Asp322Glu),HEXA,HEXA,Tay-Sachs disease or GM2 gangliosidosis,,Uncertain significance,no assertion criteria provided,2025/02/19 00:00,single nucleotide variant,"HEXA[gene] AND (""Tay-Sachs disease""[All Fields] OR ""GM2 gangliosidosis""[All Fields])",https://www.ncbi.nlm.nih.gov/clinvar/,2026-10-03T17:58:14.119878Z,curated_source_record
4069181,VCV004069181,NM_000520.6(HEXA):c.604del (p.His202fs),HEXA,HEXA,Tay-Sachs disease or GM2 gangliosidosis,,Likely pathogenic,"criteria provided, single submitter",2025/02/20 00:00,Deletion,"HEXA[gene] AND (""Tay-Sachs disease""[All Fields] OR ""GM2 gangliosidosis""[All Fields])",https://www.ncbi.nlm.nih.gov/clinvar/,2026-10-03T17:58:14.119878Z,curated_source_record
4069180,VCV004069180,NM_000520.6(HEXA):c.1569G>A (p.Glu523=),HEXA,HEXA,Tay-Sachs disease or GM2 gangliosidosis,,Uncertain significance,no assertion criteria provided,2025/02/20 00:00,single nucleotide variant,"HEXA[gene] AND (""Tay-Sachs disease""[All Fields] OR ""GM2 gangliosidosis""[All Fields])",https://www.ncbi.nlm.nih.gov/clinvar/,2026-10-03T17:58:14.119878Z,curated_source_record
4069179,VCV004069179,NM_000520.6(HEXA):c.1073+7A>C,HEXA,HEXA,Tay-Sachs disease or GM2 gangliosidosis,,Uncertain significance,no assertion criteria provided,2025/02/21 00:00,single nucleotide variant,"HEXA[gene] AND (""Tay-Sachs disease""[All Fields] OR ""GM2 gangliosidosis""[All Fields])",https://www.ncbi.nlm.nih.gov/clinvar/,2026-10-03T17:58:14.119878Z,curated_source_record
4856231,VCV004856231,NM_000521.4(HEXB):c.670-5T>G,HEXB,HEXB,Sandhoff disease or GM2 gangliosidosis,,Uncertain significance,"criteria provided, single submitter",2025/06/16 00:00,single nucleotide variant,"HEXB[gene] AND (""Sandhoff disease""[All Fields] OR ""GM2 gangliosidosis""[All Fields])",https://www.ncbi.nlm.nih.gov/clinvar/,2026-10-03T17:58:14.119878Z,curated_source_record
4856019,VCV004856019,NM_000521.4(HEXB):c.299+4A>G,HEXB,HEXB,Sandhoff disease or GM2 gangliosidosis,,Uncertain significance,"criteria provided, single submitter",2026/01/29 00:00,single nucleotide variant,"HEXB[gene] AND (""Sandhoff disease""[All Fields] OR ""GM2 gangliosidosis""[All Fields])",https://www.ncbi.nlm.nih.gov/clinvar/,2026-10-03T17:58:14.119878Z,curated_source_record
4855079,VCV004855079,NM_000521.4(HEXB):c.971C>G (p.Pro324Arg),HEXB,HEXB,Sandhoff disease or GM2 gangliosidosis,,Uncertain significance,"criteria provided, single submitter",2025/06/16 00:00,single nucleotide variant,"HEXB[gene] AND (""Sandhoff disease""[All Fields] OR ""GM2 gangliosidosis""[All Fields])",https://www.ncbi.nlm.nih.gov/clinvar/,2026-10-03T17:58:14.119878Z,curated_source_record
4854014,VCV004854014,NM_000521.4(HEXB):c.24del (p.Arg10fs),HEXB,HEXB,Sandhoff disease or GM2 gangliosidosis,,Likely pathogenic,"criteria provided, single submitter",2025/09/18 00:00,Deletion,"HEXB[gene] AND (""Sandhoff disease""[All Fields] OR ""GM2 gangliosidosis""[All Fields])",https://www.ncbi.nlm.nih.gov/clinvar/,2026-10-03T17:58:14.119878Z,curated_source_record
4849469,VCV004849469,NM_000521.4(HEXB):c.708G>A (p.Trp236Ter),HEXB,HEXB,Sandhoff disease or GM2 gangliosidosis,,Likely pathogenic,"criteria provided, single submitter",2025/05/23 00:00,single nucleotide variant,"HEXB[gene] AND (""Sandhoff disease""[All Fields] OR ""GM2 gangliosidosis""[All Fields])",https://www.ncbi.nlm.nih.gov/clinvar/,2026-10-03T17:58:14.119878Z,curated_source_record
4819009,VCV004819009,NM_000521.4(HEXB):c.1160A>G (p.Tyr387Cys),HEXB,HEXB,Sandhoff disease or GM2 gangliosidosis,,Likely pathogenic,"criteria provided, single submitter",2025/12/18 00:00,single nucleotide variant,"HEXB[gene] AND (""Sandhoff disease""[All Fields] OR ""GM2 gangliosidosis""[All Fields])",https://www.ncbi.nlm.nih.gov/clinvar/,2026-10-03T17:58:14.119878Z,curated_source_record
4814297,VCV004814297,NM_000521.4(HEXB):c.956_957del (p.Phe319fs),HEXB,HEXB,Sandhoff disease or GM2 gangliosidosis,,Likely pathogenic,"criteria provided, single submitter",2025/04/29 00:00,Deletion,"HEXB[gene] AND (""Sandhoff disease""[All Fields] OR ""GM2 gangliosidosis""[All Fields])",https://www.ncbi.nlm.nih.gov/clinvar/,2026-10-03T17:58:14.119878Z,curated_source_record
4814296,VCV004814296,NM_000521.4(HEXB):c.798_799dup (p.Thr267fs),HEXB,HEXB,Sandhoff disease or GM2 gangliosidosis,,Likely pathogenic,"criteria provided, single submitter",2024/12/05 00:00,Microsatellite,"HEXB[gene] AND (""Sandhoff disease""[All Fields] OR ""GM2 gangliosidosis""[All Fields])",https://www.ncbi.nlm.nih.gov/clinvar/,2026-10-03T17:58:14.119878Z,curated_source_record
4814295,VCV004814295,NM_000521.4(HEXB):c.772-1G>C,HEXB,HEXB,Sandhoff disease or GM2 gangliosidosis,,Likely pathogenic,"criteria provided, single submitter",2025/07/22 00:00,single nucleotide variant,"HEXB[gene] AND (""Sandhoff disease""[All Fields] OR ""GM2 gangliosidosis""[All Fields])",https://www.ncbi.nlm.nih.gov/clinvar/,2026-10-03T17:58:14.119878Z,curated_source_record
4814294,VCV004814294,NM_000521.4(HEXB):c.771+1G>C,HEXB,HEXB,Sandhoff disease or GM2 gangliosidosis,,Likely pathogenic,"criteria provided, single submitter",2025/12/30 00:00,single nucleotide variant,"HEXB[gene] AND (""Sandhoff disease""[All Fields] OR ""GM2 gangliosidosis""[All Fields])",https://www.ncbi.nlm.nih.gov/clinvar/,2026-10-03T17:58:14.119878Z,curated_source_record
4814293,VCV004814293,NM_000521.4(HEXB):c.626C>T (p.Thr209Ile),HEXB,HEXB,Sandhoff disease or GM2 gangliosidosis,,Likely pathogenic,"criteria provided, single submitter",2025/10/22 00:00,single nucleotide variant,"HEXB[gene] AND (""Sandhoff disease""[All Fields] OR ""GM2 gangliosidosis""[All Fields])",https://www.ncbi.nlm.nih.gov/clinvar/,2026-10-03T17:58:14.119878Z,curated_source_record
4814292,VCV004814292,NM_000521.4(HEXB):c.571G>T (p.Glu191Ter),HEXB,HEXB,Sandhoff disease or GM2 gangliosidosis,,Likely pathogenic,"criteria provided, single submitter",2025/12/30 00:00,single nucleotide variant,"HEXB[gene] AND (""Sandhoff disease""[All Fields] OR ""GM2 gangliosidosis""[All Fields])",https://www.ncbi.nlm.nih.gov/clinvar/,2026-10-03T17:58:14.119878Z,curated_source_record
4814291,VCV004814291,NM_000521.4(HEXB):c.512-2A>C,HEXB,HEXB,Sandhoff disease or GM2 gangliosidosis,,Likely pathogenic,"criteria provided, single submitter",2024/09/25 00:00,single nucleotide variant,"HEXB[gene] AND (""Sandhoff disease""[All Fields] OR ""GM2 gangliosidosis""[All Fields])",https://www.ncbi.nlm.nih.gov/clinvar/,2026-10-03T17:58:14.119878Z,curated_source_record
4814290,VCV004814290,NM_000521.4(HEXB):c.171_176delinsCCCCC (p.Trp57fs),HEXB,HEXB,Sandhoff disease or GM2 gangliosidosis,,Likely pathogenic,"criteria provided, single submitter",2024/11/04 00:00,Indel,"HEXB[gene] AND (""Sandhoff disease""[All Fields] OR ""GM2 gangliosidosis""[All Fields])",https://www.ncbi.nlm.nih.gov/clinvar/,2026-10-03T17:58:14.119878Z,curated_source_record
4814289,VCV004814289,NM_000521.4(HEXB):c.1643_1652del (p.Ala548fs),HEXB,HEXB,Sandhoff disease or GM2 gangliosidosis,,Likely pathogenic,"criteria provided, single submitter",2024/12/21 00:00,Deletion,"HEXB[gene] AND (""Sandhoff disease""[All Fields] OR ""GM2 gangliosidosis""[All Fields])",https://www.ncbi.nlm.nih.gov/clinvar/,2026-10-03T17:58:14.119878Z,curated_source_record
4814288,VCV004814288,NM_000521.4(HEXB):c.1636_1639dup (p.Tyr547fs),HEXB,HEXB,Sandhoff disease or GM2 gangliosidosis,,Likely pathogenic,"criteria provided, single submitter",2024/11/12 00:00,Duplication,"HEXB[gene] AND (""Sandhoff disease""[All Fields] OR ""GM2 gangliosidosis""[All Fields])",https://www.ncbi.nlm.nih.gov/clinvar/,2026-10-03T17:58:14.119878Z,curated_source_record
4814287,VCV004814287,NM_000521.4(HEXB):c.1601G>A (p.Cys534Tyr),HEXB,HEXB,Sandhoff disease or GM2 gangliosidosis,,Likely pathogenic,"criteria provided, single submitter",2025/10/10 00:00,single nucleotide variant,"HEXB[gene] AND (""Sandhoff disease""[All Fields] OR ""GM2 gangliosidosis""[All Fields])",https://www.ncbi.nlm.nih.gov/clinvar/,2026-10-03T17:58:14.119878Z,curated_source_record
4814286,VCV004814286,NM_000521.4(HEXB):c.1578_1579insA (p.Asp527fs),HEXB,HEXB,Sandhoff disease or GM2 gangliosidosis,,Likely pathogenic,"criteria provided, single submitter",2025/07/24 00:00,Insertion,"HEXB[gene] AND (""Sandhoff disease""[All Fields] OR ""GM2 gangliosidosis""[All Fields])",https://www.ncbi.nlm.nih.gov/clinvar/,2026-10-03T17:58:14.119878Z,curated_source_record
4814285,VCV004814285,NM_000521.4(HEXB):c.1550_1553dup (p.Asp518fs),HEXB,HEXB,Sandhoff disease or GM2 gangliosidosis,,Likely pathogenic,"criteria provided, single submitter",2026/01/22 00:00,Duplication,"HEXB[gene] AND (""Sandhoff disease""[All Fields] OR ""GM2 gangliosidosis""[All Fields])",https://www.ncbi.nlm.nih.gov/clinvar/,2026-10-03T17:58:14.119878Z,curated_source_record
4814284,VCV004814284,NM_000521.4(HEXB):c.142_164delinsCTGTGGG (p.Val48fs),HEXB,HEXB,Sandhoff disease or GM2 gangliosidosis,,Likely pathogenic,"criteria provided, single submitter",2024/10/24 00:00,Indel,"HEXB[gene] AND (""Sandhoff disease""[All Fields] OR ""GM2 gangliosidosis""[All Fields])",https://www.ncbi.nlm.nih.gov/clinvar/,2026-10-03T17:58:14.119878Z,curated_source_record
4814283,VCV004814283,NM_000521.4(HEXB):c.1376A>C (p.Asp459Ala),HEXB,HEXB,Sandhoff disease or GM2 gangliosidosis,,Likely pathogenic,"criteria provided, single submitter",2025/11/05 00:00,single nucleotide variant,"HEXB[gene] AND (""Sandhoff disease""[All Fields] OR ""GM2 gangliosidosis""[All Fields])",https://www.ncbi.nlm.nih.gov/clinvar/,2026-10-03T17:58:14.119878Z,curated_source_record
4814282,VCV004814282,NM_000521.4(HEXB):c.1282_1283dup (p.Tyr429fs),HEXB,HEXB,Sandhoff disease or GM2 gangliosidosis,,Likely pathogenic,"criteria provided, single submitter",2025/06/01 00:00,Microsatellite,"HEXB[gene] AND (""Sandhoff disease""[All Fields] OR ""GM2 gangliosidosis""[All Fields])",https://www.ncbi.nlm.nih.gov/clinvar/,2026-10-03T17:58:14.119878Z,curated_source_record
4814281,VCV004814281,NM_000521.4(HEXB):c.1273A>T (p.Lys425Ter),HEXB,HEXB,Sandhoff disease or GM2 gangliosidosis,,Likely pathogenic,"criteria provided, single submitter",2025/10/07 00:00,single nucleotide variant,"HEXB[gene] AND (""Sandhoff disease""[All Fields] OR ""GM2 gangliosidosis""[All Fields])",https://www.ncbi.nlm.nih.gov/clinvar/,2026-10-03T17:58:14.119878Z,curated_source_record
4814280,VCV004814280,NM_000521.4(HEXB):c.1146del (p.Lys382fs),HEXB,HEXB,Sandhoff disease or GM2 gangliosidosis,,Likely pathogenic,"criteria provided, single submitter",2025/12/17 00:00,Deletion,"HEXB[gene] AND (""Sandhoff disease""[All Fields] OR ""GM2 gangliosidosis""[All Fields])",https://www.ncbi.nlm.nih.gov/clinvar/,2026-10-03T17:58:14.119878Z,curated_source_record
4814279,VCV004814279,NM_000521.4(HEXB):c.1118_1125del (p.Gln373fs),HEXB,HEXB,Sandhoff disease or GM2 gangliosidosis,,Likely pathogenic,"criteria provided, single submitter",2025/04/13 00:00,Deletion,"HEXB[gene] AND (""Sandhoff disease""[All Fields] OR ""GM2 gangliosidosis""[All Fields])",https://www.ncbi.nlm.nih.gov/clinvar/,2026-10-03T17:58:14.119878Z,curated_source_record
4814278,VCV004814278,NM_000521.4(HEXB):c.1088C>A (p.Ser363Ter),HEXB,HEXB,Sandhoff disease or GM2 gangliosidosis,,Likely pathogenic,"criteria provided, single submitter",2024/11/18 00:00,single nucleotide variant,"HEXB[gene] AND (""Sandhoff disease""[All Fields] OR ""GM2 gangliosidosis""[All Fields])",https://www.ncbi.nlm.nih.gov/clinvar/,2026-10-03T17:58:14.119878Z,curated_source_record
4814235,VCV004814235,NM_000521.4(HEXB):c.500G>T (p.Gly167Val),HEXB,HEXB,Sandhoff disease or GM2 gangliosidosis,,VUS-mid,"criteria provided, single submitter",2024/07/17 00:00,single nucleotide variant,"HEXB[gene] AND (""Sandhoff disease""[All Fields] OR ""GM2 gangliosidosis""[All Fields])",https://www.ncbi.nlm.nih.gov/clinvar/,2026-10-03T17:58:14.119878Z,curated_source_record
4810327,VCV004810327,NM_000521.4(HEXB):c.771+19A>G,HEXB,HEXB,Sandhoff disease or GM2 gangliosidosis,,Likely benign,"criteria provided, single submitter",2026/01/14 00:00,single nucleotide variant,"HEXB[gene] AND (""Sandhoff disease""[All Fields] OR ""GM2 gangliosidosis""[All Fields])",https://www.ncbi.nlm.nih.gov/clinvar/,2026-10-03T17:58:14.119878Z,curated_source_record
4809202,VCV004809202,NM_000521.4(HEXB):c.1539_1540del (p.Trp514fs),HEXB,HEXB,Sandhoff disease or GM2 gangliosidosis,,Pathogenic,"criteria provided, single submitter",2026/02/01 00:00,Microsatellite,"HEXB[gene] AND (""Sandhoff disease""[All Fields] OR ""GM2 gangliosidosis""[All Fields])",https://www.ncbi.nlm.nih.gov/clinvar/,2026-10-03T17:58:14.119878Z,curated_source_record
4776305,VCV004776305,NM_000521.4(HEXB):c.1167A>G (p.Gln389=),HEXB,HEXB,Sandhoff disease or GM2 gangliosidosis,,Likely benign,"criteria provided, single submitter",2026/01/11 00:00,single nucleotide variant,"HEXB[gene] AND (""Sandhoff disease""[All Fields] OR ""GM2 gangliosidosis""[All Fields])",https://www.ncbi.nlm.nih.gov/clinvar/,2026-10-03T17:58:14.119878Z,curated_source_record
4772569,VCV004772569,NM_000521.4(HEXB):c.*5_*17del (p.Ter557=),HEXB,HEXB,Sandhoff disease or GM2 gangliosidosis,,Uncertain significance,"criteria provided, single submitter",2026/01/14 00:00,Deletion,"HEXB[gene] AND (""Sandhoff disease""[All Fields] OR ""GM2 gangliosidosis""[All Fields])",https://www.ncbi.nlm.nih.gov/clinvar/,2026-10-03T17:58:14.119878Z,curated_source_record
4772417,VCV004772417,NM_000521.4(HEXB):c.1137T>C (p.Asp379=),HEXB,HEXB,Sandhoff disease or GM2 gangliosidosis,,Likely benign,"criteria provided, single submitter",2025/09/27 00:00,single nucleotide variant,"HEXB[gene] AND (""Sandhoff disease""[All Fields] OR ""GM2 gangliosidosis""[All Fields])",https://www.ncbi.nlm.nih.gov/clinvar/,2026-10-03T17:58:14.119878Z,curated_source_record
4759469,VCV004759469,NM_000521.4(HEXB):c.589T>C (p.Ser197Pro),HEXB,HEXB,Sandhoff disease or GM2 gangliosidosis,,Uncertain significance,"criteria provided, single submitter",2024/01/30 00:00,single nucleotide variant,"HEXB[gene] AND (""Sandhoff disease""[All Fields] OR ""GM2 gangliosidosis""[All Fields])",https://www.ncbi.nlm.nih.gov/clinvar/,2026-10-03T17:58:14.119878Z,curated_source_record
4753741,VCV004753741,NM_000521.4(HEXB):c.745dup (p.Ile249fs),HEXB,HEXB,Sandhoff disease or GM2 gangliosidosis,,Pathogenic,"criteria provided, single submitter",2025/03/16 00:00,Duplication,"HEXB[gene] AND (""Sandhoff disease""[All Fields] OR ""GM2 gangliosidosis""[All Fields])",https://www.ncbi.nlm.nih.gov/clinvar/,2026-10-03T17:58:14.119878Z,curated_source_record
4746478,VCV004746478,NM_000521.4(HEXB):c.772-8T>G,HEXB,HEXB,Sandhoff disease or GM2 gangliosidosis,,Likely benign,"criteria provided, single submitter",2025/06/22 00:00,single nucleotide variant,"HEXB[gene] AND (""Sandhoff disease""[All Fields] OR ""GM2 gangliosidosis""[All Fields])",https://www.ncbi.nlm.nih.gov/clinvar/,2026-10-03T17:58:14.119878Z,curated_source_record
4746238,VCV004746238,NM_000521.4(HEXB):c.1586T>C (p.Leu529Pro),HEXB,HEXB,Sandhoff disease or GM2 gangliosidosis,,Uncertain significance,"criteria provided, single submitter",2025/06/30 00:00,single nucleotide variant,"HEXB[gene] AND (""Sandhoff disease""[All Fields] OR ""GM2 gangliosidosis""[All Fields])",https://www.ncbi.nlm.nih.gov/clinvar/,2026-10-03T17:58:14.119878Z,curated_source_record
4740137,VCV004740137,NM_000521.4(HEXB):c.1418-7A>T,HEXB,HEXB,Sandhoff disease or GM2 gangliosidosis,,Likely benign,"criteria provided, single submitter",2026/01/21 00:00,single nucleotide variant,"HEXB[gene] AND (""Sandhoff disease""[All Fields] OR ""GM2 gangliosidosis""[All Fields])",https://www.ncbi.nlm.nih.gov/clinvar/,2026-10-03T17:58:14.119878Z,curated_source_record
4736133,VCV004736133,NM_000521.4(HEXB):c.885A>G (p.Thr295=),HEXB,HEXB,Sandhoff disease or GM2 gangliosidosis,,Likely benign,"criteria provided, single submitter",2026/01/25 00:00,single nucleotide variant,"HEXB[gene] AND (""Sandhoff disease""[All Fields] OR ""GM2 gangliosidosis""[All Fields])",https://www.ncbi.nlm.nih.gov/clinvar/,2026-10-03T17:58:14.119878Z,curated_source_record
4735232,VCV004735232,NM_000521.4(HEXB):c.132G>A (p.Arg44=),HEXB,HEXB,Sandhoff disease or GM2 gangliosidosis,,Likely benign,"criteria provided, single submitter",2026/01/12 00:00,single nucleotide variant,"HEXB[gene] AND (""Sandhoff disease""[All Fields] OR ""GM2 gangliosidosis""[All Fields])",https://www.ncbi.nlm.nih.gov/clinvar/,2026-10-03T17:58:14.119878Z,curated_source_record
4728992,VCV004728992,NM_000521.4(HEXB):c.261G>C (p.Ala87=),HEXB,HEXB,Sandhoff disease or GM2 gangliosidosis,,Likely benign,"criteria provided, single submitter",2025/10/24 00:00,single nucleotide variant,"HEXB[gene] AND (""Sandhoff disease""[All Fields] OR ""GM2 gangliosidosis""[All Fields])",https://www.ncbi.nlm.nih.gov/clinvar/,2026-10-03T17:58:14.119878Z,curated_source_record
4727439,VCV004727439,NM_000521.4(HEXB):c.192del (p.Lys64_Met65insTer),HEXB,HEXB,Sandhoff disease or GM2 gangliosidosis,,Pathogenic,"criteria provided, single submitter",2025/09/19 00:00,Deletion,"HEXB[gene] AND (""Sandhoff disease""[All Fields] OR ""GM2 gangliosidosis""[All Fields])",https://www.ncbi.nlm.nih.gov/clinvar/,2026-10-03T17:58:14.119878Z,curated_source_record
4720945,VCV004720945,NM_000521.4(HEXB):c.989dup (p.Tyr330Ter),HEXB,HEXB,Sandhoff disease or GM2 gangliosidosis,,Pathogenic,"criteria provided, single submitter",2025/06/08 00:00,Duplication,"HEXB[gene] AND (""Sandhoff disease""[All Fields] OR ""GM2 gangliosidosis""[All Fields])",https://www.ncbi.nlm.nih.gov/clinvar/,2026-10-03T17:58:14.119878Z,curated_source_record
4293626,VCV004293626,NM_000521.4(HEXB):c.446-6A>G,HEXB,HEXB,Sandhoff disease or GM2 gangliosidosis,,Uncertain significance,"criteria provided, single submitter",2024/12/02 00:00,single nucleotide variant,"HEXB[gene] AND (""Sandhoff disease""[All Fields] OR ""GM2 gangliosidosis""[All Fields])",https://www.ncbi.nlm.nih.gov/clinvar/,2026-10-03T17:58:14.119878Z,curated_source_record
4293504,VCV004293504,NM_000521.4(HEXB):c.1165C>T (p.Gln389Ter),HEXB,HEXB,Sandhoff disease or GM2 gangliosidosis,,Pathogenic,"criteria provided, single submitter",2024/10/07 00:00,single nucleotide variant,"HEXB[gene] AND (""Sandhoff disease""[All Fields] OR ""GM2 gangliosidosis""[All Fields])",https://www.ncbi.nlm.nih.gov/clinvar/,2026-10-03T17:58:14.119878Z,curated_source_record
4278071,VCV004278071,NM_000521.4(HEXB):c.1169+3_1169+11del,HEXB,HEXB,Sandhoff disease or GM2 gangliosidosis,,Pathogenic,"criteria provided, single submitter",2025/09/10 00:00,Deletion,"HEXB[gene] AND (""Sandhoff disease""[All Fields] OR ""GM2 gangliosidosis""[All Fields])",https://www.ncbi.nlm.nih.gov/clinvar/,2026-10-03T17:58:14.119878Z,curated_source_record
4277402,VCV004277402,NM_000521.4(HEXB):c.1338T>A (p.Ser446=),HEXB,HEXB,Sandhoff disease or GM2 gangliosidosis,,Uncertain significance,"criteria provided, single submitter",2025/09/24 00:00,single nucleotide variant,"HEXB[gene] AND (""Sandhoff disease""[All Fields] OR ""GM2 gangliosidosis""[All Fields])",https://www.ncbi.nlm.nih.gov/clinvar/,2026-10-03T17:58:14.119878Z,curated_source_record
4277401,VCV004277401,NM_000521.4(HEXB):c.720_721dup (p.Asp241fs),HEXB,HEXB,Sandhoff disease or GM2 gangliosidosis,,Likely pathogenic,"criteria provided, single submitter",2025/09/24 00:00,Duplication,"HEXB[gene] AND (""Sandhoff disease""[All Fields] OR ""GM2 gangliosidosis""[All Fields])",https://www.ncbi.nlm.nih.gov/clinvar/,2026-10-03T17:58:14.119878Z,curated_source_record
4086255,VCV004086255,NM_000521.4(HEXB):c.670-13T>A,HEXB,HEXB,Sandhoff disease or GM2 gangliosidosis,,Uncertain significance,"criteria provided, single submitter",1/01/01 00:00,single nucleotide variant,"HEXB[gene] AND (""Sandhoff disease""[All Fields] OR ""GM2 gangliosidosis""[All Fields])",https://www.ncbi.nlm.nih.gov/clinvar/,2026-10-03T17:58:14.119878Z,curated_source_record
4078921,VCV004078921,NM_000521.4(HEXB):c.380T>C (p.Leu127Pro),HEXB,HEXB,Sandhoff disease or GM2 gangliosidosis,,Uncertain significance,"criteria provided, single submitter",2025/01/23 00:00,single nucleotide variant,"HEXB[gene] AND (""Sandhoff disease""[All Fields] OR ""GM2 gangliosidosis""[All Fields])",https://www.ncbi.nlm.nih.gov/clinvar/,2026-10-03T17:58:14.119878Z,curated_source_record
4069248,VCV004069248,NM_000521.4(HEXB):c.934A>G (p.Arg312Gly),HEXB,HEXB,Sandhoff disease or GM2 gangliosidosis,,Uncertain significance,no assertion criteria provided,2025/01/14 00:00,single nucleotide variant,"HEXB[gene] AND (""Sandhoff disease""[All Fields] OR ""GM2 gangliosidosis""[All Fields])",https://www.ncbi.nlm.nih.gov/clinvar/,2026-10-03T17:58:14.119878Z,curated_source_record
4069247,VCV004069247,NM_000521.4(HEXB):c.104T>C (p.Leu35Pro),HEXB,HEXB,Sandhoff disease or GM2 gangliosidosis,,Uncertain significance,no assertion criteria provided,2025/01/14 00:00,single nucleotide variant,"HEXB[gene] AND (""Sandhoff disease""[All Fields] OR ""GM2 gangliosidosis""[All Fields])",https://www.ncbi.nlm.nih.gov/clinvar/,2026-10-03T17:58:14.119878Z,curated_source_record
4069246,VCV004069246,NM_000521.4(HEXB):c.1245T>C (p.Leu415=),HEXB,HEXB,Sandhoff disease or GM2 gangliosidosis,,Uncertain significance,no assertion criteria provided,2025/01/22 00:00,single nucleotide variant,"HEXB[gene] AND (""Sandhoff disease""[All Fields] OR ""GM2 gangliosidosis""[All Fields])",https://www.ncbi.nlm.nih.gov/clinvar/,2026-10-03T17:58:14.119878Z,curated_source_record
4069245,VCV004069245,NM_000521.4(HEXB):c.995_996insACATACAACAT (p.Phe332fs),HEXB,HEXB,Sandhoff disease or GM2 gangliosidosis,,Likely pathogenic,"criteria provided, single submitter",2025/01/22 00:00,Microsatellite,"HEXB[gene] AND (""Sandhoff disease""[All Fields] OR ""GM2 gangliosidosis""[All Fields])",https://www.ncbi.nlm.nih.gov/clinvar/,2026-10-03T17:58:14.119878Z,curated_source_record
4069244,VCV004069244,NM_000521.4(HEXB):c.1135G>A (p.Asp379Asn),HEXB,HEXB,Sandhoff disease or GM2 gangliosidosis,,Uncertain significance,no assertion criteria provided,2025/01/24 00:00,single nucleotide variant,"HEXB[gene] AND (""Sandhoff disease""[All Fields] OR ""GM2 gangliosidosis""[All Fields])",https://www.ncbi.nlm.nih.gov/clinvar/,2026-10-03T17:58:14.119878Z,curated_source_record
4069243,VCV004069243,NM_000521.4(HEXB):c.265C>G (p.Pro89Ala),HEXB,HEXB,Sandhoff disease or GM2 gangliosidosis,,Uncertain significance,no assertion criteria provided,2025/01/29 00:00,single nucleotide variant,"HEXB[gene] AND (""Sandhoff disease""[All Fields] OR ""GM2 gangliosidosis""[All Fields])",https://www.ncbi.nlm.nih.gov/clinvar/,2026-10-03T17:58:14.119878Z,curated_source_record
4069242,VCV004069242,NM_000521.4(HEXB):c.1203A>C (p.Gly401=),HEXB,HEXB,Sandhoff disease or GM2 gangliosidosis,,Uncertain significance,no assertion criteria provided,2025/02/03 00:00,single nucleotide variant,"HEXB[gene] AND (""Sandhoff disease""[All Fields] OR ""GM2 gangliosidosis""[All Fields])",https://www.ncbi.nlm.nih.gov/clinvar/,2026-10-03T17:58:14.119878Z,curated_source_record
4069241,VCV004069241,NM_000521.4(HEXB):c.914T>C (p.Leu305Pro),HEXB,HEXB,Sandhoff disease or GM2 gangliosidosis,,Uncertain significance,no assertion criteria provided,2025/02/04 00:00,single nucleotide variant,"HEXB[gene] AND (""Sandhoff disease""[All Fields] OR ""GM2 gangliosidosis""[All Fields])",https://www.ncbi.nlm.nih.gov/clinvar/,2026-10-03T17:58:14.119878Z,curated_source_record
4069240,VCV004069240,NM_000521.4(HEXB):c.1614-13_1614-6del,HEXB,HEXB,Sandhoff disease or GM2 gangliosidosis,,Uncertain significance,no assertion criteria provided,2025/02/04 00:00,Deletion,"HEXB[gene] AND (""Sandhoff disease""[All Fields] OR ""GM2 gangliosidosis""[All Fields])",https://www.ncbi.nlm.nih.gov/clinvar/,2026-10-03T17:58:14.119878Z,curated_source_record
4069239,VCV004069239,NM_000521.4(HEXB):c.624T>C (p.Asp208=),HEXB,HEXB,Sandhoff disease or GM2 gangliosidosis,,Uncertain significance,no assertion criteria provided,2025/02/09 00:00,single nucleotide variant,"HEXB[gene] AND (""Sandhoff disease""[All Fields] OR ""GM2 gangliosidosis""[All Fields])",https://www.ncbi.nlm.nih.gov/clinvar/,2026-10-03T17:58:14.119878Z,curated_source_record
4069238,VCV004069238,NM_000521.4(HEXB):c.560T>C (p.Phe187Ser),HEXB,HEXB,Sandhoff disease or GM2 gangliosidosis,,Uncertain significance,no assertion criteria provided,2025/02/10 00:00,single nucleotide variant,"HEXB[gene] AND (""Sandhoff disease""[All Fields] OR ""GM2 gangliosidosis""[All Fields])",https://www.ncbi.nlm.nih.gov/clinvar/,2026-10-03T17:58:14.119878Z,curated_source_record
4069237,VCV004069237,NM_000521.4(HEXB):c.300A>G (p.Arg100=),HEXB,HEXB,Sandhoff disease or GM2 gangliosidosis,,Uncertain significance,no assertion criteria provided,2025/02/12 00:00,single nucleotide variant,"HEXB[gene] AND (""Sandhoff disease""[All Fields] OR ""GM2 gangliosidosis""[All Fields])",https://www.ncbi.nlm.nih.gov/clinvar/,2026-10-03T17:58:14.119878Z,curated_source_record
4069236,VCV004069236,NM_000521.3(HEXB):c.-120C>G,HEXB,HEXB,Sandhoff disease or GM2 gangliosidosis,,Uncertain significance,no assertion criteria provided,2025/02/19 00:00,single nucleotide variant,"HEXB[gene] AND (""Sandhoff disease""[All Fields] OR ""GM2 gangliosidosis""[All Fields])",https://www.ncbi.nlm.nih.gov/clinvar/,2026-10-03T17:58:14.119878Z,curated_source_record
4069235,VCV004069235,NM_000521.4(HEXB):c.1106A>G (p.Asp369Gly),HEXB,HEXB,Sandhoff disease or GM2 gangliosidosis,,Uncertain significance,no assertion criteria provided,2025/02/19 00:00,single nucleotide variant,"HEXB[gene] AND (""Sandhoff disease""[All Fields] OR ""GM2 gangliosidosis""[All Fields])",https://www.ncbi.nlm.nih.gov/clinvar/,2026-10-03T17:58:14.119878Z,curated_source_record
4069234,VCV004069234,NM_000521.4(HEXB):c.1652_*7dup (p.Cys551_Ter557=),HEXB,HEXB,Sandhoff disease or GM2 gangliosidosis,,Uncertain significance,no assertion criteria provided,2025/02/21 00:00,Duplication,"HEXB[gene] AND (""Sandhoff disease""[All Fields] OR ""GM2 gangliosidosis""[All Fields])",https://www.ncbi.nlm.nih.gov/clinvar/,2026-10-03T17:58:14.119878Z,curated_source_record
4069233,VCV004069233,NM_000521.4(HEXB):c.484G>A (p.Ala162Thr),HEXB,HEXB,Sandhoff disease or GM2 gangliosidosis,,Uncertain significance,no assertion criteria provided,2025/02/24 00:00,single nucleotide variant,"HEXB[gene] AND (""Sandhoff disease""[All Fields] OR ""GM2 gangliosidosis""[All Fields])",https://www.ncbi.nlm.nih.gov/clinvar/,2026-10-03T17:58:14.119878Z,curated_source_record
4069232,VCV004069232,NM_000521.4(HEXB):c.39_62dup (p.Ala24_Ala25insLeuLeuLeuAlaThrLeuLeuAla),HEXB,HEXB,Sandhoff disease or GM2 gangliosidosis,,Uncertain significance,no assertion criteria provided,2025/02/24 00:00,Duplication,"HEXB[gene] AND (""Sandhoff disease""[All Fields] OR ""GM2 gangliosidosis""[All Fields])",https://www.ncbi.nlm.nih.gov/clinvar/,2026-10-03T17:58:14.119878Z,curated_source_record
4069231,VCV004069231,NM_000521.4(HEXB):c.134C>T (p.Ala45Val),HEXB,HEXB,Sandhoff disease or GM2 gangliosidosis,,Uncertain significance,no assertion criteria provided,2025/03/05 00:00,single nucleotide variant,"HEXB[gene] AND (""Sandhoff disease""[All Fields] OR ""GM2 gangliosidosis""[All Fields])",https://www.ncbi.nlm.nih.gov/clinvar/,2026-10-03T17:58:14.119878Z,curated_source_record
4069230,VCV004069230,NM_000521.4(HEXB):c.284A>G (p.Glu95Gly),HEXB,HEXB,Sandhoff disease or GM2 gangliosidosis,,Uncertain significance,no assertion criteria provided,2025/03/06 00:00,single nucleotide variant,"HEXB[gene] AND (""Sandhoff disease""[All Fields] OR ""GM2 gangliosidosis""[All Fields])",https://www.ncbi.nlm.nih.gov/clinvar/,2026-10-03T17:58:14.119878Z,curated_source_record
4069229,VCV004069229,NM_000521.4(HEXB):c.1502G>A (p.Arg501Lys),HEXB,HEXB,Sandhoff disease or GM2 gangliosidosis,,Uncertain significance,no assertion criteria provided,2025/03/07 00:00,single nucleotide variant,"HEXB[gene] AND (""Sandhoff disease""[All Fields] OR ""GM2 gangliosidosis""[All Fields])",https://www.ncbi.nlm.nih.gov/clinvar/,2026-10-03T17:58:14.119878Z,curated_source_record
4069228,VCV004069228,NM_000521.4(HEXB):c.112_120del (p.Gln38_Ala40del),HEXB,HEXB,Sandhoff disease or GM2 gangliosidosis,,Uncertain significance,no assertion criteria provided,2025/03/17 00:00,Deletion,"HEXB[gene] AND (""Sandhoff disease""[All Fields] OR ""GM2 gangliosidosis""[All Fields])",https://www.ncbi.nlm.nih.gov/clinvar/,2026-10-03T17:58:14.119878Z,curated_source_record
4069227,VCV004069227,NM_000521.4(HEXB):c.1233T>G (p.Asp411Glu),HEXB,HEXB,Sandhoff disease or GM2 gangliosidosis,,Uncertain significance,no assertion criteria provided,2025/03/17 00:00,single nucleotide variant,"HEXB[gene] AND (""Sandhoff disease""[All Fields] OR ""GM2 gangliosidosis""[All Fields])",https://www.ncbi.nlm.nih.gov/clinvar/,2026-10-03T17:58:14.119878Z,curated_source_record
4069226,VCV004069226,NM_000521.4(HEXB):c.1589C>T (p.Thr530Ile),HEXB,HEXB,Sandhoff disease or GM2 gangliosidosis,,Uncertain significance,no assertion criteria provided,2025/03/23 00:00,single nucleotide variant,"HEXB[gene] AND (""Sandhoff disease""[All Fields] OR ""GM2 gangliosidosis""[All Fields])",https://www.ncbi.nlm.nih.gov/clinvar/,2026-10-03T17:58:14.119878Z,curated_source_record
4069224,VCV004069224,NM_000521.4(HEXB):c.1242+1G>A,HEXB,HEXB,Sandhoff disease or GM2 gangliosidosis,,Pathogenic,"criteria provided, single submitter",2025/03/24 00:00,single nucleotide variant,"HEXB[gene] AND (""Sandhoff disease""[All Fields] OR ""GM2 gangliosidosis""[All Fields])",https://www.ncbi.nlm.nih.gov/clinvar/,2026-10-03T17:58:14.119878Z,curated_source_record
4069223,VCV004069223,NM_000521.4(HEXB):c.1403C>G (p.Pro468Arg),HEXB,HEXB,Sandhoff disease or GM2 gangliosidosis,,Uncertain significance,no assertion criteria provided,2025/03/27 00:00,single nucleotide variant,"HEXB[gene] AND (""Sandhoff disease""[All Fields] OR ""GM2 gangliosidosis""[All Fields])",https://www.ncbi.nlm.nih.gov/clinvar/,2026-10-03T17:58:14.119878Z,curated_source_record
4069222,VCV004069222,NM_000521.4(HEXB):c.1308C>G (p.Val436=),HEXB,HEXB,Sandhoff disease or GM2 gangliosidosis,,Uncertain significance,no assertion criteria provided,2025/03/31 00:00,single nucleotide variant,"HEXB[gene] AND (""Sandhoff disease""[All Fields] OR ""GM2 gangliosidosis""[All Fields])",https://www.ncbi.nlm.nih.gov/clinvar/,2026-10-03T17:58:14.119878Z,curated_source_record
4069221,VCV004069221,NM_000521.4(HEXB):c.902-5del,HEXB,HEXB,Sandhoff disease or GM2 gangliosidosis,,Uncertain significance,no assertion criteria provided,2025/03/31 00:00,Deletion,"HEXB[gene] AND (""Sandhoff disease""[All Fields] OR ""GM2 gangliosidosis""[All Fields])",https://www.ncbi.nlm.nih.gov/clinvar/,2026-10-03T17:58:14.119878Z,curated_source_record
4069220,VCV004069220,NM_000521.4(HEXB):c.383T>C (p.Leu128Pro),HEXB,HEXB,Sandhoff disease or GM2 gangliosidosis,,Uncertain significance,no assertion criteria provided,2025/04/11 00:00,single nucleotide variant,"HEXB[gene] AND (""Sandhoff disease""[All Fields] OR ""GM2 gangliosidosis""[All Fields])",https://www.ncbi.nlm.nih.gov/clinvar/,2026-10-03T17:58:14.119878Z,curated_source_record
4069219,VCV004069219,NM_000521.4(HEXB):c.130C>G (p.Arg44Gly),HEXB,HEXB,Sandhoff disease or GM2 gangliosidosis,,Uncertain significance,no assertion criteria provided,2025/04/17 00:00,single nucleotide variant,"HEXB[gene] AND (""Sandhoff disease""[All Fields] OR ""GM2 gangliosidosis""[All Fields])",https://www.ncbi.nlm.nih.gov/clinvar/,2026-10-03T17:58:14.119878Z,curated_source_record
4069218,VCV004069218,NM_000521.4(HEXB):c.1550A>G (p.Lys517Arg),HEXB,HEXB,Sandhoff disease or GM2 gangliosidosis,,Uncertain significance,no assertion criteria provided,2025/04/21 00:00,single nucleotide variant,"HEXB[gene] AND (""Sandhoff disease""[All Fields] OR ""GM2 gangliosidosis""[All Fields])",https://www.ncbi.nlm.nih.gov/clinvar/,2026-10-03T17:58:14.119878Z,curated_source_record
4069217,VCV004069217,NM_000521.4(HEXB):c.374A>G (p.Gln125Arg),HEXB,HEXB,Sandhoff disease or GM2 gangliosidosis,,Uncertain significance,no assertion criteria provided,2025/04/28 00:00,single nucleotide variant,"HEXB[gene] AND (""Sandhoff disease""[All Fields] OR ""GM2 gangliosidosis""[All Fields])",https://www.ncbi.nlm.nih.gov/clinvar/,2026-10-03T17:58:14.119878Z,curated_source_record
4069216,VCV004069216,NM_000521.4(HEXB):c.1565T>A (p.Met522Lys),HEXB,HEXB,Sandhoff disease or GM2 gangliosidosis,,Uncertain significance,no assertion criteria provided,2025/04/28 00:00,single nucleotide variant,"HEXB[gene] AND (""Sandhoff disease""[All Fields] OR ""GM2 gangliosidosis""[All Fields])",https://www.ncbi.nlm.nih.gov/clinvar/,2026-10-03T17:58:14.119878Z,curated_source_record
4069215,VCV004069215,NM_000521.4(HEXB):c.1062T>G (p.Asp354Glu),HEXB,HEXB,Sandhoff disease or GM2 gangliosidosis,,Uncertain significance,no assertion criteria provided,2025/05/04 00:00,single nucleotide variant,"HEXB[gene] AND (""Sandhoff disease""[All Fields] OR ""GM2 gangliosidosis""[All Fields])",https://www.ncbi.nlm.nih.gov/clinvar/,2026-10-03T17:58:14.119878Z,curated_source_record
4069214,VCV004069214,NM_000521.4(HEXB):c.710A>T (p.His237Leu),HEXB,HEXB,Sandhoff disease or GM2 gangliosidosis,,Uncertain significance,no assertion criteria provided,2025/05/12 00:00,single nucleotide variant,"HEXB[gene] AND (""Sandhoff disease""[All Fields] OR ""GM2 gangliosidosis""[All Fields])",https://www.ncbi.nlm.nih.gov/clinvar/,2026-10-03T17:58:14.119878Z,curated_source_record
4069213,VCV004069213,NM_000521.4(HEXB):c.1283C>G (p.Ala428Gly),HEXB,HEXB,Sandhoff disease or GM2 gangliosidosis,,Uncertain significance,no assertion criteria provided,2025/05/14 00:00,single nucleotide variant,"HEXB[gene] AND (""Sandhoff disease""[All Fields] OR ""GM2 gangliosidosis""[All Fields])",https://www.ncbi.nlm.nih.gov/clinvar/,2026-10-03T17:58:14.119878Z,curated_source_record
4069212,VCV004069212,NM_000521.4(HEXB):c.329A>G (p.Lys110Arg),HEXB,HEXB,Sandhoff disease or GM2 gangliosidosis,,Uncertain significance,no assertion criteria provided,2025/05/20 00:00,single nucleotide variant,"HEXB[gene] AND (""Sandhoff disease""[All Fields] OR ""GM2 gangliosidosis""[All Fields])",https://www.ncbi.nlm.nih.gov/clinvar/,2026-10-03T17:58:14.119878Z,curated_source_record
4069211,VCV004069211,NM_000521.4(HEXB):c.1356T>G (p.Asp452Glu),HEXB,HEXB,Sandhoff disease or GM2 gangliosidosis,,Uncertain significance,no assertion criteria provided,2025/05/22 00:00,single nucleotide variant,"HEXB[gene] AND (""Sandhoff disease""[All Fields] OR ""GM2 gangliosidosis""[All Fields])",https://www.ncbi.nlm.nih.gov/clinvar/,2026-10-03T17:58:14.119878Z,curated_source_record
4069210,VCV004069210,NM_000521.4(HEXB):c.944A>G (p.Lys315Arg),HEXB,HEXB,Sandhoff disease or GM2 gangliosidosis,,Uncertain significance,no assertion criteria provided,2025/05/30 00:00,single nucleotide variant,"HEXB[gene] AND (""Sandhoff disease""[All Fields] OR ""GM2 gangliosidosis""[All Fields])",https://www.ncbi.nlm.nih.gov/clinvar/,2026-10-03T17:58:14.119878Z,curated_source_record
4056611,VCV004056611,NM_000521.4(HEXB):c.391dup (p.Ile131fs),HEXB,HEXB,Sandhoff disease or GM2 gangliosidosis,,Likely pathogenic,"criteria provided, multiple submitters, no conflicts",2025/08/21 00:00,Duplication,"HEXB[gene] AND (""Sandhoff disease""[All Fields] OR ""GM2 gangliosidosis""[All Fields])",https://www.ncbi.nlm.nih.gov/clinvar/,2026-10-03T17:58:14.119878Z,curated_source_record
3907219,VCV003907219,NM_000521.4(HEXB):c.299G>T (p.Arg100Leu),HEXB,HEXB,Sandhoff disease or GM2 gangliosidosis,,Likely pathogenic,"criteria provided, single submitter",2025/06/11 00:00,single nucleotide variant,"HEXB[gene] AND (""Sandhoff disease""[All Fields] OR ""GM2 gangliosidosis""[All Fields])",https://www.ncbi.nlm.nih.gov/clinvar/,2026-10-03T17:58:14.119878Z,curated_source_record
3896117,VCV003896117,NM_000521.4(HEXB):c.25C>T (p.Pro9Ser),HEXB,HEXB,Sandhoff disease or GM2 gangliosidosis,,Uncertain significance,"criteria provided, single submitter",2025/03/18 00:00,single nucleotide variant,"HEXB[gene] AND (""Sandhoff disease""[All Fields] OR ""GM2 gangliosidosis""[All Fields])",https://www.ncbi.nlm.nih.gov/clinvar/,2026-10-03T17:58:14.119878Z,curated_source_record
3775774,VCV003775774,NM_000521.4(HEXB):c.899_900dup (p.Gly301fs),HEXB,HEXB,Sandhoff disease or GM2 gangliosidosis,,Pathogenic/Likely pathogenic,"criteria provided, multiple submitters, no conflicts",2024/06/20 00:00,Duplication,"HEXB[gene] AND (""Sandhoff disease""[All Fields] OR ""GM2 gangliosidosis""[All Fields])",https://www.ncbi.nlm.nih.gov/clinvar/,2026-10-03T17:58:14.119878Z,curated_source_record
3718530,VCV003718530,NM_000521.4(HEXB):c.1417+14T>C,HEXB,HEXB,Sandhoff disease or GM2 gangliosidosis,,Likely benign,"criteria provided, single submitter",2024/02/22 00:00,single nucleotide variant,"HEXB[gene] AND (""Sandhoff disease""[All Fields] OR ""GM2 gangliosidosis""[All Fields])",https://www.ncbi.nlm.nih.gov/clinvar/,2026-10-03T17:58:14.119878Z,curated_source_record
3715089,VCV003715089,NM_000521.4(HEXB):c.159G>T (p.Gly53=),HEXB,HEXB,Sandhoff disease or GM2 gangliosidosis,,Likely benign,"criteria provided, single submitter",2024/02/13 00:00,single nucleotide variant,"HEXB[gene] AND (""Sandhoff disease""[All Fields] OR ""GM2 gangliosidosis""[All Fields])",https://www.ncbi.nlm.nih.gov/clinvar/,2026-10-03T17:58:14.119878Z,curated_source_record
3642857,VCV003642857,NM_000521.4(HEXB):c.1418-9T>G,HEXB,HEXB,Sandhoff disease or GM2 gangliosidosis,,Likely benign,"criteria provided, single submitter",2024/02/23 00:00,single nucleotide variant,"HEXB[gene] AND (""Sandhoff disease""[All Fields] OR ""GM2 gangliosidosis""[All Fields])",https://www.ncbi.nlm.nih.gov/clinvar/,2026-10-03T17:58:14.119878Z,curated_source_record
3642777,VCV003642777,NM_000521.4(HEXB):c.8del (p.Leu3fs),HEXB,HEXB,Sandhoff disease or GM2 gangliosidosis,,Pathogenic,"criteria provided, single submitter",2024/02/23 00:00,Deletion,"HEXB[gene] AND (""Sandhoff disease""[All Fields] OR ""GM2 gangliosidosis""[All Fields])",https://www.ncbi.nlm.nih.gov/clinvar/,2026-10-03T17:58:14.119878Z,curated_source_record
3642749,VCV003642749,NM_000521.4(HEXB):c.1083-10T>C,HEXB,HEXB,Sandhoff disease or GM2 gangliosidosis,,Likely benign,"criteria provided, single submitter",2024/02/23 00:00,single nucleotide variant,"HEXB[gene] AND (""Sandhoff disease""[All Fields] OR ""GM2 gangliosidosis""[All Fields])",https://www.ncbi.nlm.nih.gov/clinvar/,2026-10-03T17:58:14.119878Z,curated_source_record
3638663,VCV003638663,NM_000521.4(HEXB):c.651G>A (p.Lys217=),HEXB,HEXB,Sandhoff disease or GM2 gangliosidosis,,Likely benign,"criteria provided, single submitter",2024/02/03 00:00,single nucleotide variant,"HEXB[gene] AND (""Sandhoff disease""[All Fields] OR ""GM2 gangliosidosis""[All Fields])",https://www.ncbi.nlm.nih.gov/clinvar/,2026-10-03T17:58:14.119878Z,curated_source_record
3638013,VCV003638013,NM_000521.4(HEXB):c.559-16T>A,HEXB,HEXB,Sandhoff disease or GM2 gangliosidosis,,Likely benign,"criteria provided, single submitter",2024/02/01 00:00,single nucleotide variant,"HEXB[gene] AND (""Sandhoff disease""[All Fields] OR ""GM2 gangliosidosis""[All Fields])",https://www.ncbi.nlm.nih.gov/clinvar/,2026-10-03T17:58:14.119878Z,curated_source_record
3637877,VCV003637877,NM_000521.4(HEXB):c.540T>C (p.Tyr180=),HEXB,HEXB,Sandhoff disease or GM2 gangliosidosis,,Likely benign,"criteria provided, single submitter",2024/01/31 00:00,single nucleotide variant,"HEXB[gene] AND (""Sandhoff disease""[All Fields] OR ""GM2 gangliosidosis""[All Fields])",https://www.ncbi.nlm.nih.gov/clinvar/,2026-10-03T17:58:14.119878Z,curated_source_record
3623655,VCV003623655,NM_000521.4(HEXB):c.1418-19T>G,HEXB,HEXB,Sandhoff disease or GM2 gangliosidosis,,Likely benign,"criteria provided, single submitter",2024/10/04 00:00,single nucleotide variant,"HEXB[gene] AND (""Sandhoff disease""[All Fields] OR ""GM2 gangliosidosis""[All Fields])",https://www.ncbi.nlm.nih.gov/clinvar/,2026-10-03T17:58:14.119878Z,curated_source_record
4884781,VCV004884781,NM_000405.5(GM2A):c.188del (p.Asn63fs),GM2A,GM2A,GM2 gangliosidosis,,Pathogenic,no assertion criteria provided,1/01/01 00:00,Deletion,"GM2A[gene] AND ""GM2 gangliosidosis""[All Fields]",https://www.ncbi.nlm.nih.gov/clinvar/,2026-10-03T17:58:14.119878Z,curated_source_record
4851945,VCV004851945,GRCh38/hg38 5q33.1(chr5:151266701-151267670)x0,GM2A,GM2A,GM2 gangliosidosis,,Likely pathogenic,"criteria provided, single submitter",2025/04/12 00:00,copy number loss,"GM2A[gene] AND ""GM2 gangliosidosis""[All Fields]",https://www.ncbi.nlm.nih.gov/clinvar/,2026-10-03T17:58:14.119878Z,curated_source_record
4850392,VCV004850392,NM_000405.5(GM2A):c.172dup (p.Ile58fs),GM2A,GM2A,GM2 gangliosidosis,,Likely pathogenic,"criteria provided, single submitter",2025/09/23 00:00,Duplication,"GM2A[gene] AND ""GM2 gangliosidosis""[All Fields]",https://www.ncbi.nlm.nih.gov/clinvar/,2026-10-03T17:58:14.119878Z,curated_source_record
4719049,VCV004719049,NM_000405.5(GM2A):c.243+8T>C,GM2A,GM2A,GM2 gangliosidosis,,Likely benign,"criteria provided, single submitter",2025/05/20 00:00,single nucleotide variant,"GM2A[gene] AND ""GM2 gangliosidosis""[All Fields]",https://www.ncbi.nlm.nih.gov/clinvar/,2026-10-03T17:58:14.119878Z,curated_source_record
3854399,VCV003854399,NM_000405.5(GM2A):c.11T>C (p.Leu4Pro),GM2A,GM2A,GM2 gangliosidosis,,Uncertain significance,"criteria provided, multiple submitters, no conflicts",2025/06/30 00:00,single nucleotide variant,"GM2A[gene] AND ""GM2 gangliosidosis""[All Fields]",https://www.ncbi.nlm.nih.gov/clinvar/,2026-10-03T17:58:14.119878Z,curated_source_record
3726684,VCV003726684,NM_000405.5(GM2A):c.27C>T (p.Leu9=),GM2A,GM2A,GM2 gangliosidosis,,Likely benign,"criteria provided, single submitter",2024/12/07 00:00,single nucleotide variant,"GM2A[gene] AND ""GM2 gangliosidosis""[All Fields]",https://www.ncbi.nlm.nih.gov/clinvar/,2026-10-03T17:58:14.119878Z,curated_source_record
3707626,VCV003707626,NM_000405.5(GM2A):c.469C>T (p.Leu157=),GM2A,GM2A,GM2 gangliosidosis,,Likely benign,"criteria provided, single submitter",2024/04/30 00:00,single nucleotide variant,"GM2A[gene] AND ""GM2 gangliosidosis""[All Fields]",https://www.ncbi.nlm.nih.gov/clinvar/,2026-10-03T17:58:14.119878Z,curated_source_record
3670072,VCV003670072,NM_000405.5(GM2A):c.192G>A (p.Val64=),GM2A,GM2A,GM2 gangliosidosis,,Likely benign,"criteria provided, single submitter",2025/06/02 00:00,single nucleotide variant,"GM2A[gene] AND ""GM2 gangliosidosis""[All Fields]",https://www.ncbi.nlm.nih.gov/clinvar/,2026-10-03T17:58:14.119878Z,curated_source_record
3662434,VCV003662434,NM_000405.5(GM2A):c.243+13dup,GM2A,GM2A,GM2 gangliosidosis,,Benign,"criteria provided, single submitter",2024/11/05 00:00,Duplication,"GM2A[gene] AND ""GM2 gangliosidosis""[All Fields]",https://www.ncbi.nlm.nih.gov/clinvar/,2026-10-03T17:58:14.119878Z,curated_source_record
3659156,VCV003659156,NM_000405.5(GM2A):c.69C>G (p.Ala23=),GM2A,GM2A,GM2 gangliosidosis,,Likely benign,"criteria provided, single submitter",2025/03/17 00:00,single nucleotide variant,"GM2A[gene] AND ""GM2 gangliosidosis""[All Fields]",https://www.ncbi.nlm.nih.gov/clinvar/,2026-10-03T17:58:14.119878Z,curated_source_record
3656057,VCV003656057,NM_000405.5(GM2A):c.426+6T>C,GM2A,GM2A,GM2 gangliosidosis,,Uncertain significance,"criteria provided, single submitter",2024/07/12 00:00,single nucleotide variant,"GM2A[gene] AND ""GM2 gangliosidosis""[All Fields]",https://www.ncbi.nlm.nih.gov/clinvar/,2026-10-03T17:58:14.119878Z,curated_source_record
3644029,VCV003644029,NM_000405.5(GM2A):c.352T>C (p.Leu118=),GM2A,GM2A,GM2 gangliosidosis,,Likely benign,"criteria provided, single submitter",2024/03/01 00:00,single nucleotide variant,"GM2A[gene] AND ""GM2 gangliosidosis""[All Fields]",https://www.ncbi.nlm.nih.gov/clinvar/,2026-10-03T17:58:14.119878Z,curated_source_record
3591900,VCV003591900,NM_000405.5(GM2A):c.226_227del (p.Leu76fs),GM2A,GM2A,GM2 gangliosidosis,,Likely pathogenic,"criteria provided, single submitter",2024/02/05 00:00,Deletion,"GM2A[gene] AND ""GM2 gangliosidosis""[All Fields]",https://www.ncbi.nlm.nih.gov/clinvar/,2026-10-03T17:58:14.119878Z,curated_source_record
3362568,VCV003362568,NM_000405.5(GM2A):c.400_405del (p.Leu134_Pro135del),GM2A,GM2A,GM2 gangliosidosis,,Uncertain significance,"criteria provided, single submitter",2024/09/22 00:00,Deletion,"GM2A[gene] AND ""GM2 gangliosidosis""[All Fields]",https://www.ncbi.nlm.nih.gov/clinvar/,2026-10-03T17:58:14.119878Z,curated_source_record
3013311,VCV003013311,NM_000405.5(GM2A):c.579A>C (p.Ile193=),GM2A,GM2A,GM2 gangliosidosis,,Likely benign,"criteria provided, single submitter",2023/10/13 00:00,single nucleotide variant,"GM2A[gene] AND ""GM2 gangliosidosis""[All Fields]",https://www.ncbi.nlm.nih.gov/clinvar/,2026-10-03T17:58:14.119878Z,curated_source_record
3003896,VCV003003896,NM_000405.5(GM2A):c.429A>T (p.Gly143=),GM2A,GM2A,GM2 gangliosidosis,,Likely benign,"criteria provided, single submitter",2024/10/08 00:00,single nucleotide variant,"GM2A[gene] AND ""GM2 gangliosidosis""[All Fields]",https://www.ncbi.nlm.nih.gov/clinvar/,2026-10-03T17:58:14.119878Z,curated_source_record
2999927,VCV002999927,NM_000405.5(GM2A):c.426+11A>T,GM2A,GM2A,GM2 gangliosidosis,,Likely benign,"criteria provided, single submitter",2023/07/12 00:00,single nucleotide variant,"GM2A[gene] AND ""GM2 gangliosidosis""[All Fields]",https://www.ncbi.nlm.nih.gov/clinvar/,2026-10-03T17:58:14.119878Z,curated_source_record
2981004,VCV002981004,NM_000405.5(GM2A):c.82-18C>T,GM2A,GM2A,GM2 gangliosidosis,,Likely benign,"criteria provided, single submitter",2025/09/04 00:00,single nucleotide variant,"GM2A[gene] AND ""GM2 gangliosidosis""[All Fields]",https://www.ncbi.nlm.nih.gov/clinvar/,2026-10-03T17:58:14.119878Z,curated_source_record
2962630,VCV002962630,NM_000405.5(GM2A):c.492C>G (p.Thr164=),GM2A,GM2A,GM2 gangliosidosis,,Likely benign,"criteria provided, single submitter",2024/06/18 00:00,single nucleotide variant,"GM2A[gene] AND ""GM2 gangliosidosis""[All Fields]",https://www.ncbi.nlm.nih.gov/clinvar/,2026-10-03T17:58:14.119878Z,curated_source_record
2959547,VCV002959547,NM_000405.5(GM2A):c.559G>A (p.Ala187Thr),GM2A,GM2A,GM2 gangliosidosis,,Uncertain significance,"criteria provided, single submitter",2023/07/26 00:00,single nucleotide variant,"GM2A[gene] AND ""GM2 gangliosidosis""[All Fields]",https://www.ncbi.nlm.nih.gov/clinvar/,2026-10-03T17:58:14.119878Z,curated_source_record
2899956,VCV002899956,NM_000405.5(GM2A):c.427-4G>T,GM2A,GM2A,GM2 gangliosidosis,,Likely benign,"criteria provided, single submitter",2025/03/31 00:00,single nucleotide variant,"GM2A[gene] AND ""GM2 gangliosidosis""[All Fields]",https://www.ncbi.nlm.nih.gov/clinvar/,2026-10-03T17:58:14.119878Z,curated_source_record
2882274,VCV002882274,NM_000405.5(GM2A):c.427-12G>A,GM2A,GM2A,GM2 gangliosidosis,,Likely benign,"criteria provided, single submitter",2023/10/16 00:00,single nucleotide variant,"GM2A[gene] AND ""GM2 gangliosidosis""[All Fields]",https://www.ncbi.nlm.nih.gov/clinvar/,2026-10-03T17:58:14.119878Z,curated_source_record
2817168,VCV002817168,NM_000405.5(GM2A):c.57C>G (p.Ala19=),GM2A,GM2A,GM2 gangliosidosis,,Likely benign,"criteria provided, single submitter",2023/06/23 00:00,single nucleotide variant,"GM2A[gene] AND ""GM2 gangliosidosis""[All Fields]",https://www.ncbi.nlm.nih.gov/clinvar/,2026-10-03T17:58:14.119878Z,curated_source_record
2771446,VCV002771446,NM_000405.5(GM2A):c.82-17T>C,GM2A,GM2A,GM2 gangliosidosis,,Likely benign,"criteria provided, single submitter",2023/10/23 00:00,single nucleotide variant,"GM2A[gene] AND ""GM2 gangliosidosis""[All Fields]",https://www.ncbi.nlm.nih.gov/clinvar/,2026-10-03T17:58:14.119878Z,curated_source_record
2766144,VCV002766144,NM_000405.5(GM2A):c.524G>A (p.Ser175Asn),GM2A,GM2A,GM2 gangliosidosis,,Uncertain significance,"criteria provided, single submitter",2023/10/05 00:00,single nucleotide variant,"GM2A[gene] AND ""GM2 gangliosidosis""[All Fields]",https://www.ncbi.nlm.nih.gov/clinvar/,2026-10-03T17:58:14.119878Z,curated_source_record
2751731,VCV002751731,NM_000405.5(GM2A):c.207G>C (p.Met69Ile),GM2A,GM2A,GM2 gangliosidosis,,Uncertain significance,"criteria provided, single submitter",2023/08/16 00:00,single nucleotide variant,"GM2A[gene] AND ""GM2 gangliosidosis""[All Fields]",https://www.ncbi.nlm.nih.gov/clinvar/,2026-10-03T17:58:14.119878Z,curated_source_record
2703521,VCV002703521,NM_000405.5(GM2A):c.427-6C>T,GM2A,GM2A,GM2 gangliosidosis,,Likely benign,"criteria provided, single submitter",2023/12/16 00:00,single nucleotide variant,"GM2A[gene] AND ""GM2 gangliosidosis""[All Fields]",https://www.ncbi.nlm.nih.gov/clinvar/,2026-10-03T17:58:14.119878Z,curated_source_record
2695256,VCV002695256,NM_000405.5(GM2A):c.243+9G>A,GM2A,GM2A,GM2 gangliosidosis,,Likely benign,"criteria provided, single submitter",2024/01/30 00:00,single nucleotide variant,"GM2A[gene] AND ""GM2 gangliosidosis""[All Fields]",https://www.ncbi.nlm.nih.gov/clinvar/,2026-10-03T17:58:14.119878Z,curated_source_record
2664353,VCV002664353,NM_000405.5(GM2A):c.427-14T>A,GM2A,GM2A,GM2 gangliosidosis,,Likely pathogenic,"criteria provided, single submitter",2023/12/05 00:00,single nucleotide variant,"GM2A[gene] AND ""GM2 gangliosidosis""[All Fields]",https://www.ncbi.nlm.nih.gov/clinvar/,2026-10-03T17:58:14.119878Z,curated_source_record
2655945,VCV002655945,NM_000405.5(GM2A):c.261G>A (p.Glu87=),GM2A,GM2A,GM2 gangliosidosis,,Likely benign,"criteria provided, multiple submitters, no conflicts",2025/08/18 00:00,single nucleotide variant,"GM2A[gene] AND ""GM2 gangliosidosis""[All Fields]",https://www.ncbi.nlm.nih.gov/clinvar/,2026-10-03T17:58:14.119878Z,curated_source_record
2584380,VCV002584380,NM_000405.5(GM2A):c.364G>A (p.Gly122Arg),GM2A,GM2A,GM2 gangliosidosis,,Likely pathogenic,"criteria provided, single submitter",2023/02/15 00:00,single nucleotide variant,"GM2A[gene] AND ""GM2 gangliosidosis""[All Fields]",https://www.ncbi.nlm.nih.gov/clinvar/,2026-10-03T17:58:14.119878Z,curated_source_record
2561453,VCV002561453,NM_000405.5(GM2A):c.14T>C (p.Met5Thr),GM2A,GM2A,GM2 gangliosidosis,,Uncertain significance,"criteria provided, multiple submitters, no conflicts",2025/06/23 00:00,single nucleotide variant,"GM2A[gene] AND ""GM2 gangliosidosis""[All Fields]",https://www.ncbi.nlm.nih.gov/clinvar/,2026-10-03T17:58:14.119878Z,curated_source_record
2423037,VCV002423037,NC_000005.9:g.(?_150632778)_(150646494_?)dup,GM2A,GM2A,GM2 gangliosidosis,,Uncertain significance,"criteria provided, single submitter",2022/07/01 00:00,Duplication,"GM2A[gene] AND ""GM2 gangliosidosis""[All Fields]",https://www.ncbi.nlm.nih.gov/clinvar/,2026-10-03T17:58:14.119878Z,curated_source_record
2423036,VCV002423036,NC_000005.9:g.(?_150632778)_(150727021_?)dup,GM2A,GM2A; SLC36A2; SLC36A3,GM2 gangliosidosis,,Uncertain significance,"criteria provided, single submitter",2022/03/16 00:00,Duplication,"GM2A[gene] AND ""GM2 gangliosidosis""[All Fields]",https://www.ncbi.nlm.nih.gov/clinvar/,2026-10-03T17:58:14.119878Z,curated_source_record
2201263,VCV002201263,NM_000405.5(GM2A):c.205_206delinsGC (p.Met69Ala),GM2A,GM2A,GM2 gangliosidosis,,Uncertain significance,"criteria provided, single submitter",2023/12/11 00:00,Indel,"GM2A[gene] AND ""GM2 gangliosidosis""[All Fields]",https://www.ncbi.nlm.nih.gov/clinvar/,2026-10-03T17:58:14.119878Z,curated_source_record
2197864,VCV002197864,NM_000405.5(GM2A):c.244-6dup,GM2A,GM2A,GM2 gangliosidosis,,Benign,"criteria provided, single submitter",2025/04/14 00:00,Duplication,"GM2A[gene] AND ""GM2 gangliosidosis""[All Fields]",https://www.ncbi.nlm.nih.gov/clinvar/,2026-10-03T17:58:14.119878Z,curated_source_record
2188813,VCV002188813,NM_000405.5(GM2A):c.579A>G (p.Ile193Met),GM2A,GM2A,GM2 gangliosidosis,,Uncertain significance,"criteria provided, single submitter",2023/08/10 00:00,single nucleotide variant,"GM2A[gene] AND ""GM2 gangliosidosis""[All Fields]",https://www.ncbi.nlm.nih.gov/clinvar/,2026-10-03T17:58:14.119878Z,curated_source_record
2179283,VCV002179283,NM_000405.5(GM2A):c.574G>A (p.Gly192Ser),GM2A,GM2A,GM2 gangliosidosis,,Uncertain significance,"criteria provided, single submitter",2022/07/30 00:00,single nucleotide variant,"GM2A[gene] AND ""GM2 gangliosidosis""[All Fields]",https://www.ncbi.nlm.nih.gov/clinvar/,2026-10-03T17:58:14.119878Z,curated_source_record
2174602,VCV002174602,NM_000405.5(GM2A):c.395A>T (p.Tyr132Phe),GM2A,GM2A,GM2 gangliosidosis,,Uncertain significance,"criteria provided, multiple submitters, no conflicts",2022/09/01 00:00,single nucleotide variant,"GM2A[gene] AND ""GM2 gangliosidosis""[All Fields]",https://www.ncbi.nlm.nih.gov/clinvar/,2026-10-03T17:58:14.119878Z,curated_source_record
2170689,VCV002170689,NM_000405.5(GM2A):c.5A>G (p.Gln2Arg),GM2A,GM2A,GM2 gangliosidosis,,Uncertain significance,"criteria provided, single submitter",2022/07/08 00:00,single nucleotide variant,"GM2A[gene] AND ""GM2 gangliosidosis""[All Fields]",https://www.ncbi.nlm.nih.gov/clinvar/,2026-10-03T17:58:14.119878Z,curated_source_record
2166331,VCV002166331,NM_000405.5(GM2A):c.381G>A (p.Glu127=),GM2A,GM2A,GM2 gangliosidosis,,Likely benign,"criteria provided, single submitter",2022/08/09 00:00,single nucleotide variant,"GM2A[gene] AND ""GM2 gangliosidosis""[All Fields]",https://www.ncbi.nlm.nih.gov/clinvar/,2026-10-03T17:58:14.119878Z,curated_source_record
2161294,VCV002161294,NM_000405.5(GM2A):c.505C>T (p.Arg169Cys),GM2A,GM2A,GM2 gangliosidosis,,Uncertain significance,"criteria provided, single submitter",2022/02/17 00:00,single nucleotide variant,"GM2A[gene] AND ""GM2 gangliosidosis""[All Fields]",https://www.ncbi.nlm.nih.gov/clinvar/,2026-10-03T17:58:14.119878Z,curated_source_record
2161013,VCV002161013,NM_000405.5(GM2A):c.182C>G (p.Pro61Arg),GM2A,GM2A,GM2 gangliosidosis,,Uncertain significance,"criteria provided, multiple submitters, no conflicts",2026/06/01 00:00,single nucleotide variant,"GM2A[gene] AND ""GM2 gangliosidosis""[All Fields]",https://www.ncbi.nlm.nih.gov/clinvar/,2026-10-03T17:58:14.119878Z,curated_source_record
2159623,VCV002159623,NM_000405.5(GM2A):c.342G>C (p.Val114=),GM2A,GM2A,GM2 gangliosidosis,,Likely benign,"criteria provided, single submitter",2025/08/18 00:00,single nucleotide variant,"GM2A[gene] AND ""GM2 gangliosidosis""[All Fields]",https://www.ncbi.nlm.nih.gov/clinvar/,2026-10-03T17:58:14.119878Z,curated_source_record
2155569,VCV002155569,NM_000405.5(GM2A):c.558C>T (p.Ile186=),GM2A,GM2A,GM2 gangliosidosis,,Likely benign,"criteria provided, single submitter",2025/04/21 00:00,single nucleotide variant,"GM2A[gene] AND ""GM2 gangliosidosis""[All Fields]",https://www.ncbi.nlm.nih.gov/clinvar/,2026-10-03T17:58:14.119878Z,curated_source_record
2149810,VCV002149810,NM_000405.5(GM2A):c.570A>G (p.Leu190=),GM2A,GM2A,GM2 gangliosidosis,,Likely benign,"criteria provided, single submitter",2025/12/05 00:00,single nucleotide variant,"GM2A[gene] AND ""GM2 gangliosidosis""[All Fields]",https://www.ncbi.nlm.nih.gov/clinvar/,2026-10-03T17:58:14.119878Z,curated_source_record
2149426,VCV002149426,NM_000405.5(GM2A):c.98G>A (p.Ser33Asn),GM2A,GM2A,GM2 gangliosidosis,,Uncertain significance,"criteria provided, single submitter",2022/07/30 00:00,single nucleotide variant,"GM2A[gene] AND ""GM2 gangliosidosis""[All Fields]",https://www.ncbi.nlm.nih.gov/clinvar/,2026-10-03T17:58:14.119878Z,curated_source_record
2147502,VCV002147502,NM_000405.5(GM2A):c.427-7C>T,GM2A,GM2A,GM2 gangliosidosis,,Likely benign,"criteria provided, single submitter",2022/06/22 00:00,single nucleotide variant,"GM2A[gene] AND ""GM2 gangliosidosis""[All Fields]",https://www.ncbi.nlm.nih.gov/clinvar/,2026-10-03T17:58:14.119878Z,curated_source_record
2134801,VCV002134801,NM_000405.5(GM2A):c.449G>A (p.Ser150Asn),GM2A,GM2A,GM2 gangliosidosis,,Uncertain significance,"criteria provided, single submitter",2022/05/16 00:00,single nucleotide variant,"GM2A[gene] AND ""GM2 gangliosidosis""[All Fields]",https://www.ncbi.nlm.nih.gov/clinvar/,2026-10-03T17:58:14.119878Z,curated_source_record
2134123,VCV002134123,NM_000405.5(GM2A):c.512A>T (p.Glu171Val),GM2A,GM2A,GM2 gangliosidosis,,Uncertain significance,"criteria provided, single submitter",2022/05/05 00:00,single nucleotide variant,"GM2A[gene] AND ""GM2 gangliosidosis""[All Fields]",https://www.ncbi.nlm.nih.gov/clinvar/,2026-10-03T17:58:14.119878Z,curated_source_record
2132691,VCV002132691,NM_000405.5(GM2A):c.184G>A (p.Gly62Arg),GM2A,GM2A,GM2 gangliosidosis,,Uncertain significance,"criteria provided, single submitter",2022/05/03 00:00,single nucleotide variant,"GM2A[gene] AND ""GM2 gangliosidosis""[All Fields]",https://www.ncbi.nlm.nih.gov/clinvar/,2026-10-03T17:58:14.119878Z,curated_source_record
2115899,VCV002115899,NM_000405.5(GM2A):c.467A>T (p.Asp156Val),GM2A,GM2A,GM2 gangliosidosis,,Uncertain significance,"criteria provided, single submitter",2022/04/28 00:00,single nucleotide variant,"GM2A[gene] AND ""GM2 gangliosidosis""[All Fields]",https://www.ncbi.nlm.nih.gov/clinvar/,2026-10-03T17:58:14.119878Z,curated_source_record
2089550,VCV002089550,NM_000405.5(GM2A):c.172A>T (p.Ile58Phe),GM2A,GM2A,GM2 gangliosidosis,,Uncertain significance,"criteria provided, multiple submitters, no conflicts",2025/10/21 00:00,single nucleotide variant,"GM2A[gene] AND ""GM2 gangliosidosis""[All Fields]",https://www.ncbi.nlm.nih.gov/clinvar/,2026-10-03T17:58:14.119878Z,curated_source_record
2089095,VCV002089095,NM_000405.5(GM2A):c.315C>T (p.Ser105=),GM2A,GM2A,GM2 gangliosidosis,,Likely benign,"criteria provided, single submitter",2024/11/04 00:00,single nucleotide variant,"GM2A[gene] AND ""GM2 gangliosidosis""[All Fields]",https://www.ncbi.nlm.nih.gov/clinvar/,2026-10-03T17:58:14.119878Z,curated_source_record
2072336,VCV002072336,NM_000405.5(GM2A):c.81+4A>G,GM2A,GM2A,GM2 gangliosidosis,,Uncertain significance,"criteria provided, single submitter",2022/07/26 00:00,single nucleotide variant,"GM2A[gene] AND ""GM2 gangliosidosis""[All Fields]",https://www.ncbi.nlm.nih.gov/clinvar/,2026-10-03T17:58:14.119878Z,curated_source_record
2070832,VCV002070832,NM_000405.5(GM2A):c.539G>C (p.Arg180Pro),GM2A,GM2A,GM2 gangliosidosis,,Uncertain significance,"criteria provided, single submitter",2022/05/12 00:00,single nucleotide variant,"GM2A[gene] AND ""GM2 gangliosidosis""[All Fields]",https://www.ncbi.nlm.nih.gov/clinvar/,2026-10-03T17:58:14.119878Z,curated_source_record
2040106,VCV002040106,NM_000405.5(GM2A):c.445A>C (p.Lys149Gln),GM2A,GM2A,GM2 gangliosidosis,,Uncertain significance,"criteria provided, single submitter",2024/08/11 00:00,single nucleotide variant,"GM2A[gene] AND ""GM2 gangliosidosis""[All Fields]",https://www.ncbi.nlm.nih.gov/clinvar/,2026-10-03T17:58:14.119878Z,curated_source_record
2037423,VCV002037423,NM_000405.5(GM2A):c.36C>T (p.Ala12=),GM2A,GM2A,GM2 gangliosidosis,,Likely benign,"criteria provided, single submitter",2023/08/17 00:00,single nucleotide variant,"GM2A[gene] AND ""GM2 gangliosidosis""[All Fields]",https://www.ncbi.nlm.nih.gov/clinvar/,2026-10-03T17:58:14.119878Z,curated_source_record
2033461,VCV002033461,NM_000405.5(GM2A):c.243+10G>A,GM2A,GM2A,GM2 gangliosidosis,,Likely benign,"criteria provided, single submitter",2022/09/30 00:00,single nucleotide variant,"GM2A[gene] AND ""GM2 gangliosidosis""[All Fields]",https://www.ncbi.nlm.nih.gov/clinvar/,2026-10-03T17:58:14.119878Z,curated_source_record
2029789,VCV002029789,NM_000405.5(GM2A):c.204_205inv (p.Met69Val),GM2A,GM2A,GM2 gangliosidosis,,Likely benign,"criteria provided, single submitter",2023/10/03 00:00,Inversion,"GM2A[gene] AND ""GM2 gangliosidosis""[All Fields]",https://www.ncbi.nlm.nih.gov/clinvar/,2026-10-03T17:58:14.119878Z,curated_source_record
2003793,VCV002003793,NM_000405.5(GM2A):c.511G>C (p.Glu171Gln),GM2A,GM2A,GM2 gangliosidosis,,Uncertain significance,"criteria provided, single submitter",2022/09/01 00:00,single nucleotide variant,"GM2A[gene] AND ""GM2 gangliosidosis""[All Fields]",https://www.ncbi.nlm.nih.gov/clinvar/,2026-10-03T17:58:14.119878Z,curated_source_record
1993722,VCV001993722,NM_000405.5(GM2A):c.84A>G (p.Pro28=),GM2A,GM2A,GM2 gangliosidosis,,Likely benign,"criteria provided, single submitter",2022/05/12 00:00,single nucleotide variant,"GM2A[gene] AND ""GM2 gangliosidosis""[All Fields]",https://www.ncbi.nlm.nih.gov/clinvar/,2026-10-03T17:58:14.119878Z,curated_source_record
1985506,VCV001985506,NM_000405.5(GM2A):c.137C>A (p.Ala46Glu),GM2A,GM2A,GM2 gangliosidosis,,Uncertain significance,"criteria provided, single submitter",2024/02/24 00:00,single nucleotide variant,"GM2A[gene] AND ""GM2 gangliosidosis""[All Fields]",https://www.ncbi.nlm.nih.gov/clinvar/,2026-10-03T17:58:14.119878Z,curated_source_record
1983204,VCV001983204,NM_000405.5(GM2A):c.13A>C (p.Met5Leu),GM2A,GM2A,GM2 gangliosidosis,,Uncertain significance,"criteria provided, single submitter",2022/06/21 00:00,single nucleotide variant,"GM2A[gene] AND ""GM2 gangliosidosis""[All Fields]",https://www.ncbi.nlm.nih.gov/clinvar/,2026-10-03T17:58:14.119878Z,curated_source_record
1982445,VCV001982445,NM_000405.5(GM2A):c.538C>T (p.Arg180Cys),GM2A,GM2A,GM2 gangliosidosis,,Uncertain significance,"criteria provided, single submitter",2022/08/23 00:00,single nucleotide variant,"GM2A[gene] AND ""GM2 gangliosidosis""[All Fields]",https://www.ncbi.nlm.nih.gov/clinvar/,2026-10-03T17:58:14.119878Z,curated_source_record
1975486,VCV001975486,NM_000405.5(GM2A):c.428G>A (p.Gly143Glu),GM2A,GM2A,GM2 gangliosidosis,,Uncertain significance,"criteria provided, single submitter",2022/07/19 00:00,single nucleotide variant,"GM2A[gene] AND ""GM2 gangliosidosis""[All Fields]",https://www.ncbi.nlm.nih.gov/clinvar/,2026-10-03T17:58:14.119878Z,curated_source_record
1968113,VCV001968113,NM_000405.5(GM2A):c.203T>C (p.Val68Ala),GM2A,GM2A,GM2 gangliosidosis,,Uncertain significance,"criteria provided, single submitter",2022/07/25 00:00,single nucleotide variant,"GM2A[gene] AND ""GM2 gangliosidosis""[All Fields]",https://www.ncbi.nlm.nih.gov/clinvar/,2026-10-03T17:58:14.119878Z,curated_source_record
1942317,VCV001942317,NM_000405.5(GM2A):c.244-15A>T,GM2A,GM2A,GM2 gangliosidosis,,Likely benign,"criteria provided, single submitter",2023/10/03 00:00,single nucleotide variant,"GM2A[gene] AND ""GM2 gangliosidosis""[All Fields]",https://www.ncbi.nlm.nih.gov/clinvar/,2026-10-03T17:58:14.119878Z,curated_source_record
1922999,VCV001922999,NM_000405.5(GM2A):c.244-6del,GM2A,GM2A,GM2 gangliosidosis,,Benign,"criteria provided, single submitter",2025/12/29 00:00,Deletion,"GM2A[gene] AND ""GM2 gangliosidosis""[All Fields]",https://www.ncbi.nlm.nih.gov/clinvar/,2026-10-03T17:58:14.119878Z,curated_source_record
1904672,VCV001904672,NM_000405.5(GM2A):c.505C>A (p.Arg169Ser),GM2A,GM2A,GM2 gangliosidosis,,Uncertain significance,"criteria provided, multiple submitters, no conflicts",2024/10/28 00:00,single nucleotide variant,"GM2A[gene] AND ""GM2 gangliosidosis""[All Fields]",https://www.ncbi.nlm.nih.gov/clinvar/,2026-10-03T17:58:14.119878Z,curated_source_record
1699419,VCV001699419,NM_000405.5(GM2A):c.209del (p.Gly70fs),GM2A,GM2A,GM2 gangliosidosis,,Pathogenic,"criteria provided, single submitter",2022/02/02 00:00,Deletion,"GM2A[gene] AND ""GM2 gangliosidosis""[All Fields]",https://www.ncbi.nlm.nih.gov/clinvar/,2026-10-03T17:58:14.119878Z,curated_source_record
1649650,VCV001649650,NM_000405.5(GM2A):c.24C>T (p.Pro8=),GM2A,GM2A,GM2 gangliosidosis,,Likely benign,"criteria provided, single submitter",2023/07/07 00:00,single nucleotide variant,"GM2A[gene] AND ""GM2 gangliosidosis""[All Fields]",https://www.ncbi.nlm.nih.gov/clinvar/,2026-10-03T17:58:14.119878Z,curated_source_record
1645550,VCV001645550,NM_000405.5(GM2A):c.82-8G>C,GM2A,GM2A,GM2 gangliosidosis,,Likely benign,"criteria provided, single submitter",2025/07/21 00:00,single nucleotide variant,"GM2A[gene] AND ""GM2 gangliosidosis""[All Fields]",https://www.ncbi.nlm.nih.gov/clinvar/,2026-10-03T17:58:14.119878Z,curated_source_record
1622874,VCV001622874,NM_000405.5(GM2A):c.195C>T (p.Thr65=),GM2A,GM2A,GM2 gangliosidosis,,Likely benign,"criteria provided, single submitter",2025/07/21 00:00,single nucleotide variant,"GM2A[gene] AND ""GM2 gangliosidosis""[All Fields]",https://www.ncbi.nlm.nih.gov/clinvar/,2026-10-03T17:58:14.119878Z,curated_source_record
1616605,VCV001616605,NM_000405.5(GM2A):c.244-13T>G,GM2A,GM2A,GM2 gangliosidosis,,Likely benign,"criteria provided, single submitter",2025/01/05 00:00,single nucleotide variant,"GM2A[gene] AND ""GM2 gangliosidosis""[All Fields]",https://www.ncbi.nlm.nih.gov/clinvar/,2026-10-03T17:58:14.119878Z,curated_source_record
1613912,VCV001613912,NM_000405.5(GM2A):c.244-6T>C,GM2A,GM2A,GM2 gangliosidosis,,Likely benign,"criteria provided, single submitter",2022/10/03 00:00,single nucleotide variant,"GM2A[gene] AND ""GM2 gangliosidosis""[All Fields]",https://www.ncbi.nlm.nih.gov/clinvar/,2026-10-03T17:58:14.119878Z,curated_source_record
1584036,VCV001584036,NM_000405.5(GM2A):c.177C>T (p.Ile59=),GM2A,GM2A,GM2 gangliosidosis,,Likely benign,"criteria provided, multiple submitters, no conflicts",2024/11/09 00:00,single nucleotide variant,"GM2A[gene] AND ""GM2 gangliosidosis""[All Fields]",https://www.ncbi.nlm.nih.gov/clinvar/,2026-10-03T17:58:14.119878Z,curated_source_record
1578160,VCV001578160,NM_000405.5(GM2A):c.82-15C>T,GM2A,GM2A,GM2 gangliosidosis,,Likely benign,"criteria provided, single submitter",2025/03/19 00:00,single nucleotide variant,"GM2A[gene] AND ""GM2 gangliosidosis""[All Fields]",https://www.ncbi.nlm.nih.gov/clinvar/,2026-10-03T17:58:14.119878Z,curated_source_record
1540710,VCV001540710,NM_000405.5(GM2A):c.516C>T (p.Ser172=),GM2A,GM2A,GM2 gangliosidosis,,Likely benign,"criteria provided, single submitter",2025/01/05 00:00,single nucleotide variant,"GM2A[gene] AND ""GM2 gangliosidosis""[All Fields]",https://www.ncbi.nlm.nih.gov/clinvar/,2026-10-03T17:58:14.119878Z,curated_source_record
1535849,VCV001535849,NM_000405.5(GM2A):c.450C>T (p.Ser150=),GM2A,GM2A,GM2 gangliosidosis,,Likely benign,"criteria provided, single submitter",2025/03/27 00:00,single nucleotide variant,"GM2A[gene] AND ""GM2 gangliosidosis""[All Fields]",https://www.ncbi.nlm.nih.gov/clinvar/,2026-10-03T17:58:14.119878Z,curated_source_record
1511063,VCV001511063,NM_000405.5(GM2A):c.139G>A (p.Val47Met),GM2A,GM2A,GM2 gangliosidosis,,Uncertain significance,"criteria provided, single submitter",2024/12/02 00:00,single nucleotide variant,"GM2A[gene] AND ""GM2 gangliosidosis""[All Fields]",https://www.ncbi.nlm.nih.gov/clinvar/,2026-10-03T17:58:14.119878Z,curated_source_record
1492776,VCV001492776,NM_000405.5(GM2A):c.178G>C (p.Val60Leu),GM2A,GM2A,GM2 gangliosidosis,,Uncertain significance,"criteria provided, single submitter",2023/07/07 00:00,single nucleotide variant,"GM2A[gene] AND ""GM2 gangliosidosis""[All Fields]",https://www.ncbi.nlm.nih.gov/clinvar/,2026-10-03T17:58:14.119878Z,curated_source_record
1428207,VCV001428207,NM_000405.5(GM2A):c.178G>A (p.Val60Ile),GM2A,GM2A,GM2 gangliosidosis,,Uncertain significance,"criteria provided, single submitter",2021/08/31 00:00,single nucleotide variant,"GM2A[gene] AND ""GM2 gangliosidosis""[All Fields]",https://www.ncbi.nlm.nih.gov/clinvar/,2026-10-03T17:58:14.119878Z,curated_source_record
1420229,VCV001420229,NM_000405.5(GM2A):c.244G>C (p.Val82Leu),GM2A,GM2A,GM2 gangliosidosis,,Uncertain significance,"criteria provided, multiple submitters, no conflicts",2024/02/14 00:00,single nucleotide variant,"GM2A[gene] AND ""GM2 gangliosidosis""[All Fields]",https://www.ncbi.nlm.nih.gov/clinvar/,2026-10-03T17:58:14.119878Z,curated_source_record
1397542,VCV001397542,NM_000405.5(GM2A):c.496G>A (p.Gly166Arg),GM2A,GM2A,GM2 gangliosidosis,,Uncertain significance,"criteria provided, single submitter",2021/12/24 00:00,single nucleotide variant,"GM2A[gene] AND ""GM2 gangliosidosis""[All Fields]",https://www.ncbi.nlm.nih.gov/clinvar/,2026-10-03T17:58:14.119878Z,curated_source_record
1388998,VCV001388998,NM_000405.5(GM2A):c.85T>C (p.Ser29Pro),GM2A,GM2A,GM2 gangliosidosis,,Uncertain significance,"criteria provided, single submitter",2022/02/09 00:00,single nucleotide variant,"GM2A[gene] AND ""GM2 gangliosidosis""[All Fields]",https://www.ncbi.nlm.nih.gov/clinvar/,2026-10-03T17:58:14.119878Z,curated_source_record
1376354,VCV001376354,NM_000405.5(GM2A):c.538C>A (p.Arg180Ser),GM2A,GM2A,GM2 gangliosidosis,,Uncertain significance,"criteria provided, multiple submitters, no conflicts",2021/12/08 00:00,single nucleotide variant,"GM2A[gene] AND ""GM2 gangliosidosis""[All Fields]",https://www.ncbi.nlm.nih.gov/clinvar/,2026-10-03T17:58:14.119878Z,curated_source_record
1367470,VCV001367470,NM_000405.5(GM2A):c.388C>T (p.Arg130Cys),GM2A,GM2A,GM2 gangliosidosis,,Uncertain significance,"criteria provided, single submitter",2022/08/23 00:00,single nucleotide variant,"GM2A[gene] AND ""GM2 gangliosidosis""[All Fields]",https://www.ncbi.nlm.nih.gov/clinvar/,2026-10-03T17:58:14.119878Z,curated_source_record
1362753,VCV001362753,NM_000405.5(GM2A):c.207G>A (p.Met69Ile),GM2A,GM2A,GM2 gangliosidosis,,Uncertain significance,"criteria provided, single submitter",2022/01/16 00:00,single nucleotide variant,"GM2A[gene] AND ""GM2 gangliosidosis""[All Fields]",https://www.ncbi.nlm.nih.gov/clinvar/,2026-10-03T17:58:14.119878Z,curated_source_record
1350409,VCV001350409,NM_000405.5(GM2A):c.506G>A (p.Arg169His),GM2A,GM2A,GM2 gangliosidosis,,Uncertain significance,"criteria provided, multiple submitters, no conflicts",2022/08/31 00:00,single nucleotide variant,"GM2A[gene] AND ""GM2 gangliosidosis""[All Fields]",https://www.ncbi.nlm.nih.gov/clinvar/,2026-10-03T17:58:14.119878Z,curated_source_record
1349635,VCV001349635,NM_000405.5(GM2A):c.278_279delinsGT (p.Leu93Arg),GM2A,GM2A,GM2 gangliosidosis,,Uncertain significance,"criteria provided, single submitter",2022/03/03 00:00,Indel,"GM2A[gene] AND ""GM2 gangliosidosis""[All Fields]",https://www.ncbi.nlm.nih.gov/clinvar/,2026-10-03T17:58:14.119878Z,curated_source_record
1324484,VCV001324484,NM_000405.5(GM2A):c.4C>T (p.Gln2Ter),GM2A,GM2A,GM2 gangliosidosis,,Likely pathogenic,"criteria provided, single submitter",2021/09/06 00:00,single nucleotide variant,"GM2A[gene] AND ""GM2 gangliosidosis""[All Fields]",https://www.ncbi.nlm.nih.gov/clinvar/,2026-10-03T17:58:14.119878Z,curated_source_record
1305434,VCV001305434,NM_000405.5(GM2A):c.367del (p.Glu123fs),GM2A,GM2A,GM2 gangliosidosis,,Likely pathogenic,"criteria provided, multiple submitters, no conflicts",2025/11/26 00:00,Deletion,"GM2A[gene] AND ""GM2 gangliosidosis""[All Fields]",https://www.ncbi.nlm.nih.gov/clinvar/,2026-10-03T17:58:14.119878Z,curated_source_record
1178787,VCV001178787,NM_000405.5(GM2A):c.346G>C (p.Asp116His),GM2A,GM2A,GM2 gangliosidosis,,Uncertain significance,"criteria provided, multiple submitters, no conflicts",2025/08/08 00:00,single nucleotide variant,"GM2A[gene] AND ""GM2 gangliosidosis""[All Fields]",https://www.ncbi.nlm.nih.gov/clinvar/,2026-10-03T17:58:14.119878Z,curated_source_record
1084911,VCV001084911,NM_000405.5(GM2A):c.495C>T (p.Thr165=),GM2A,GM2A,GM2 gangliosidosis,,Likely benign,"criteria provided, single submitter",2025/04/08 00:00,single nucleotide variant,"GM2A[gene] AND ""GM2 gangliosidosis""[All Fields]",https://www.ncbi.nlm.nih.gov/clinvar/,2026-10-03T17:58:14.119878Z,curated_source_record
1040377,VCV001040377,NM_000405.5(GM2A):c.276_277delinsTT (p.Leu93Phe),GM2A,GM2A,GM2 gangliosidosis,,Uncertain significance,"criteria provided, single submitter",2020/01/20 00:00,Indel,"GM2A[gene] AND ""GM2 gangliosidosis""[All Fields]",https://www.ncbi.nlm.nih.gov/clinvar/,2026-10-03T17:58:14.119878Z,curated_source_record
1036575,VCV001036575,NM_000405.5(GM2A):c.575G>T (p.Gly192Val),GM2A,GM2A,GM2 gangliosidosis,,Uncertain significance,"criteria provided, multiple submitters, no conflicts",2026/08/04 00:00,single nucleotide variant,"GM2A[gene] AND ""GM2 gangliosidosis""[All Fields]",https://www.ncbi.nlm.nih.gov/clinvar/,2026-10-03T17:58:14.119878Z,curated_source_record
1029826,VCV001029826,NM_000405.5(GM2A):c.427-13G>A,GM2A,GM2A,GM2 gangliosidosis,,Uncertain significance,"criteria provided, single submitter",2020/02/10 00:00,single nucleotide variant,"GM2A[gene] AND ""GM2 gangliosidosis""[All Fields]",https://www.ncbi.nlm.nih.gov/clinvar/,2026-10-03T17:58:14.119878Z,curated_source_record
1029825,VCV001029825,NM_000405.5(GM2A):c.308T>C (p.Ile103Thr),GM2A,GM2A,GM2 gangliosidosis,,Uncertain significance,"criteria provided, multiple submitters, no conflicts",2024/03/29 00:00,single nucleotide variant,"GM2A[gene] AND ""GM2 gangliosidosis""[All Fields]",https://www.ncbi.nlm.nih.gov/clinvar/,2026-10-03T17:58:14.119878Z,curated_source_record
976256,VCV000976256,NM_000405.5(GM2A):c.262_264del (p.Lys88del),GM2A,GM2A,GM2 gangliosidosis,,Likely pathogenic,"criteria provided, single submitter",2020/01/20 00:00,Deletion,"GM2A[gene] AND ""GM2 gangliosidosis""[All Fields]",https://www.ncbi.nlm.nih.gov/clinvar/,2026-10-03T17:58:14.119878Z,curated_source_record
