edge_id,source_id,edge_type,target_id,assertion_level,evidence_id,confidence,source_url,notes,method,score_name,primary_score,minimum_coverage_pct,aligned_residue_pairs,high_confidence_ca_pairs,structure_comparison_id,source_model_version,target_model_version,limitations,properties_json
EDGE:E01-01,MONDO:0009261,HAS_GENE,GENE_SYMBOL:GLB1,curated,E-01,high,https://dismech.monarchinitiative.org/pages/disorders/GM1_Gangliosidosis_Type_2.html,GM1 type 2 is associated with GLB1 deficiency,,,,,,,,,,,
EDGE:E02-01,MONDO:0010100,IS_A,MONDO:0017720,curated,E-02,high,https://dismech.monarchinitiative.org/pages/groupings/GM2_Gangliosidoses.html,Tay-Sachs is a member of the GM2 gangliosidosis group,,,,,,,,,,,
EDGE:E02-02,MONDO:0010006,IS_A,MONDO:0017720,curated,E-02,high,https://dismech.monarchinitiative.org/pages/groupings/GM2_Gangliosidoses.html,Sandhoff is a member of the GM2 gangliosidosis group,,,,,,,,,,,
EDGE:E03-01,MONDO:0017720,INVOLVES_GENE,GENE_SYMBOL:HEXA,curated,E-03,high,https://dismech.monarchinitiative.org/pages/groupings/GM2_Gangliosidoses.html,GM2 degradation uses the HEXA product,,,,,,,,,,,
EDGE:E03-02,MONDO:0017720,INVOLVES_GENE,GENE_SYMBOL:HEXB,curated,E-03,high,https://dismech.monarchinitiative.org/pages/groupings/GM2_Gangliosidoses.html,GM2 degradation uses the HEXB product,,,,,,,,,,,
EDGE:E03-03,MONDO:0017720,INVOLVES_GENE,GENE_SYMBOL:GM2A,curated,E-03,high,https://dismech.monarchinitiative.org/pages/groupings/GM2_Gangliosidoses.html,GM2 degradation uses the GM2A product,,,,,,,,,,,
EDGE:E04-01,NCT:NCT05109793,STUDIES,MONDO:0018149,curated,E-04,high,https://clinicaltrials.gov/study/NCT05109793,Study record includes GM1 gangliosidosis,,,,,,,,,,,
EDGE:E04-02,NCT:NCT05109793,STUDIES,MONDO:0010006,curated,E-04,high,https://clinicaltrials.gov/study/NCT05109793,Study record includes Sandhoff disease,,,,,,,,,,,
EDGE:E04-03,NCT:NCT05109793,STUDIES,MONDO:0010100,curated,E-04,high,https://clinicaltrials.gov/study/NCT05109793,Study record includes Tay-Sachs disease,,,,,,,,,,,
EDGE:E05-01,NCT:NCT00029965,RESEARCH_ASSET_FOR,MONDO:0018149,curated,E-05,medium,https://ntsad.org/ntsad-research/research-for-families-and-individuals/natural-history-studies/,NTSAD lists GM1 within this natural history resource,,,,,,,,,,,
EDGE:E05-02,NCT:NCT00029965,RESEARCH_ASSET_FOR,MONDO:0017720,curated,E-05,medium,https://ntsad.org/ntsad-research/research-for-families-and-individuals/natural-history-studies/,NTSAD lists GM2 within this natural history resource,,,,,,,,,,,
EDGE:E06-01,NCT:NCT07054515,STUDIES,MONDO:0018149,curated,E-06,medium,https://ntsad.org/ntsad-research/clinical-trials/,The master protocol includes a GM1 cohort,,,,,,,,,,,
EDGE:E06-02,NCT:NCT07054515,STUDIES,MONDO:0017720,curated,E-06,medium,https://ntsad.org/ntsad-research/clinical-trials/,The master protocol includes GM2 cohorts,,,,,,,,,,,
EDGE:E07-01,ORG:CURE_GM1,SUPPORTS,MONDO:0018149,curated,E-07,high,https://www.curegm1.org/,Patient-led GM1 research and support organization,,,,,,,,,,,
EDGE:E08-01,ORG:NTSAD,SUPPORTS,MONDO:0017720,curated,E-08,high,https://ntsad.org/about-ntsad/,Patient organization with GM2 research resources,,,,,,,,,,,
EDGE:E09-01,NCT:NCT04470713,RESEARCH_ASSET_FOR,MONDO:0018149,curated,E-09,medium,https://ntsad.org/ntsad-research/research-for-families-and-individuals/natural-history-studies/,Shared natural history listing includes GM1,,,,,,,,,,,
EDGE:E09-02,NCT:NCT04470713,RESEARCH_ASSET_FOR,MONDO:0017720,curated,E-09,medium,https://ntsad.org/ntsad-research/research-for-families-and-individuals/natural-history-studies/,Shared natural history listing includes GM2,,,,,,,,,,,
EDGE:E09-03,NCT:NCT04470713,RESEARCH_ASSET_FOR,MONDO:0009266,curated,E-09,medium,https://ntsad.org/ntsad-research/research-for-families-and-individuals/natural-history-studies/,Shared natural history listing includes Gaucher type II,,,,,,,,,,,
EDGE:REL-01,MONDO:0018149,RESEARCH_NEIGHBOR,MONDO:0017720,inferred,E-04,medium,https://ntsad.org/ntsad-research/research-for-families-and-individuals/natural-history-studies/,Shared research asset creates a research-neighbor link,,,,,,,,,,,
EDGE:REL-02,MONDO:0018149,RESOURCE_NEIGHBOR,MONDO:0009266,inferred,E-09,low,https://ntsad.org/ntsad-research/research-for-families-and-individuals/natural-history-studies/,Shared study makes this a resource neighbor only,,,,,,,,,,,
EDGE:SUP-01,MONDO:0009261,SUPPORTED_BY,EVIDENCE:E-01,curated,E-01,high,https://dismech.monarchinitiative.org/pages/disorders/GM1_Gangliosidosis_Type_2.html,Source record for the disease-gene edge,,,,,,,,,,,
EDGE:SUP-02,MONDO:0010100,SUPPORTED_BY,EVIDENCE:E-02,curated,E-02,high,https://dismech.monarchinitiative.org/pages/groupings/GM2_Gangliosidoses.html,Source record for the group membership edge,,,,,,,,,,,
EDGE:SUP-03,MONDO:0010006,SUPPORTED_BY,EVIDENCE:E-02,curated,E-02,high,https://dismech.monarchinitiative.org/pages/groupings/GM2_Gangliosidoses.html,Source record for the group membership edge,,,,,,,,,,,
EDGE:SUP-04,MONDO:0017720,SUPPORTED_BY,EVIDENCE:E-03,curated,E-03,high,https://dismech.monarchinitiative.org/pages/groupings/GM2_Gangliosidoses.html,Source record for the GM2 mechanism edge,,,,,,,,,,,
EDGE:SUP-05,NCT:NCT05109793,SUPPORTED_BY,EVIDENCE:E-04,curated,E-04,high,https://ntsad.org/ntsad-research/research-for-families-and-individuals/natural-history-studies/,Source record for the shared natural history edge,,,,,,,,,,,
EDGE:SUP-06,NCT:NCT00029965,SUPPORTED_BY,EVIDENCE:E-05,curated,E-05,medium,https://ntsad.org/ntsad-research/research-for-families-and-individuals/natural-history-studies/,Source record for the natural history resource edge,,,,,,,,,,,
EDGE:SUP-07,NCT:NCT07054515,SUPPORTED_BY,EVIDENCE:E-06,curated,E-06,medium,https://ntsad.org/ntsad-research/clinical-trials/,Source record for the cross-disease trial-design edge,,,,,,,,,,,
EDGE:SUP-08,ORG:CURE_GM1,SUPPORTED_BY,EVIDENCE:E-07,curated,E-07,high,https://www.curegm1.org/,Source record for the organization edge,,,,,,,,,,,
EDGE:SUP-09,ORG:NTSAD,SUPPORTED_BY,EVIDENCE:E-08,curated,E-08,high,https://ntsad.org/about-ntsad/,Source record for the organization edge,,,,,,,,,,,
EDGE:SUP-10,NCT:NCT04470713,SUPPORTED_BY,EVIDENCE:E-09,curated,E-09,medium,https://ntsad.org/ntsad-research/research-for-families-and-individuals/natural-history-studies/,Source record for the cautionary resource edge,,,,,,,,,,,
EDGE:PROT-GLB1,GENE_SYMBOL:GLB1,ENCODES,UNIPROT:P16278,curated,P-01,high,https://rest.uniprot.org/uniprotkb/search,Reviewed human UniProt mapping for GLB1,,,,,,,,,,,
EDGE:PROT-HEXA,GENE_SYMBOL:HEXA,ENCODES,UNIPROT:P06865,curated,P-01,high,https://rest.uniprot.org/uniprotkb/search,Reviewed human UniProt mapping for HEXA,,,,,,,,,,,
EDGE:PROT-HEXB,GENE_SYMBOL:HEXB,ENCODES,UNIPROT:P07686,curated,P-01,high,https://rest.uniprot.org/uniprotkb/search,Reviewed human UniProt mapping for HEXB,,,,,,,,,,,
EDGE:PROT-GM2A,GENE_SYMBOL:GM2A,ENCODES,UNIPROT:P17900,curated,P-01,high,https://rest.uniprot.org/uniprotkb/search,Reviewed human UniProt mapping for GM2A,,,,,,,,,,,
EDGE:SIMSTRUCT-P06865-P07686,UNIPROT:P06865,SIMILAR_TO,UNIPROT:P07686,inferred,SIMSTRUCT_P06865_P07686,medium,https://alphafold.ebi.ac.uk/files/AF-P06865-F1-model_v6.pdb;https://alphafold.ebi.ac.uk/files/AF-P07686-F1-model_v6.pdb,"Computational research lead only: sequence-guided AlphaFold predicted-monomer C-alpha fit, RMSD 0.865 A across 483 mapped pairs with pLDDT >= 70.0; minimum mapped coverage 89.928%. This does not establish shared disease mechanism, substrate, or treatment response.",sequence_guided_ca_superposition_horn_quaternion_v0.1,sequence_guided_ca_rmsd_angstrom,0.865,89.928,500,483,SIMSTRUCT:sequence_guided_ca_superposition_horn_quaternion_v0.1:UNIPROT_P06865__UNIPROT_P07686,6,6,,
EDGE:CLX-ISA-MONDO:0008104-MONDO:0018997,MONDO:0008104,IS_A,MONDO:0018997,curated,CLX-MONDO,high,https://monarchinitiative.org/MONDO:0008104,MONDO is a (v2026-09-01).,,,,,,,,,,,
EDGE:CLX-ISA-MONDO:0008854-MONDO:0015229,MONDO:0008854,IS_A,MONDO:0015229,curated,CLX-MONDO,high,https://monarchinitiative.org/MONDO:0008854,MONDO is a (v2026-09-01).,,,,,,,,,,,
EDGE:CLX-ISA-MONDO:0008944-MONDO:0018772,MONDO:0008944,IS_A,MONDO:0018772,curated,CLX-MONDO,high,https://monarchinitiative.org/MONDO:0008944,MONDO is a (v2026-09-01).,,,,,,,,,,,
EDGE:CLX-ISA-MONDO:0009260-MONDO:0018149,MONDO:0009260,IS_A,MONDO:0018149,curated,CLX-MONDO,high,https://monarchinitiative.org/MONDO:0009260,MONDO is a (v2026-09-01).,,,,,,,,,,,
EDGE:CLX-ISA-MONDO:0009261-MONDO:0018149,MONDO:0009261,IS_A,MONDO:0018149,curated,CLX-MONDO,high,https://monarchinitiative.org/MONDO:0009261,MONDO is a (v2026-09-01).,,,,,,,,,,,
EDGE:CLX-ISA-MONDO:0009262-MONDO:0018149,MONDO:0009262,IS_A,MONDO:0018149,curated,CLX-MONDO,high,https://monarchinitiative.org/MONDO:0009262,MONDO is a (v2026-09-01).,,,,,,,,,,,
EDGE:CLX-ISA-MONDO:0009571-MONDO:0018921,MONDO:0009571,IS_A,MONDO:0018921,curated,CLX-MONDO,high,https://monarchinitiative.org/MONDO:0009571,MONDO is a (v2026-09-01).,,,,,,,,,,,
EDGE:CLX-ISA-MONDO:0009728-MONDO:0019005,MONDO:0009728,IS_A,MONDO:0019005,curated,CLX-MONDO,high,https://monarchinitiative.org/MONDO:0009728,MONDO is a (v2026-09-01).,,,,,,,,,,,
EDGE:CLX-ISA-MONDO:0010099-MONDO:0017720,MONDO:0010099,IS_A,MONDO:0017720,curated,CLX-MONDO,high,https://monarchinitiative.org/MONDO:0010099,MONDO is a (v2026-09-01).,,,,,,,,,,,
EDGE:CLX-ISA-MONDO:0011963-MONDO:0018772,MONDO:0011963,IS_A,MONDO:0018772,curated,CLX-MONDO,high,https://monarchinitiative.org/MONDO:0011963,MONDO is a (v2026-09-01).,,,,,,,,,,,
EDGE:CLX-ISA-MONDO:0012371-MONDO:0018997,MONDO:0012371,IS_A,MONDO:0018997,curated,CLX-MONDO,high,https://monarchinitiative.org/MONDO:0012371,MONDO is a (v2026-09-01).,,,,,,,,,,,
EDGE:CLX-ISA-MONDO:0012432-MONDO:0018772,MONDO:0012432,IS_A,MONDO:0018772,curated,CLX-MONDO,high,https://monarchinitiative.org/MONDO:0012432,MONDO is a (v2026-09-01).,,,,,,,,,,,
EDGE:CLX-ISA-MONDO:0012433-MONDO:0017842,MONDO:0012433,IS_A,MONDO:0017842,curated,CLX-MONDO,high,https://monarchinitiative.org/MONDO:0012433,MONDO is a (v2026-09-01).,,,,,,,,,,,
EDGE:CLX-ISA-MONDO:0012547-MONDO:0018997,MONDO:0012547,IS_A,MONDO:0018997,curated,CLX-MONDO,high,https://monarchinitiative.org/MONDO:0012547,MONDO is a (v2026-09-01).,,,,,,,,,,,
EDGE:CLX-ISA-MONDO:0012626-MONDO:0018921,MONDO:0012626,IS_A,MONDO:0018921,curated,CLX-MONDO,high,https://monarchinitiative.org/MONDO:0012626,MONDO is a (v2026-09-01).,,,,,,,,,,,
EDGE:CLX-ISA-MONDO:0012690-MONDO:0018997,MONDO:0012690,IS_A,MONDO:0018997,curated,CLX-MONDO,high,https://monarchinitiative.org/MONDO:0012690,MONDO is a (v2026-09-01).,,,,,,,,,,,
EDGE:CLX-ISA-MONDO:0013379-MONDO:0018997,MONDO:0013379,IS_A,MONDO:0018997,curated,CLX-MONDO,high,https://monarchinitiative.org/MONDO:0013379,MONDO is a (v2026-09-01).,,,,,,,,,,,
EDGE:CLX-ISA-MONDO:0014432-MONDO:0015229,MONDO:0014432,IS_A,MONDO:0015229,curated,CLX-MONDO,high,https://monarchinitiative.org/MONDO:0014432,MONDO is a (v2026-09-01).,,,,,,,,,,,
EDGE:CLX-ISA-MONDO:0014438-MONDO:0015229,MONDO:0014438,IS_A,MONDO:0015229,curated,CLX-MONDO,high,https://monarchinitiative.org/MONDO:0014438,MONDO is a (v2026-09-01).,,,,,,,,,,,
EDGE:CLX-GENE-MONDO:0014113-MAP2K1,MONDO:0014113,HAS_GENE,GENE_SYMBOL:MAP2K1,curated,CLX-HPO-G2D,high,https://hpo.jax.org/browse/disease/OMIM:615279,Mendelian gene-disease association in HPO (ftp://ftp.ncbi.nlm.nih.gov/gene/DATA/mim2gene_medgen).,,,,,,,,,,,
EDGE:CLX-GENE-MONDO:0011963-TMEM216,MONDO:0011963,HAS_GENE,GENE_SYMBOL:TMEM216,curated,CLX-HPO-G2D,high,https://hpo.jax.org/browse/disease/OMIM:608091,Mendelian gene-disease association in HPO (ftp://ftp.ncbi.nlm.nih.gov/gene/DATA/mim2gene_medgen).,,,,,,,,,,,
EDGE:CLX-GENE-MONDO:0008944-INPP5E,MONDO:0008944,HAS_GENE,GENE_SYMBOL:INPP5E,curated,CLX-HPO-G2D,high,https://hpo.jax.org/browse/disease/OMIM:213300,Mendelian gene-disease association in HPO (ftp://ftp.ncbi.nlm.nih.gov/gene/DATA/mim2gene_medgen).,,,,,,,,,,,
EDGE:CLX-GENE-MONDO:0012690-RAF1,MONDO:0012690,HAS_GENE,GENE_SYMBOL:RAF1,curated,CLX-HPO-G2D,high,https://hpo.jax.org/browse/disease/OMIM:611553,Mendelian gene-disease association in HPO (ftp://ftp.ncbi.nlm.nih.gov/gene/DATA/mim2gene_medgen).,,,,,,,,,,,
EDGE:CLX-GENE-MONDO:0008763-ALMS1,MONDO:0008763,HAS_GENE,GENE_SYMBOL:ALMS1,curated,CLX-HPO-G2D,high,https://hpo.jax.org/browse/disease/OMIM:203800,Mendelian gene-disease association in HPO (ftp://ftp.ncbi.nlm.nih.gov/gene/DATA/mim2gene_medgen).,,,,,,,,,,,
EDGE:CLX-GENE-MONDO:0009026-HRAS,MONDO:0009026,HAS_GENE,GENE_SYMBOL:HRAS,curated,CLX-HPO-G2D,high,https://hpo.jax.org/browse/disease/OMIM:218040,Mendelian gene-disease association in HPO (ftp://ftp.ncbi.nlm.nih.gov/gene/DATA/mim2gene_medgen).,,,,,,,,,,,
EDGE:CLX-GENE-MONDO:0009267-GBA1,MONDO:0009267,HAS_GENE,GENE_SYMBOL:GBA1,curated,CLX-HPO-G2D,high,https://hpo.jax.org/browse/disease/OMIM:231000,Mendelian gene-disease association in HPO (ftp://ftp.ncbi.nlm.nih.gov/gene/DATA/mim2gene_medgen).,,,,,,,,,,,
EDGE:CLX-GENE-MONDO:0010079-ASPA,MONDO:0010079,HAS_GENE,GENE_SYMBOL:ASPA,curated,CLX-HPO-G2D,high,https://hpo.jax.org/browse/disease/OMIM:271900,Mendelian gene-disease association in HPO (ftp://ftp.ncbi.nlm.nih.gov/gene/DATA/mim2gene_medgen).,,,,,,,,,,,
EDGE:CLX-GENE-MONDO:0012669-SPRED1,MONDO:0012669,HAS_GENE,GENE_SYMBOL:SPRED1,curated,CLX-HPO-G2D,high,https://hpo.jax.org/browse/disease/OMIM:611431,Mendelian gene-disease association in HPO (ftp://ftp.ncbi.nlm.nih.gov/gene/DATA/mim2gene_medgen).,,,,,,,,,,,
EDGE:CLX-GENE-MONDO:0012432-CEP290,MONDO:0012432,HAS_GENE,GENE_SYMBOL:CEP290,curated,CLX-HPO-G2D,high,https://hpo.jax.org/browse/disease/OMIM:610188,Mendelian gene-disease association in HPO (ftp://ftp.ncbi.nlm.nih.gov/gene/DATA/mim2gene_medgen).,,,,,,,,,,,
EDGE:CLX-GENE-MONDO:0012433-CEP290,MONDO:0012433,HAS_GENE,GENE_SYMBOL:CEP290,curated,CLX-HPO-G2D,high,https://hpo.jax.org/browse/disease/OMIM:610189,Mendelian gene-disease association in HPO (ftp://ftp.ncbi.nlm.nih.gov/gene/DATA/mim2gene_medgen).,,,,,,,,,,,
EDGE:CLX-GENE-MONDO:0009738-NEU1,MONDO:0009738,HAS_GENE,GENE_SYMBOL:NEU1,curated,CLX-HPO-G2D,high,https://hpo.jax.org/browse/disease/OMIM:256550,Mendelian gene-disease association in HPO (ftp://ftp.ncbi.nlm.nih.gov/gene/DATA/mim2gene_medgen).,,,,,,,,,,,
EDGE:CLX-GENE-MONDO:0009737-CTSA,MONDO:0009737,HAS_GENE,GENE_SYMBOL:CTSA,curated,CLX-HPO-G2D,high,https://hpo.jax.org/browse/disease/OMIM:256540,Mendelian gene-disease association in HPO (ftp://ftp.ncbi.nlm.nih.gov/gene/DATA/mim2gene_medgen).,,,,,,,,,,,
EDGE:CLX-GENE-MONDO:0010006-HEXB,MONDO:0010006,HAS_GENE,GENE_SYMBOL:HEXB,curated,CLX-HPO-G2D,high,https://hpo.jax.org/browse/disease/OMIM:268800,Mendelian gene-disease association in HPO (ftp://ftp.ncbi.nlm.nih.gov/gene/DATA/mim2gene_medgen).,,,,,,,,,,,
EDGE:CLX-GENE-MONDO:0012547-SOS1,MONDO:0012547,HAS_GENE,GENE_SYMBOL:SOS1,curated,CLX-HPO-G2D,high,https://hpo.jax.org/browse/disease/OMIM:610733,Mendelian gene-disease association in HPO (ftp://ftp.ncbi.nlm.nih.gov/gene/DATA/mim2gene_medgen).,,,,,,,,,,,
EDGE:CLX-GENE-MONDO:0009260-GLB1,MONDO:0009260,HAS_GENE,GENE_SYMBOL:GLB1,curated,CLX-HPO-G2D,high,https://hpo.jax.org/browse/disease/OMIM:230500,Mendelian gene-disease association in HPO (ftp://ftp.ncbi.nlm.nih.gov/gene/DATA/mim2gene_medgen).,,,,,,,,,,,
EDGE:CLX-GENE-MONDO:0009660-GLB1,MONDO:0009660,HAS_GENE,GENE_SYMBOL:GLB1,curated,CLX-HPO-G2D,high,https://hpo.jax.org/browse/disease/OMIM:253010,Mendelian gene-disease association in HPO (ftp://ftp.ncbi.nlm.nih.gov/gene/DATA/mim2gene_medgen).,,,,,,,,,,,
EDGE:CLX-GENE-MONDO:0100082-PTPN11,MONDO:0100082,HAS_GENE,GENE_SYMBOL:PTPN11,curated,CLX-HPO-G2D,high,https://hpo.jax.org/browse/disease/OMIM:151100,Mendelian gene-disease association in HPO (ftp://ftp.ncbi.nlm.nih.gov/gene/DATA/mim2gene_medgen).,,,,,,,,,,,
EDGE:CLX-GENE-MONDO:0009218-ASAH1,MONDO:0009218,HAS_GENE,GENE_SYMBOL:ASAH1,curated,CLX-HPO-G2D,high,https://hpo.jax.org/browse/disease/OMIM:228000,Mendelian gene-disease association in HPO (ftp://ftp.ncbi.nlm.nih.gov/gene/DATA/mim2gene_medgen).,,,,,,,,,,,
EDGE:CLX-GENE-MONDO:0009659-GALNS,MONDO:0009659,HAS_GENE,GENE_SYMBOL:GALNS,curated,CLX-HPO-G2D,high,https://hpo.jax.org/browse/disease/OMIM:253000,Mendelian gene-disease association in HPO (ftp://ftp.ncbi.nlm.nih.gov/gene/DATA/mim2gene_medgen).,,,,,,,,,,,
EDGE:CLX-GENE-MONDO:0009262-GLB1,MONDO:0009262,HAS_GENE,GENE_SYMBOL:GLB1,curated,CLX-HPO-G2D,high,https://hpo.jax.org/browse/disease/OMIM:230650,Mendelian gene-disease association in HPO (ftp://ftp.ncbi.nlm.nih.gov/gene/DATA/mim2gene_medgen).,,,,,,,,,,,
EDGE:CLX-GENE-MONDO:0014432-BBS2,MONDO:0014432,HAS_GENE,GENE_SYMBOL:BBS2,curated,CLX-HPO-G2D,high,https://hpo.jax.org/browse/disease/OMIM:615981,Mendelian gene-disease association in HPO (ftp://ftp.ncbi.nlm.nih.gov/gene/DATA/mim2gene_medgen).,,,,,,,,,,,
EDGE:CLX-GENE-MONDO:0014438-BBS10,MONDO:0014438,HAS_GENE,GENE_SYMBOL:BBS10,curated,CLX-HPO-G2D,high,https://hpo.jax.org/browse/disease/OMIM:615987,Mendelian gene-disease association in HPO (ftp://ftp.ncbi.nlm.nih.gov/gene/DATA/mim2gene_medgen).,,,,,,,,,,,
EDGE:CLX-GENE-MONDO:0009266-GBA1,MONDO:0009266,HAS_GENE,GENE_SYMBOL:GBA1,curated,CLX-HPO-G2D,high,https://hpo.jax.org/browse/disease/OMIM:230900,Mendelian gene-disease association in HPO (ftp://ftp.ncbi.nlm.nih.gov/gene/DATA/mim2gene_medgen).,,,,,,,,,,,
EDGE:CLX-GENE-MONDO:0010099-GM2A,MONDO:0010099,HAS_GENE,GENE_SYMBOL:GM2A,curated,CLX-HPO-G2D,high,https://hpo.jax.org/browse/disease/OMIM:272750,Mendelian gene-disease association in HPO (ftp://ftp.ncbi.nlm.nih.gov/gene/DATA/mim2gene_medgen).,,,,,,,,,,,
EDGE:CLX-GENE-MONDO:0009265-GBA1,MONDO:0009265,HAS_GENE,GENE_SYMBOL:GBA1,curated,CLX-HPO-G2D,high,https://hpo.jax.org/browse/disease/OMIM:230800,Mendelian gene-disease association in HPO (ftp://ftp.ncbi.nlm.nih.gov/gene/DATA/mim2gene_medgen).,,,,,,,,,,,
EDGE:CLX-GENE-MONDO:0010526-GLA,MONDO:0010526,HAS_GENE,GENE_SYMBOL:GLA,curated,CLX-HPO-G2D,high,https://hpo.jax.org/browse/disease/OMIM:301500,Mendelian gene-disease association in HPO (ftp://ftp.ncbi.nlm.nih.gov/gene/DATA/mim2gene_medgen).,,,,,,,,,,,
EDGE:CLX-GENE-MONDO:0018975-NF1,MONDO:0018975,HAS_GENE,GENE_SYMBOL:NF1,curated,CLX-HPO-G2D,high,https://hpo.jax.org/browse/disease/OMIM:162200,Mendelian gene-disease association in HPO (ftp://ftp.ncbi.nlm.nih.gov/gene/DATA/mim2gene_medgen).,,,,,,,,,,,
EDGE:CLX-GENE-MONDO:0012371-KRAS,MONDO:0012371,HAS_GENE,GENE_SYMBOL:KRAS,curated,CLX-HPO-G2D,high,https://hpo.jax.org/browse/disease/OMIM:609942,Mendelian gene-disease association in HPO (ftp://ftp.ncbi.nlm.nih.gov/gene/DATA/mim2gene_medgen).,,,,,,,,,,,
EDGE:CLX-GENE-MONDO:0009757-NPC1,MONDO:0009757,HAS_GENE,GENE_SYMBOL:NPC1,curated,CLX-HPO-G2D,high,https://hpo.jax.org/browse/disease/OMIM:257220,Mendelian gene-disease association in HPO (ftp://ftp.ncbi.nlm.nih.gov/gene/DATA/mim2gene_medgen).,,,,,,,,,,,
EDGE:CLX-GENE-MONDO:0010100-HEXA,MONDO:0010100,HAS_GENE,GENE_SYMBOL:HEXA,curated,CLX-HPO-G2D,high,https://hpo.jax.org/browse/disease/OMIM:272800,Mendelian gene-disease association in HPO (ftp://ftp.ncbi.nlm.nih.gov/gene/DATA/mim2gene_medgen).,,,,,,,,,,,
EDGE:CLX-GENE-MONDO:0009756-SMPD1,MONDO:0009756,HAS_GENE,GENE_SYMBOL:SMPD1,curated,CLX-HPO-G2D,high,https://hpo.jax.org/browse/disease/OMIM:257200,Mendelian gene-disease association in HPO (ftp://ftp.ncbi.nlm.nih.gov/gene/DATA/mim2gene_medgen).,,,,,,,,,,,
EDGE:CLX-GENE-MONDO:0012626-CEP290,MONDO:0012626,HAS_GENE,GENE_SYMBOL:CEP290,curated,CLX-HPO-G2D,high,https://hpo.jax.org/browse/disease/OMIM:611134,Mendelian gene-disease association in HPO (ftp://ftp.ncbi.nlm.nih.gov/gene/DATA/mim2gene_medgen).,,,,,,,,,,,
EDGE:CLX-GENE-MONDO:0009499-GALC,MONDO:0009499,HAS_GENE,GENE_SYMBOL:GALC,curated,CLX-HPO-G2D,high,https://hpo.jax.org/browse/disease/OMIM:245200,Mendelian gene-disease association in HPO (ftp://ftp.ncbi.nlm.nih.gov/gene/DATA/mim2gene_medgen).,,,,,,,,,,,
EDGE:CLX-GENE-MONDO:0008854-BBS1,MONDO:0008854,HAS_GENE,GENE_SYMBOL:BBS1,curated,CLX-HPO-G2D,high,https://hpo.jax.org/browse/disease/OMIM:209900,Mendelian gene-disease association in HPO (ftp://ftp.ncbi.nlm.nih.gov/gene/DATA/mim2gene_medgen).,,,,,,,,,,,
EDGE:CLX-GENE-MONDO:0009591-ARSA,MONDO:0009591,HAS_GENE,GENE_SYMBOL:ARSA,curated,CLX-HPO-G2D,high,https://hpo.jax.org/browse/disease/OMIM:250100,Mendelian gene-disease association in HPO (ftp://ftp.ncbi.nlm.nih.gov/gene/DATA/mim2gene_medgen).,,,,,,,,,,,
EDGE:CLX-GENE-MONDO:0013379-BRAF,MONDO:0013379,HAS_GENE,GENE_SYMBOL:BRAF,curated,CLX-HPO-G2D,high,https://hpo.jax.org/browse/disease/OMIM:613706,Mendelian gene-disease association in HPO (ftp://ftp.ncbi.nlm.nih.gov/gene/DATA/mim2gene_medgen).,,,,,,,,,,,
EDGE:CLX-GENE-MONDO:0010589-FGD1,MONDO:0010589,HAS_GENE,GENE_SYMBOL:FGD1,curated,CLX-HPO-G2D,high,https://hpo.jax.org/browse/disease/OMIM:305400,Mendelian gene-disease association in HPO (ftp://ftp.ncbi.nlm.nih.gov/gene/DATA/mim2gene_medgen).,,,,,,,,,,,
EDGE:CLX-GENE-MONDO:0009571-MKS1,MONDO:0009571,HAS_GENE,GENE_SYMBOL:MKS1,curated,CLX-HPO-G2D,high,https://hpo.jax.org/browse/disease/OMIM:249000,Mendelian gene-disease association in HPO (ftp://ftp.ncbi.nlm.nih.gov/gene/DATA/mim2gene_medgen).,,,,,,,,,,,
EDGE:CLX-GENE-MONDO:0009728-NPHP1,MONDO:0009728,HAS_GENE,GENE_SYMBOL:NPHP1,curated,CLX-HPO-G2D,high,https://hpo.jax.org/browse/disease/OMIM:256100,Mendelian gene-disease association in HPO (ftp://ftp.ncbi.nlm.nih.gov/gene/DATA/mim2gene_medgen).,,,,,,,,,,,
EDGE:CLX-GENE-MONDO:0008104-PTPN11,MONDO:0008104,HAS_GENE,GENE_SYMBOL:PTPN11,curated,CLX-HPO-G2D,high,https://hpo.jax.org/browse/disease/OMIM:163950,Mendelian gene-disease association in HPO (ftp://ftp.ncbi.nlm.nih.gov/gene/DATA/mim2gene_medgen).,,,,,,,,,,,
EDGE:CLX-PW-MAP2K1-R-HSA-110056,GENE_SYMBOL:MAP2K1,PARTICIPATES_IN,REACTOME:R-HSA-110056,curated,CLX-REACTOME,high,https://reactome.org/content/detail/R-HSA-110056,MAP2K1 protein is a participant in this Reactome pathway.,,,,,,,,,,,
EDGE:CLX-PW-PTPN11-R-HSA-110056,GENE_SYMBOL:PTPN11,PARTICIPATES_IN,REACTOME:R-HSA-110056,curated,CLX-REACTOME,high,https://reactome.org/content/detail/R-HSA-110056,PTPN11 protein is a participant in this Reactome pathway.,,,,,,,,,,,
EDGE:CLX-PW-HRAS-R-HSA-112412,GENE_SYMBOL:HRAS,PARTICIPATES_IN,REACTOME:R-HSA-112412,curated,CLX-REACTOME,high,https://reactome.org/content/detail/R-HSA-112412,HRAS protein is a participant in this Reactome pathway.,,,,,,,,,,,
EDGE:CLX-PW-KRAS-R-HSA-112412,GENE_SYMBOL:KRAS,PARTICIPATES_IN,REACTOME:R-HSA-112412,curated,CLX-REACTOME,high,https://reactome.org/content/detail/R-HSA-112412,KRAS protein is a participant in this Reactome pathway.,,,,,,,,,,,
EDGE:CLX-PW-SOS1-R-HSA-112412,GENE_SYMBOL:SOS1,PARTICIPATES_IN,REACTOME:R-HSA-112412,curated,CLX-REACTOME,high,https://reactome.org/content/detail/R-HSA-112412,SOS1 protein is a participant in this Reactome pathway.,,,,,,,,,,,
EDGE:CLX-PW-HRAS-R-HSA-1169092,GENE_SYMBOL:HRAS,PARTICIPATES_IN,REACTOME:R-HSA-1169092,curated,CLX-REACTOME,high,https://reactome.org/content/detail/R-HSA-1169092,HRAS protein is a participant in this Reactome pathway.,,,,,,,,,,,
EDGE:CLX-PW-KRAS-R-HSA-1169092,GENE_SYMBOL:KRAS,PARTICIPATES_IN,REACTOME:R-HSA-1169092,curated,CLX-REACTOME,high,https://reactome.org/content/detail/R-HSA-1169092,KRAS protein is a participant in this Reactome pathway.,,,,,,,,,,,
EDGE:CLX-PW-HRAS-R-HSA-1250196,GENE_SYMBOL:HRAS,PARTICIPATES_IN,REACTOME:R-HSA-1250196,curated,CLX-REACTOME,high,https://reactome.org/content/detail/R-HSA-1250196,HRAS protein is a participant in this Reactome pathway.,,,,,,,,,,,
EDGE:CLX-PW-KRAS-R-HSA-1250196,GENE_SYMBOL:KRAS,PARTICIPATES_IN,REACTOME:R-HSA-1250196,curated,CLX-REACTOME,high,https://reactome.org/content/detail/R-HSA-1250196,KRAS protein is a participant in this Reactome pathway.,,,,,,,,,,,
EDGE:CLX-PW-SOS1-R-HSA-1250196,GENE_SYMBOL:SOS1,PARTICIPATES_IN,REACTOME:R-HSA-1250196,curated,CLX-REACTOME,high,https://reactome.org/content/detail/R-HSA-1250196,SOS1 protein is a participant in this Reactome pathway.,,,,,,,,,,,
EDGE:CLX-PW-HRAS-R-HSA-1250347,GENE_SYMBOL:HRAS,PARTICIPATES_IN,REACTOME:R-HSA-1250347,curated,CLX-REACTOME,high,https://reactome.org/content/detail/R-HSA-1250347,HRAS protein is a participant in this Reactome pathway.,,,,,,,,,,,
EDGE:CLX-PW-KRAS-R-HSA-1250347,GENE_SYMBOL:KRAS,PARTICIPATES_IN,REACTOME:R-HSA-1250347,curated,CLX-REACTOME,high,https://reactome.org/content/detail/R-HSA-1250347,KRAS protein is a participant in this Reactome pathway.,,,,,,,,,,,
EDGE:CLX-PW-SOS1-R-HSA-1250347,GENE_SYMBOL:SOS1,PARTICIPATES_IN,REACTOME:R-HSA-1250347,curated,CLX-REACTOME,high,https://reactome.org/content/detail/R-HSA-1250347,SOS1 protein is a participant in this Reactome pathway.,,,,,,,,,,,
EDGE:CLX-PW-BRAF-R-HSA-1295596,GENE_SYMBOL:BRAF,PARTICIPATES_IN,REACTOME:R-HSA-1295596,curated,CLX-REACTOME,high,https://reactome.org/content/detail/R-HSA-1295596,BRAF protein is a participant in this Reactome pathway.,,,,,,,,,,,
EDGE:CLX-PW-PTPN11-R-HSA-1295596,GENE_SYMBOL:PTPN11,PARTICIPATES_IN,REACTOME:R-HSA-1295596,curated,CLX-REACTOME,high,https://reactome.org/content/detail/R-HSA-1295596,PTPN11 protein is a participant in this Reactome pathway.,,,,,,,,,,,
EDGE:CLX-PW-HRAS-R-HSA-1433557,GENE_SYMBOL:HRAS,PARTICIPATES_IN,REACTOME:R-HSA-1433557,curated,CLX-REACTOME,high,https://reactome.org/content/detail/R-HSA-1433557,HRAS protein is a participant in this Reactome pathway.,,,,,,,,,,,
EDGE:CLX-PW-KRAS-R-HSA-1433557,GENE_SYMBOL:KRAS,PARTICIPATES_IN,REACTOME:R-HSA-1433557,curated,CLX-REACTOME,high,https://reactome.org/content/detail/R-HSA-1433557,KRAS protein is a participant in this Reactome pathway.,,,,,,,,,,,
EDGE:CLX-PW-PTPN11-R-HSA-1433557,GENE_SYMBOL:PTPN11,PARTICIPATES_IN,REACTOME:R-HSA-1433557,curated,CLX-REACTOME,high,https://reactome.org/content/detail/R-HSA-1433557,PTPN11 protein is a participant in this Reactome pathway.,,,,,,,,,,,
EDGE:CLX-PW-SOS1-R-HSA-1433557,GENE_SYMBOL:SOS1,PARTICIPATES_IN,REACTOME:R-HSA-1433557,curated,CLX-REACTOME,high,https://reactome.org/content/detail/R-HSA-1433557,SOS1 protein is a participant in this Reactome pathway.,,,,,,,,,,,
EDGE:CLX-PW-HRAS-R-HSA-167044,GENE_SYMBOL:HRAS,PARTICIPATES_IN,REACTOME:R-HSA-167044,curated,CLX-REACTOME,high,https://reactome.org/content/detail/R-HSA-167044,HRAS protein is a participant in this Reactome pathway.,,,,,,,,,,,
EDGE:CLX-PW-KRAS-R-HSA-167044,GENE_SYMBOL:KRAS,PARTICIPATES_IN,REACTOME:R-HSA-167044,curated,CLX-REACTOME,high,https://reactome.org/content/detail/R-HSA-167044,KRAS protein is a participant in this Reactome pathway.,,,,,,,,,,,
EDGE:CLX-PW-SOS1-R-HSA-167044,GENE_SYMBOL:SOS1,PARTICIPATES_IN,REACTOME:R-HSA-167044,curated,CLX-REACTOME,high,https://reactome.org/content/detail/R-HSA-167044,SOS1 protein is a participant in this Reactome pathway.,,,,,,,,,,,
EDGE:CLX-PW-BRAF-R-HSA-170968,GENE_SYMBOL:BRAF,PARTICIPATES_IN,REACTOME:R-HSA-170968,curated,CLX-REACTOME,high,https://reactome.org/content/detail/R-HSA-170968,BRAF protein is a participant in this Reactome pathway.,,,,,,,,,,,
EDGE:CLX-PW-MAP2K1-R-HSA-170968,GENE_SYMBOL:MAP2K1,PARTICIPATES_IN,REACTOME:R-HSA-170968,curated,CLX-REACTOME,high,https://reactome.org/content/detail/R-HSA-170968,MAP2K1 protein is a participant in this Reactome pathway.,,,,,,,,,,,
EDGE:CLX-PW-HRAS-R-HSA-171007,GENE_SYMBOL:HRAS,PARTICIPATES_IN,REACTOME:R-HSA-171007,curated,CLX-REACTOME,high,https://reactome.org/content/detail/R-HSA-171007,HRAS protein is a participant in this Reactome pathway.,,,,,,,,,,,
EDGE:CLX-PW-KRAS-R-HSA-171007,GENE_SYMBOL:KRAS,PARTICIPATES_IN,REACTOME:R-HSA-171007,curated,CLX-REACTOME,high,https://reactome.org/content/detail/R-HSA-171007,KRAS protein is a participant in this Reactome pathway.,,,,,,,,,,,
EDGE:CLX-PW-HRAS-R-HSA-179812,GENE_SYMBOL:HRAS,PARTICIPATES_IN,REACTOME:R-HSA-179812,curated,CLX-REACTOME,high,https://reactome.org/content/detail/R-HSA-179812,HRAS protein is a participant in this Reactome pathway.,,,,,,,,,,,
EDGE:CLX-PW-KRAS-R-HSA-179812,GENE_SYMBOL:KRAS,PARTICIPATES_IN,REACTOME:R-HSA-179812,curated,CLX-REACTOME,high,https://reactome.org/content/detail/R-HSA-179812,KRAS protein is a participant in this Reactome pathway.,,,,,,,,,,,
EDGE:CLX-PW-SOS1-R-HSA-179812,GENE_SYMBOL:SOS1,PARTICIPATES_IN,REACTOME:R-HSA-179812,curated,CLX-REACTOME,high,https://reactome.org/content/detail/R-HSA-179812,SOS1 protein is a participant in this Reactome pathway.,,,,,,,,,,,
EDGE:CLX-PW-HRAS-R-HSA-180336,GENE_SYMBOL:HRAS,PARTICIPATES_IN,REACTOME:R-HSA-180336,curated,CLX-REACTOME,high,https://reactome.org/content/detail/R-HSA-180336,HRAS protein is a participant in this Reactome pathway.,,,,,,,,,,,
EDGE:CLX-PW-KRAS-R-HSA-180336,GENE_SYMBOL:KRAS,PARTICIPATES_IN,REACTOME:R-HSA-180336,curated,CLX-REACTOME,high,https://reactome.org/content/detail/R-HSA-180336,KRAS protein is a participant in this Reactome pathway.,,,,,,,,,,,
EDGE:CLX-PW-SOS1-R-HSA-180336,GENE_SYMBOL:SOS1,PARTICIPATES_IN,REACTOME:R-HSA-180336,curated,CLX-REACTOME,high,https://reactome.org/content/detail/R-HSA-180336,SOS1 protein is a participant in this Reactome pathway.,,,,,,,,,,,
EDGE:CLX-PW-HRAS-R-HSA-186763,GENE_SYMBOL:HRAS,PARTICIPATES_IN,REACTOME:R-HSA-186763,curated,CLX-REACTOME,high,https://reactome.org/content/detail/R-HSA-186763,HRAS protein is a participant in this Reactome pathway.,,,,,,,,,,,
EDGE:CLX-PW-KRAS-R-HSA-186763,GENE_SYMBOL:KRAS,PARTICIPATES_IN,REACTOME:R-HSA-186763,curated,CLX-REACTOME,high,https://reactome.org/content/detail/R-HSA-186763,KRAS protein is a participant in this Reactome pathway.,,,,,,,,,,,
EDGE:CLX-PW-PTPN11-R-HSA-186763,GENE_SYMBOL:PTPN11,PARTICIPATES_IN,REACTOME:R-HSA-186763,curated,CLX-REACTOME,high,https://reactome.org/content/detail/R-HSA-186763,PTPN11 protein is a participant in this Reactome pathway.,,,,,,,,,,,
EDGE:CLX-PW-SOS1-R-HSA-186763,GENE_SYMBOL:SOS1,PARTICIPATES_IN,REACTOME:R-HSA-186763,curated,CLX-REACTOME,high,https://reactome.org/content/detail/R-HSA-186763,SOS1 protein is a participant in this Reactome pathway.,,,,,,,,,,,
EDGE:CLX-PW-FGD1-R-HSA-193648,GENE_SYMBOL:FGD1,PARTICIPATES_IN,REACTOME:R-HSA-193648,curated,CLX-REACTOME,high,https://reactome.org/content/detail/R-HSA-193648,FGD1 protein is a participant in this Reactome pathway.,,,,,,,,,,,
EDGE:CLX-PW-SOS1-R-HSA-193648,GENE_SYMBOL:SOS1,PARTICIPATES_IN,REACTOME:R-HSA-193648,curated,CLX-REACTOME,high,https://reactome.org/content/detail/R-HSA-193648,SOS1 protein is a participant in this Reactome pathway.,,,,,,,,,,,
EDGE:CLX-PW-HRAS-R-HSA-1963640,GENE_SYMBOL:HRAS,PARTICIPATES_IN,REACTOME:R-HSA-1963640,curated,CLX-REACTOME,high,https://reactome.org/content/detail/R-HSA-1963640,HRAS protein is a participant in this Reactome pathway.,,,,,,,,,,,
EDGE:CLX-PW-KRAS-R-HSA-1963640,GENE_SYMBOL:KRAS,PARTICIPATES_IN,REACTOME:R-HSA-1963640,curated,CLX-REACTOME,high,https://reactome.org/content/detail/R-HSA-1963640,KRAS protein is a participant in this Reactome pathway.,,,,,,,,,,,
EDGE:CLX-PW-SOS1-R-HSA-1963640,GENE_SYMBOL:SOS1,PARTICIPATES_IN,REACTOME:R-HSA-1963640,curated,CLX-REACTOME,high,https://reactome.org/content/detail/R-HSA-1963640,SOS1 protein is a participant in this Reactome pathway.,,,,,,,,,,,
EDGE:CLX-PW-GALNS-R-HSA-2022857,GENE_SYMBOL:GALNS,PARTICIPATES_IN,REACTOME:R-HSA-2022857,curated,CLX-REACTOME,high,https://reactome.org/content/detail/R-HSA-2022857,GALNS protein is a participant in this Reactome pathway.,,,,,,,,,,,
EDGE:CLX-PW-GLB1-R-HSA-2022857,GENE_SYMBOL:GLB1,PARTICIPATES_IN,REACTOME:R-HSA-2022857,curated,CLX-REACTOME,high,https://reactome.org/content/detail/R-HSA-2022857,GLB1 protein is a participant in this Reactome pathway.,,,,,,,,,,,
EDGE:CLX-PW-HEXA-R-HSA-2022857,GENE_SYMBOL:HEXA,PARTICIPATES_IN,REACTOME:R-HSA-2022857,curated,CLX-REACTOME,high,https://reactome.org/content/detail/R-HSA-2022857,HEXA protein is a participant in this Reactome pathway.,,,,,,,,,,,
EDGE:CLX-PW-HEXB-R-HSA-2022857,GENE_SYMBOL:HEXB,PARTICIPATES_IN,REACTOME:R-HSA-2022857,curated,CLX-REACTOME,high,https://reactome.org/content/detail/R-HSA-2022857,HEXB protein is a participant in this Reactome pathway.,,,,,,,,,,,
EDGE:CLX-PW-GLB1-R-HSA-2024101,GENE_SYMBOL:GLB1,PARTICIPATES_IN,REACTOME:R-HSA-2024101,curated,CLX-REACTOME,high,https://reactome.org/content/detail/R-HSA-2024101,GLB1 protein is a participant in this Reactome pathway.,,,,,,,,,,,
EDGE:CLX-PW-HEXA-R-HSA-2024101,GENE_SYMBOL:HEXA,PARTICIPATES_IN,REACTOME:R-HSA-2024101,curated,CLX-REACTOME,high,https://reactome.org/content/detail/R-HSA-2024101,HEXA protein is a participant in this Reactome pathway.,,,,,,,,,,,
EDGE:CLX-PW-HEXB-R-HSA-2024101,GENE_SYMBOL:HEXB,PARTICIPATES_IN,REACTOME:R-HSA-2024101,curated,CLX-REACTOME,high,https://reactome.org/content/detail/R-HSA-2024101,HEXB protein is a participant in this Reactome pathway.,,,,,,,,,,,
EDGE:CLX-PW-HRAS-R-HSA-210993,GENE_SYMBOL:HRAS,PARTICIPATES_IN,REACTOME:R-HSA-210993,curated,CLX-REACTOME,high,https://reactome.org/content/detail/R-HSA-210993,HRAS protein is a participant in this Reactome pathway.,,,,,,,,,,,
EDGE:CLX-PW-KRAS-R-HSA-210993,GENE_SYMBOL:KRAS,PARTICIPATES_IN,REACTOME:R-HSA-210993,curated,CLX-REACTOME,high,https://reactome.org/content/detail/R-HSA-210993,KRAS protein is a participant in this Reactome pathway.,,,,,,,,,,,
EDGE:CLX-PW-PTPN11-R-HSA-210993,GENE_SYMBOL:PTPN11,PARTICIPATES_IN,REACTOME:R-HSA-210993,curated,CLX-REACTOME,high,https://reactome.org/content/detail/R-HSA-210993,PTPN11 protein is a participant in this Reactome pathway.,,,,,,,,,,,
EDGE:CLX-PW-SOS1-R-HSA-210993,GENE_SYMBOL:SOS1,PARTICIPATES_IN,REACTOME:R-HSA-210993,curated,CLX-REACTOME,high,https://reactome.org/content/detail/R-HSA-210993,SOS1 protein is a participant in this Reactome pathway.,,,,,,,,,,,
EDGE:CLX-PW-HEXA-R-HSA-2160916,GENE_SYMBOL:HEXA,PARTICIPATES_IN,REACTOME:R-HSA-2160916,curated,CLX-REACTOME,high,https://reactome.org/content/detail/R-HSA-2160916,HEXA protein is a participant in this Reactome pathway.,,,,,,,,,,,
EDGE:CLX-PW-HEXB-R-HSA-2160916,GENE_SYMBOL:HEXB,PARTICIPATES_IN,REACTOME:R-HSA-2160916,curated,CLX-REACTOME,high,https://reactome.org/content/detail/R-HSA-2160916,HEXB protein is a participant in this Reactome pathway.,,,,,,,,,,,
EDGE:CLX-PW-HRAS-R-HSA-2179392,GENE_SYMBOL:HRAS,PARTICIPATES_IN,REACTOME:R-HSA-2179392,curated,CLX-REACTOME,high,https://reactome.org/content/detail/R-HSA-2179392,HRAS protein is a participant in this Reactome pathway.,,,,,,,,,,,
EDGE:CLX-PW-KRAS-R-HSA-2179392,GENE_SYMBOL:KRAS,PARTICIPATES_IN,REACTOME:R-HSA-2179392,curated,CLX-REACTOME,high,https://reactome.org/content/detail/R-HSA-2179392,KRAS protein is a participant in this Reactome pathway.,,,,,,,,,,,
EDGE:CLX-PW-SOS1-R-HSA-2179392,GENE_SYMBOL:SOS1,PARTICIPATES_IN,REACTOME:R-HSA-2179392,curated,CLX-REACTOME,high,https://reactome.org/content/detail/R-HSA-2179392,SOS1 protein is a participant in this Reactome pathway.,,,,,,,,,,,
EDGE:CLX-PW-HRAS-R-HSA-2424491,GENE_SYMBOL:HRAS,PARTICIPATES_IN,REACTOME:R-HSA-2424491,curated,CLX-REACTOME,high,https://reactome.org/content/detail/R-HSA-2424491,HRAS protein is a participant in this Reactome pathway.,,,,,,,,,,,
EDGE:CLX-PW-KRAS-R-HSA-2424491,GENE_SYMBOL:KRAS,PARTICIPATES_IN,REACTOME:R-HSA-2424491,curated,CLX-REACTOME,high,https://reactome.org/content/detail/R-HSA-2424491,KRAS protein is a participant in this Reactome pathway.,,,,,,,,,,,
EDGE:CLX-PW-SOS1-R-HSA-2424491,GENE_SYMBOL:SOS1,PARTICIPATES_IN,REACTOME:R-HSA-2424491,curated,CLX-REACTOME,high,https://reactome.org/content/detail/R-HSA-2424491,SOS1 protein is a participant in this Reactome pathway.,,,,,,,,,,,
EDGE:CLX-PW-HRAS-R-HSA-2428933,GENE_SYMBOL:HRAS,PARTICIPATES_IN,REACTOME:R-HSA-2428933,curated,CLX-REACTOME,high,https://reactome.org/content/detail/R-HSA-2428933,HRAS protein is a participant in this Reactome pathway.,,,,,,,,,,,
EDGE:CLX-PW-KRAS-R-HSA-2428933,GENE_SYMBOL:KRAS,PARTICIPATES_IN,REACTOME:R-HSA-2428933,curated,CLX-REACTOME,high,https://reactome.org/content/detail/R-HSA-2428933,KRAS protein is a participant in this Reactome pathway.,,,,,,,,,,,
EDGE:CLX-PW-SOS1-R-HSA-2428933,GENE_SYMBOL:SOS1,PARTICIPATES_IN,REACTOME:R-HSA-2428933,curated,CLX-REACTOME,high,https://reactome.org/content/detail/R-HSA-2428933,SOS1 protein is a participant in this Reactome pathway.,,,,,,,,,,,
EDGE:CLX-PW-ALMS1-R-HSA-2565942,GENE_SYMBOL:ALMS1,PARTICIPATES_IN,REACTOME:R-HSA-2565942,curated,CLX-REACTOME,high,https://reactome.org/content/detail/R-HSA-2565942,ALMS1 protein is a participant in this Reactome pathway.,,,,,,,,,,,
EDGE:CLX-PW-CEP290-R-HSA-2565942,GENE_SYMBOL:CEP290,PARTICIPATES_IN,REACTOME:R-HSA-2565942,curated,CLX-REACTOME,high,https://reactome.org/content/detail/R-HSA-2565942,CEP290 protein is a participant in this Reactome pathway.,,,,,,,,,,,
EDGE:CLX-PW-HRAS-R-HSA-2871796,GENE_SYMBOL:HRAS,PARTICIPATES_IN,REACTOME:R-HSA-2871796,curated,CLX-REACTOME,high,https://reactome.org/content/detail/R-HSA-2871796,HRAS protein is a participant in this Reactome pathway.,,,,,,,,,,,
EDGE:CLX-PW-KRAS-R-HSA-2871796,GENE_SYMBOL:KRAS,PARTICIPATES_IN,REACTOME:R-HSA-2871796,curated,CLX-REACTOME,high,https://reactome.org/content/detail/R-HSA-2871796,KRAS protein is a participant in this Reactome pathway.,,,,,,,,,,,
EDGE:CLX-PW-SOS1-R-HSA-2871796,GENE_SYMBOL:SOS1,PARTICIPATES_IN,REACTOME:R-HSA-2871796,curated,CLX-REACTOME,high,https://reactome.org/content/detail/R-HSA-2871796,SOS1 protein is a participant in this Reactome pathway.,,,,,,,,,,,
EDGE:CLX-PW-HRAS-R-HSA-375165,GENE_SYMBOL:HRAS,PARTICIPATES_IN,REACTOME:R-HSA-375165,curated,CLX-REACTOME,high,https://reactome.org/content/detail/R-HSA-375165,HRAS protein is a participant in this Reactome pathway.,,,,,,,,,,,
EDGE:CLX-PW-KRAS-R-HSA-375165,GENE_SYMBOL:KRAS,PARTICIPATES_IN,REACTOME:R-HSA-375165,curated,CLX-REACTOME,high,https://reactome.org/content/detail/R-HSA-375165,KRAS protein is a participant in this Reactome pathway.,,,,,,,,,,,
EDGE:CLX-PW-SOS1-R-HSA-375165,GENE_SYMBOL:SOS1,PARTICIPATES_IN,REACTOME:R-HSA-375165,curated,CLX-REACTOME,high,https://reactome.org/content/detail/R-HSA-375165,SOS1 protein is a participant in this Reactome pathway.,,,,,,,,,,,
EDGE:CLX-PW-ALMS1-R-HSA-380259,GENE_SYMBOL:ALMS1,PARTICIPATES_IN,REACTOME:R-HSA-380259,curated,CLX-REACTOME,high,https://reactome.org/content/detail/R-HSA-380259,ALMS1 protein is a participant in this Reactome pathway.,,,,,,,,,,,
EDGE:CLX-PW-CEP290-R-HSA-380259,GENE_SYMBOL:CEP290,PARTICIPATES_IN,REACTOME:R-HSA-380259,curated,CLX-REACTOME,high,https://reactome.org/content/detail/R-HSA-380259,CEP290 protein is a participant in this Reactome pathway.,,,,,,,,,,,
EDGE:CLX-PW-ALMS1-R-HSA-380270,GENE_SYMBOL:ALMS1,PARTICIPATES_IN,REACTOME:R-HSA-380270,curated,CLX-REACTOME,high,https://reactome.org/content/detail/R-HSA-380270,ALMS1 protein is a participant in this Reactome pathway.,,,,,,,,,,,
EDGE:CLX-PW-CEP290-R-HSA-380270,GENE_SYMBOL:CEP290,PARTICIPATES_IN,REACTOME:R-HSA-380270,curated,CLX-REACTOME,high,https://reactome.org/content/detail/R-HSA-380270,CEP290 protein is a participant in this Reactome pathway.,,,,,,,,,,,
EDGE:CLX-PW-ALMS1-R-HSA-380284,GENE_SYMBOL:ALMS1,PARTICIPATES_IN,REACTOME:R-HSA-380284,curated,CLX-REACTOME,high,https://reactome.org/content/detail/R-HSA-380284,ALMS1 protein is a participant in this Reactome pathway.,,,,,,,,,,,
EDGE:CLX-PW-CEP290-R-HSA-380284,GENE_SYMBOL:CEP290,PARTICIPATES_IN,REACTOME:R-HSA-380284,curated,CLX-REACTOME,high,https://reactome.org/content/detail/R-HSA-380284,CEP290 protein is a participant in this Reactome pathway.,,,,,,,,,,,
EDGE:CLX-PW-ALMS1-R-HSA-380320,GENE_SYMBOL:ALMS1,PARTICIPATES_IN,REACTOME:R-HSA-380320,curated,CLX-REACTOME,high,https://reactome.org/content/detail/R-HSA-380320,ALMS1 protein is a participant in this Reactome pathway.,,,,,,,,,,,
EDGE:CLX-PW-CEP290-R-HSA-380320,GENE_SYMBOL:CEP290,PARTICIPATES_IN,REACTOME:R-HSA-380320,curated,CLX-REACTOME,high,https://reactome.org/content/detail/R-HSA-380320,CEP290 protein is a participant in this Reactome pathway.,,,,,,,,,,,
EDGE:CLX-PW-CTSA-R-HSA-4085001,GENE_SYMBOL:CTSA,PARTICIPATES_IN,REACTOME:R-HSA-4085001,curated,CLX-REACTOME,high,https://reactome.org/content/detail/R-HSA-4085001,CTSA protein is a participant in this Reactome pathway.,,,,,,,,,,,
EDGE:CLX-PW-GLB1-R-HSA-4085001,GENE_SYMBOL:GLB1,PARTICIPATES_IN,REACTOME:R-HSA-4085001,curated,CLX-REACTOME,high,https://reactome.org/content/detail/R-HSA-4085001,GLB1 protein is a participant in this Reactome pathway.,,,,,,,,,,,
EDGE:CLX-PW-NEU1-R-HSA-4085001,GENE_SYMBOL:NEU1,PARTICIPATES_IN,REACTOME:R-HSA-4085001,curated,CLX-REACTOME,high,https://reactome.org/content/detail/R-HSA-4085001,NEU1 protein is a participant in this Reactome pathway.,,,,,,,,,,,
EDGE:CLX-PW-FGD1-R-HSA-416482,GENE_SYMBOL:FGD1,PARTICIPATES_IN,REACTOME:R-HSA-416482,curated,CLX-REACTOME,high,https://reactome.org/content/detail/R-HSA-416482,FGD1 protein is a participant in this Reactome pathway.,,,,,,,,,,,
EDGE:CLX-PW-SOS1-R-HSA-416482,GENE_SYMBOL:SOS1,PARTICIPATES_IN,REACTOME:R-HSA-416482,curated,CLX-REACTOME,high,https://reactome.org/content/detail/R-HSA-416482,SOS1 protein is a participant in this Reactome pathway.,,,,,,,,,,,
EDGE:CLX-PW-HRAS-R-HSA-442982,GENE_SYMBOL:HRAS,PARTICIPATES_IN,REACTOME:R-HSA-442982,curated,CLX-REACTOME,high,https://reactome.org/content/detail/R-HSA-442982,HRAS protein is a participant in this Reactome pathway.,,,,,,,,,,,
EDGE:CLX-PW-KRAS-R-HSA-442982,GENE_SYMBOL:KRAS,PARTICIPATES_IN,REACTOME:R-HSA-442982,curated,CLX-REACTOME,high,https://reactome.org/content/detail/R-HSA-442982,KRAS protein is a participant in this Reactome pathway.,,,,,,,,,,,
EDGE:CLX-PW-HRAS-R-HSA-5218921,GENE_SYMBOL:HRAS,PARTICIPATES_IN,REACTOME:R-HSA-5218921,curated,CLX-REACTOME,high,https://reactome.org/content/detail/R-HSA-5218921,HRAS protein is a participant in this Reactome pathway.,,,,,,,,,,,
EDGE:CLX-PW-KRAS-R-HSA-5218921,GENE_SYMBOL:KRAS,PARTICIPATES_IN,REACTOME:R-HSA-5218921,curated,CLX-REACTOME,high,https://reactome.org/content/detail/R-HSA-5218921,KRAS protein is a participant in this Reactome pathway.,,,,,,,,,,,
EDGE:CLX-PW-ALMS1-R-HSA-5620912,GENE_SYMBOL:ALMS1,PARTICIPATES_IN,REACTOME:R-HSA-5620912,curated,CLX-REACTOME,high,https://reactome.org/content/detail/R-HSA-5620912,ALMS1 protein is a participant in this Reactome pathway.,,,,,,,,,,,
EDGE:CLX-PW-CEP290-R-HSA-5620912,GENE_SYMBOL:CEP290,PARTICIPATES_IN,REACTOME:R-HSA-5620912,curated,CLX-REACTOME,high,https://reactome.org/content/detail/R-HSA-5620912,CEP290 protein is a participant in this Reactome pathway.,,,,,,,,,,,
EDGE:CLX-PW-MKS1-R-HSA-5620912,GENE_SYMBOL:MKS1,PARTICIPATES_IN,REACTOME:R-HSA-5620912,curated,CLX-REACTOME,high,https://reactome.org/content/detail/R-HSA-5620912,MKS1 protein is a participant in this Reactome pathway.,,,,,,,,,,,
EDGE:CLX-PW-NPHP1-R-HSA-5620912,GENE_SYMBOL:NPHP1,PARTICIPATES_IN,REACTOME:R-HSA-5620912,curated,CLX-REACTOME,high,https://reactome.org/content/detail/R-HSA-5620912,NPHP1 protein is a participant in this Reactome pathway.,,,,,,,,,,,
EDGE:CLX-PW-TMEM216-R-HSA-5620912,GENE_SYMBOL:TMEM216,PARTICIPATES_IN,REACTOME:R-HSA-5620912,curated,CLX-REACTOME,high,https://reactome.org/content/detail/R-HSA-5620912,TMEM216 protein is a participant in this Reactome pathway.,,,,,,,,,,,
EDGE:CLX-PW-BBS1-R-HSA-5620922,GENE_SYMBOL:BBS1,PARTICIPATES_IN,REACTOME:R-HSA-5620922,curated,CLX-REACTOME,high,https://reactome.org/content/detail/R-HSA-5620922,BBS1 protein is a participant in this Reactome pathway.,,,,,,,,,,,
EDGE:CLX-PW-BBS10-R-HSA-5620922,GENE_SYMBOL:BBS10,PARTICIPATES_IN,REACTOME:R-HSA-5620922,curated,CLX-REACTOME,high,https://reactome.org/content/detail/R-HSA-5620922,BBS10 protein is a participant in this Reactome pathway.,,,,,,,,,,,
EDGE:CLX-PW-BBS2-R-HSA-5620922,GENE_SYMBOL:BBS2,PARTICIPATES_IN,REACTOME:R-HSA-5620922,curated,CLX-REACTOME,high,https://reactome.org/content/detail/R-HSA-5620922,BBS2 protein is a participant in this Reactome pathway.,,,,,,,,,,,
EDGE:CLX-PW-HRAS-R-HSA-5621575,GENE_SYMBOL:HRAS,PARTICIPATES_IN,REACTOME:R-HSA-5621575,curated,CLX-REACTOME,high,https://reactome.org/content/detail/R-HSA-5621575,HRAS protein is a participant in this Reactome pathway.,,,,,,,,,,,
EDGE:CLX-PW-KRAS-R-HSA-5621575,GENE_SYMBOL:KRAS,PARTICIPATES_IN,REACTOME:R-HSA-5621575,curated,CLX-REACTOME,high,https://reactome.org/content/detail/R-HSA-5621575,KRAS protein is a participant in this Reactome pathway.,,,,,,,,,,,
EDGE:CLX-PW-RAF1-R-HSA-5621575,GENE_SYMBOL:RAF1,PARTICIPATES_IN,REACTOME:R-HSA-5621575,curated,CLX-REACTOME,high,https://reactome.org/content/detail/R-HSA-5621575,RAF1 protein is a participant in this Reactome pathway.,,,,,,,,,,,
EDGE:CLX-PW-HRAS-R-HSA-5654688,GENE_SYMBOL:HRAS,PARTICIPATES_IN,REACTOME:R-HSA-5654688,curated,CLX-REACTOME,high,https://reactome.org/content/detail/R-HSA-5654688,HRAS protein is a participant in this Reactome pathway.,,,,,,,,,,,
EDGE:CLX-PW-KRAS-R-HSA-5654688,GENE_SYMBOL:KRAS,PARTICIPATES_IN,REACTOME:R-HSA-5654688,curated,CLX-REACTOME,high,https://reactome.org/content/detail/R-HSA-5654688,KRAS protein is a participant in this Reactome pathway.,,,,,,,,,,,
EDGE:CLX-PW-SOS1-R-HSA-5654688,GENE_SYMBOL:SOS1,PARTICIPATES_IN,REACTOME:R-HSA-5654688,curated,CLX-REACTOME,high,https://reactome.org/content/detail/R-HSA-5654688,SOS1 protein is a participant in this Reactome pathway.,,,,,,,,,,,
EDGE:CLX-PW-HRAS-R-HSA-5654693,GENE_SYMBOL:HRAS,PARTICIPATES_IN,REACTOME:R-HSA-5654693,curated,CLX-REACTOME,high,https://reactome.org/content/detail/R-HSA-5654693,HRAS protein is a participant in this Reactome pathway.,,,,,,,,,,,
EDGE:CLX-PW-KRAS-R-HSA-5654693,GENE_SYMBOL:KRAS,PARTICIPATES_IN,REACTOME:R-HSA-5654693,curated,CLX-REACTOME,high,https://reactome.org/content/detail/R-HSA-5654693,KRAS protein is a participant in this Reactome pathway.,,,,,,,,,,,
EDGE:CLX-PW-PTPN11-R-HSA-5654693,GENE_SYMBOL:PTPN11,PARTICIPATES_IN,REACTOME:R-HSA-5654693,curated,CLX-REACTOME,high,https://reactome.org/content/detail/R-HSA-5654693,PTPN11 protein is a participant in this Reactome pathway.,,,,,,,,,,,
EDGE:CLX-PW-SOS1-R-HSA-5654693,GENE_SYMBOL:SOS1,PARTICIPATES_IN,REACTOME:R-HSA-5654693,curated,CLX-REACTOME,high,https://reactome.org/content/detail/R-HSA-5654693,SOS1 protein is a participant in this Reactome pathway.,,,,,,,,,,,
EDGE:CLX-PW-HRAS-R-HSA-5654699,GENE_SYMBOL:HRAS,PARTICIPATES_IN,REACTOME:R-HSA-5654699,curated,CLX-REACTOME,high,https://reactome.org/content/detail/R-HSA-5654699,HRAS protein is a participant in this Reactome pathway.,,,,,,,,,,,
EDGE:CLX-PW-KRAS-R-HSA-5654699,GENE_SYMBOL:KRAS,PARTICIPATES_IN,REACTOME:R-HSA-5654699,curated,CLX-REACTOME,high,https://reactome.org/content/detail/R-HSA-5654699,KRAS protein is a participant in this Reactome pathway.,,,,,,,,,,,
EDGE:CLX-PW-SOS1-R-HSA-5654699,GENE_SYMBOL:SOS1,PARTICIPATES_IN,REACTOME:R-HSA-5654699,curated,CLX-REACTOME,high,https://reactome.org/content/detail/R-HSA-5654699,SOS1 protein is a participant in this Reactome pathway.,,,,,,,,,,,
EDGE:CLX-PW-HRAS-R-HSA-5654700,GENE_SYMBOL:HRAS,PARTICIPATES_IN,REACTOME:R-HSA-5654700,curated,CLX-REACTOME,high,https://reactome.org/content/detail/R-HSA-5654700,HRAS protein is a participant in this Reactome pathway.,,,,,,,,,,,
EDGE:CLX-PW-KRAS-R-HSA-5654700,GENE_SYMBOL:KRAS,PARTICIPATES_IN,REACTOME:R-HSA-5654700,curated,CLX-REACTOME,high,https://reactome.org/content/detail/R-HSA-5654700,KRAS protein is a participant in this Reactome pathway.,,,,,,,,,,,
EDGE:CLX-PW-PTPN11-R-HSA-5654700,GENE_SYMBOL:PTPN11,PARTICIPATES_IN,REACTOME:R-HSA-5654700,curated,CLX-REACTOME,high,https://reactome.org/content/detail/R-HSA-5654700,PTPN11 protein is a participant in this Reactome pathway.,,,,,,,,,,,
EDGE:CLX-PW-SOS1-R-HSA-5654700,GENE_SYMBOL:SOS1,PARTICIPATES_IN,REACTOME:R-HSA-5654700,curated,CLX-REACTOME,high,https://reactome.org/content/detail/R-HSA-5654700,SOS1 protein is a participant in this Reactome pathway.,,,,,,,,,,,
EDGE:CLX-PW-HRAS-R-HSA-5654704,GENE_SYMBOL:HRAS,PARTICIPATES_IN,REACTOME:R-HSA-5654704,curated,CLX-REACTOME,high,https://reactome.org/content/detail/R-HSA-5654704,HRAS protein is a participant in this Reactome pathway.,,,,,,,,,,,
EDGE:CLX-PW-KRAS-R-HSA-5654704,GENE_SYMBOL:KRAS,PARTICIPATES_IN,REACTOME:R-HSA-5654704,curated,CLX-REACTOME,high,https://reactome.org/content/detail/R-HSA-5654704,KRAS protein is a participant in this Reactome pathway.,,,,,,,,,,,
EDGE:CLX-PW-SOS1-R-HSA-5654704,GENE_SYMBOL:SOS1,PARTICIPATES_IN,REACTOME:R-HSA-5654704,curated,CLX-REACTOME,high,https://reactome.org/content/detail/R-HSA-5654704,SOS1 protein is a participant in this Reactome pathway.,,,,,,,,,,,
EDGE:CLX-PW-HRAS-R-HSA-5654706,GENE_SYMBOL:HRAS,PARTICIPATES_IN,REACTOME:R-HSA-5654706,curated,CLX-REACTOME,high,https://reactome.org/content/detail/R-HSA-5654706,HRAS protein is a participant in this Reactome pathway.,,,,,,,,,,,
EDGE:CLX-PW-KRAS-R-HSA-5654706,GENE_SYMBOL:KRAS,PARTICIPATES_IN,REACTOME:R-HSA-5654706,curated,CLX-REACTOME,high,https://reactome.org/content/detail/R-HSA-5654706,KRAS protein is a participant in this Reactome pathway.,,,,,,,,,,,
EDGE:CLX-PW-PTPN11-R-HSA-5654706,GENE_SYMBOL:PTPN11,PARTICIPATES_IN,REACTOME:R-HSA-5654706,curated,CLX-REACTOME,high,https://reactome.org/content/detail/R-HSA-5654706,PTPN11 protein is a participant in this Reactome pathway.,,,,,,,,,,,
EDGE:CLX-PW-SOS1-R-HSA-5654706,GENE_SYMBOL:SOS1,PARTICIPATES_IN,REACTOME:R-HSA-5654706,curated,CLX-REACTOME,high,https://reactome.org/content/detail/R-HSA-5654706,SOS1 protein is a participant in this Reactome pathway.,,,,,,,,,,,
EDGE:CLX-PW-HRAS-R-HSA-5654712,GENE_SYMBOL:HRAS,PARTICIPATES_IN,REACTOME:R-HSA-5654712,curated,CLX-REACTOME,high,https://reactome.org/content/detail/R-HSA-5654712,HRAS protein is a participant in this Reactome pathway.,,,,,,,,,,,
EDGE:CLX-PW-KRAS-R-HSA-5654712,GENE_SYMBOL:KRAS,PARTICIPATES_IN,REACTOME:R-HSA-5654712,curated,CLX-REACTOME,high,https://reactome.org/content/detail/R-HSA-5654712,KRAS protein is a participant in this Reactome pathway.,,,,,,,,,,,
EDGE:CLX-PW-PTPN11-R-HSA-5654712,GENE_SYMBOL:PTPN11,PARTICIPATES_IN,REACTOME:R-HSA-5654712,curated,CLX-REACTOME,high,https://reactome.org/content/detail/R-HSA-5654712,PTPN11 protein is a participant in this Reactome pathway.,,,,,,,,,,,
EDGE:CLX-PW-SOS1-R-HSA-5654712,GENE_SYMBOL:SOS1,PARTICIPATES_IN,REACTOME:R-HSA-5654712,curated,CLX-REACTOME,high,https://reactome.org/content/detail/R-HSA-5654712,SOS1 protein is a participant in this Reactome pathway.,,,,,,,,,,,
EDGE:CLX-PW-HRAS-R-HSA-5654719,GENE_SYMBOL:HRAS,PARTICIPATES_IN,REACTOME:R-HSA-5654719,curated,CLX-REACTOME,high,https://reactome.org/content/detail/R-HSA-5654719,HRAS protein is a participant in this Reactome pathway.,,,,,,,,,,,
EDGE:CLX-PW-KRAS-R-HSA-5654719,GENE_SYMBOL:KRAS,PARTICIPATES_IN,REACTOME:R-HSA-5654719,curated,CLX-REACTOME,high,https://reactome.org/content/detail/R-HSA-5654719,KRAS protein is a participant in this Reactome pathway.,,,,,,,,,,,
EDGE:CLX-PW-SOS1-R-HSA-5654719,GENE_SYMBOL:SOS1,PARTICIPATES_IN,REACTOME:R-HSA-5654719,curated,CLX-REACTOME,high,https://reactome.org/content/detail/R-HSA-5654719,SOS1 protein is a participant in this Reactome pathway.,,,,,,,,,,,
EDGE:CLX-PW-HRAS-R-HSA-5658442,GENE_SYMBOL:HRAS,PARTICIPATES_IN,REACTOME:R-HSA-5658442,curated,CLX-REACTOME,high,https://reactome.org/content/detail/R-HSA-5658442,HRAS protein is a participant in this Reactome pathway.,,,,,,,,,,,
EDGE:CLX-PW-KRAS-R-HSA-5658442,GENE_SYMBOL:KRAS,PARTICIPATES_IN,REACTOME:R-HSA-5658442,curated,CLX-REACTOME,high,https://reactome.org/content/detail/R-HSA-5658442,KRAS protein is a participant in this Reactome pathway.,,,,,,,,,,,
EDGE:CLX-PW-NF1-R-HSA-5658442,GENE_SYMBOL:NF1,PARTICIPATES_IN,REACTOME:R-HSA-5658442,curated,CLX-REACTOME,high,https://reactome.org/content/detail/R-HSA-5658442,NF1 protein is a participant in this Reactome pathway.,,,,,,,,,,,
EDGE:CLX-PW-SPRED1-R-HSA-5658442,GENE_SYMBOL:SPRED1,PARTICIPATES_IN,REACTOME:R-HSA-5658442,curated,CLX-REACTOME,high,https://reactome.org/content/detail/R-HSA-5658442,SPRED1 protein is a participant in this Reactome pathway.,,,,,,,,,,,
EDGE:CLX-PW-BRAF-R-HSA-5673000,GENE_SYMBOL:BRAF,PARTICIPATES_IN,REACTOME:R-HSA-5673000,curated,CLX-REACTOME,high,https://reactome.org/content/detail/R-HSA-5673000,BRAF protein is a participant in this Reactome pathway.,,,,,,,,,,,
EDGE:CLX-PW-HRAS-R-HSA-5673000,GENE_SYMBOL:HRAS,PARTICIPATES_IN,REACTOME:R-HSA-5673000,curated,CLX-REACTOME,high,https://reactome.org/content/detail/R-HSA-5673000,HRAS protein is a participant in this Reactome pathway.,,,,,,,,,,,
EDGE:CLX-PW-KRAS-R-HSA-5673000,GENE_SYMBOL:KRAS,PARTICIPATES_IN,REACTOME:R-HSA-5673000,curated,CLX-REACTOME,high,https://reactome.org/content/detail/R-HSA-5673000,KRAS protein is a participant in this Reactome pathway.,,,,,,,,,,,
EDGE:CLX-PW-MAP2K1-R-HSA-5673000,GENE_SYMBOL:MAP2K1,PARTICIPATES_IN,REACTOME:R-HSA-5673000,curated,CLX-REACTOME,high,https://reactome.org/content/detail/R-HSA-5673000,MAP2K1 protein is a participant in this Reactome pathway.,,,,,,,,,,,
EDGE:CLX-PW-RAF1-R-HSA-5673000,GENE_SYMBOL:RAF1,PARTICIPATES_IN,REACTOME:R-HSA-5673000,curated,CLX-REACTOME,high,https://reactome.org/content/detail/R-HSA-5673000,RAF1 protein is a participant in this Reactome pathway.,,,,,,,,,,,
EDGE:CLX-PW-HRAS-R-HSA-5673001,GENE_SYMBOL:HRAS,PARTICIPATES_IN,REACTOME:R-HSA-5673001,curated,CLX-REACTOME,high,https://reactome.org/content/detail/R-HSA-5673001,HRAS protein is a participant in this Reactome pathway.,,,,,,,,,,,
EDGE:CLX-PW-KRAS-R-HSA-5673001,GENE_SYMBOL:KRAS,PARTICIPATES_IN,REACTOME:R-HSA-5673001,curated,CLX-REACTOME,high,https://reactome.org/content/detail/R-HSA-5673001,KRAS protein is a participant in this Reactome pathway.,,,,,,,,,,,
EDGE:CLX-PW-SOS1-R-HSA-5673001,GENE_SYMBOL:SOS1,PARTICIPATES_IN,REACTOME:R-HSA-5673001,curated,CLX-REACTOME,high,https://reactome.org/content/detail/R-HSA-5673001,SOS1 protein is a participant in this Reactome pathway.,,,,,,,,,,,
EDGE:CLX-PW-BRAF-R-HSA-5674135,GENE_SYMBOL:BRAF,PARTICIPATES_IN,REACTOME:R-HSA-5674135,curated,CLX-REACTOME,high,https://reactome.org/content/detail/R-HSA-5674135,BRAF protein is a participant in this Reactome pathway.,,,,,,,,,,,
EDGE:CLX-PW-HRAS-R-HSA-5674135,GENE_SYMBOL:HRAS,PARTICIPATES_IN,REACTOME:R-HSA-5674135,curated,CLX-REACTOME,high,https://reactome.org/content/detail/R-HSA-5674135,HRAS protein is a participant in this Reactome pathway.,,,,,,,,,,,
EDGE:CLX-PW-KRAS-R-HSA-5674135,GENE_SYMBOL:KRAS,PARTICIPATES_IN,REACTOME:R-HSA-5674135,curated,CLX-REACTOME,high,https://reactome.org/content/detail/R-HSA-5674135,KRAS protein is a participant in this Reactome pathway.,,,,,,,,,,,
EDGE:CLX-PW-MAP2K1-R-HSA-5674135,GENE_SYMBOL:MAP2K1,PARTICIPATES_IN,REACTOME:R-HSA-5674135,curated,CLX-REACTOME,high,https://reactome.org/content/detail/R-HSA-5674135,MAP2K1 protein is a participant in this Reactome pathway.,,,,,,,,,,,
EDGE:CLX-PW-RAF1-R-HSA-5674135,GENE_SYMBOL:RAF1,PARTICIPATES_IN,REACTOME:R-HSA-5674135,curated,CLX-REACTOME,high,https://reactome.org/content/detail/R-HSA-5674135,RAF1 protein is a participant in this Reactome pathway.,,,,,,,,,,,
EDGE:CLX-PW-BRAF-R-HSA-5674499,GENE_SYMBOL:BRAF,PARTICIPATES_IN,REACTOME:R-HSA-5674499,curated,CLX-REACTOME,high,https://reactome.org/content/detail/R-HSA-5674499,BRAF protein is a participant in this Reactome pathway.,,,,,,,,,,,
EDGE:CLX-PW-MAP2K1-R-HSA-5674499,GENE_SYMBOL:MAP2K1,PARTICIPATES_IN,REACTOME:R-HSA-5674499,curated,CLX-REACTOME,high,https://reactome.org/content/detail/R-HSA-5674499,MAP2K1 protein is a participant in this Reactome pathway.,,,,,,,,,,,
EDGE:CLX-PW-RAF1-R-HSA-5674499,GENE_SYMBOL:RAF1,PARTICIPATES_IN,REACTOME:R-HSA-5674499,curated,CLX-REACTOME,high,https://reactome.org/content/detail/R-HSA-5674499,RAF1 protein is a participant in this Reactome pathway.,,,,,,,,,,,
EDGE:CLX-PW-BRAF-R-HSA-5675221,GENE_SYMBOL:BRAF,PARTICIPATES_IN,REACTOME:R-HSA-5675221,curated,CLX-REACTOME,high,https://reactome.org/content/detail/R-HSA-5675221,BRAF protein is a participant in this Reactome pathway.,,,,,,,,,,,
EDGE:CLX-PW-HRAS-R-HSA-5675221,GENE_SYMBOL:HRAS,PARTICIPATES_IN,REACTOME:R-HSA-5675221,curated,CLX-REACTOME,high,https://reactome.org/content/detail/R-HSA-5675221,HRAS protein is a participant in this Reactome pathway.,,,,,,,,,,,
EDGE:CLX-PW-KRAS-R-HSA-5675221,GENE_SYMBOL:KRAS,PARTICIPATES_IN,REACTOME:R-HSA-5675221,curated,CLX-REACTOME,high,https://reactome.org/content/detail/R-HSA-5675221,KRAS protein is a participant in this Reactome pathway.,,,,,,,,,,,
EDGE:CLX-PW-RAF1-R-HSA-5675221,GENE_SYMBOL:RAF1,PARTICIPATES_IN,REACTOME:R-HSA-5675221,curated,CLX-REACTOME,high,https://reactome.org/content/detail/R-HSA-5675221,RAF1 protein is a participant in this Reactome pathway.,,,,,,,,,,,
EDGE:CLX-PW-ARSA-R-HSA-6798695,GENE_SYMBOL:ARSA,PARTICIPATES_IN,REACTOME:R-HSA-6798695,curated,CLX-REACTOME,high,https://reactome.org/content/detail/R-HSA-6798695,ARSA protein is a participant in this Reactome pathway.,,,,,,,,,,,
EDGE:CLX-PW-ASAH1-R-HSA-6798695,GENE_SYMBOL:ASAH1,PARTICIPATES_IN,REACTOME:R-HSA-6798695,curated,CLX-REACTOME,high,https://reactome.org/content/detail/R-HSA-6798695,ASAH1 protein is a participant in this Reactome pathway.,,,,,,,,,,,
EDGE:CLX-PW-CEP290-R-HSA-6798695,GENE_SYMBOL:CEP290,PARTICIPATES_IN,REACTOME:R-HSA-6798695,curated,CLX-REACTOME,high,https://reactome.org/content/detail/R-HSA-6798695,CEP290 protein is a participant in this Reactome pathway.,,,,,,,,,,,
EDGE:CLX-PW-CTSA-R-HSA-6798695,GENE_SYMBOL:CTSA,PARTICIPATES_IN,REACTOME:R-HSA-6798695,curated,CLX-REACTOME,high,https://reactome.org/content/detail/R-HSA-6798695,CTSA protein is a participant in this Reactome pathway.,,,,,,,,,,,
EDGE:CLX-PW-GALNS-R-HSA-6798695,GENE_SYMBOL:GALNS,PARTICIPATES_IN,REACTOME:R-HSA-6798695,curated,CLX-REACTOME,high,https://reactome.org/content/detail/R-HSA-6798695,GALNS protein is a participant in this Reactome pathway.,,,,,,,,,,,
EDGE:CLX-PW-GLA-R-HSA-6798695,GENE_SYMBOL:GLA,PARTICIPATES_IN,REACTOME:R-HSA-6798695,curated,CLX-REACTOME,high,https://reactome.org/content/detail/R-HSA-6798695,GLA protein is a participant in this Reactome pathway.,,,,,,,,,,,
EDGE:CLX-PW-GLB1-R-HSA-6798695,GENE_SYMBOL:GLB1,PARTICIPATES_IN,REACTOME:R-HSA-6798695,curated,CLX-REACTOME,high,https://reactome.org/content/detail/R-HSA-6798695,GLB1 protein is a participant in this Reactome pathway.,,,,,,,,,,,
EDGE:CLX-PW-GM2A-R-HSA-6798695,GENE_SYMBOL:GM2A,PARTICIPATES_IN,REACTOME:R-HSA-6798695,curated,CLX-REACTOME,high,https://reactome.org/content/detail/R-HSA-6798695,GM2A protein is a participant in this Reactome pathway.,,,,,,,,,,,
EDGE:CLX-PW-HEXB-R-HSA-6798695,GENE_SYMBOL:HEXB,PARTICIPATES_IN,REACTOME:R-HSA-6798695,curated,CLX-REACTOME,high,https://reactome.org/content/detail/R-HSA-6798695,HEXB protein is a participant in this Reactome pathway.,,,,,,,,,,,
EDGE:CLX-PW-NEU1-R-HSA-6798695,GENE_SYMBOL:NEU1,PARTICIPATES_IN,REACTOME:R-HSA-6798695,curated,CLX-REACTOME,high,https://reactome.org/content/detail/R-HSA-6798695,NEU1 protein is a participant in this Reactome pathway.,,,,,,,,,,,
EDGE:CLX-PW-HRAS-R-HSA-74751,GENE_SYMBOL:HRAS,PARTICIPATES_IN,REACTOME:R-HSA-74751,curated,CLX-REACTOME,high,https://reactome.org/content/detail/R-HSA-74751,HRAS protein is a participant in this Reactome pathway.,,,,,,,,,,,
EDGE:CLX-PW-KRAS-R-HSA-74751,GENE_SYMBOL:KRAS,PARTICIPATES_IN,REACTOME:R-HSA-74751,curated,CLX-REACTOME,high,https://reactome.org/content/detail/R-HSA-74751,KRAS protein is a participant in this Reactome pathway.,,,,,,,,,,,
EDGE:CLX-PW-SOS1-R-HSA-74751,GENE_SYMBOL:SOS1,PARTICIPATES_IN,REACTOME:R-HSA-74751,curated,CLX-REACTOME,high,https://reactome.org/content/detail/R-HSA-74751,SOS1 protein is a participant in this Reactome pathway.,,,,,,,,,,,
EDGE:CLX-PW-HRAS-R-HSA-8849471,GENE_SYMBOL:HRAS,PARTICIPATES_IN,REACTOME:R-HSA-8849471,curated,CLX-REACTOME,high,https://reactome.org/content/detail/R-HSA-8849471,HRAS protein is a participant in this Reactome pathway.,,,,,,,,,,,
EDGE:CLX-PW-KRAS-R-HSA-8849471,GENE_SYMBOL:KRAS,PARTICIPATES_IN,REACTOME:R-HSA-8849471,curated,CLX-REACTOME,high,https://reactome.org/content/detail/R-HSA-8849471,KRAS protein is a participant in this Reactome pathway.,,,,,,,,,,,
EDGE:CLX-PW-HRAS-R-HSA-8851805,GENE_SYMBOL:HRAS,PARTICIPATES_IN,REACTOME:R-HSA-8851805,curated,CLX-REACTOME,high,https://reactome.org/content/detail/R-HSA-8851805,HRAS protein is a participant in this Reactome pathway.,,,,,,,,,,,
EDGE:CLX-PW-KRAS-R-HSA-8851805,GENE_SYMBOL:KRAS,PARTICIPATES_IN,REACTOME:R-HSA-8851805,curated,CLX-REACTOME,high,https://reactome.org/content/detail/R-HSA-8851805,KRAS protein is a participant in this Reactome pathway.,,,,,,,,,,,
EDGE:CLX-PW-SOS1-R-HSA-8851805,GENE_SYMBOL:SOS1,PARTICIPATES_IN,REACTOME:R-HSA-8851805,curated,CLX-REACTOME,high,https://reactome.org/content/detail/R-HSA-8851805,SOS1 protein is a participant in this Reactome pathway.,,,,,,,,,,,
EDGE:CLX-PW-PTPN11-R-HSA-8853659,GENE_SYMBOL:PTPN11,PARTICIPATES_IN,REACTOME:R-HSA-8853659,curated,CLX-REACTOME,high,https://reactome.org/content/detail/R-HSA-8853659,PTPN11 protein is a participant in this Reactome pathway.,,,,,,,,,,,
EDGE:CLX-PW-SOS1-R-HSA-8853659,GENE_SYMBOL:SOS1,PARTICIPATES_IN,REACTOME:R-HSA-8853659,curated,CLX-REACTOME,high,https://reactome.org/content/detail/R-HSA-8853659,SOS1 protein is a participant in this Reactome pathway.,,,,,,,,,,,
EDGE:CLX-PW-ALMS1-R-HSA-8854518,GENE_SYMBOL:ALMS1,PARTICIPATES_IN,REACTOME:R-HSA-8854518,curated,CLX-REACTOME,high,https://reactome.org/content/detail/R-HSA-8854518,ALMS1 protein is a participant in this Reactome pathway.,,,,,,,,,,,
EDGE:CLX-PW-CEP290-R-HSA-8854518,GENE_SYMBOL:CEP290,PARTICIPATES_IN,REACTOME:R-HSA-8854518,curated,CLX-REACTOME,high,https://reactome.org/content/detail/R-HSA-8854518,CEP290 protein is a participant in this Reactome pathway.,,,,,,,,,,,
EDGE:CLX-PW-HRAS-R-HSA-9026519,GENE_SYMBOL:HRAS,PARTICIPATES_IN,REACTOME:R-HSA-9026519,curated,CLX-REACTOME,high,https://reactome.org/content/detail/R-HSA-9026519,HRAS protein is a participant in this Reactome pathway.,,,,,,,,,,,
EDGE:CLX-PW-KRAS-R-HSA-9026519,GENE_SYMBOL:KRAS,PARTICIPATES_IN,REACTOME:R-HSA-9026519,curated,CLX-REACTOME,high,https://reactome.org/content/detail/R-HSA-9026519,KRAS protein is a participant in this Reactome pathway.,,,,,,,,,,,
EDGE:CLX-PW-SOS1-R-HSA-9026519,GENE_SYMBOL:SOS1,PARTICIPATES_IN,REACTOME:R-HSA-9026519,curated,CLX-REACTOME,high,https://reactome.org/content/detail/R-HSA-9026519,SOS1 protein is a participant in this Reactome pathway.,,,,,,,,,,,
EDGE:CLX-PW-HRAS-R-HSA-9027284,GENE_SYMBOL:HRAS,PARTICIPATES_IN,REACTOME:R-HSA-9027284,curated,CLX-REACTOME,high,https://reactome.org/content/detail/R-HSA-9027284,HRAS protein is a participant in this Reactome pathway.,,,,,,,,,,,
EDGE:CLX-PW-KRAS-R-HSA-9027284,GENE_SYMBOL:KRAS,PARTICIPATES_IN,REACTOME:R-HSA-9027284,curated,CLX-REACTOME,high,https://reactome.org/content/detail/R-HSA-9027284,KRAS protein is a participant in this Reactome pathway.,,,,,,,,,,,
EDGE:CLX-PW-SOS1-R-HSA-9027284,GENE_SYMBOL:SOS1,PARTICIPATES_IN,REACTOME:R-HSA-9027284,curated,CLX-REACTOME,high,https://reactome.org/content/detail/R-HSA-9027284,SOS1 protein is a participant in this Reactome pathway.,,,,,,,,,,,
EDGE:CLX-PW-HRAS-R-HSA-9028731,GENE_SYMBOL:HRAS,PARTICIPATES_IN,REACTOME:R-HSA-9028731,curated,CLX-REACTOME,high,https://reactome.org/content/detail/R-HSA-9028731,HRAS protein is a participant in this Reactome pathway.,,,,,,,,,,,
EDGE:CLX-PW-KRAS-R-HSA-9028731,GENE_SYMBOL:KRAS,PARTICIPATES_IN,REACTOME:R-HSA-9028731,curated,CLX-REACTOME,high,https://reactome.org/content/detail/R-HSA-9028731,KRAS protein is a participant in this Reactome pathway.,,,,,,,,,,,
EDGE:CLX-PW-PTPN11-R-HSA-9028731,GENE_SYMBOL:PTPN11,PARTICIPATES_IN,REACTOME:R-HSA-9028731,curated,CLX-REACTOME,high,https://reactome.org/content/detail/R-HSA-9028731,PTPN11 protein is a participant in this Reactome pathway.,,,,,,,,,,,
EDGE:CLX-PW-SOS1-R-HSA-9028731,GENE_SYMBOL:SOS1,PARTICIPATES_IN,REACTOME:R-HSA-9028731,curated,CLX-REACTOME,high,https://reactome.org/content/detail/R-HSA-9028731,SOS1 protein is a participant in this Reactome pathway.,,,,,,,,,,,
EDGE:CLX-PW-HRAS-R-HSA-9034864,GENE_SYMBOL:HRAS,PARTICIPATES_IN,REACTOME:R-HSA-9034864,curated,CLX-REACTOME,high,https://reactome.org/content/detail/R-HSA-9034864,HRAS protein is a participant in this Reactome pathway.,,,,,,,,,,,
EDGE:CLX-PW-KRAS-R-HSA-9034864,GENE_SYMBOL:KRAS,PARTICIPATES_IN,REACTOME:R-HSA-9034864,curated,CLX-REACTOME,high,https://reactome.org/content/detail/R-HSA-9034864,KRAS protein is a participant in this Reactome pathway.,,,,,,,,,,,
EDGE:CLX-PW-SOS1-R-HSA-9034864,GENE_SYMBOL:SOS1,PARTICIPATES_IN,REACTOME:R-HSA-9034864,curated,CLX-REACTOME,high,https://reactome.org/content/detail/R-HSA-9034864,SOS1 protein is a participant in this Reactome pathway.,,,,,,,,,,,
EDGE:CLX-PW-HRAS-R-HSA-9607240,GENE_SYMBOL:HRAS,PARTICIPATES_IN,REACTOME:R-HSA-9607240,curated,CLX-REACTOME,high,https://reactome.org/content/detail/R-HSA-9607240,HRAS protein is a participant in this Reactome pathway.,,,,,,,,,,,
EDGE:CLX-PW-KRAS-R-HSA-9607240,GENE_SYMBOL:KRAS,PARTICIPATES_IN,REACTOME:R-HSA-9607240,curated,CLX-REACTOME,high,https://reactome.org/content/detail/R-HSA-9607240,KRAS protein is a participant in this Reactome pathway.,,,,,,,,,,,
EDGE:CLX-PW-PTPN11-R-HSA-9607240,GENE_SYMBOL:PTPN11,PARTICIPATES_IN,REACTOME:R-HSA-9607240,curated,CLX-REACTOME,high,https://reactome.org/content/detail/R-HSA-9607240,PTPN11 protein is a participant in this Reactome pathway.,,,,,,,,,,,
EDGE:CLX-PW-SOS1-R-HSA-9607240,GENE_SYMBOL:SOS1,PARTICIPATES_IN,REACTOME:R-HSA-9607240,curated,CLX-REACTOME,high,https://reactome.org/content/detail/R-HSA-9607240,SOS1 protein is a participant in this Reactome pathway.,,,,,,,,,,,
EDGE:CLX-PW-HRAS-R-HSA-9634635,GENE_SYMBOL:HRAS,PARTICIPATES_IN,REACTOME:R-HSA-9634635,curated,CLX-REACTOME,high,https://reactome.org/content/detail/R-HSA-9634635,HRAS protein is a participant in this Reactome pathway.,,,,,,,,,,,
EDGE:CLX-PW-KRAS-R-HSA-9634635,GENE_SYMBOL:KRAS,PARTICIPATES_IN,REACTOME:R-HSA-9634635,curated,CLX-REACTOME,high,https://reactome.org/content/detail/R-HSA-9634635,KRAS protein is a participant in this Reactome pathway.,,,,,,,,,,,
EDGE:CLX-PW-HRAS-R-HSA-9648002,GENE_SYMBOL:HRAS,PARTICIPATES_IN,REACTOME:R-HSA-9648002,curated,CLX-REACTOME,high,https://reactome.org/content/detail/R-HSA-9648002,HRAS protein is a participant in this Reactome pathway.,,,,,,,,,,,
EDGE:CLX-PW-KRAS-R-HSA-9648002,GENE_SYMBOL:KRAS,PARTICIPATES_IN,REACTOME:R-HSA-9648002,curated,CLX-REACTOME,high,https://reactome.org/content/detail/R-HSA-9648002,KRAS protein is a participant in this Reactome pathway.,,,,,,,,,,,
EDGE:CLX-PW-KRAS-R-HSA-9674555,GENE_SYMBOL:KRAS,PARTICIPATES_IN,REACTOME:R-HSA-9674555,curated,CLX-REACTOME,high,https://reactome.org/content/detail/R-HSA-9674555,KRAS protein is a participant in this Reactome pathway.,,,,,,,,,,,
EDGE:CLX-PW-PTPN11-R-HSA-9674555,GENE_SYMBOL:PTPN11,PARTICIPATES_IN,REACTOME:R-HSA-9674555,curated,CLX-REACTOME,high,https://reactome.org/content/detail/R-HSA-9674555,PTPN11 protein is a participant in this Reactome pathway.,,,,,,,,,,,
EDGE:CLX-PW-KRAS-R-HSA-9680350,GENE_SYMBOL:KRAS,PARTICIPATES_IN,REACTOME:R-HSA-9680350,curated,CLX-REACTOME,high,https://reactome.org/content/detail/R-HSA-9680350,KRAS protein is a participant in this Reactome pathway.,,,,,,,,,,,
EDGE:CLX-PW-PTPN11-R-HSA-9680350,GENE_SYMBOL:PTPN11,PARTICIPATES_IN,REACTOME:R-HSA-9680350,curated,CLX-REACTOME,high,https://reactome.org/content/detail/R-HSA-9680350,PTPN11 protein is a participant in this Reactome pathway.,,,,,,,,,,,
EDGE:CLX-PW-SOS1-R-HSA-9680350,GENE_SYMBOL:SOS1,PARTICIPATES_IN,REACTOME:R-HSA-9680350,curated,CLX-REACTOME,high,https://reactome.org/content/detail/R-HSA-9680350,SOS1 protein is a participant in this Reactome pathway.,,,,,,,,,,,
EDGE:CLX-PW-ARSA-R-HSA-9840310,GENE_SYMBOL:ARSA,PARTICIPATES_IN,REACTOME:R-HSA-9840310,curated,CLX-REACTOME,high,https://reactome.org/content/detail/R-HSA-9840310,ARSA protein is a participant in this Reactome pathway.,,,,,,,,,,,
EDGE:CLX-PW-ASAH1-R-HSA-9840310,GENE_SYMBOL:ASAH1,PARTICIPATES_IN,REACTOME:R-HSA-9840310,curated,CLX-REACTOME,high,https://reactome.org/content/detail/R-HSA-9840310,ASAH1 protein is a participant in this Reactome pathway.,,,,,,,,,,,
EDGE:CLX-PW-CTSA-R-HSA-9840310,GENE_SYMBOL:CTSA,PARTICIPATES_IN,REACTOME:R-HSA-9840310,curated,CLX-REACTOME,high,https://reactome.org/content/detail/R-HSA-9840310,CTSA protein is a participant in this Reactome pathway.,,,,,,,,,,,
EDGE:CLX-PW-GALC-R-HSA-9840310,GENE_SYMBOL:GALC,PARTICIPATES_IN,REACTOME:R-HSA-9840310,curated,CLX-REACTOME,high,https://reactome.org/content/detail/R-HSA-9840310,GALC protein is a participant in this Reactome pathway.,,,,,,,,,,,
EDGE:CLX-PW-GBA1-R-HSA-9840310,GENE_SYMBOL:GBA1,PARTICIPATES_IN,REACTOME:R-HSA-9840310,curated,CLX-REACTOME,high,https://reactome.org/content/detail/R-HSA-9840310,GBA1 protein is a participant in this Reactome pathway.,,,,,,,,,,,
EDGE:CLX-PW-GLA-R-HSA-9840310,GENE_SYMBOL:GLA,PARTICIPATES_IN,REACTOME:R-HSA-9840310,curated,CLX-REACTOME,high,https://reactome.org/content/detail/R-HSA-9840310,GLA protein is a participant in this Reactome pathway.,,,,,,,,,,,
EDGE:CLX-PW-GLB1-R-HSA-9840310,GENE_SYMBOL:GLB1,PARTICIPATES_IN,REACTOME:R-HSA-9840310,curated,CLX-REACTOME,high,https://reactome.org/content/detail/R-HSA-9840310,GLB1 protein is a participant in this Reactome pathway.,,,,,,,,,,,
EDGE:CLX-PW-GM2A-R-HSA-9840310,GENE_SYMBOL:GM2A,PARTICIPATES_IN,REACTOME:R-HSA-9840310,curated,CLX-REACTOME,high,https://reactome.org/content/detail/R-HSA-9840310,GM2A protein is a participant in this Reactome pathway.,,,,,,,,,,,
EDGE:CLX-PW-HEXA-R-HSA-9840310,GENE_SYMBOL:HEXA,PARTICIPATES_IN,REACTOME:R-HSA-9840310,curated,CLX-REACTOME,high,https://reactome.org/content/detail/R-HSA-9840310,HEXA protein is a participant in this Reactome pathway.,,,,,,,,,,,
EDGE:CLX-PW-HEXB-R-HSA-9840310,GENE_SYMBOL:HEXB,PARTICIPATES_IN,REACTOME:R-HSA-9840310,curated,CLX-REACTOME,high,https://reactome.org/content/detail/R-HSA-9840310,HEXB protein is a participant in this Reactome pathway.,,,,,,,,,,,
EDGE:CLX-PW-NEU1-R-HSA-9840310,GENE_SYMBOL:NEU1,PARTICIPATES_IN,REACTOME:R-HSA-9840310,curated,CLX-REACTOME,high,https://reactome.org/content/detail/R-HSA-9840310,NEU1 protein is a participant in this Reactome pathway.,,,,,,,,,,,
EDGE:CLX-PW-SMPD1-R-HSA-9840310,GENE_SYMBOL:SMPD1,PARTICIPATES_IN,REACTOME:R-HSA-9840310,curated,CLX-REACTOME,high,https://reactome.org/content/detail/R-HSA-9840310,SMPD1 protein is a participant in this Reactome pathway.,,,,,,,,,,,
EDGE:CLX-PH-MONDO:0009266-HP:0002344,MONDO:0009266,HAS_PHENOTYPE,HP:0002344,curated,CLX-HPO-ANNOT,high,https://hpo.jax.org/browse/disease/OMIM:230900,HPO annotation (PCS): reference PMID:22713811.,,,,,,,,,,,"{""frequency"":"""",""information_content"":5.056,""reference"":""PMID:22713811""}"
EDGE:CLX-PH-MONDO:0009266-HP:0002100,MONDO:0009266,HAS_PHENOTYPE,HP:0002100,curated,CLX-HPO-ANNOT,high,https://hpo.jax.org/browse/disease/OMIM:230900,"HPO annotation (PCS): frequency 1/2, reference PMID:22713811.",,,,,,,,,,,"{""frequency"":""1/2"",""information_content"":6.167,""reference"":""PMID:22713811""}"
EDGE:CLX-PH-MONDO:0009266-HP:0010307,MONDO:0009266,HAS_PHENOTYPE,HP:0010307,curated,CLX-HPO-ANNOT,high,https://hpo.jax.org/browse/disease/OMIM:230900,"HPO annotation (PCS): frequency 1/2, reference PMID:22713811.",,,,,,,,,,,"{""frequency"":""1/2"",""information_content"":5.304,""reference"":""PMID:22713811""}"
EDGE:CLX-PH-MONDO:0009266-HP:0002483,MONDO:0009266,HAS_PHENOTYPE,HP:0002483,curated,CLX-HPO-ANNOT,high,https://hpo.jax.org/browse/disease/OMIM:230900,HPO annotation (IEA): reference OMIM:230900.,,,,,,,,,,,"{""frequency"":"""",""information_content"":6.061,""reference"":""OMIM:230900""}"
EDGE:CLX-PH-MONDO:0009266-HP:0011950,MONDO:0009266,HAS_PHENOTYPE,HP:0011950,curated,CLX-HPO-ANNOT,high,https://hpo.jax.org/browse/disease/OMIM:230900,"HPO annotation (PCS): frequency 1/2, reference PMID:22713811.",,,,,,,,,,,"{""frequency"":""1/2"",""information_content"":6.418,""reference"":""PMID:22713811""}"
EDGE:CLX-PH-MONDO:0009266-HP:0000211,MONDO:0009266,HAS_PHENOTYPE,HP:0000211,curated,CLX-HPO-ANNOT,high,https://hpo.jax.org/browse/disease/OMIM:230900,HPO annotation (IEA): reference OMIM:230900.,,,,,,,,,,,"{""frequency"":"""",""information_content"":6.13,""reference"":""OMIM:230900""}"
EDGE:CLX-PH-MONDO:0009266-HP:0011590,MONDO:0009266,HAS_PHENOTYPE,HP:0011590,curated,CLX-HPO-ANNOT,high,https://hpo.jax.org/browse/disease/OMIM:230900,"HPO annotation (PCS): frequency 1/2, reference PMID:22713811.",,,,,,,,,,,"{""frequency"":""1/2"",""information_content"":7.517,""reference"":""PMID:22713811""}"
EDGE:CLX-PH-MONDO:0009266-HP:0001538,MONDO:0009266,HAS_PHENOTYPE,HP:0001538,curated,CLX-HPO-ANNOT,high,https://hpo.jax.org/browse/disease/OMIM:230900,HPO annotation (TAS): reference OMIM:230900.,,,,,,,,,,,"{""frequency"":"""",""information_content"":5.511,""reference"":""OMIM:230900""}"
EDGE:CLX-PH-MONDO:0009026-HP:0002862,MONDO:0009026,HAS_PHENOTYPE,HP:0002862,curated,CLX-HPO-ANNOT,high,https://hpo.jax.org/browse/disease/OMIM:218040,HPO annotation (IEA): reference OMIM:218040.,,,,,,,,,,,"{""frequency"":"""",""information_content"":7.383,""reference"":""OMIM:218040""}"
EDGE:CLX-PH-MONDO:0009026-HP:0000083,MONDO:0009026,HAS_PHENOTYPE,HP:0000083,curated,CLX-HPO-ANNOT,high,https://hpo.jax.org/browse/disease/OMIM:218040,"HPO annotation (TAS): frequency HP:0040283, reference OMIM:218040.",,,,,,,,,,,"{""frequency"":""HP:0040283"",""information_content"":3.188,""reference"":""OMIM:218040""}"
EDGE:CLX-PH-MONDO:0009026-HP:0006191,MONDO:0009026,HAS_PHENOTYPE,HP:0006191,curated,CLX-HPO-ANNOT,high,https://hpo.jax.org/browse/disease/OMIM:218040,HPO annotation (IEA): reference OMIM:218040.,,,,,,,,,,,"{""frequency"":"""",""information_content"":5.701,""reference"":""OMIM:218040""}"
EDGE:CLX-PH-MONDO:0009026-HP:0009588,MONDO:0009026,HAS_PHENOTYPE,HP:0009588,curated,CLX-HPO-ANNOT,high,https://hpo.jax.org/browse/disease/OMIM:218040,HPO annotation (IEA): reference OMIM:218040.,,,,,,,,,,,"{""frequency"":"""",""information_content"":7.265,""reference"":""OMIM:218040""}"
EDGE:CLX-PH-MONDO:0009026-HP:0002859,MONDO:0009026,HAS_PHENOTYPE,HP:0002859,curated,CLX-HPO-ANNOT,high,https://hpo.jax.org/browse/disease/OMIM:218040,HPO annotation (IEA): reference OMIM:218040.,,,,,,,,,,,"{""frequency"":"""",""information_content"":6.418,""reference"":""OMIM:218040""}"
EDGE:CLX-PH-MONDO:0009026-HP:0001642,MONDO:0009026,HAS_PHENOTYPE,HP:0001642,curated,CLX-HPO-ANNOT,high,https://hpo.jax.org/browse/disease/OMIM:218040,HPO annotation (IEA): reference OMIM:218040.,,,,,,,,,,,"{""frequency"":"""",""information_content"":4.169,""reference"":""OMIM:218040""}"
EDGE:CLX-PH-MONDO:0009026-HP:0001187,MONDO:0009026,HAS_PHENOTYPE,HP:0001187,curated,CLX-HPO-ANNOT,high,https://hpo.jax.org/browse/disease/OMIM:218040,HPO annotation (IEA): reference OMIM:218040.,,,,,,,,,,,"{""frequency"":"""",""information_content"":6.028,""reference"":""OMIM:218040""}"
EDGE:CLX-PH-MONDO:0009026-HP:0001816,MONDO:0009026,HAS_PHENOTYPE,HP:0001816,curated,CLX-HPO-ANNOT,high,https://hpo.jax.org/browse/disease/OMIM:218040,HPO annotation (TAS): reference OMIM:218040.,,,,,,,,,,,"{""frequency"":"""",""information_content"":6.284,""reference"":""OMIM:218040""}"
EDGE:CLX-PH-MONDO:0009026-HP:0001814,MONDO:0009026,HAS_PHENOTYPE,HP:0001814,curated,CLX-HPO-ANNOT,high,https://hpo.jax.org/browse/disease/OMIM:218040,HPO annotation (IEA): reference OMIM:218040.,,,,,,,,,,,"{""frequency"":"""",""information_content"":7.517,""reference"":""OMIM:218040""}"
EDGE:CLX-PH-MONDO:0009026-HP:0031842,MONDO:0009026,HAS_PHENOTYPE,HP:0031842,curated,CLX-HPO-ANNOT,high,https://hpo.jax.org/browse/disease/OMIM:218040,HPO annotation (IEA): reference OMIM:218040.,,,,,,,,,,,"{""frequency"":"""",""information_content"":6.572,""reference"":""OMIM:218040""}"
EDGE:CLX-PH-MONDO:0009026-HP:0001869,MONDO:0009026,HAS_PHENOTYPE,HP:0001869,curated,CLX-HPO-ANNOT,high,https://hpo.jax.org/browse/disease/OMIM:218040,HPO annotation (IEA): reference OMIM:218040.,,,,,,,,,,,"{""frequency"":"""",""information_content"":6.204,""reference"":""OMIM:218040""}"
EDGE:CLX-PH-MONDO:0009026-HP:0002212,MONDO:0009026,HAS_PHENOTYPE,HP:0002212,curated,CLX-HPO-ANNOT,high,https://hpo.jax.org/browse/disease/OMIM:218040,HPO annotation (IEA): reference OMIM:218040.,,,,,,,,,,,"{""frequency"":"""",""information_content"":5.492,""reference"":""OMIM:218040""}"
EDGE:CLX-PH-MONDO:0009026-HP:0001639,MONDO:0009026,HAS_PHENOTYPE,HP:0001639,curated,CLX-HPO-ANNOT,high,https://hpo.jax.org/browse/disease/OMIM:218040,HPO annotation (IEA): reference OMIM:218040.,,,,,,,,,,,"{""frequency"":"""",""information_content"":3.921,""reference"":""OMIM:218040""}"
EDGE:CLX-PH-MONDO:0009026-HP:0012081,MONDO:0009026,HAS_PHENOTYPE,HP:0012081,curated,CLX-HPO-ANNOT,high,https://hpo.jax.org/browse/disease/OMIM:218040,HPO annotation (TAS): reference OMIM:218040.,,,,,,,,,,,"{""frequency"":"""",""information_content"":7.265,""reference"":""OMIM:218040""}"
EDGE:CLX-PH-MONDO:0009026-HP:0000465,MONDO:0009026,HAS_PHENOTYPE,HP:0000465,curated,CLX-HPO-ANNOT,high,https://hpo.jax.org/browse/disease/OMIM:218040,HPO annotation (IEA): reference OMIM:218040.,,,,,,,,,,,"{""frequency"":"""",""information_content"":4.394,""reference"":""OMIM:218040""}"
EDGE:CLX-PH-MONDO:0009026-HP:0001598,MONDO:0009026,HAS_PHENOTYPE,HP:0001598,curated,CLX-HPO-ANNOT,high,https://hpo.jax.org/browse/disease/OMIM:218040,HPO annotation (IEA): reference OMIM:218040.,,,,,,,,,,,"{""frequency"":"""",""information_content"":6.467,""reference"":""OMIM:218040""}"
EDGE:CLX-PH-MONDO:0010589-HP:0001256,MONDO:0010589,HAS_PHENOTYPE,HP:0001256,curated,CLX-HPO-ANNOT,high,https://hpo.jax.org/browse/disease/OMIM:305400,"HPO annotation (PCS): frequency HP:0040284, reference PMID:20082460.",,,,,,,,,,,"{""frequency"":""HP:0040284"",""information_content"":3.272,""reference"":""PMID:20082460""}"
EDGE:CLX-PH-MONDO:0010589-HP:0032277,MONDO:0010589,HAS_PHENOTYPE,HP:0032277,curated,CLX-HPO-ANNOT,high,https://hpo.jax.org/browse/disease/OMIM:305400,"HPO annotation (PCS): frequency 3/5, reference PMID:8076412.",,,,,,,,,,,"{""frequency"":""3/5"",""information_content"":8.769,""reference"":""PMID:8076412""}"
EDGE:CLX-PH-MONDO:0010589-HP:0001769,MONDO:0010589,HAS_PHENOTYPE,HP:0001769,curated,CLX-HPO-ANNOT,high,https://hpo.jax.org/browse/disease/OMIM:305400,"HPO annotation (PCS): frequency 8/11, reference PMID:20082460.",,,,,,,,,,,"{""frequency"":""8/11"",""information_content"":5.701,""reference"":""PMID:20082460""}"
EDGE:CLX-PH-MONDO:0010589-HP:0003502,MONDO:0010589,HAS_PHENOTYPE,HP:0003502,curated,CLX-HPO-ANNOT,high,https://hpo.jax.org/browse/disease/OMIM:305400,HPO annotation (IEA): reference OMIM:305400.,,,,,,,,,,,"{""frequency"":"""",""information_content"":6.284,""reference"":""OMIM:305400""}"
EDGE:CLX-PH-MONDO:0010589-HP:0001187,MONDO:0010589,HAS_PHENOTYPE,HP:0001187,curated,CLX-HPO-ANNOT,high,https://hpo.jax.org/browse/disease/OMIM:305400,"HPO annotation (PCS): frequency 3/12, reference PMID:20082460;PMID:34189097.",,,,,,,,,,,"{""frequency"":""3/12"",""information_content"":6.028,""reference"":""PMID:20082460;PMID:34189097""}"
EDGE:CLX-PH-MONDO:0010589-HP:0012774,MONDO:0010589,HAS_PHENOTYPE,HP:0012774,curated,CLX-HPO-ANNOT,high,https://hpo.jax.org/browse/disease/OMIM:305400,HPO annotation (TAS): reference OMIM:305400.,,,,,,,,,,,"{""frequency"":"""",""information_content"":7.383,""reference"":""OMIM:305400""}"
EDGE:CLX-PH-MONDO:0010589-HP:0003318,MONDO:0010589,HAS_PHENOTYPE,HP:0003318,curated,CLX-HPO-ANNOT,high,https://hpo.jax.org/browse/disease/OMIM:305400,HPO annotation (IEA): reference OMIM:305400.,,,,,,,,,,,"{""frequency"":"""",""information_content"":9.462,""reference"":""OMIM:305400""}"
EDGE:CLX-PH-MONDO:0010589-HP:0001544,MONDO:0010589,HAS_PHENOTYPE,HP:0001544,curated,CLX-HPO-ANNOT,high,https://hpo.jax.org/browse/disease/OMIM:305400,"HPO annotation (PCS): frequency 2/5, reference PMID:8076412.",,,,,,,,,,,"{""frequency"":""2/5"",""information_content"":7.671,""reference"":""PMID:8076412""}"
EDGE:CLX-PH-MONDO:0010589-HP:0002055,MONDO:0010589,HAS_PHENOTYPE,HP:0002055,curated,CLX-HPO-ANNOT,high,https://hpo.jax.org/browse/disease/OMIM:305400,"HPO annotation (PCS): frequency 6/11, reference PMID:20082460.",,,,,,,,,,,"{""frequency"":""6/11"",""information_content"":8.769,""reference"":""PMID:20082460""}"
EDGE:CLX-PH-MONDO:0010589-HP:0000029,MONDO:0010589,HAS_PHENOTYPE,HP:0000029,curated,CLX-HPO-ANNOT,high,https://hpo.jax.org/browse/disease/OMIM:305400,"HPO annotation (PCS): frequency 1/1, reference PMID:34189097.",,,,,,,,,,,"{""frequency"":""1/1"",""information_content"":6.371,""reference"":""PMID:34189097""}"
EDGE:CLX-PH-MONDO:0010589-HP:0001513,MONDO:0010589,HAS_PHENOTYPE,HP:0001513,curated,CLX-HPO-ANNOT,high,https://hpo.jax.org/browse/disease/OMIM:305400,"HPO annotation (PCS): frequency 4/11, reference PMID:20082460.",,,,,,,,,,,"{""frequency"":""4/11"",""information_content"":3.463,""reference"":""PMID:20082460""}"
EDGE:CLX-PH-MONDO:0009267-HP:0002344,MONDO:0009267,HAS_PHENOTYPE,HP:0002344,curated,CLX-HPO-ANNOT,high,https://hpo.jax.org/browse/disease/OMIM:231000,HPO annotation (IEA): reference OMIM:231000.,,,,,,,,,,,"{""frequency"":"""",""information_content"":5.056,""reference"":""OMIM:231000""}"
EDGE:CLX-PH-MONDO:0009267-HP:0002123,MONDO:0009267,HAS_PHENOTYPE,HP:0002123,curated,CLX-HPO-ANNOT,high,https://hpo.jax.org/browse/disease/OMIM:231000,HPO annotation (IEA): reference OMIM:231000.,,,,,,,,,,,"{""frequency"":"""",""information_content"":4.528,""reference"":""OMIM:231000""}"
EDGE:CLX-PH-MONDO:0009267-HP:0007817,MONDO:0009267,HAS_PHENOTYPE,HP:0007817,curated,CLX-HPO-ANNOT,high,https://hpo.jax.org/browse/disease/OMIM:231000,HPO annotation (IEA): reference OMIM:231000.,,,,,,,,,,,"{""frequency"":"""",""information_content"":7.517,""reference"":""OMIM:231000""}"
EDGE:CLX-PH-MONDO:0009267-HP:0000726,MONDO:0009267,HAS_PHENOTYPE,HP:0000726,curated,CLX-HPO-ANNOT,high,https://hpo.jax.org/browse/disease/OMIM:231000,HPO annotation (IEA): reference OMIM:231000.,,,,,,,,,,,"{""frequency"":"""",""information_content"":3.871,""reference"":""OMIM:231000""}"
EDGE:CLX-PH-MONDO:0009267-HP:0004934,MONDO:0009267,HAS_PHENOTYPE,HP:0004934,curated,CLX-HPO-ANNOT,high,https://hpo.jax.org/browse/disease/OMIM:231000,HPO annotation (IEA): reference OMIM:231000.,,,,,,,,,,,"{""frequency"":"""",""information_content"":6.244,""reference"":""OMIM:231000""}"
EDGE:CLX-PH-MONDO:0009267-HP:0001876,MONDO:0009267,HAS_PHENOTYPE,HP:0001876,curated,CLX-HPO-ANNOT,high,https://hpo.jax.org/browse/disease/OMIM:231000,HPO annotation (IEA): reference OMIM:231000.,,,,,,,,,,,"{""frequency"":"""",""information_content"":4.413,""reference"":""OMIM:231000""}"
EDGE:CLX-PH-MONDO:0009267-HP:0002313,MONDO:0009267,HAS_PHENOTYPE,HP:0002313,curated,CLX-HPO-ANNOT,high,https://hpo.jax.org/browse/disease/OMIM:231000,HPO annotation (IEA): reference OMIM:231000.,,,,,,,,,,,"{""frequency"":"""",""information_content"":5.08,""reference"":""OMIM:231000""}"
EDGE:CLX-PH-MONDO:0009267-HP:0003656,MONDO:0009267,HAS_PHENOTYPE,HP:0003656,curated,CLX-HPO-ANNOT,high,https://hpo.jax.org/browse/disease/OMIM:231000,HPO annotation (IEA): reference OMIM:231000.,,,,,,,,,,,"{""frequency"":"""",""information_content"":7.671,""reference"":""OMIM:231000""}"
EDGE:CLX-PH-MONDO:0008944-HP:0002421,MONDO:0008944,HAS_PHENOTYPE,HP:0002421,curated,CLX-HPO-ANNOT,high,https://hpo.jax.org/browse/disease/OMIM:213300,"HPO annotation (PCS): frequency 1/1, reference PMID:29230161.",,,,,,,,,,,"{""frequency"":""1/1"",""information_content"":4.286,""reference"":""PMID:29230161""}"
EDGE:CLX-PH-MONDO:0008944-HP:0011933,MONDO:0008944,HAS_PHENOTYPE,HP:0011933,curated,CLX-HPO-ANNOT,high,https://hpo.jax.org/browse/disease/OMIM:213300,HPO annotation (TAS): reference OMIM:213300.,,,,,,,,,,,"{""frequency"":"""",""information_content"":7.16,""reference"":""OMIM:213300""}"
EDGE:CLX-PH-MONDO:0008944-HP:0002419,MONDO:0008944,HAS_PHENOTYPE,HP:0002419,curated,CLX-HPO-ANNOT,high,https://hpo.jax.org/browse/disease/OMIM:213300,"HPO annotation (PCS): frequency 7/7, reference PMID:19668216.",,,,,,,,,,,"{""frequency"":""7/7"",""information_content"":5.419,""reference"":""PMID:19668216""}"
EDGE:CLX-PH-MONDO:0008944-HP:0002335,MONDO:0008944,HAS_PHENOTYPE,HP:0002335,curated,CLX-HPO-ANNOT,high,https://hpo.jax.org/browse/disease/OMIM:213300,HPO annotation (TAS): reference OMIM:213300.,,,,,,,,,,,"{""frequency"":"""",""information_content"":6.028,""reference"":""OMIM:213300""}"
EDGE:CLX-PH-MONDO:0008944-HP:0000556,MONDO:0008944,HAS_PHENOTYPE,HP:0000556,curated,CLX-HPO-ANNOT,high,https://hpo.jax.org/browse/disease/OMIM:213300,HPO annotation (IEA): reference OMIM:213300.,,,,,,,,,,,"{""frequency"":"""",""information_content"":3.501,""reference"":""OMIM:213300""}"
EDGE:CLX-PH-MONDO:0008944-HP:0002195,MONDO:0008944,HAS_PHENOTYPE,HP:0002195,curated,CLX-HPO-ANNOT,high,https://hpo.jax.org/browse/disease/OMIM:213300,HPO annotation (TAS): reference OMIM:213300.,,,,,,,,,,,"{""frequency"":"""",""information_content"":7.265,""reference"":""OMIM:213300""}"
EDGE:CLX-PH-MONDO:0008944-HP:0002790,MONDO:0008944,HAS_PHENOTYPE,HP:0002790,curated,CLX-HPO-ANNOT,high,https://hpo.jax.org/browse/disease/OMIM:213300,HPO annotation (IEA): reference OMIM:213300.,,,,,,,,,,,"{""frequency"":"""",""information_content"":7.853,""reference"":""OMIM:213300""}"
EDGE:CLX-PH-MONDO:0008944-HP:0007271,MONDO:0008944,HAS_PHENOTYPE,HP:0007271,curated,CLX-HPO-ANNOT,high,https://hpo.jax.org/browse/disease/OMIM:213300,"HPO annotation (PCS): frequency HP:0040283, reference OMIM:213300.",,,,,,,,,,,"{""frequency"":""HP:0040283"",""information_content"":9.462,""reference"":""OMIM:213300""}"
EDGE:CLX-PH-MONDO:0008944-HP:0002508,MONDO:0008944,HAS_PHENOTYPE,HP:0002508,curated,CLX-HPO-ANNOT,high,https://hpo.jax.org/browse/disease/OMIM:213300,HPO annotation (IEA): reference OMIM:213300.,,,,,,,,,,,"{""frequency"":"""",""information_content"":7.671,""reference"":""OMIM:213300""}"
EDGE:CLX-PH-MONDO:0008944-HP:0010828,MONDO:0008944,HAS_PHENOTYPE,HP:0010828,curated,CLX-HPO-ANNOT,high,https://hpo.jax.org/browse/disease/OMIM:213300,HPO annotation (TAS): reference OMIM:213300.,,,,,,,,,,,"{""frequency"":"""",""information_content"":8.076,""reference"":""OMIM:213300""}"
EDGE:CLX-PH-MONDO:0008944-HP:0002876,MONDO:0008944,HAS_PHENOTYPE,HP:0002876,curated,CLX-HPO-ANNOT,high,https://hpo.jax.org/browse/disease/OMIM:213300,HPO annotation (IEA): reference OMIM:213300.,,,,,,,,,,,"{""frequency"":"""",""information_content"":6.823,""reference"":""OMIM:213300""}"
EDGE:CLX-PH-MONDO:0008944-HP:0001162,MONDO:0008944,HAS_PHENOTYPE,HP:0001162,curated,CLX-HPO-ANNOT,high,https://hpo.jax.org/browse/disease/OMIM:213300,HPO annotation (IEA): reference OMIM:213300.,,,,,,,,,,,"{""frequency"":"""",""information_content"":4.4,""reference"":""OMIM:213300""}"
EDGE:CLX-PH-MONDO:0008944-HP:0100951,MONDO:0008944,HAS_PHENOTYPE,HP:0100951,curated,CLX-HPO-ANNOT,high,https://hpo.jax.org/browse/disease/OMIM:213300,HPO annotation (PCS): reference OMIM:213300.,,,,,,,,,,,"{""frequency"":"""",""information_content"":8.076,""reference"":""OMIM:213300""}"
EDGE:CLX-PH-MONDO:0008944-HP:0000107,MONDO:0008944,HAS_PHENOTYPE,HP:0000107,curated,CLX-HPO-ANNOT,high,https://hpo.jax.org/browse/disease/OMIM:213300,"HPO annotation (PCS): frequency HP:0040283, reference OMIM:213300.",,,,,,,,,,,"{""frequency"":""HP:0040283"",""information_content"":3.704,""reference"":""OMIM:213300""}"
EDGE:CLX-PH-MONDO:0008944-HP:0001830,MONDO:0008944,HAS_PHENOTYPE,HP:0001830,curated,CLX-HPO-ANNOT,high,https://hpo.jax.org/browse/disease/OMIM:213300,"HPO annotation (TAS): frequency HP:0040283, reference OMIM:213300.",,,,,,,,,,,"{""frequency"":""HP:0040283"",""information_content"":5.186,""reference"":""OMIM:213300""}"
EDGE:CLX-PH-MONDO:0008944-HP:0200096,MONDO:0008944,HAS_PHENOTYPE,HP:0200096,curated,CLX-HPO-ANNOT,high,https://hpo.jax.org/browse/disease/OMIM:213300,HPO annotation (TAS): reference OMIM:213300.,,,,,,,,,,,"{""frequency"":"""",""information_content"":8.364,""reference"":""OMIM:213300""}"
EDGE:CLX-PH-MONDO:0009262-HP:0007759,MONDO:0009262,HAS_PHENOTYPE,HP:0007759,curated,CLX-HPO-ANNOT,high,https://hpo.jax.org/browse/disease/OMIM:230650,HPO annotation (IEA): reference OMIM:230650.,,,,,,,,,,,"{""frequency"":"""",""information_content"":4.626,""reference"":""OMIM:230650""}"
EDGE:CLX-PH-MONDO:0009262-HP:0003651,MONDO:0009262,HAS_PHENOTYPE,HP:0003651,curated,CLX-HPO-ANNOT,high,https://hpo.jax.org/browse/disease/OMIM:230650,HPO annotation (TAS): reference OMIM:230650.,,,,,,,,,,,"{""frequency"":"""",""information_content"":6.327,""reference"":""OMIM:230650""}"
EDGE:CLX-PH-MONDO:0009262-HP:0001256,MONDO:0009262,HAS_PHENOTYPE,HP:0001256,curated,CLX-HPO-ANNOT,high,https://hpo.jax.org/browse/disease/OMIM:230650,HPO annotation (IEA): reference OMIM:230650.,,,,,,,,,,,"{""frequency"":"""",""information_content"":3.272,""reference"":""OMIM:230650""}"
EDGE:CLX-PH-MONDO:0009262-HP:0010729,MONDO:0009262,HAS_PHENOTYPE,HP:0010729,curated,CLX-HPO-ANNOT,high,https://hpo.jax.org/browse/disease/OMIM:230650,"HPO annotation (PCS): frequency 0/3, reference PMID:8198123.",,,,,,,,,,,"{""frequency"":""0/3"",""information_content"":6.167,""reference"":""PMID:8198123""}"
EDGE:CLX-PH-MONDO:0009262-HP:0003274,MONDO:0009262,HAS_PHENOTYPE,HP:0003274,curated,CLX-HPO-ANNOT,high,https://hpo.jax.org/browse/disease/OMIM:230650,HPO annotation (IEA): reference OMIM:230650.,,,,,,,,,,,"{""frequency"":"""",""information_content"":7.16,""reference"":""OMIM:230650""}"
EDGE:CLX-PH-MONDO:0009262-HP:0001350,MONDO:0009262,HAS_PHENOTYPE,HP:0001350,curated,CLX-HPO-ANNOT,high,https://hpo.jax.org/browse/disease/OMIM:230650,HPO annotation (IEA): reference OMIM:230650.,,,,,,,,,,,"{""frequency"":"""",""information_content"":5.228,""reference"":""OMIM:230650""}"
EDGE:CLX-PH-MONDO:0009262-HP:0008430,MONDO:0009262,HAS_PHENOTYPE,HP:0008430,curated,CLX-HPO-ANNOT,high,https://hpo.jax.org/browse/disease/OMIM:230650,HPO annotation (IEA): reference OMIM:230650.,,,,,,,,,,,"{""frequency"":"""",""information_content"":7.265,""reference"":""OMIM:230650""}"
EDGE:CLX-PH-MONDO:0009262-HP:0008166,MONDO:0009262,HAS_PHENOTYPE,HP:0008166,curated,CLX-HPO-ANNOT,high,https://hpo.jax.org/browse/disease/OMIM:230650,"HPO annotation (PCS): frequency 3/3, reference PMID:8198123.",,,,,,,,,,,"{""frequency"":""3/3"",""information_content"":7.383,""reference"":""PMID:8198123""}"
EDGE:CLX-PH-MONDO:0009262-HP:0002506,MONDO:0009262,HAS_PHENOTYPE,HP:0002506,curated,CLX-HPO-ANNOT,high,https://hpo.jax.org/browse/disease/OMIM:230650,HPO annotation (IEA): reference OMIM:230650.,,,,,,,,,,,"{""frequency"":"""",""information_content"":5.656,""reference"":""OMIM:230650""}"
EDGE:CLX-PH-MONDO:0009262-HP:0002869,MONDO:0009262,HAS_PHENOTYPE,HP:0002869,curated,CLX-HPO-ANNOT,high,https://hpo.jax.org/browse/disease/OMIM:230650,HPO annotation (IEA): reference OMIM:230650.,,,,,,,,,,,"{""frequency"":"""",""information_content"":6.204,""reference"":""OMIM:230650""}"
EDGE:CLX-PH-MONDO:0012626-HP:0002323,MONDO:0012626,HAS_PHENOTYPE,HP:0002323,curated,CLX-HPO-ANNOT,high,https://hpo.jax.org/browse/disease/OMIM:611134,"HPO annotation (TAS): frequency HP:0040283, reference OMIM:611134.",,,,,,,,,,,"{""frequency"":""HP:0040283"",""information_content"":5.656,""reference"":""OMIM:611134""}"
EDGE:CLX-PH-MONDO:0012626-HP:0001162,MONDO:0012626,HAS_PHENOTYPE,HP:0001162,curated,CLX-HPO-ANNOT,high,https://hpo.jax.org/browse/disease/OMIM:611134,HPO annotation (TAS): reference OMIM:611134.,,,,,,,,,,,"{""frequency"":"""",""information_content"":4.4,""reference"":""OMIM:611134""}"
EDGE:CLX-PH-MONDO:0012626-HP:0002084,MONDO:0012626,HAS_PHENOTYPE,HP:0002084,curated,CLX-HPO-ANNOT,high,https://hpo.jax.org/browse/disease/OMIM:611134,HPO annotation (TAS): reference OMIM:611134.,,,,,,,,,,,"{""frequency"":"""",""information_content"":4.7,""reference"":""OMIM:611134""}"
EDGE:CLX-PH-MONDO:0012626-HP:0001408,MONDO:0012626,HAS_PHENOTYPE,HP:0001408,curated,CLX-HPO-ANNOT,high,https://hpo.jax.org/browse/disease/OMIM:611134,HPO annotation (TAS): reference OMIM:611134.,,,,,,,,,,,"{""frequency"":"""",""information_content"":6.061,""reference"":""OMIM:611134""}"
EDGE:CLX-PH-MONDO:0012626-HP:0000107,MONDO:0012626,HAS_PHENOTYPE,HP:0000107,curated,CLX-HPO-ANNOT,high,https://hpo.jax.org/browse/disease/OMIM:611134,HPO annotation (TAS): reference OMIM:611134.,,,,,,,,,,,"{""frequency"":"""",""information_content"":3.704,""reference"":""OMIM:611134""}"
EDGE:CLX-PH-MONDO:0012626-HP:0001305,MONDO:0012626,HAS_PHENOTYPE,HP:0001305,curated,CLX-HPO-ANNOT,high,https://hpo.jax.org/browse/disease/OMIM:611134,HPO annotation (PCS): reference PMID:17564974.,,,,,,,,,,,"{""frequency"":"""",""information_content"":4.425,""reference"":""PMID:17564974""}"
EDGE:CLX-PH-MONDO:0012626-HP:0002419,MONDO:0012626,HAS_PHENOTYPE,HP:0002419,curated,CLX-HPO-ANNOT,high,https://hpo.jax.org/browse/disease/OMIM:611134,"HPO annotation (TAS): frequency HP:0040283, reference OMIM:611134.",,,,,,,,,,,"{""frequency"":""HP:0040283"",""information_content"":5.419,""reference"":""OMIM:611134""}"
EDGE:CLX-PH-MONDO:0012626-HP:0002335,MONDO:0012626,HAS_PHENOTYPE,HP:0002335,curated,CLX-HPO-ANNOT,high,https://hpo.jax.org/browse/disease/OMIM:611134,HPO annotation (PCS): reference PMID:17564974.,,,,,,,,,,,"{""frequency"":"""",""information_content"":6.028,""reference"":""PMID:17564974""}"
EDGE:CLX-PH-MONDO:0012626-HP:0002435,MONDO:0012626,HAS_PHENOTYPE,HP:0002435,curated,CLX-HPO-ANNOT,high,https://hpo.jax.org/browse/disease/OMIM:611134,HPO annotation (IEA): reference OMIM:611134.,,,,,,,,,,,"{""frequency"":"""",""information_content"":5.774,""reference"":""OMIM:611134""}"
EDGE:CLX-PH-MONDO:0009757-HP:0003651,MONDO:0009757,HAS_PHENOTYPE,HP:0003651,curated,CLX-HPO-ANNOT,high,https://hpo.jax.org/browse/disease/OMIM:257220,HPO annotation (IEA): reference OMIM:257220.,,,,,,,,,,,"{""frequency"":"""",""information_content"":6.327,""reference"":""OMIM:257220""}"
EDGE:CLX-PH-MONDO:0009757-HP:6000158,MONDO:0009757,HAS_PHENOTYPE,HP:6000158,curated,CLX-HPO-ANNOT,high,https://hpo.jax.org/browse/disease/OMIM:257220,HPO annotation (PCS): reference PMID:25665455.,,,,,,,,,,,"{""frequency"":"""",""information_content"":9.462,""reference"":""PMID:25665455""}"
EDGE:CLX-PH-MONDO:0009757-HP:0003349,MONDO:0009757,HAS_PHENOTYPE,HP:0003349,curated,CLX-HPO-ANNOT,high,https://hpo.jax.org/browse/disease/OMIM:257220,"HPO annotation (PCS): frequency 13/13, reference PMID:3378364;PMID:12408188.",,,,,,,,,,,"{""frequency"":""13/13"",""information_content"":8.364,""reference"":""PMID:3378364;PMID:12408188""}"
EDGE:CLX-PH-MONDO:0009757-HP:6001353,MONDO:0009757,HAS_PHENOTYPE,HP:6001353,curated,CLX-HPO-ANNOT,high,https://hpo.jax.org/browse/disease/OMIM:257220,HPO annotation (PCS): reference PMID:34810067.,,,,,,,,,,,"{""frequency"":"""",""information_content"":8.769,""reference"":""PMID:34810067""}"
EDGE:CLX-PH-MONDO:0009757-HP:0003640,MONDO:0009757,HAS_PHENOTYPE,HP:0003640,curated,CLX-HPO-ANNOT,high,https://hpo.jax.org/browse/disease/OMIM:257220,HPO annotation (IEA): reference OMIM:257220.,,,,,,,,,,,"{""frequency"":"""",""information_content"":8.364,""reference"":""OMIM:257220""}"
EDGE:CLX-PH-MONDO:0009757-HP:0001982,MONDO:0009757,HAS_PHENOTYPE,HP:0001982,curated,CLX-HPO-ANNOT,high,https://hpo.jax.org/browse/disease/OMIM:257220,"HPO annotation (PCS): frequency 4/4, reference PMID:12408188.",,,,,,,,,,,"{""frequency"":""4/4"",""information_content"":7.671,""reference"":""PMID:12408188""}"
EDGE:CLX-PH-MONDO:0009757-HP:0004333,MONDO:0009757,HAS_PHENOTYPE,HP:0004333,curated,CLX-HPO-ANNOT,high,https://hpo.jax.org/browse/disease/OMIM:257220,HPO annotation (IEA): reference OMIM:257220.,,,,,,,,,,,"{""frequency"":"""",""information_content"":7.265,""reference"":""OMIM:257220""}"
EDGE:CLX-PH-MONDO:0009757-HP:0002371,MONDO:0009757,HAS_PHENOTYPE,HP:0002371,curated,CLX-HPO-ANNOT,high,https://hpo.jax.org/browse/disease/OMIM:257220,HPO annotation (IEA): reference OMIM:257220.,,,,,,,,,,,"{""frequency"":"""",""information_content"":5.852,""reference"":""OMIM:257220""}"
EDGE:CLX-PH-MONDO:0009757-HP:0000726,MONDO:0009757,HAS_PHENOTYPE,HP:0000726,curated,CLX-HPO-ANNOT,high,https://hpo.jax.org/browse/disease/OMIM:257220,HPO annotation (IEA): reference OMIM:257220.,,,,,,,,,,,"{""frequency"":"""",""information_content"":3.871,""reference"":""OMIM:257220""}"
EDGE:CLX-PH-MONDO:0009757-HP:0006583,MONDO:0009757,HAS_PHENOTYPE,HP:0006583,curated,CLX-HPO-ANNOT,high,https://hpo.jax.org/browse/disease/OMIM:257220,HPO annotation (IEA): reference OMIM:257220.,,,,,,,,,,,"{""frequency"":"""",""information_content"":7.853,""reference"":""OMIM:257220""}"
EDGE:CLX-PH-MONDO:0009757-HP:0002524,MONDO:0009757,HAS_PHENOTYPE,HP:0002524,curated,CLX-HPO-ANNOT,high,https://hpo.jax.org/browse/disease/OMIM:257220,HPO annotation (IEA): reference OMIM:257220.,,,,,,,,,,,"{""frequency"":"""",""information_content"":6.897,""reference"":""OMIM:257220""}"
EDGE:CLX-PH-MONDO:0009728-HP:0003158,MONDO:0009728,HAS_PHENOTYPE,HP:0003158,curated,CLX-HPO-ANNOT,high,https://hpo.jax.org/browse/disease/OMIM:256100,HPO annotation (IEA): reference OMIM:256100.,,,,,,,,,,,"{""frequency"":"""",""information_content"":6.897,""reference"":""OMIM:256100""}"
EDGE:CLX-PH-MONDO:0009728-HP:0003774,MONDO:0009728,HAS_PHENOTYPE,HP:0003774,curated,CLX-HPO-ANNOT,high,https://hpo.jax.org/browse/disease/OMIM:256100,HPO annotation (IEA): reference OMIM:256100.,,,,,,,,,,,"{""frequency"":"""",""information_content"":4.264,""reference"":""OMIM:256100""}"
EDGE:CLX-PH-MONDO:0009728-HP:0005576,MONDO:0009728,HAS_PHENOTYPE,HP:0005576,curated,CLX-HPO-ANNOT,high,https://hpo.jax.org/browse/disease/OMIM:256100,HPO annotation (IEA): reference OMIM:256100.,,,,,,,,,,,"{""frequency"":"""",""information_content"":6.467,""reference"":""OMIM:256100""}"
EDGE:CLX-PH-MONDO:0009728-HP:0005583,MONDO:0009728,HAS_PHENOTYPE,HP:0005583,curated,CLX-HPO-ANNOT,high,https://hpo.jax.org/browse/disease/OMIM:256100,HPO annotation (IEA): reference OMIM:256100.,,,,,,,,,,,"{""frequency"":"""",""information_content"":8.076,""reference"":""OMIM:256100""}"
EDGE:CLX-PH-MONDO:0009728-HP:0000090,MONDO:0009728,HAS_PHENOTYPE,HP:0000090,curated,CLX-HPO-ANNOT,high,https://hpo.jax.org/browse/disease/OMIM:256100,"HPO annotation (PCS): frequency 2/2, reference PMID:9361039.",,,,,,,,,,,"{""frequency"":""2/2"",""information_content"":5.634,""reference"":""PMID:9361039""}"
EDGE:CLX-PH-MONDO:0009728-HP:0000092,MONDO:0009728,HAS_PHENOTYPE,HP:0000092,curated,CLX-HPO-ANNOT,high,https://hpo.jax.org/browse/disease/OMIM:256100,HPO annotation (IEA): reference OMIM:256100.,,,,,,,,,,,"{""frequency"":"""",""information_content"":6.095,""reference"":""OMIM:256100""}"
EDGE:CLX-PH-MONDO:0009728-HP:0001959,MONDO:0009728,HAS_PHENOTYPE,HP:0001959,curated,CLX-HPO-ANNOT,high,https://hpo.jax.org/browse/disease/OMIM:256100,HPO annotation (IEA): reference OMIM:256100.,,,,,,,,,,,"{""frequency"":"""",""information_content"":5.243,""reference"":""OMIM:256100""}"
EDGE:CLX-PH-MONDO:0009728-HP:0000108,MONDO:0009728,HAS_PHENOTYPE,HP:0000108,curated,CLX-HPO-ANNOT,high,https://hpo.jax.org/browse/disease/OMIM:256100,HPO annotation (IEA): reference OMIM:256100.,,,,,,,,,,,"{""frequency"":"""",""information_content"":7.065,""reference"":""OMIM:256100""}"
EDGE:CLX-PH-MONDO:0009728-HP:0000103,MONDO:0009728,HAS_PHENOTYPE,HP:0000103,curated,CLX-HPO-ANNOT,high,https://hpo.jax.org/browse/disease/OMIM:256100,HPO annotation (IEA): reference OMIM:256100.,,,,,,,,,,,"{""frequency"":"""",""information_content"":5.612,""reference"":""OMIM:256100""}"
EDGE:CLX-PH-MONDO:0012432-HP:0003774,MONDO:0012432,HAS_PHENOTYPE,HP:0003774,curated,CLX-HPO-ANNOT,high,https://hpo.jax.org/browse/disease/OMIM:610188,"HPO annotation (PCS): frequency 11/12, reference PMID:16682973.",,,,,,,,,,,"{""frequency"":""11/12"",""information_content"":4.264,""reference"":""PMID:16682973""}"
EDGE:CLX-PH-MONDO:0012432-HP:0002419,MONDO:0012432,HAS_PHENOTYPE,HP:0002419,curated,CLX-HPO-ANNOT,high,https://hpo.jax.org/browse/disease/OMIM:610188,"HPO annotation (PCS): frequency 9/9, reference PMID:16682970.",,,,,,,,,,,"{""frequency"":""9/9"",""information_content"":5.419,""reference"":""PMID:16682970""}"
EDGE:CLX-PH-MONDO:0012432-HP:0007663,MONDO:0012432,HAS_PHENOTYPE,HP:0007663,curated,CLX-HPO-ANNOT,high,https://hpo.jax.org/browse/disease/OMIM:610188,HPO annotation (PCS): reference PMID:16682970.,,,,,,,,,,,"{""frequency"":"""",""information_content"":2.908,""reference"":""PMID:16682970""}"
EDGE:CLX-PH-MONDO:0012432-HP:0002876,MONDO:0012432,HAS_PHENOTYPE,HP:0002876,curated,CLX-HPO-ANNOT,high,https://hpo.jax.org/browse/disease/OMIM:610188,HPO annotation (IEA): reference OMIM:610188.,,,,,,,,,,,"{""frequency"":"""",""information_content"":6.823,""reference"":""OMIM:610188""}"
EDGE:CLX-PH-MONDO:0012432-HP:0000510,MONDO:0012432,HAS_PHENOTYPE,HP:0000510,curated,CLX-HPO-ANNOT,high,https://hpo.jax.org/browse/disease/OMIM:610188,"HPO annotation (PCS): frequency 3/9, reference PMID:16682970.",,,,,,,,,,,"{""frequency"":""3/9"",""information_content"":4.029,""reference"":""PMID:16682970""}"
EDGE:CLX-PH-MONDO:0012432-HP:0002335,MONDO:0012432,HAS_PHENOTYPE,HP:0002335,curated,CLX-HPO-ANNOT,high,https://hpo.jax.org/browse/disease/OMIM:610188,HPO annotation (PCS): reference PMID:16682973.,,,,,,,,,,,"{""frequency"":"""",""information_content"":6.028,""reference"":""PMID:16682973""}"
EDGE:CLX-PH-MONDO:0012432-HP:0005565,MONDO:0012432,HAS_PHENOTYPE,HP:0005565,curated,CLX-HPO-ANNOT,high,https://hpo.jax.org/browse/disease/OMIM:610188,"HPO annotation (PCS): frequency 1/8, reference PMID:16682970.",,,,,,,,,,,"{""frequency"":""1/8"",""information_content"":6.629,""reference"":""PMID:16682970""}"
EDGE:CLX-PH-MONDO:0012432-HP:0006817,MONDO:0012432,HAS_PHENOTYPE,HP:0006817,curated,CLX-HPO-ANNOT,high,https://hpo.jax.org/browse/disease/OMIM:610188,"HPO annotation (PCS): frequency 10/10, reference PMID:16682973.",,,,,,,,,,,"{""frequency"":""10/10"",""information_content"":3.52,""reference"":""PMID:16682973""}"
EDGE:CLX-PH-MONDO:0012432-HP:0002790,MONDO:0012432,HAS_PHENOTYPE,HP:0002790,curated,CLX-HPO-ANNOT,high,https://hpo.jax.org/browse/disease/OMIM:610188,HPO annotation (IEA): reference OMIM:610188.,,,,,,,,,,,"{""frequency"":"""",""information_content"":7.853,""reference"":""OMIM:610188""}"
EDGE:CLX-PH-MONDO:0012432-HP:0000090,MONDO:0012432,HAS_PHENOTYPE,HP:0000090,curated,CLX-HPO-ANNOT,high,https://hpo.jax.org/browse/disease/OMIM:610188,HPO annotation (IEA): reference OMIM:610188.,,,,,,,,,,,"{""frequency"":"""",""information_content"":5.634,""reference"":""OMIM:610188""}"
EDGE:CLX-PH-MONDO:0012432-HP:0000803,MONDO:0012432,HAS_PHENOTYPE,HP:0000803,curated,CLX-HPO-ANNOT,high,https://hpo.jax.org/browse/disease/OMIM:610188,"HPO annotation (PCS): frequency 4/8, reference PMID:16682970.",,,,,,,,,,,"{""frequency"":""4/8"",""information_content"":6.69,""reference"":""PMID:16682970""}"
EDGE:CLX-PH-MONDO:0012432-HP:0004727,MONDO:0012432,HAS_PHENOTYPE,HP:0004727,curated,CLX-HPO-ANNOT,high,https://hpo.jax.org/browse/disease/OMIM:610188,HPO annotation (IEA): reference OMIM:610188.,,,,,,,,,,,"{""frequency"":"""",""information_content"":7.383,""reference"":""OMIM:610188""}"
EDGE:CLX-PH-MONDO:0012432-HP:0007875,MONDO:0012432,HAS_PHENOTYPE,HP:0007875,curated,CLX-HPO-ANNOT,high,https://hpo.jax.org/browse/disease/OMIM:610188,"HPO annotation (PCS): frequency 11/19, reference PMID:16682973;PMID:16682970.",,,,,,,,,,,"{""frequency"":""11/19"",""information_content"":7.16,""reference"":""PMID:16682973;PMID:16682970""}"
EDGE:CLX-PH-MONDO:0012432-HP:0002404,MONDO:0012432,HAS_PHENOTYPE,HP:0002404,curated,CLX-HPO-ANNOT,high,https://hpo.jax.org/browse/disease/OMIM:610188,HPO annotation (TAS): reference OMIM:610188.,,,,,,,,,,,"{""frequency"":"""",""information_content"":8.076,""reference"":""OMIM:610188""}"
EDGE:CLX-PH-MONDO:0010526-HP:0001014,MONDO:0010526,HAS_PHENOTYPE,HP:0001014,curated,CLX-HPO-ANNOT,high,https://hpo.jax.org/browse/disease/OMIM:301500,HPO annotation (IEA): reference OMIM:301500.,,,,,,,,,,,"{""frequency"":"""",""information_content"":7.16,""reference"":""OMIM:301500""}"
EDGE:CLX-PH-MONDO:0010526-HP:0000083,MONDO:0010526,HAS_PHENOTYPE,HP:0000083,curated,CLX-HPO-ANNOT,high,https://hpo.jax.org/browse/disease/OMIM:301500,"HPO annotation (PCS): frequency 134/699, reference PMID:19473999.",,,,,,,,,,,"{""frequency"":""134/699"",""information_content"":3.188,""reference"":""PMID:19473999""}"
EDGE:CLX-PH-MONDO:0010526-HP:0012702,MONDO:0010526,HAS_PHENOTYPE,HP:0012702,curated,CLX-HPO-ANNOT,high,https://hpo.jax.org/browse/disease/OMIM:301500,HPO annotation (TAS): reference OMIM:301500.,,,,,,,,,,,"{""frequency"":"""",""information_content"":7.517,""reference"":""OMIM:301500""}"
EDGE:CLX-PH-MONDO:0010526-HP:0001071,MONDO:0010526,HAS_PHENOTYPE,HP:0001071,curated,CLX-HPO-ANNOT,high,https://hpo.jax.org/browse/disease/OMIM:301500,HPO annotation (PCS): reference PMID:8993949.,,,,,,,,,,,"{""frequency"":"""",""information_content"":7.671,""reference"":""PMID:8993949""}"
EDGE:CLX-PH-MONDO:0010526-HP:0033595,MONDO:0010526,HAS_PHENOTYPE,HP:0033595,curated,CLX-HPO-ANNOT,high,https://hpo.jax.org/browse/disease/OMIM:301500,HPO annotation (PCS): reference PMID:17073606.,,,,,,,,,,,"{""frequency"":"""",""information_content"":8.769,""reference"":""PMID:17073606""}"
EDGE:CLX-PH-MONDO:0010526-HP:0005144,MONDO:0010526,HAS_PHENOTYPE,HP:0005144,curated,CLX-HPO-ANNOT,high,https://hpo.jax.org/browse/disease/OMIM:301500,HPO annotation (PCS): reference PMID:19473999.,,,,,,,,,,,"{""frequency"":"""",""information_content"":6.572,""reference"":""PMID:19473999""}"
EDGE:CLX-PH-MONDO:0010526-HP:0034864,MONDO:0010526,HAS_PHENOTYPE,HP:0034864,curated,CLX-HPO-ANNOT,high,https://hpo.jax.org/browse/disease/OMIM:301500,HPO annotation (TAS): reference OMIM:301500.,,,,,,,,,,,"{""frequency"":"""",""information_content"":8.769,""reference"":""OMIM:301500""}"
EDGE:CLX-PH-MONDO:0010526-HP:0032567,MONDO:0010526,HAS_PHENOTYPE,HP:0032567,curated,CLX-HPO-ANNOT,high,https://hpo.jax.org/browse/disease/OMIM:301500,HPO annotation (PCS): reference PMID:26124059.,,,,,,,,,,,"{""frequency"":"""",""information_content"":9.462,""reference"":""PMID:26124059""}"
EDGE:CLX-PH-MONDO:0010526-HP:0032568,MONDO:0010526,HAS_PHENOTYPE,HP:0032568,curated,CLX-HPO-ANNOT,high,https://hpo.jax.org/browse/disease/OMIM:301500,HPO annotation (PCS): reference PMID:28593486.,,,,,,,,,,,"{""frequency"":"""",""information_content"":9.462,""reference"":""PMID:28593486""}"
EDGE:CLX-PH-MONDO:0012433-HP:0003774,MONDO:0012433,HAS_PHENOTYPE,HP:0003774,curated,CLX-HPO-ANNOT,high,https://hpo.jax.org/browse/disease/OMIM:610189,"HPO annotation (PCS): frequency 2/2, reference PMID:16682973.",,,,,,,,,,,"{""frequency"":""2/2"",""information_content"":4.264,""reference"":""PMID:16682973""}"
EDGE:CLX-PH-MONDO:0012433-HP:0006817,MONDO:0012433,HAS_PHENOTYPE,HP:0006817,curated,CLX-HPO-ANNOT,high,https://hpo.jax.org/browse/disease/OMIM:610189,"HPO annotation (PCS): frequency 0/2, reference PMID:16682973.",,,,,,,,,,,"{""frequency"":""0/2"",""information_content"":3.52,""reference"":""PMID:16682973""}"
EDGE:CLX-PH-MONDO:0012433-HP:0007663,MONDO:0012433,HAS_PHENOTYPE,HP:0007663,curated,CLX-HPO-ANNOT,high,https://hpo.jax.org/browse/disease/OMIM:610189,"HPO annotation (PCS): frequency 2/2, reference PMID:16682973.",,,,,,,,,,,"{""frequency"":""2/2"",""information_content"":2.908,""reference"":""PMID:16682973""}"
EDGE:CLX-PH-MONDO:0012433-HP:0000505,MONDO:0012433,HAS_PHENOTYPE,HP:0000505,curated,CLX-HPO-ANNOT,high,https://hpo.jax.org/browse/disease/OMIM:610189,"HPO annotation (PCS): frequency 2/2, reference PMID:16682973.",,,,,,,,,,,"{""frequency"":""2/2"",""information_content"":2.17,""reference"":""PMID:16682973""}"
EDGE:CLX-PH-MONDO:0012433-HP:0000510,MONDO:0012433,HAS_PHENOTYPE,HP:0000510,curated,CLX-HPO-ANNOT,high,https://hpo.jax.org/browse/disease/OMIM:610189,"HPO annotation (PCS): frequency 2/2, reference PMID:16682973.",,,,,,,,,,,"{""frequency"":""2/2"",""information_content"":4.029,""reference"":""PMID:16682973""}"
EDGE:CLX-PH-MONDO:0100082-HP:0000242,MONDO:0100082,HAS_PHENOTYPE,HP:0000242,curated,CLX-HPO-ANNOT,high,https://hpo.jax.org/browse/disease/OMIM:151100,HPO annotation (IEA): reference OMIM:151100.,,,,,,,,,,,"{""frequency"":"""",""information_content"":6.754,""reference"":""OMIM:151100""}"
EDGE:CLX-PH-MONDO:0100082-HP:0001256,MONDO:0100082,HAS_PHENOTYPE,HP:0001256,curated,CLX-HPO-ANNOT,high,https://hpo.jax.org/browse/disease/OMIM:151100,"HPO annotation (PCS): frequency 2/9, reference PMID:12058348.",,,,,,,,,,,"{""frequency"":""2/9"",""information_content"":3.272,""reference"":""PMID:12058348""}"
EDGE:CLX-PH-MONDO:0100082-HP:0001674,MONDO:0100082,HAS_PHENOTYPE,HP:0001674,curated,CLX-HPO-ANNOT,high,https://hpo.jax.org/browse/disease/OMIM:151100,"HPO annotation (PCS): frequency 1/9, reference PMID:12058348.",,,,,,,,,,,"{""frequency"":""1/9"",""information_content"":6.284,""reference"":""PMID:12058348""}"
EDGE:CLX-PH-MONDO:0100082-HP:0012569,MONDO:0100082,HAS_PHENOTYPE,HP:0012569,curated,CLX-HPO-ANNOT,high,https://hpo.jax.org/browse/disease/OMIM:151100,HPO annotation (TAS): reference OMIM:151100.,,,,,,,,,,,"{""frequency"":"""",""information_content"":6.978,""reference"":""OMIM:151100""}"
EDGE:CLX-PH-MONDO:0100082-HP:0001709,MONDO:0100082,HAS_PHENOTYPE,HP:0001709,curated,CLX-HPO-ANNOT,high,https://hpo.jax.org/browse/disease/OMIM:151100,HPO annotation (TAS): reference OMIM:151100.,,,,,,,,,,,"{""frequency"":"""",""information_content"":6.572,""reference"":""OMIM:151100""}"
EDGE:CLX-PH-MONDO:0100082-HP:0000957,MONDO:0100082,HAS_PHENOTYPE,HP:0000957,curated,CLX-HPO-ANNOT,high,https://hpo.jax.org/browse/disease/OMIM:151100,"HPO annotation (PCS): frequency 9/9, reference PMID:12058348.",,,,,,,,,,,"{""frequency"":""9/9"",""information_content"":4.344,""reference"":""PMID:12058348""}"
EDGE:CLX-PH-MONDO:0100082-HP:0001642,MONDO:0100082,HAS_PHENOTYPE,HP:0001642,curated,CLX-HPO-ANNOT,high,https://hpo.jax.org/browse/disease/OMIM:151100,"HPO annotation (TAS): frequency 3/9, reference OMIM:151100.",,,,,,,,,,,"{""frequency"":""3/9"",""information_content"":4.169,""reference"":""OMIM:151100""}"
EDGE:CLX-PH-MONDO:0100082-HP:0001682,MONDO:0100082,HAS_PHENOTYPE,HP:0001682,curated,CLX-HPO-ANNOT,high,https://hpo.jax.org/browse/disease/OMIM:151100,"HPO annotation (PCS): frequency 1/9, reference PMID:12058348.",,,,,,,,,,,"{""frequency"":""1/9"",""information_content"":6.327,""reference"":""PMID:12058348""}"
EDGE:CLX-PH-MONDO:0100082-HP:0001003,MONDO:0100082,HAS_PHENOTYPE,HP:0001003,curated,CLX-HPO-ANNOT,high,https://hpo.jax.org/browse/disease/OMIM:151100,"HPO annotation (PCS): frequency 9/9, reference PMID:12058348.",,,,,,,,,,,"{""frequency"":""9/9"",""information_content"":6.284,""reference"":""PMID:12058348""}"
EDGE:CLX-PH-MONDO:0100082-HP:0010463,MONDO:0100082,HAS_PHENOTYPE,HP:0010463,curated,CLX-HPO-ANNOT,high,https://hpo.jax.org/browse/disease/OMIM:151100,HPO annotation (TAS): reference OMIM:151100.,,,,,,,,,,,"{""frequency"":"""",""information_content"":7.265,""reference"":""OMIM:151100""}"
EDGE:CLX-PH-MONDO:0100082-HP:0001639,MONDO:0100082,HAS_PHENOTYPE,HP:0001639,curated,CLX-HPO-ANNOT,high,https://hpo.jax.org/browse/disease/OMIM:151100,"HPO annotation (PCS): frequency 3/9, reference PMID:12058348.",,,,,,,,,,,"{""frequency"":""3/9"",""information_content"":3.921,""reference"":""PMID:12058348""}"
EDGE:CLX-PH-MONDO:0100082-HP:0004409,MONDO:0100082,HAS_PHENOTYPE,HP:0004409,curated,CLX-HPO-ANNOT,high,https://hpo.jax.org/browse/disease/OMIM:151100,HPO annotation (IEA): reference OMIM:151100.,,,,,,,,,,,"{""frequency"":"""",""information_content"":5.997,""reference"":""OMIM:151100""}"
EDGE:CLX-PH-MONDO:0100082-HP:0002967,MONDO:0100082,HAS_PHENOTYPE,HP:0002967,curated,CLX-HPO-ANNOT,high,https://hpo.jax.org/browse/disease/OMIM:151100,HPO annotation (IEA): reference OMIM:151100.,,,,,,,,,,,"{""frequency"":"""",""information_content"":5.008,""reference"":""OMIM:151100""}"
EDGE:CLX-PH-MONDO:0100082-HP:0000465,MONDO:0100082,HAS_PHENOTYPE,HP:0000465,curated,CLX-HPO-ANNOT,high,https://hpo.jax.org/browse/disease/OMIM:151100,HPO annotation (IEA): reference OMIM:151100.,,,,,,,,,,,"{""frequency"":"""",""information_content"":4.394,""reference"":""OMIM:151100""}"
EDGE:CLX-PH-MONDO:0008104-HP:0004841,MONDO:0008104,HAS_PHENOTYPE,HP:0004841,curated,CLX-HPO-ANNOT,high,https://hpo.jax.org/browse/disease/OMIM:163950,HPO annotation (IEA): reference OMIM:163950.,,,,,,,,,,,"{""frequency"":"""",""information_content"":7.853,""reference"":""OMIM:163950""}"
EDGE:CLX-PH-MONDO:0008104-HP:0000917,MONDO:0008104,HAS_PHENOTYPE,HP:0000917,curated,CLX-HPO-ANNOT,high,https://hpo.jax.org/browse/disease/OMIM:163950,HPO annotation (IEA): reference OMIM:163950.,,,,,,,,,,,"{""frequency"":"""",""information_content"":8.364,""reference"":""OMIM:163950""}"
EDGE:CLX-PH-MONDO:0008104-HP:0000914,MONDO:0008104,HAS_PHENOTYPE,HP:0000914,curated,CLX-HPO-ANNOT,high,https://hpo.jax.org/browse/disease/OMIM:163950,HPO annotation (IEA): reference OMIM:163950.,,,,,,,,,,,"{""frequency"":"""",""information_content"":6.167,""reference"":""OMIM:163950""}"
EDGE:CLX-PH-MONDO:0008104-HP:0000957,MONDO:0008104,HAS_PHENOTYPE,HP:0000957,curated,CLX-HPO-ANNOT,high,https://hpo.jax.org/browse/disease/OMIM:163950,"HPO annotation (PCS): frequency 10/107, reference PMID:32164556.",,,,,,,,,,,"{""frequency"":""10/107"",""information_content"":4.344,""reference"":""PMID:32164556""}"
EDGE:CLX-PH-MONDO:0008104-HP:0000915,MONDO:0008104,HAS_PHENOTYPE,HP:0000915,curated,CLX-HPO-ANNOT,high,https://hpo.jax.org/browse/disease/OMIM:163950,HPO annotation (IEA): reference OMIM:163950.,,,,,,,,,,,"{""frequency"":"""",""information_content"":7.853,""reference"":""OMIM:163950""}"
EDGE:CLX-PH-MONDO:0008104-HP:0001642,MONDO:0008104,HAS_PHENOTYPE,HP:0001642,curated,CLX-HPO-ANNOT,high,https://hpo.jax.org/browse/disease/OMIM:163950,"HPO annotation (PCS): frequency 92/181, reference PMID:15723289;PMID:32164556;PMID:15240615.",,,,,,,,,,,"{""frequency"":""92/181"",""information_content"":4.169,""reference"":""PMID:15723289;PMID:32164556;PMID:15240615""}"
EDGE:CLX-PH-MONDO:0008104-HP:0010310,MONDO:0008104,HAS_PHENOTYPE,HP:0010310,curated,CLX-HPO-ANNOT,high,https://hpo.jax.org/browse/disease/OMIM:163950,"HPO annotation (PCS): frequency 1/18, reference PMID:15240615.",,,,,,,,,,,"{""frequency"":""1/18"",""information_content"":6.754,""reference"":""PMID:15240615""}"
EDGE:CLX-PH-MONDO:0008104-HP:0100697,MONDO:0008104,HAS_PHENOTYPE,HP:0100697,curated,CLX-HPO-ANNOT,high,https://hpo.jax.org/browse/disease/OMIM:163950,HPO annotation (TAS): reference OMIM:163950.,,,,,,,,,,,"{""frequency"":"""",""information_content"":7.853,""reference"":""OMIM:163950""}"
EDGE:CLX-PH-MONDO:0008104-HP:0002162,MONDO:0008104,HAS_PHENOTYPE,HP:0002162,curated,CLX-HPO-ANNOT,high,https://hpo.jax.org/browse/disease/OMIM:163950,"HPO annotation (PCS): frequency 86/138, reference PMID:12634870;PMID:32164556.",,,,,,,,,,,"{""frequency"":""86/138"",""information_content"":4.432,""reference"":""PMID:12634870;PMID:32164556""}"
EDGE:CLX-PH-MONDO:0008104-HP:0012209,MONDO:0008104,HAS_PHENOTYPE,HP:0012209,curated,CLX-HPO-ANNOT,high,https://hpo.jax.org/browse/disease/OMIM:163950,"HPO annotation (PCS): frequency 2/18, reference PMID:15240615.",,,,,,,,,,,"{""frequency"":""2/18"",""information_content"":7.671,""reference"":""PMID:15240615""}"
EDGE:CLX-PH-MONDO:0008104-HP:0004859,MONDO:0008104,HAS_PHENOTYPE,HP:0004859,curated,CLX-HPO-ANNOT,high,https://hpo.jax.org/browse/disease/OMIM:163950,HPO annotation (IEA): reference OMIM:163950.,,,,,,,,,,,"{""frequency"":"""",""information_content"":8.076,""reference"":""OMIM:163950""}"
EDGE:CLX-PH-MONDO:0008104-HP:0008357,MONDO:0008104,HAS_PHENOTYPE,HP:0008357,curated,CLX-HPO-ANNOT,high,https://hpo.jax.org/browse/disease/OMIM:163950,HPO annotation (TAS): reference OMIM:163950.,,,,,,,,,,,"{""frequency"":"""",""information_content"":7.853,""reference"":""OMIM:163950""}"
EDGE:CLX-PH-MONDO:0008104-HP:0000135,MONDO:0008104,HAS_PHENOTYPE,HP:0000135,curated,CLX-HPO-ANNOT,high,https://hpo.jax.org/browse/disease/OMIM:163950,"HPO annotation (TAS): frequency HP:0040283, reference OMIM:163950.",,,,,,,,,,,"{""frequency"":""HP:0040283"",""information_content"":3.571,""reference"":""OMIM:163950""}"
EDGE:CLX-PH-MONDO:0008104-HP:0001639,MONDO:0008104,HAS_PHENOTYPE,HP:0001639,curated,CLX-HPO-ANNOT,high,https://hpo.jax.org/browse/disease/OMIM:163950,"HPO annotation (PCS): frequency 13/181, reference PMID:15723289;PMID:32164556;PMID:15240615.",,,,,,,,,,,"{""frequency"":""13/181"",""information_content"":3.921,""reference"":""PMID:15723289;PMID:32164556;PMID:15240615""}"
EDGE:CLX-PH-MONDO:0008104-HP:0002967,MONDO:0008104,HAS_PHENOTYPE,HP:0002967,curated,CLX-HPO-ANNOT,high,https://hpo.jax.org/browse/disease/OMIM:163950,"HPO annotation (PCS): frequency 13/107, reference PMID:32164556.",,,,,,,,,,,"{""frequency"":""13/107"",""information_content"":5.008,""reference"":""PMID:32164556""}"
EDGE:CLX-PH-MONDO:0008104-HP:0000465,MONDO:0008104,HAS_PHENOTYPE,HP:0000465,curated,CLX-HPO-ANNOT,high,https://hpo.jax.org/browse/disease/OMIM:163950,"HPO annotation (PCS): frequency 13/32, reference PMID:12634870.",,,,,,,,,,,"{""frequency"":""13/32"",""information_content"":4.394,""reference"":""PMID:12634870""}"
EDGE:CLX-PH-MONDO:0010079-HP:0001476,MONDO:0010079,HAS_PHENOTYPE,HP:0001476,curated,CLX-HPO-ANNOT,high,https://hpo.jax.org/browse/disease/OMIM:271900,HPO annotation (PCS): reference OMIM:264470.,,,,,,,,,,,"{""frequency"":"""",""information_content"":5.612,""reference"":""OMIM:264470""}"
EDGE:CLX-PH-MONDO:0010079-HP:6000354,MONDO:0010079,HAS_PHENOTYPE,HP:6000354,curated,CLX-HPO-ANNOT,high,https://hpo.jax.org/browse/disease/OMIM:271900,"HPO annotation (PCS): frequency 22/22, reference PMID:8252036.",,,,,,,,,,,"{""frequency"":""22/22"",""information_content"":9.462,""reference"":""PMID:8252036""}"
EDGE:CLX-PH-MONDO:0010079-HP:0010841,MONDO:0010079,HAS_PHENOTYPE,HP:0010841,curated,CLX-HPO-ANNOT,high,https://hpo.jax.org/browse/disease/OMIM:271900,"HPO annotation (PCS): frequency 2/5, reference PMID:34446995.",,,,,,,,,,,"{""frequency"":""2/5"",""information_content"":5.55,""reference"":""PMID:34446995""}"
EDGE:CLX-PH-MONDO:0010079-HP:0007305,MONDO:0010079,HAS_PHENOTYPE,HP:0007305,curated,CLX-HPO-ANNOT,high,https://hpo.jax.org/browse/disease/OMIM:271900,HPO annotation (PCS): reference OMIM:264470.,,,,,,,,,,,"{""frequency"":"""",""information_content"":5.385,""reference"":""OMIM:264470""}"
EDGE:CLX-PH-MONDO:0010079-HP:0025053,MONDO:0010079,HAS_PHENOTYPE,HP:0025053,curated,CLX-HPO-ANNOT,high,https://hpo.jax.org/browse/disease/OMIM:271900,"HPO annotation (PCS): frequency 10/10, reference PMID:34446995.",,,,,,,,,,,"{""frequency"":""10/10"",""information_content"":7.853,""reference"":""PMID:34446995""}"
EDGE:CLX-PH-MONDO:0010079-HP:0034649,MONDO:0010079,HAS_PHENOTYPE,HP:0034649,curated,CLX-HPO-ANNOT,high,https://hpo.jax.org/browse/disease/OMIM:271900,"HPO annotation (PCS): frequency 6/8, reference PMID:34446995.",,,,,,,,,,,"{""frequency"":""6/8"",""information_content"":8.364,""reference"":""PMID:34446995""}"
EDGE:CLX-PH-MONDO:0010079-HP:0032273,MONDO:0010079,HAS_PHENOTYPE,HP:0032273,curated,CLX-HPO-ANNOT,high,https://hpo.jax.org/browse/disease/OMIM:271900,HPO annotation (TAS): reference OMIM:271900.,,,,,,,,,,,"{""frequency"":"""",""information_content"":9.462,""reference"":""OMIM:271900""}"
EDGE:CLX-PH-MONDO:0010079-HP:0032274,MONDO:0010079,HAS_PHENOTYPE,HP:0032274,curated,CLX-HPO-ANNOT,high,https://hpo.jax.org/browse/disease/OMIM:271900,HPO annotation (TAS): reference OMIM:271900.,,,,,,,,,,,"{""frequency"":"""",""information_content"":9.462,""reference"":""OMIM:271900""}"
EDGE:CLX-PH-MONDO:0010079-HP:0000505,MONDO:0010079,HAS_PHENOTYPE,HP:0000505,curated,CLX-HPO-ANNOT,high,https://hpo.jax.org/browse/disease/OMIM:271900,"HPO annotation (PCS): frequency 12/12, reference PMID:34446995.",,,,,,,,,,,"{""frequency"":""12/12"",""information_content"":2.17,""reference"":""PMID:34446995""}"
EDGE:CLX-PH-MONDO:0009265-HP:0001971,MONDO:0009265,HAS_PHENOTYPE,HP:0001971,curated,CLX-HPO-ANNOT,high,https://hpo.jax.org/browse/disease/OMIM:230800,HPO annotation (IEA): reference OMIM:230800.,,,,,,,,,,,"{""frequency"":"""",""information_content"":6.327,""reference"":""OMIM:230800""}"
EDGE:CLX-PH-MONDO:0009265-HP:6001185,MONDO:0009265,HAS_PHENOTYPE,HP:6001185,curated,CLX-HPO-ANNOT,high,https://hpo.jax.org/browse/disease/OMIM:230800,"HPO annotation (PCS): frequency 64/64, reference PMID:21868580.",,,,,,,,,,,"{""frequency"":""64/64"",""information_content"":8.364,""reference"":""PMID:21868580""}"
EDGE:CLX-PH-MONDO:0009265-HP:0007401,MONDO:0009265,HAS_PHENOTYPE,HP:0007401,curated,CLX-HPO-ANNOT,high,https://hpo.jax.org/browse/disease/OMIM:230800,HPO annotation (TAS): reference OMIM:230800.,,,,,,,,,,,"{""frequency"":"""",""information_content"":5.385,""reference"":""OMIM:230800""}"
EDGE:CLX-PH-MONDO:0009265-HP:0006775,MONDO:0009265,HAS_PHENOTYPE,HP:0006775,curated,CLX-HPO-ANNOT,high,https://hpo.jax.org/browse/disease/OMIM:230800,HPO annotation (IEA): reference OMIM:230800.,,,,,,,,,,,"{""frequency"":"""",""information_content"":6.754,""reference"":""OMIM:230800""}"
EDGE:CLX-PH-MONDO:0009265-HP:0002953,MONDO:0009265,HAS_PHENOTYPE,HP:0002953,curated,CLX-HPO-ANNOT,high,https://hpo.jax.org/browse/disease/OMIM:230800,HPO annotation (IEA): reference OMIM:230800.,,,,,,,,,,,"{""frequency"":"""",""information_content"":5.879,""reference"":""OMIM:230800""}"
EDGE:CLX-PH-MONDO:0009265-HP:0002756,MONDO:0009265,HAS_PHENOTYPE,HP:0002756,curated,CLX-HPO-ANNOT,high,https://hpo.jax.org/browse/disease/OMIM:230800,HPO annotation (IEA): reference OMIM:230800.,,,,,,,,,,,"{""frequency"":"""",""information_content"":5.492,""reference"":""OMIM:230800""}"
EDGE:CLX-PH-MONDO:0009265-HP:0004975,MONDO:0009265,HAS_PHENOTYPE,HP:0004975,curated,CLX-HPO-ANNOT,high,https://hpo.jax.org/browse/disease/OMIM:230800,HPO annotation (IEA): reference OMIM:230800.,,,,,,,,,,,"{""frequency"":"""",""information_content"":7.065,""reference"":""OMIM:230800""}"
EDGE:CLX-PH-MONDO:0009265-HP:0002113,MONDO:0009265,HAS_PHENOTYPE,HP:0002113,curated,CLX-HPO-ANNOT,high,https://hpo.jax.org/browse/disease/OMIM:230800,"HPO annotation (TAS): frequency HP:0040283, reference OMIM:230800.",,,,,,,,,,,"{""frequency"":""HP:0040283"",""information_content"":5.319,""reference"":""OMIM:230800""}"
EDGE:CLX-PH-MONDO:0009265-HP:0001876,MONDO:0009265,HAS_PHENOTYPE,HP:0001876,curated,CLX-HPO-ANNOT,high,https://hpo.jax.org/browse/disease/OMIM:230800,HPO annotation (IEA): reference OMIM:230800.,,,,,,,,,,,"{""frequency"":"""",""information_content"":4.413,""reference"":""OMIM:230800""}"
EDGE:CLX-PH-MONDO:0014113-HP:0000154,MONDO:0014113,HAS_PHENOTYPE,HP:0000154,curated,CLX-HPO-ANNOT,high,https://hpo.jax.org/browse/disease/OMIM:615279,HPO annotation (PCS): reference PMID:18042262.,,,,,,,,,,,"{""frequency"":"""",""information_content"":3.752,""reference"":""PMID:18042262""}"
EDGE:CLX-PH-MONDO:0014113-HP:0002212,MONDO:0014113,HAS_PHENOTYPE,HP:0002212,curated,CLX-HPO-ANNOT,high,https://hpo.jax.org/browse/disease/OMIM:615279,"HPO annotation (PCS): frequency 3/3, reference PMID:16439621.",,,,,,,,,,,"{""frequency"":""3/3"",""information_content"":5.492,""reference"":""PMID:16439621""}"
EDGE:CLX-PH-MONDO:0014113-HP:0002046,MONDO:0014113,HAS_PHENOTYPE,HP:0002046,curated,CLX-HPO-ANNOT,high,https://hpo.jax.org/browse/disease/OMIM:615279,"HPO annotation (PCS): frequency 3/3, reference PMID:16439621.",,,,,,,,,,,"{""frequency"":""3/3"",""information_content"":5.966,""reference"":""PMID:16439621""}"
EDGE:CLX-PH-MONDO:0014113-HP:0032152,MONDO:0014113,HAS_PHENOTYPE,HP:0032152,curated,CLX-HPO-ANNOT,high,https://hpo.jax.org/browse/disease/OMIM:615279,HPO annotation (PCS): reference PMID:18042262.,,,,,,,,,,,"{""frequency"":"""",""information_content"":5.612,""reference"":""PMID:18042262""}"
EDGE:CLX-PH-MONDO:0014113-HP:0001639,MONDO:0014113,HAS_PHENOTYPE,HP:0001639,curated,CLX-HPO-ANNOT,high,https://hpo.jax.org/browse/disease/OMIM:615279,HPO annotation (PCS): reference PMID:18042262.,,,,,,,,,,,"{""frequency"":"""",""information_content"":3.921,""reference"":""PMID:18042262""}"
EDGE:CLX-PH-MONDO:0014113-HP:0000975,MONDO:0014113,HAS_PHENOTYPE,HP:0000975,curated,CLX-HPO-ANNOT,high,https://hpo.jax.org/browse/disease/OMIM:615279,"HPO annotation (PCS): frequency 3/3, reference PMID:16439621.",,,,,,,,,,,"{""frequency"":""3/3"",""information_content"":4.221,""reference"":""PMID:16439621""}"
EDGE:CLX-PH-MONDO:0014113-HP:0000465,MONDO:0014113,HAS_PHENOTYPE,HP:0000465,curated,CLX-HPO-ANNOT,high,https://hpo.jax.org/browse/disease/OMIM:615279,HPO annotation (PCS): reference PMID:18042262.,,,,,,,,,,,"{""frequency"":"""",""information_content"":4.394,""reference"":""PMID:18042262""}"
EDGE:CLX-PH-MONDO:0014113-HP:0001642,MONDO:0014113,HAS_PHENOTYPE,HP:0001642,curated,CLX-HPO-ANNOT,high,https://hpo.jax.org/browse/disease/OMIM:615279,HPO annotation (PCS): reference PMID:18042262.,,,,,,,,,,,"{""frequency"":"""",""information_content"":4.169,""reference"":""PMID:18042262""}"
EDGE:CLX-PH-MONDO:0012690-HP:0000957,MONDO:0012690,HAS_PHENOTYPE,HP:0000957,curated,CLX-HPO-ANNOT,high,https://hpo.jax.org/browse/disease/OMIM:611553,"HPO annotation (PCS): frequency 4/22, reference PMID:17603483.",,,,,,,,,,,"{""frequency"":""4/22"",""information_content"":4.344,""reference"":""PMID:17603483""}"
EDGE:CLX-PH-MONDO:0012690-HP:0001642,MONDO:0012690,HAS_PHENOTYPE,HP:0001642,curated,CLX-HPO-ANNOT,high,https://hpo.jax.org/browse/disease/OMIM:611553,"HPO annotation (PCS): frequency 5/23, reference PMID:17603483.",,,,,,,,,,,"{""frequency"":""5/23"",""information_content"":4.169,""reference"":""PMID:17603483""}"
EDGE:CLX-PH-MONDO:0012690-HP:0001601,MONDO:0012690,HAS_PHENOTYPE,HP:0001601,curated,CLX-HPO-ANNOT,high,https://hpo.jax.org/browse/disease/OMIM:611553,"HPO annotation (PCS): frequency 4/18, reference PMID:17603483.",,,,,,,,,,,"{""frequency"":""4/18"",""information_content"":4.771,""reference"":""PMID:17603483""}"
EDGE:CLX-PH-MONDO:0012690-HP:0002212,MONDO:0012690,HAS_PHENOTYPE,HP:0002212,curated,CLX-HPO-ANNOT,high,https://hpo.jax.org/browse/disease/OMIM:611553,"HPO annotation (PCS): frequency 6/23, reference PMID:17603483.",,,,,,,,,,,"{""frequency"":""6/23"",""information_content"":5.492,""reference"":""PMID:17603483""}"
EDGE:CLX-PH-MONDO:0012690-HP:0000154,MONDO:0012690,HAS_PHENOTYPE,HP:0000154,curated,CLX-HPO-ANNOT,high,https://hpo.jax.org/browse/disease/OMIM:611553,"HPO annotation (PCS): frequency 5/23, reference PMID:17603483.",,,,,,,,,,,"{""frequency"":""5/23"",""information_content"":3.752,""reference"":""PMID:17603483""}"
EDGE:CLX-PH-MONDO:0012690-HP:0002213,MONDO:0012690,HAS_PHENOTYPE,HP:0002213,curated,CLX-HPO-ANNOT,high,https://hpo.jax.org/browse/disease/OMIM:611553,"HPO annotation (PCS): frequency 3/23, reference PMID:17603483.",,,,,,,,,,,"{""frequency"":""3/23"",""information_content"":4.692,""reference"":""PMID:17603483""}"
EDGE:CLX-PH-MONDO:0012690-HP:0001520,MONDO:0012690,HAS_PHENOTYPE,HP:0001520,curated,CLX-HPO-ANNOT,high,https://hpo.jax.org/browse/disease/OMIM:611553,"HPO annotation (PCS): frequency 6/22, reference PMID:17603483.",,,,,,,,,,,"{""frequency"":""6/22"",""information_content"":5.304,""reference"":""PMID:17603483""}"
EDGE:CLX-PH-MONDO:0012690-HP:0001003,MONDO:0012690,HAS_PHENOTYPE,HP:0001003,curated,CLX-HPO-ANNOT,high,https://hpo.jax.org/browse/disease/OMIM:611553,"HPO annotation (PCS): frequency 4/23, reference PMID:17603483.",,,,,,,,,,,"{""frequency"":""4/23"",""information_content"":6.284,""reference"":""PMID:17603483""}"
EDGE:CLX-PH-MONDO:0012690-HP:0000391,MONDO:0012690,HAS_PHENOTYPE,HP:0000391,curated,CLX-HPO-ANNOT,high,https://hpo.jax.org/browse/disease/OMIM:611553,"HPO annotation (PCS): frequency 20/23, reference PMID:17603483.",,,,,,,,,,,"{""frequency"":""20/23"",""information_content"":5.591,""reference"":""PMID:17603483""}"
EDGE:CLX-PH-MONDO:0012690-HP:0032152,MONDO:0012690,HAS_PHENOTYPE,HP:0032152,curated,CLX-HPO-ANNOT,high,https://hpo.jax.org/browse/disease/OMIM:611553,"HPO annotation (PCS): frequency 2/23, reference PMID:17603483.",,,,,,,,,,,"{""frequency"":""2/23"",""information_content"":5.612,""reference"":""PMID:17603483""}"
EDGE:CLX-PH-MONDO:0012690-HP:0001639,MONDO:0012690,HAS_PHENOTYPE,HP:0001639,curated,CLX-HPO-ANNOT,high,https://hpo.jax.org/browse/disease/OMIM:611553,"HPO annotation (PCS): frequency 24/34, reference PMID:17603482;PMID:17603483.",,,,,,,,,,,"{""frequency"":""24/34"",""information_content"":3.921,""reference"":""PMID:17603482;PMID:17603483""}"
EDGE:CLX-PH-MONDO:0012690-HP:0002967,MONDO:0012690,HAS_PHENOTYPE,HP:0002967,curated,CLX-HPO-ANNOT,high,https://hpo.jax.org/browse/disease/OMIM:611553,"HPO annotation (PCS): frequency 8/23, reference PMID:17603483.",,,,,,,,,,,"{""frequency"":""8/23"",""information_content"":5.008,""reference"":""PMID:17603483""}"
EDGE:CLX-PH-MONDO:0012690-HP:0000465,MONDO:0012690,HAS_PHENOTYPE,HP:0000465,curated,CLX-HPO-ANNOT,high,https://hpo.jax.org/browse/disease/OMIM:611553,"HPO annotation (PCS): frequency 12/31, reference PMID:17603482;PMID:17603483.",,,,,,,,,,,"{""frequency"":""12/31"",""information_content"":4.394,""reference"":""PMID:17603482;PMID:17603483""}"
EDGE:CLX-PH-MONDO:0009591-HP:0005609,MONDO:0009591,HAS_PHENOTYPE,HP:0005609,curated,CLX-HPO-ANNOT,high,https://hpo.jax.org/browse/disease/OMIM:250100,HPO annotation (IEA): reference OMIM:250100.,,,,,,,,,,,"{""frequency"":"""",""information_content"":8.769,""reference"":""OMIM:250100""}"
EDGE:CLX-PH-MONDO:0009591-HP:0001283,MONDO:0009591,HAS_PHENOTYPE,HP:0001283,curated,CLX-HPO-ANNOT,high,https://hpo.jax.org/browse/disease/OMIM:250100,HPO annotation (IEA): reference OMIM:250100.,,,,,,,,,,,"{""frequency"":"""",""information_content"":5.55,""reference"":""OMIM:250100""}"
EDGE:CLX-PH-MONDO:0009591-HP:0002371,MONDO:0009591,HAS_PHENOTYPE,HP:0002371,curated,CLX-HPO-ANNOT,high,https://hpo.jax.org/browse/disease/OMIM:250100,HPO annotation (IEA): reference OMIM:250100.,,,,,,,,,,,"{""frequency"":"""",""information_content"":5.852,""reference"":""OMIM:250100""}"
EDGE:CLX-PH-MONDO:0009591-HP:0034687,MONDO:0009591,HAS_PHENOTYPE,HP:0034687,curated,CLX-HPO-ANNOT,high,https://hpo.jax.org/browse/disease/OMIM:250100,HPO annotation (PCS): reference PMID:6137805.,,,,,,,,,,,"{""frequency"":"""",""information_content"":9.462,""reference"":""PMID:6137805""}"
EDGE:CLX-PH-MONDO:0009591-HP:0034863,MONDO:0009591,HAS_PHENOTYPE,HP:0034863,curated,CLX-HPO-ANNOT,high,https://hpo.jax.org/browse/disease/OMIM:250100,HPO annotation (TAS): reference OMIM:250100.,,,,,,,,,,,"{""frequency"":"""",""information_content"":9.462,""reference"":""OMIM:250100""}"
EDGE:CLX-PH-MONDO:0009591-HP:0001082,MONDO:0009591,HAS_PHENOTYPE,HP:0001082,curated,CLX-HPO-ANNOT,high,https://hpo.jax.org/browse/disease/OMIM:250100,HPO annotation (IEA): reference OMIM:250100.,,,,,,,,,,,"{""frequency"":"""",""information_content"":6.167,""reference"":""OMIM:250100""}"
EDGE:CLX-PH-MONDO:0009591-HP:0007133,MONDO:0009591,HAS_PHENOTYPE,HP:0007133,curated,CLX-HPO-ANNOT,high,https://hpo.jax.org/browse/disease/OMIM:250100,HPO annotation (IEA): reference OMIM:250100.,,,,,,,,,,,"{""frequency"":"""",""information_content"":7.265,""reference"":""OMIM:250100""}"
EDGE:CLX-PH-MONDO:0009591-HP:0000746,MONDO:0009591,HAS_PHENOTYPE,HP:0000746,curated,CLX-HPO-ANNOT,high,https://hpo.jax.org/browse/disease/OMIM:250100,HPO annotation (IEA): reference OMIM:250100.,,,,,,,,,,,"{""frequency"":"""",""information_content"":6.028,""reference"":""OMIM:250100""}"
EDGE:CLX-PH-MONDO:0012669-HP:0001012,MONDO:0012669,HAS_PHENOTYPE,HP:0001012,curated,CLX-HPO-ANNOT,high,https://hpo.jax.org/browse/disease/OMIM:611431,"HPO annotation (PCS): frequency 11/40, reference PMID:17704776.",,,,,,,,,,,"{""frequency"":""11/40"",""information_content"":5.335,""reference"":""PMID:17704776""}"
EDGE:CLX-PH-MONDO:0012669-HP:0002162,MONDO:0012669,HAS_PHENOTYPE,HP:0002162,curated,CLX-HPO-ANNOT,high,https://hpo.jax.org/browse/disease/OMIM:611431,HPO annotation (TAS): reference OMIM:611431.,,,,,,,,,,,"{""frequency"":"""",""information_content"":4.432,""reference"":""OMIM:611431""}"
EDGE:CLX-PH-MONDO:0012669-HP:0000957,MONDO:0012669,HAS_PHENOTYPE,HP:0000957,curated,CLX-HPO-ANNOT,high,https://hpo.jax.org/browse/disease/OMIM:611431,"HPO annotation (PCS): frequency 62/62, reference PMID:17704776;PMID:19366998.",,,,,,,,,,,"{""frequency"":""62/62"",""information_content"":4.344,""reference"":""PMID:17704776;PMID:19366998""}"
EDGE:CLX-PH-MONDO:0012669-HP:0000997,MONDO:0012669,HAS_PHENOTYPE,HP:0000997,curated,CLX-HPO-ANNOT,high,https://hpo.jax.org/browse/disease/OMIM:611431,"HPO annotation (PCS): frequency 10/18, reference PMID:19366998.",,,,,,,,,,,"{""frequency"":""10/18"",""information_content"":6.978,""reference"":""PMID:19366998""}"
EDGE:CLX-PH-MONDO:0012669-HP:0001067,MONDO:0012669,HAS_PHENOTYPE,HP:0001067,curated,CLX-HPO-ANNOT,high,https://hpo.jax.org/browse/disease/OMIM:611431,"HPO annotation (IEA): frequency 0/18, reference OMIM:611431.",,,,,,,,,,,"{""frequency"":""0/18"",""information_content"":6.327,""reference"":""OMIM:611431""}"
EDGE:CLX-PH-MONDO:0012669-HP:0001480,MONDO:0012669,HAS_PHENOTYPE,HP:0001480,curated,CLX-HPO-ANNOT,high,https://hpo.jax.org/browse/disease/OMIM:611431,"HPO annotation (PCS): frequency 14/43, reference PMID:17704776.",,,,,,,,,,,"{""frequency"":""14/43"",""information_content"":5.612,""reference"":""PMID:17704776""}"
EDGE:CLX-PH-MONDO:0012669-HP:0034349,MONDO:0012669,HAS_PHENOTYPE,HP:0034349,curated,CLX-HPO-ANNOT,high,https://hpo.jax.org/browse/disease/OMIM:611431,"HPO annotation (PCS): frequency 1/40, reference PMID:17704776.",,,,,,,,,,,"{""frequency"":""1/40"",""information_content"":7.853,""reference"":""PMID:17704776""}"
EDGE:CLX-PH-MONDO:0012669-HP:0030052,MONDO:0012669,HAS_PHENOTYPE,HP:0030052,curated,CLX-HPO-ANNOT,high,https://hpo.jax.org/browse/disease/OMIM:611431,"HPO annotation (PCS): frequency 9/18, reference PMID:19366998.",,,,,,,,,,,"{""frequency"":""9/18"",""information_content"":7.16,""reference"":""PMID:19366998""}"
EDGE:CLX-PH-MONDO:0009659-HP:0007759,MONDO:0009659,HAS_PHENOTYPE,HP:0007759,curated,CLX-HPO-ANNOT,high,https://hpo.jax.org/browse/disease/OMIM:253000,HPO annotation (IEA): reference OMIM:253000.,,,,,,,,,,,"{""frequency"":"""",""information_content"":4.626,""reference"":""OMIM:253000""}"
EDGE:CLX-PH-MONDO:0009659-HP:0003277,MONDO:0009659,HAS_PHENOTYPE,HP:0003277,curated,CLX-HPO-ANNOT,high,https://hpo.jax.org/browse/disease/OMIM:253000,HPO annotation (IEA): reference OMIM:253000.,,,,,,,,,,,"{""frequency"":"""",""information_content"":8.769,""reference"":""OMIM:253000""}"
EDGE:CLX-PH-MONDO:0009659-HP:0000683,MONDO:0009659,HAS_PHENOTYPE,HP:0000683,curated,CLX-HPO-ANNOT,high,https://hpo.jax.org/browse/disease/OMIM:253000,HPO annotation (IEA): reference OMIM:253000.,,,,,,,,,,,"{""frequency"":"""",""information_content"":7.853,""reference"":""OMIM:253000""}"
EDGE:CLX-PH-MONDO:0009659-HP:0012070,MONDO:0009659,HAS_PHENOTYPE,HP:0012070,curated,CLX-HPO-ANNOT,high,https://hpo.jax.org/browse/disease/OMIM:253000,HPO annotation (TAS): reference OMIM:253000.,,,,,,,,,,,"{""frequency"":"""",""information_content"":8.076,""reference"":""OMIM:253000""}"
EDGE:CLX-PH-MONDO:0009659-HP:0003308,MONDO:0009659,HAS_PHENOTYPE,HP:0003308,curated,CLX-HPO-ANNOT,high,https://hpo.jax.org/browse/disease/OMIM:253000,HPO annotation (IEA): reference OMIM:253000.,,,,,,,,,,,"{""frequency"":"""",""information_content"":6.978,""reference"":""OMIM:253000""}"
EDGE:CLX-PH-MONDO:0009659-HP:0030865,MONDO:0009659,HAS_PHENOTYPE,HP:0030865,curated,CLX-HPO-ANNOT,high,https://hpo.jax.org/browse/disease/OMIM:253000,HPO annotation (PCS): reference PMID:24602160.,,,,,,,,,,,"{""frequency"":"""",""information_content"":8.364,""reference"":""PMID:24602160""}"
EDGE:CLX-PH-MONDO:0009659-HP:0003049,MONDO:0009659,HAS_PHENOTYPE,HP:0003049,curated,CLX-HPO-ANNOT,high,https://hpo.jax.org/browse/disease/OMIM:253000,HPO annotation (IEA): reference OMIM:253000.,,,,,,,,,,,"{""frequency"":"""",""information_content"":6.629,""reference"":""OMIM:253000""}"
EDGE:CLX-PH-MONDO:0009659-HP:0001223,MONDO:0009659,HAS_PHENOTYPE,HP:0001223,curated,CLX-HPO-ANNOT,high,https://hpo.jax.org/browse/disease/OMIM:253000,HPO annotation (IEA): reference OMIM:253000.,,,,,,,,,,,"{""frequency"":"""",""information_content"":8.769,""reference"":""OMIM:253000""}"
EDGE:CLX-PH-MONDO:0009659-HP:0012069,MONDO:0009659,HAS_PHENOTYPE,HP:0012069,curated,CLX-HPO-ANNOT,high,https://hpo.jax.org/browse/disease/OMIM:253000,HPO annotation (TAS): reference OMIM:253000.,,,,,,,,,,,"{""frequency"":"""",""information_content"":7.853,""reference"":""OMIM:253000""}"
EDGE:CLX-PH-MONDO:0009659-HP:0000884,MONDO:0009659,HAS_PHENOTYPE,HP:0000884,curated,CLX-HPO-ANNOT,high,https://hpo.jax.org/browse/disease/OMIM:253000,HPO annotation (IEA): reference OMIM:253000.,,,,,,,,,,,"{""frequency"":"""",""information_content"":6.823,""reference"":""OMIM:253000""}"
EDGE:CLX-PH-MONDO:0009659-HP:0003053,MONDO:0009659,HAS_PHENOTYPE,HP:0003053,curated,CLX-HPO-ANNOT,high,https://hpo.jax.org/browse/disease/OMIM:253000,HPO annotation (IEA): reference OMIM:253000.,,,,,,,,,,,"{""frequency"":"""",""information_content"":8.364,""reference"":""OMIM:253000""}"
EDGE:CLX-PH-MONDO:0009659-HP:0008430,MONDO:0009659,HAS_PHENOTYPE,HP:0008430,curated,CLX-HPO-ANNOT,high,https://hpo.jax.org/browse/disease/OMIM:253000,"HPO annotation (PCS): frequency 1/1, reference PMID:32024277.",,,,,,,,,,,"{""frequency"":""1/1"",""information_content"":7.265,""reference"":""PMID:32024277""}"
EDGE:CLX-PH-MONDO:0009659-HP:0002318,MONDO:0009659,HAS_PHENOTYPE,HP:0002318,curated,CLX-HPO-ANNOT,high,https://hpo.jax.org/browse/disease/OMIM:253000,HPO annotation (IEA): reference OMIM:253000.,,,,,,,,,,,"{""frequency"":"""",""information_content"":6.978,""reference"":""OMIM:253000""}"
EDGE:CLX-PH-MONDO:0009659-HP:0000154,MONDO:0009659,HAS_PHENOTYPE,HP:0000154,curated,CLX-HPO-ANNOT,high,https://hpo.jax.org/browse/disease/OMIM:253000,HPO annotation (IEA): reference OMIM:253000.,,,,,,,,,,,"{""frequency"":"""",""information_content"":3.752,""reference"":""OMIM:253000""}"
EDGE:CLX-PH-MONDO:0009659-HP:0000904,MONDO:0009659,HAS_PHENOTYPE,HP:0000904,curated,CLX-HPO-ANNOT,high,https://hpo.jax.org/browse/disease/OMIM:253000,HPO annotation (IEA): reference OMIM:253000.,,,,,,,,,,,"{""frequency"":"""",""information_content"":6.978,""reference"":""OMIM:253000""}"
EDGE:CLX-PH-MONDO:0009659-HP:0000943,MONDO:0009659,HAS_PHENOTYPE,HP:0000943,curated,CLX-HPO-ANNOT,high,https://hpo.jax.org/browse/disease/OMIM:253000,"HPO annotation (PCS): frequency 1/1, reference PMID:32024277.",,,,,,,,,,,"{""frequency"":""1/1"",""information_content"":5.774,""reference"":""PMID:32024277""}"
EDGE:CLX-PH-MONDO:0009737-HP:0003510,MONDO:0009737,HAS_PHENOTYPE,HP:0003510,curated,CLX-HPO-ANNOT,high,https://hpo.jax.org/browse/disease/OMIM:256540,HPO annotation (IEA): reference OMIM:256540.,,,,,,,,,,,"{""frequency"":"""",""information_content"":4.425,""reference"":""OMIM:256540""}"
EDGE:CLX-PH-MONDO:0009737-HP:0007759,MONDO:0009737,HAS_PHENOTYPE,HP:0007759,curated,CLX-HPO-ANNOT,high,https://hpo.jax.org/browse/disease/OMIM:256540,HPO annotation (IEA): reference OMIM:256540.,,,,,,,,,,,"{""frequency"":"""",""information_content"":4.626,""reference"":""OMIM:256540""}"
EDGE:CLX-PH-MONDO:0009737-HP:0001790,MONDO:0009737,HAS_PHENOTYPE,HP:0001790,curated,CLX-HPO-ANNOT,high,https://hpo.jax.org/browse/disease/OMIM:256540,HPO annotation (PCS): reference PMID:19466716.,,,,,,,,,,,"{""frequency"":"""",""information_content"":5.437,""reference"":""PMID:19466716""}"
EDGE:CLX-PH-MONDO:0009737-HP:0010729,MONDO:0009737,HAS_PHENOTYPE,HP:0010729,curated,CLX-HPO-ANNOT,high,https://hpo.jax.org/browse/disease/OMIM:256540,HPO annotation (PCS): reference PMID:23915561.,,,,,,,,,,,"{""frequency"":"""",""information_content"":6.167,""reference"":""PMID:23915561""}"
EDGE:CLX-PH-MONDO:0009737-HP:0008166,MONDO:0009737,HAS_PHENOTYPE,HP:0008166,curated,CLX-HPO-ANNOT,high,https://hpo.jax.org/browse/disease/OMIM:256540,HPO annotation (TAS): reference OMIM:256540.,,,,,,,,,,,"{""frequency"":"""",""information_content"":7.383,""reference"":""OMIM:256540""}"
EDGE:CLX-PH-MONDO:0009737-HP:0000943,MONDO:0009737,HAS_PHENOTYPE,HP:0000943,curated,CLX-HPO-ANNOT,high,https://hpo.jax.org/browse/disease/OMIM:256540,HPO annotation (IEA): reference OMIM:256540.,,,,,,,,,,,"{""frequency"":"""",""information_content"":5.774,""reference"":""OMIM:256540""}"
EDGE:CLX-PH-MONDO:0009737-HP:0000524,MONDO:0009737,HAS_PHENOTYPE,HP:0000524,curated,CLX-HPO-ANNOT,high,https://hpo.jax.org/browse/disease/OMIM:256540,HPO annotation (IEA): reference OMIM:256540.,,,,,,,,,,,"{""frequency"":"""",""information_content"":6.518,""reference"":""OMIM:256540""}"
EDGE:CLX-PH-MONDO:0009737-HP:0001028,MONDO:0009737,HAS_PHENOTYPE,HP:0001028,curated,CLX-HPO-ANNOT,high,https://hpo.jax.org/browse/disease/OMIM:256540,HPO annotation (IEA): reference OMIM:256540.,,,,,,,,,,,"{""frequency"":"""",""information_content"":4.298,""reference"":""OMIM:256540""}"
EDGE:CLX-PH-MONDO:0008854-HP:0002141,MONDO:0008854,HAS_PHENOTYPE,HP:0002141,curated,CLX-HPO-ANNOT,high,https://hpo.jax.org/browse/disease/OMIM:209900,HPO annotation (IEA): reference OMIM:209900.,,,,,,,,,,,"{""frequency"":"""",""information_content"":5.385,""reference"":""OMIM:209900""}"
EDGE:CLX-PH-MONDO:0008854-HP:0012743,MONDO:0008854,HAS_PHENOTYPE,HP:0012743,curated,CLX-HPO-ANNOT,high,https://hpo.jax.org/browse/disease/OMIM:209900,"HPO annotation (PCS): frequency 1/1, reference PMID:31997113.",,,,,,,,,,,"{""frequency"":""1/1"",""information_content"":6.327,""reference"":""PMID:31997113""}"
EDGE:CLX-PH-MONDO:0008854-HP:0001769,MONDO:0008854,HAS_PHENOTYPE,HP:0001769,curated,CLX-HPO-ANNOT,high,https://hpo.jax.org/browse/disease/OMIM:209900,HPO annotation (TAS): reference OMIM:209900.,,,,,,,,,,,"{""frequency"":"""",""information_content"":5.701,""reference"":""OMIM:209900""}"
EDGE:CLX-PH-MONDO:0008854-HP:0000510,MONDO:0008854,HAS_PHENOTYPE,HP:0000510,curated,CLX-HPO-ANNOT,high,https://hpo.jax.org/browse/disease/OMIM:209900,"HPO annotation (PCS): frequency 24/24, reference PMID:31997113;PMID:34526762;PMID:34262361.",,,,,,,,,,,"{""frequency"":""24/24"",""information_content"":4.029,""reference"":""PMID:31997113;PMID:34526762;PMID:34262361""}"
EDGE:CLX-PH-MONDO:0008854-HP:0000556,MONDO:0008854,HAS_PHENOTYPE,HP:0000556,curated,CLX-HPO-ANNOT,high,https://hpo.jax.org/browse/disease/OMIM:209900,HPO annotation (IEA): reference OMIM:209900.,,,,,,,,,,,"{""frequency"":"""",""information_content"":3.501,""reference"":""OMIM:209900""}"
EDGE:CLX-PH-MONDO:0008854-HP:0009806,MONDO:0008854,HAS_PHENOTYPE,HP:0009806,curated,CLX-HPO-ANNOT,high,https://hpo.jax.org/browse/disease/OMIM:209900,HPO annotation (IEA): reference OMIM:209900.,,,,,,,,,,,"{""frequency"":"""",""information_content"":6.978,""reference"":""OMIM:209900""}"
EDGE:CLX-PH-MONDO:0008854-HP:0010750,MONDO:0008854,HAS_PHENOTYPE,HP:0010750,curated,CLX-HPO-ANNOT,high,https://hpo.jax.org/browse/disease/OMIM:209900,"HPO annotation (PCS): frequency 1/3, reference PMID:22940089.",,,,,,,,,,,"{""frequency"":""1/3"",""information_content"":7.853,""reference"":""PMID:22940089""}"
EDGE:CLX-PH-MONDO:0008854-HP:0007994,MONDO:0008854,HAS_PHENOTYPE,HP:0007994,curated,CLX-HPO-ANNOT,high,https://hpo.jax.org/browse/disease/OMIM:209900,"HPO annotation (PCS): frequency 1/1, reference PMID:34262361.",,,,,,,,,,,"{""frequency"":""1/1"",""information_content"":5.879,""reference"":""PMID:34262361""}"
EDGE:CLX-PH-MONDO:0008854-HP:0030631,MONDO:0008854,HAS_PHENOTYPE,HP:0030631,curated,CLX-HPO-ANNOT,high,https://hpo.jax.org/browse/disease/OMIM:209900,"HPO annotation (PCS): frequency 1/1, reference PMID:31997113.",,,,,,,,,,,"{""frequency"":""1/1"",""information_content"":7.383,""reference"":""PMID:31997113""}"
EDGE:CLX-PH-MONDO:0008854-HP:0007663,MONDO:0008854,HAS_PHENOTYPE,HP:0007663,curated,CLX-HPO-ANNOT,high,https://hpo.jax.org/browse/disease/OMIM:209900,"HPO annotation (PCS): frequency 15/15, reference PMID:31997113;PMID:22940089;PMID:34262361;PMID:18669544.",,,,,,,,,,,"{""frequency"":""15/15"",""information_content"":2.908,""reference"":""PMID:31997113;PMID:22940089;PMID:34262361;PMID:18669544""}"
EDGE:CLX-PH-MONDO:0008854-HP:0000135,MONDO:0008854,HAS_PHENOTYPE,HP:0000135,curated,CLX-HPO-ANNOT,high,https://hpo.jax.org/browse/disease/OMIM:209900,HPO annotation (PCS): reference PMID:26762677.,,,,,,,,,,,"{""frequency"":"""",""information_content"":3.571,""reference"":""PMID:26762677""}"
EDGE:CLX-PH-MONDO:0008854-HP:0001162,MONDO:0008854,HAS_PHENOTYPE,HP:0001162,curated,CLX-HPO-ANNOT,high,https://hpo.jax.org/browse/disease/OMIM:209900,"HPO annotation (PCS): frequency 1/1, reference PMID:31997113.",,,,,,,,,,,"{""frequency"":""1/1"",""information_content"":4.4,""reference"":""PMID:31997113""}"
EDGE:CLX-PH-MONDO:0008854-HP:0001830,MONDO:0008854,HAS_PHENOTYPE,HP:0001830,curated,CLX-HPO-ANNOT,high,https://hpo.jax.org/browse/disease/OMIM:209900,"HPO annotation (PCS): frequency 1/1, reference PMID:34262361.",,,,,,,,,,,"{""frequency"":""1/1"",""information_content"":5.186,""reference"":""PMID:34262361""}"
EDGE:CLX-PH-MONDO:0008854-HP:0001513,MONDO:0008854,HAS_PHENOTYPE,HP:0001513,curated,CLX-HPO-ANNOT,high,https://hpo.jax.org/browse/disease/OMIM:209900,"HPO annotation (PCS): frequency 11/12, reference PMID:22940089;PMID:18669544.",,,,,,,,,,,"{""frequency"":""11/12"",""information_content"":3.463,""reference"":""PMID:22940089;PMID:18669544""}"
EDGE:CLX-PH-MONDO:0008854-HP:0000148,MONDO:0008854,HAS_PHENOTYPE,HP:0000148,curated,CLX-HPO-ANNOT,high,https://hpo.jax.org/browse/disease/OMIM:209900,HPO annotation (IEA): reference OMIM:209900.,,,,,,,,,,,"{""frequency"":"""",""information_content"":6.418,""reference"":""OMIM:209900""}"
EDGE:CLX-PH-MONDO:0010100-HP:0002267,MONDO:0010100,HAS_PHENOTYPE,HP:0002267,curated,CLX-HPO-ANNOT,high,https://hpo.jax.org/browse/disease/OMIM:272800,HPO annotation (TAS): reference OMIM:272800.,,,,,,,,,,,"{""frequency"":"""",""information_content"":5.678,""reference"":""OMIM:272800""}"
EDGE:CLX-PH-MONDO:0010100-HP:0002421,MONDO:0010100,HAS_PHENOTYPE,HP:0002421,curated,CLX-HPO-ANNOT,high,https://hpo.jax.org/browse/disease/OMIM:272800,HPO annotation (TAS): reference OMIM:272800.,,,,,,,,,,,"{""frequency"":"""",""information_content"":4.286,""reference"":""OMIM:272800""}"
EDGE:CLX-PH-MONDO:0010100-HP:0000980,MONDO:0010100,HAS_PHENOTYPE,HP:0000980,curated,CLX-HPO-ANNOT,high,https://hpo.jax.org/browse/disease/OMIM:272800,HPO annotation (IEA): reference OMIM:272800.,,,,,,,,,,,"{""frequency"":"""",""information_content"":4.642,""reference"":""OMIM:272800""}"
EDGE:CLX-PH-MONDO:0010100-HP:0003495,MONDO:0010100,HAS_PHENOTYPE,HP:0003495,curated,CLX-HPO-ANNOT,high,https://hpo.jax.org/browse/disease/OMIM:272800,HPO annotation (TAS): reference OMIM:272800.,,,,,,,,,,,"{""frequency"":"""",""information_content"":8.364,""reference"":""OMIM:272800""}"
EDGE:CLX-PH-MONDO:0010100-HP:0002361,MONDO:0010100,HAS_PHENOTYPE,HP:0002361,curated,CLX-HPO-ANNOT,high,https://hpo.jax.org/browse/disease/OMIM:272800,HPO annotation (TAS): reference OMIM:272800.,,,,,,,,,,,"{""frequency"":"""",""information_content"":6.754,""reference"":""OMIM:272800""}"
EDGE:CLX-PH-MONDO:0010100-HP:0010729,MONDO:0010100,HAS_PHENOTYPE,HP:0010729,curated,CLX-HPO-ANNOT,high,https://hpo.jax.org/browse/disease/OMIM:272800,HPO annotation (TAS): reference OMIM:272800.,,,,,,,,,,,"{""frequency"":"""",""information_content"":6.167,""reference"":""OMIM:272800""}"
EDGE:CLX-PH-MONDO:0010100-HP:0000726,MONDO:0010100,HAS_PHENOTYPE,HP:0000726,curated,CLX-HPO-ANNOT,high,https://hpo.jax.org/browse/disease/OMIM:272800,HPO annotation (TAS): reference OMIM:272800.,,,,,,,,,,,"{""frequency"":"""",""information_content"":3.871,""reference"":""OMIM:272800""}"
EDGE:CLX-PH-MONDO:0010100-HP:0002835,MONDO:0010100,HAS_PHENOTYPE,HP:0002835,curated,CLX-HPO-ANNOT,high,https://hpo.jax.org/browse/disease/OMIM:272800,HPO annotation (TAS): reference OMIM:272800.,,,,,,,,,,,"{""frequency"":"""",""information_content"":5.656,""reference"":""OMIM:272800""}"
EDGE:CLX-PH-MONDO:0010100-HP:0000741,MONDO:0010100,HAS_PHENOTYPE,HP:0000741,curated,CLX-HPO-ANNOT,high,https://hpo.jax.org/browse/disease/OMIM:272800,HPO annotation (TAS): reference OMIM:272800.,,,,,,,,,,,"{""frequency"":"""",""information_content"":5.119,""reference"":""OMIM:272800""}"
EDGE:CLX-PH-MONDO:0009738-HP:0001350,MONDO:0009738,HAS_PHENOTYPE,HP:0001350,curated,CLX-HPO-ANNOT,high,https://hpo.jax.org/browse/disease/OMIM:256550,HPO annotation (IEA): reference OMIM:256550.,,,,,,,,,,,"{""frequency"":"""",""information_content"":5.228,""reference"":""OMIM:256550""}"
EDGE:CLX-PH-MONDO:0009738-HP:0010729,MONDO:0009738,HAS_PHENOTYPE,HP:0010729,curated,CLX-HPO-ANNOT,high,https://hpo.jax.org/browse/disease/OMIM:256550,HPO annotation (IEA): reference OMIM:256550.,,,,,,,,,,,"{""frequency"":"""",""information_content"":6.167,""reference"":""OMIM:256550""}"
EDGE:CLX-PH-MONDO:0009738-HP:6000911,MONDO:0009738,HAS_PHENOTYPE,HP:6000911,curated,CLX-HPO-ANNOT,high,https://hpo.jax.org/browse/disease/OMIM:256550,"HPO annotation (PCS): frequency 1/1, reference PMID:610423.",,,,,,,,,,,"{""frequency"":""1/1"",""information_content"":9.462,""reference"":""PMID:610423""}"
EDGE:CLX-PH-MONDO:0009738-HP:0001922,MONDO:0009738,HAS_PHENOTYPE,HP:0001922,curated,CLX-HPO-ANNOT,high,https://hpo.jax.org/browse/disease/OMIM:256550,HPO annotation (IEA): reference OMIM:256550.,,,,,,,,,,,"{""frequency"":"""",""information_content"":6.823,""reference"":""OMIM:256550""}"
EDGE:CLX-PH-MONDO:0009738-HP:0004333,MONDO:0009738,HAS_PHENOTYPE,HP:0004333,curated,CLX-HPO-ANNOT,high,https://hpo.jax.org/browse/disease/OMIM:256550,HPO annotation (IEA): reference OMIM:256550.,,,,,,,,,,,"{""frequency"":"""",""information_content"":7.265,""reference"":""OMIM:256550""}"
EDGE:CLX-PH-MONDO:0009738-HP:0003461,MONDO:0009738,HAS_PHENOTYPE,HP:0003461,curated,CLX-HPO-ANNOT,high,https://hpo.jax.org/browse/disease/OMIM:256550,HPO annotation (TAS): reference OMIM:256550.,,,,,,,,,,,"{""frequency"":"""",""information_content"":8.076,""reference"":""OMIM:256550""}"
EDGE:CLX-PH-MONDO:0009738-HP:0010655,MONDO:0009738,HAS_PHENOTYPE,HP:0010655,curated,CLX-HPO-ANNOT,high,https://hpo.jax.org/browse/disease/OMIM:256550,HPO annotation (IEA): reference OMIM:256550.,,,,,,,,,,,"{""frequency"":"""",""information_content"":5.591,""reference"":""OMIM:256550""}"
EDGE:CLX-PH-MONDO:0009738-HP:0000943,MONDO:0009738,HAS_PHENOTYPE,HP:0000943,curated,CLX-HPO-ANNOT,high,https://hpo.jax.org/browse/disease/OMIM:256550,HPO annotation (IEA): reference OMIM:256550.,,,,,,,,,,,"{""frequency"":"""",""information_content"":5.774,""reference"":""OMIM:256550""}"
EDGE:CLX-PH-MONDO:0009738-HP:0012061,MONDO:0009738,HAS_PHENOTYPE,HP:0012061,curated,CLX-HPO-ANNOT,high,https://hpo.jax.org/browse/disease/OMIM:256550,HPO annotation (TAS): reference OMIM:256550.,,,,,,,,,,,"{""frequency"":"""",""information_content"":8.769,""reference"":""OMIM:256550""}"
EDGE:CLX-PH-MONDO:0009660-HP:0007759,MONDO:0009660,HAS_PHENOTYPE,HP:0007759,curated,CLX-HPO-ANNOT,high,https://hpo.jax.org/browse/disease/OMIM:253010,HPO annotation (IEA): reference OMIM:253010.,,,,,,,,,,,"{""frequency"":"""",""information_content"":4.626,""reference"":""OMIM:253010""}"
EDGE:CLX-PH-MONDO:0009660-HP:0003277,MONDO:0009660,HAS_PHENOTYPE,HP:0003277,curated,CLX-HPO-ANNOT,high,https://hpo.jax.org/browse/disease/OMIM:253010,HPO annotation (IEA): reference OMIM:253010.,,,,,,,,,,,"{""frequency"":"""",""information_content"":8.769,""reference"":""OMIM:253010""}"
EDGE:CLX-PH-MONDO:0009660-HP:0000683,MONDO:0009660,HAS_PHENOTYPE,HP:0000683,curated,CLX-HPO-ANNOT,high,https://hpo.jax.org/browse/disease/OMIM:253010,HPO annotation (IEA): reference OMIM:253010.,,,,,,,,,,,"{""frequency"":"""",""information_content"":7.853,""reference"":""OMIM:253010""}"
EDGE:CLX-PH-MONDO:0009660-HP:0005292,MONDO:0009660,HAS_PHENOTYPE,HP:0005292,curated,CLX-HPO-ANNOT,high,https://hpo.jax.org/browse/disease/OMIM:253010,HPO annotation (IEA): reference OMIM:253010.,,,,,,,,,,,"{""frequency"":"""",""information_content"":9.462,""reference"":""OMIM:253010""}"
EDGE:CLX-PH-MONDO:0009660-HP:0012070,MONDO:0009660,HAS_PHENOTYPE,HP:0012070,curated,CLX-HPO-ANNOT,high,https://hpo.jax.org/browse/disease/OMIM:253010,"HPO annotation (PCS): frequency 4/9, reference PMID:33558080.",,,,,,,,,,,"{""frequency"":""4/9"",""information_content"":8.076,""reference"":""PMID:33558080""}"
EDGE:CLX-PH-MONDO:0009660-HP:0003308,MONDO:0009660,HAS_PHENOTYPE,HP:0003308,curated,CLX-HPO-ANNOT,high,https://hpo.jax.org/browse/disease/OMIM:253010,HPO annotation (IEA): reference OMIM:253010.,,,,,,,,,,,"{""frequency"":"""",""information_content"":6.978,""reference"":""OMIM:253010""}"
EDGE:CLX-PH-MONDO:0009660-HP:0003049,MONDO:0009660,HAS_PHENOTYPE,HP:0003049,curated,CLX-HPO-ANNOT,high,https://hpo.jax.org/browse/disease/OMIM:253010,HPO annotation (IEA): reference OMIM:253010.,,,,,,,,,,,"{""frequency"":"""",""information_content"":6.629,""reference"":""OMIM:253010""}"
EDGE:CLX-PH-MONDO:0009660-HP:0001223,MONDO:0009660,HAS_PHENOTYPE,HP:0001223,curated,CLX-HPO-ANNOT,high,https://hpo.jax.org/browse/disease/OMIM:253010,HPO annotation (IEA): reference OMIM:253010.,,,,,,,,,,,"{""frequency"":"""",""information_content"":8.769,""reference"":""OMIM:253010""}"
EDGE:CLX-PH-MONDO:0009660-HP:0012069,MONDO:0009660,HAS_PHENOTYPE,HP:0012069,curated,CLX-HPO-ANNOT,high,https://hpo.jax.org/browse/disease/OMIM:253010,HPO annotation (TAS): reference OMIM:253010.,,,,,,,,,,,"{""frequency"":"""",""information_content"":7.853,""reference"":""OMIM:253010""}"
EDGE:CLX-PH-MONDO:0009660-HP:0008166,MONDO:0009660,HAS_PHENOTYPE,HP:0008166,curated,CLX-HPO-ANNOT,high,https://hpo.jax.org/browse/disease/OMIM:253010,HPO annotation (PCS): reference PMID:33558080.,,,,,,,,,,,"{""frequency"":"""",""information_content"":7.383,""reference"":""PMID:33558080""}"
EDGE:CLX-PH-MONDO:0009660-HP:0000884,MONDO:0009660,HAS_PHENOTYPE,HP:0000884,curated,CLX-HPO-ANNOT,high,https://hpo.jax.org/browse/disease/OMIM:253010,HPO annotation (IEA): reference OMIM:253010.,,,,,,,,,,,"{""frequency"":"""",""information_content"":6.823,""reference"":""OMIM:253010""}"
EDGE:CLX-PH-MONDO:0009660-HP:0003053,MONDO:0009660,HAS_PHENOTYPE,HP:0003053,curated,CLX-HPO-ANNOT,high,https://hpo.jax.org/browse/disease/OMIM:253010,HPO annotation (IEA): reference OMIM:253010.,,,,,,,,,,,"{""frequency"":"""",""information_content"":8.364,""reference"":""OMIM:253010""}"
EDGE:CLX-PH-MONDO:0009660-HP:0002318,MONDO:0009660,HAS_PHENOTYPE,HP:0002318,curated,CLX-HPO-ANNOT,high,https://hpo.jax.org/browse/disease/OMIM:253010,HPO annotation (IEA): reference OMIM:253010.,,,,,,,,,,,"{""frequency"":"""",""information_content"":6.978,""reference"":""OMIM:253010""}"
EDGE:CLX-PH-MONDO:0009660-HP:0000154,MONDO:0009660,HAS_PHENOTYPE,HP:0000154,curated,CLX-HPO-ANNOT,high,https://hpo.jax.org/browse/disease/OMIM:253010,HPO annotation (IEA): reference OMIM:253010.,,,,,,,,,,,"{""frequency"":"""",""information_content"":3.752,""reference"":""OMIM:253010""}"
EDGE:CLX-PH-MONDO:0009660-HP:0000904,MONDO:0009660,HAS_PHENOTYPE,HP:0000904,curated,CLX-HPO-ANNOT,high,https://hpo.jax.org/browse/disease/OMIM:253010,HPO annotation (IEA): reference OMIM:253010.,,,,,,,,,,,"{""frequency"":"""",""information_content"":6.978,""reference"":""OMIM:253010""}"
EDGE:CLX-PH-MONDO:0009660-HP:0000943,MONDO:0009660,HAS_PHENOTYPE,HP:0000943,curated,CLX-HPO-ANNOT,high,https://hpo.jax.org/browse/disease/OMIM:253010,"HPO annotation (PCS): frequency 6/9, reference PMID:33558080.",,,,,,,,,,,"{""frequency"":""6/9"",""information_content"":5.774,""reference"":""PMID:33558080""}"
EDGE:CLX-PH-MONDO:0008763-HP:0001970,MONDO:0008763,HAS_PHENOTYPE,HP:0001970,curated,CLX-HPO-ANNOT,high,https://hpo.jax.org/browse/disease/OMIM:203800,HPO annotation (PCS): reference PMID:21358663.,,,,,,,,,,,"{""frequency"":"""",""information_content"":5.725,""reference"":""PMID:21358663""}"
EDGE:CLX-PH-MONDO:0008763-HP:0000083,MONDO:0008763,HAS_PHENOTYPE,HP:0000083,curated,CLX-HPO-ANNOT,high,https://hpo.jax.org/browse/disease/OMIM:203800,HPO annotation (IEA): reference OMIM:203800.,,,,,,,,,,,"{""frequency"":"""",""information_content"":3.188,""reference"":""OMIM:203800""}"
EDGE:CLX-PH-MONDO:0008763-HP:0010442,MONDO:0008763,HAS_PHENOTYPE,HP:0010442,curated,CLX-HPO-ANNOT,high,https://hpo.jax.org/browse/disease/OMIM:203800,"HPO annotation (PCS): frequency 0/1, reference PMID:34148947.",,,,,,,,,,,"{""frequency"":""0/1"",""information_content"":3.38,""reference"":""PMID:34148947""}"
EDGE:CLX-PH-MONDO:0008763-HP:0040217,MONDO:0008763,HAS_PHENOTYPE,HP:0040217,curated,CLX-HPO-ANNOT,high,https://hpo.jax.org/browse/disease/OMIM:203800,"HPO annotation (PCS): frequency 1/1, reference PMID:34148947.",,,,,,,,,,,"{""frequency"":""1/1"",""information_content"":6.284,""reference"":""PMID:34148947""}"
EDGE:CLX-PH-MONDO:0008763-HP:0004438,MONDO:0008763,HAS_PHENOTYPE,HP:0004438,curated,CLX-HPO-ANNOT,high,https://hpo.jax.org/browse/disease/OMIM:203800,HPO annotation (IEA): reference OMIM:203800.,,,,,,,,,,,"{""frequency"":"""",""information_content"":8.076,""reference"":""OMIM:203800""}"
EDGE:CLX-PH-MONDO:0008763-HP:0000831,MONDO:0008763,HAS_PHENOTYPE,HP:0000831,curated,CLX-HPO-ANNOT,high,https://hpo.jax.org/browse/disease/OMIM:203800,HPO annotation (IEA): reference OMIM:203800.,,,,,,,,,,,"{""frequency"":"""",""information_content"":5.936,""reference"":""OMIM:203800""}"
EDGE:CLX-PH-MONDO:0008763-HP:0000858,MONDO:0008763,HAS_PHENOTYPE,HP:0000858,curated,CLX-HPO-ANNOT,high,https://hpo.jax.org/browse/disease/OMIM:203800,HPO annotation (IEA): reference OMIM:203800.,,,,,,,,,,,"{""frequency"":"""",""information_content"":5.879,""reference"":""OMIM:203800""}"
EDGE:CLX-PH-MONDO:0008763-HP:0200120,MONDO:0008763,HAS_PHENOTYPE,HP:0200120,curated,CLX-HPO-ANNOT,high,https://hpo.jax.org/browse/disease/OMIM:203800,HPO annotation (TAS): reference OMIM:203800.,,,,,,,,,,,"{""frequency"":"""",""information_content"":8.076,""reference"":""OMIM:203800""}"
EDGE:CLX-PH-MONDO:0008763-HP:0005987,MONDO:0008763,HAS_PHENOTYPE,HP:0005987,curated,CLX-HPO-ANNOT,high,https://hpo.jax.org/browse/disease/OMIM:203800,HPO annotation (IEA): reference OMIM:203800.,,,,,,,,,,,"{""frequency"":"""",""information_content"":7.16,""reference"":""OMIM:203800""}"
EDGE:CLX-PH-MONDO:0008763-HP:0000230,MONDO:0008763,HAS_PHENOTYPE,HP:0000230,curated,CLX-HPO-ANNOT,high,https://hpo.jax.org/browse/disease/OMIM:203800,HPO annotation (IEA): reference OMIM:203800.,,,,,,,,,,,"{""frequency"":"""",""information_content"":5.774,""reference"":""OMIM:203800""}"
EDGE:CLX-PH-MONDO:0008763-HP:0000505,MONDO:0008763,HAS_PHENOTYPE,HP:0000505,curated,CLX-HPO-ANNOT,high,https://hpo.jax.org/browse/disease/OMIM:203800,"HPO annotation (PCS): frequency 1/1, reference PMID:34148947.",,,,,,,,,,,"{""frequency"":""1/1"",""information_content"":2.17,""reference"":""PMID:34148947""}"
EDGE:CLX-PH-MONDO:0008763-HP:0001513,MONDO:0008763,HAS_PHENOTYPE,HP:0001513,curated,CLX-HPO-ANNOT,high,https://hpo.jax.org/browse/disease/OMIM:203800,"HPO annotation (PCS): frequency 1/1, reference PMID:34148947.",,,,,,,,,,,"{""frequency"":""1/1"",""information_content"":3.463,""reference"":""PMID:34148947""}"
EDGE:CLX-PH-MONDO:0012547-HP:0001929,MONDO:0012547,HAS_PHENOTYPE,HP:0001929,curated,CLX-HPO-ANNOT,high,https://hpo.jax.org/browse/disease/OMIM:610733,"HPO annotation (PCS): frequency 1/1, reference PMID:18925667.",,,,,,,,,,,"{""frequency"":""1/1"",""information_content"":6.467,""reference"":""PMID:18925667""}"
EDGE:CLX-PH-MONDO:0012547-HP:0000915,MONDO:0012547,HAS_PHENOTYPE,HP:0000915,curated,CLX-HPO-ANNOT,high,https://hpo.jax.org/browse/disease/OMIM:610733,HPO annotation (TAS): reference OMIM:610733.,,,,,,,,,,,"{""frequency"":"""",""information_content"":7.853,""reference"":""OMIM:610733""}"
EDGE:CLX-PH-MONDO:0012547-HP:0000635,MONDO:0012547,HAS_PHENOTYPE,HP:0000635,curated,CLX-HPO-ANNOT,high,https://hpo.jax.org/browse/disease/OMIM:610733,"HPO annotation (PCS): frequency 1/1, reference PMID:18925667.",,,,,,,,,,,"{""frequency"":""1/1"",""information_content"":5.907,""reference"":""PMID:18925667""}"
EDGE:CLX-PH-MONDO:0012547-HP:0001642,MONDO:0012547,HAS_PHENOTYPE,HP:0001642,curated,CLX-HPO-ANNOT,high,https://hpo.jax.org/browse/disease/OMIM:610733,"HPO annotation (PCS): frequency 40/55, reference PMID:17143282;PMID:17143285;PMID:17586837;PMID:18925667.",,,,,,,,,,,"{""frequency"":""40/55"",""information_content"":4.169,""reference"":""PMID:17143282;PMID:17143285;PMID:17586837;PMID:18925667""}"
EDGE:CLX-PH-MONDO:0012547-HP:0000154,MONDO:0012547,HAS_PHENOTYPE,HP:0000154,curated,CLX-HPO-ANNOT,high,https://hpo.jax.org/browse/disease/OMIM:610733,"HPO annotation (PCS): frequency 14/16, reference PMID:17143282.",,,,,,,,,,,"{""frequency"":""14/16"",""information_content"":3.752,""reference"":""PMID:17143282""}"
EDGE:CLX-PH-MONDO:0012547-HP:0003125,MONDO:0012547,HAS_PHENOTYPE,HP:0003125,curated,CLX-HPO-ANNOT,high,https://hpo.jax.org/browse/disease/OMIM:610733,"HPO annotation (PCS): frequency 1/1, reference PMID:18925667.",,,,,,,,,,,"{""frequency"":""1/1"",""information_content"":6.572,""reference"":""PMID:18925667""}"
EDGE:CLX-PH-MONDO:0012547-HP:0002212,MONDO:0012547,HAS_PHENOTYPE,HP:0002212,curated,CLX-HPO-ANNOT,high,https://hpo.jax.org/browse/disease/OMIM:610733,"HPO annotation (PCS): frequency 15/17, reference PMID:17143282;PMID:18925667.",,,,,,,,,,,"{""frequency"":""15/17"",""information_content"":5.492,""reference"":""PMID:17143282;PMID:18925667""}"
EDGE:CLX-PH-MONDO:0012547-HP:0001520,MONDO:0012547,HAS_PHENOTYPE,HP:0001520,curated,CLX-HPO-ANNOT,high,https://hpo.jax.org/browse/disease/OMIM:610733,"HPO annotation (PCS): frequency 9/15, reference PMID:17143282.",,,,,,,,,,,"{""frequency"":""9/15"",""information_content"":5.304,""reference"":""PMID:17143282""}"
EDGE:CLX-PH-MONDO:0012547-HP:0000073,MONDO:0012547,HAS_PHENOTYPE,HP:0000073,curated,CLX-HPO-ANNOT,high,https://hpo.jax.org/browse/disease/OMIM:610733,"HPO annotation (PCS): frequency 1/13, reference PMID:17143285.",,,,,,,,,,,"{""frequency"":""1/13"",""information_content"":5.774,""reference"":""PMID:17143285""}"
EDGE:CLX-PH-MONDO:0012547-HP:0000391,MONDO:0012547,HAS_PHENOTYPE,HP:0000391,curated,CLX-HPO-ANNOT,high,https://hpo.jax.org/browse/disease/OMIM:610733,"HPO annotation (PCS): frequency 17/17, reference PMID:17143282;PMID:18925667.",,,,,,,,,,,"{""frequency"":""17/17"",""information_content"":5.591,""reference"":""PMID:17143282;PMID:18925667""}"
EDGE:CLX-PH-MONDO:0012547-HP:0032152,MONDO:0012547,HAS_PHENOTYPE,HP:0032152,curated,CLX-HPO-ANNOT,high,https://hpo.jax.org/browse/disease/OMIM:610733,"HPO annotation (PCS): frequency 9/17, reference PMID:17143282;PMID:18925667.",,,,,,,,,,,"{""frequency"":""9/17"",""information_content"":5.612,""reference"":""PMID:17143282;PMID:18925667""}"
EDGE:CLX-PH-MONDO:0012547-HP:0001639,MONDO:0012547,HAS_PHENOTYPE,HP:0001639,curated,CLX-HPO-ANNOT,high,https://hpo.jax.org/browse/disease/OMIM:610733,"HPO annotation (PCS): frequency 6/54, reference PMID:17143282;PMID:17143285;PMID:17586837.",,,,,,,,,,,"{""frequency"":""6/54"",""information_content"":3.921,""reference"":""PMID:17143282;PMID:17143285;PMID:17586837""}"
EDGE:CLX-PH-MONDO:0012547-HP:0002967,MONDO:0012547,HAS_PHENOTYPE,HP:0002967,curated,CLX-HPO-ANNOT,high,https://hpo.jax.org/browse/disease/OMIM:610733,HPO annotation (TAS): reference OMIM:610733.,,,,,,,,,,,"{""frequency"":"""",""information_content"":5.008,""reference"":""OMIM:610733""}"
EDGE:CLX-PH-MONDO:0012547-HP:0000465,MONDO:0012547,HAS_PHENOTYPE,HP:0000465,curated,CLX-HPO-ANNOT,high,https://hpo.jax.org/browse/disease/OMIM:610733,"HPO annotation (PCS): frequency 15/16, reference PMID:17143282.",,,,,,,,,,,"{""frequency"":""15/16"",""information_content"":4.394,""reference"":""PMID:17143282""}"
EDGE:CLX-PH-MONDO:0009261-HP:0002123,MONDO:0009261,HAS_PHENOTYPE,HP:0002123,curated,CLX-HPO-ANNOT,high,https://hpo.jax.org/browse/disease/OMIM:230600,HPO annotation (IEA): reference OMIM:230600.,,,,,,,,,,,"{""frequency"":"""",""information_content"":4.528,""reference"":""OMIM:230600""}"
EDGE:CLX-PH-MONDO:0009261-HP:0007281,MONDO:0009261,HAS_PHENOTYPE,HP:0007281,curated,CLX-HPO-ANNOT,high,https://hpo.jax.org/browse/disease/OMIM:230600,HPO annotation (TAS): reference OMIM:230600.,,,,,,,,,,,"{""frequency"":"""",""information_content"":6.418,""reference"":""OMIM:230600""}"
EDGE:CLX-PH-MONDO:0009261-HP:0008479,MONDO:0009261,HAS_PHENOTYPE,HP:0008479,curated,CLX-HPO-ANNOT,high,https://hpo.jax.org/browse/disease/OMIM:230600,"HPO annotation (PCS): frequency 1/1, reference PMID:30187681.",,,,,,,,,,,"{""frequency"":""1/1"",""information_content"":6.284,""reference"":""PMID:30187681""}"
EDGE:CLX-PH-MONDO:0009261-HP:0002753,MONDO:0009261,HAS_PHENOTYPE,HP:0002753,curated,CLX-HPO-ANNOT,high,https://hpo.jax.org/browse/disease/OMIM:230600,"HPO annotation (PCS): frequency 1/1, reference PMID:30187681.",,,,,,,,,,,"{""frequency"":""1/1"",""information_content"":5.936,""reference"":""PMID:30187681""}"
EDGE:CLX-PH-MONDO:0009261-HP:0001982,MONDO:0009261,HAS_PHENOTYPE,HP:0001982,curated,CLX-HPO-ANNOT,high,https://hpo.jax.org/browse/disease/OMIM:230600,HPO annotation (IEA): reference OMIM:230600.,,,,,,,,,,,"{""frequency"":"""",""information_content"":7.671,""reference"":""OMIM:230600""}"
EDGE:CLX-PH-MONDO:0009261-HP:0007272,MONDO:0009261,HAS_PHENOTYPE,HP:0007272,curated,CLX-HPO-ANNOT,high,https://hpo.jax.org/browse/disease/OMIM:230600,HPO annotation (IEA): reference OMIM:230600.,,,,,,,,,,,"{""frequency"":"""",""information_content"":6.823,""reference"":""OMIM:230600""}"
EDGE:CLX-PH-MONDO:0009261-HP:0033044,MONDO:0009261,HAS_PHENOTYPE,HP:0033044,curated,CLX-HPO-ANNOT,high,https://hpo.jax.org/browse/disease/OMIM:230600,"HPO annotation (PCS): frequency 1/1, reference PMID:30187681.",,,,,,,,,,,"{""frequency"":""1/1"",""information_content"":6.327,""reference"":""PMID:30187681""}"
EDGE:CLX-PH-MONDO:0009261-HP:0008166,MONDO:0009261,HAS_PHENOTYPE,HP:0008166,curated,CLX-HPO-ANNOT,high,https://hpo.jax.org/browse/disease/OMIM:230600,"HPO annotation (PCS): frequency 1/1, reference PMID:30187681.",,,,,,,,,,,"{""frequency"":""1/1"",""information_content"":7.383,""reference"":""PMID:30187681""}"
EDGE:CLX-PH-MONDO:0009261-HP:0000943,MONDO:0009261,HAS_PHENOTYPE,HP:0000943,curated,CLX-HPO-ANNOT,high,https://hpo.jax.org/browse/disease/OMIM:230600,"HPO annotation (PCS): frequency 1/1, reference PMID:30187681.",,,,,,,,,,,"{""frequency"":""1/1"",""information_content"":5.774,""reference"":""PMID:30187681""}"
EDGE:CLX-PH-MONDO:0009261-HP:0005619,MONDO:0009261,HAS_PHENOTYPE,HP:0005619,curated,CLX-HPO-ANNOT,high,https://hpo.jax.org/browse/disease/OMIM:230600,"HPO annotation (PCS): frequency 1/1, reference PMID:30187681.",,,,,,,,,,,"{""frequency"":""1/1"",""information_content"":6.244,""reference"":""PMID:30187681""}"
EDGE:CLX-PH-MONDO:0010099-HP:0002267,MONDO:0010099,HAS_PHENOTYPE,HP:0002267,curated,CLX-HPO-ANNOT,high,https://hpo.jax.org/browse/disease/OMIM:272750,"HPO annotation (PCS): frequency 1/1, reference PMID:9932959.",,,,,,,,,,,"{""frequency"":""1/1"",""information_content"":5.678,""reference"":""PMID:9932959""}"
EDGE:CLX-PH-MONDO:0010099-HP:0002421,MONDO:0010099,HAS_PHENOTYPE,HP:0002421,curated,CLX-HPO-ANNOT,high,https://hpo.jax.org/browse/disease/OMIM:272750,HPO annotation (IEA): reference OMIM:272750.,,,,,,,,,,,"{""frequency"":"""",""information_content"":4.286,""reference"":""OMIM:272750""}"
EDGE:CLX-PH-MONDO:0010099-HP:0003495,MONDO:0010099,HAS_PHENOTYPE,HP:0003495,curated,CLX-HPO-ANNOT,high,https://hpo.jax.org/browse/disease/OMIM:272750,"HPO annotation (PCS): frequency 1/1, reference PMID:9932959.",,,,,,,,,,,"{""frequency"":""1/1"",""information_content"":8.364,""reference"":""PMID:9932959""}"
EDGE:CLX-PH-MONDO:0010099-HP:0002180,MONDO:0010099,HAS_PHENOTYPE,HP:0002180,curated,CLX-HPO-ANNOT,high,https://hpo.jax.org/browse/disease/OMIM:272750,HPO annotation (TAS): reference OMIM:272750.,,,,,,,,,,,"{""frequency"":"""",""information_content"":5.531,""reference"":""OMIM:272750""}"
EDGE:CLX-PH-MONDO:0010099-HP:0002835,MONDO:0010099,HAS_PHENOTYPE,HP:0002835,curated,CLX-HPO-ANNOT,high,https://hpo.jax.org/browse/disease/OMIM:272750,HPO annotation (IEA): reference OMIM:272750.,,,,,,,,,,,"{""frequency"":"""",""information_content"":5.656,""reference"":""OMIM:272750""}"
EDGE:CLX-PH-MONDO:0010099-HP:0002476,MONDO:0010099,HAS_PHENOTYPE,HP:0002476,curated,CLX-HPO-ANNOT,high,https://hpo.jax.org/browse/disease/OMIM:272750,HPO annotation (TAS): reference OMIM:272750.,,,,,,,,,,,"{""frequency"":"""",""information_content"":5.879,""reference"":""OMIM:272750""}"
EDGE:CLX-PH-MONDO:0010099-HP:0002371,MONDO:0010099,HAS_PHENOTYPE,HP:0002371,curated,CLX-HPO-ANNOT,high,https://hpo.jax.org/browse/disease/OMIM:272750,HPO annotation (TAS): reference OMIM:272750.,,,,,,,,,,,"{""frequency"":"""",""information_content"":5.852,""reference"":""OMIM:272750""}"
EDGE:CLX-PH-MONDO:0010099-HP:0000726,MONDO:0010099,HAS_PHENOTYPE,HP:0000726,curated,CLX-HPO-ANNOT,high,https://hpo.jax.org/browse/disease/OMIM:272750,HPO annotation (IEA): reference OMIM:272750.,,,,,,,,,,,"{""frequency"":"""",""information_content"":3.871,""reference"":""OMIM:272750""}"
EDGE:CLX-PH-MONDO:0010099-HP:0010780,MONDO:0010099,HAS_PHENOTYPE,HP:0010780,curated,CLX-HPO-ANNOT,high,https://hpo.jax.org/browse/disease/OMIM:272750,HPO annotation (TAS): reference OMIM:272750.,,,,,,,,,,,"{""frequency"":"""",""information_content"":6.629,""reference"":""OMIM:272750""}"
EDGE:CLX-PH-MONDO:0010099-HP:0000741,MONDO:0010099,HAS_PHENOTYPE,HP:0000741,curated,CLX-HPO-ANNOT,high,https://hpo.jax.org/browse/disease/OMIM:272750,HPO annotation (IEA): reference OMIM:272750.,,,,,,,,,,,"{""frequency"":"""",""information_content"":5.119,""reference"":""OMIM:272750""}"
EDGE:CLX-PH-MONDO:0008300-HP:0004283,MONDO:0008300,HAS_PHENOTYPE,HP:0004283,curated,CLX-HPO-ANNOT,high,https://hpo.jax.org/browse/disease/OMIM:176270,"HPO annotation (PCS): frequency HP:0040281, reference PMID:20301505.",,,,,,,,,,,"{""frequency"":""HP:0040281"",""information_content"":6.823,""reference"":""PMID:20301505""}"
EDGE:CLX-PH-MONDO:0008300-HP:0012743,MONDO:0008300,HAS_PHENOTYPE,HP:0012743,curated,CLX-HPO-ANNOT,high,https://hpo.jax.org/browse/disease/OMIM:176270,HPO annotation (TAS): reference OMIM:176270.,,,,,,,,,,,"{""frequency"":"""",""information_content"":6.327,""reference"":""OMIM:176270""}"
EDGE:CLX-PH-MONDO:0008300-HP:0031878,MONDO:0008300,HAS_PHENOTYPE,HP:0031878,curated,CLX-HPO-ANNOT,high,https://hpo.jax.org/browse/disease/OMIM:176270,HPO annotation (PCS): reference PMID:22043168.,,,,,,,,,,,"{""frequency"":"""",""information_content"":7.853,""reference"":""PMID:22043168""}"
EDGE:CLX-PH-MONDO:0008300-HP:0000064,MONDO:0008300,HAS_PHENOTYPE,HP:0000064,curated,CLX-HPO-ANNOT,high,https://hpo.jax.org/browse/disease/OMIM:176270,"HPO annotation (PCS): frequency HP:0040282, reference PMID:20301505.",,,,,,,,,,,"{""frequency"":""HP:0040282"",""information_content"":6.327,""reference"":""PMID:20301505""}"
EDGE:CLX-PH-MONDO:0008300-HP:0030919,MONDO:0008300,HAS_PHENOTYPE,HP:0030919,curated,CLX-HPO-ANNOT,high,https://hpo.jax.org/browse/disease/OMIM:176270,"HPO annotation (PCS): frequency 14/244, reference PMID:35160130.",,,,,,,,,,,"{""frequency"":""14/244"",""information_content"":7.517,""reference"":""PMID:35160130""}"
EDGE:CLX-PH-MONDO:0008300-HP:0030918,MONDO:0008300,HAS_PHENOTYPE,HP:0030918,curated,CLX-HPO-ANNOT,high,https://hpo.jax.org/browse/disease/OMIM:176270,"HPO annotation (PCS): frequency 55/244, reference PMID:35160130.",,,,,,,,,,,"{""frequency"":""55/244"",""information_content"":7.517,""reference"":""PMID:35160130""}"
EDGE:CLX-PH-MONDO:0008300-HP:0007015,MONDO:0008300,HAS_PHENOTYPE,HP:0007015,curated,CLX-HPO-ANNOT,high,https://hpo.jax.org/browse/disease/OMIM:176270,HPO annotation (TAS): reference OMIM:176270.,,,,,,,,,,,"{""frequency"":"""",""information_content"":7.065,""reference"":""OMIM:176270""}"
EDGE:CLX-PH-MONDO:0008300-HP:0025501,MONDO:0008300,HAS_PHENOTYPE,HP:0025501,curated,CLX-HPO-ANNOT,high,https://hpo.jax.org/browse/disease/OMIM:176270,"HPO annotation (PCS): frequency 90/165, reference PMID:36793093.",,,,,,,,,,,"{""frequency"":""90/165"",""information_content"":8.769,""reference"":""PMID:36793093""}"
EDGE:CLX-PH-MONDO:0008300-HP:0001513,MONDO:0008300,HAS_PHENOTYPE,HP:0001513,curated,CLX-HPO-ANNOT,high,https://hpo.jax.org/browse/disease/OMIM:176270,"HPO annotation (PCS): frequency 85/180, reference PMID:35329900.",,,,,,,,,,,"{""frequency"":""85/180"",""information_content"":3.463,""reference"":""PMID:35329900""}"
EDGE:CLX-PH-MONDO:0014432-HP:0011939,MONDO:0014432,HAS_PHENOTYPE,HP:0011939,curated,CLX-HPO-ANNOT,high,https://hpo.jax.org/browse/disease/OMIM:615981,"HPO annotation (PCS): frequency 1/3, reference PMID:20618352;PMID:33688495.",,,,,,,,,,,"{""frequency"":""1/3"",""information_content"":5.997,""reference"":""PMID:20618352;PMID:33688495""}"
EDGE:CLX-PH-MONDO:0014432-HP:0000041,MONDO:0014432,HAS_PHENOTYPE,HP:0000041,curated,CLX-HPO-ANNOT,high,https://hpo.jax.org/browse/disease/OMIM:615981,"HPO annotation (PCS): frequency 1/2, reference PMID:20618352;PMID:33688495.",,,,,,,,,,,"{""frequency"":""1/2"",""information_content"":6.061,""reference"":""PMID:20618352;PMID:33688495""}"
EDGE:CLX-PH-MONDO:0014432-HP:0031624,MONDO:0014432,HAS_PHENOTYPE,HP:0031624,curated,CLX-HPO-ANNOT,high,https://hpo.jax.org/browse/disease/OMIM:615981,"HPO annotation (PCS): frequency 1/1, reference PMID:20618352.",,,,,,,,,,,"{""frequency"":""1/1"",""information_content"":7.16,""reference"":""PMID:20618352""}"
EDGE:CLX-PH-MONDO:0014432-HP:0032285,MONDO:0014432,HAS_PHENOTYPE,HP:0032285,curated,CLX-HPO-ANNOT,high,https://hpo.jax.org/browse/disease/OMIM:615981,"HPO annotation (PCS): frequency 2/2, reference PMID:20618352;PMID:26078953.",,,,,,,,,,,"{""frequency"":""2/2"",""information_content"":9.462,""reference"":""PMID:20618352;PMID:26078953""}"
EDGE:CLX-PH-MONDO:0014432-HP:0000510,MONDO:0014432,HAS_PHENOTYPE,HP:0000510,curated,CLX-HPO-ANNOT,high,https://hpo.jax.org/browse/disease/OMIM:615981,"HPO annotation (PCS): frequency 14/14, reference PMID:20618352;PMID:33688495;PMID:23829372;PMID:26078953.",,,,,,,,,,,"{""frequency"":""14/14"",""information_content"":4.029,""reference"":""PMID:20618352;PMID:33688495;PMID:23829372;PMID:26078953""}"
EDGE:CLX-PH-MONDO:0014432-HP:0000135,MONDO:0014432,HAS_PHENOTYPE,HP:0000135,curated,CLX-HPO-ANNOT,high,https://hpo.jax.org/browse/disease/OMIM:615981,"HPO annotation (PCS): frequency 2/2, reference PMID:33688495.",,,,,,,,,,,"{""frequency"":""2/2"",""information_content"":3.571,""reference"":""PMID:33688495""}"
EDGE:CLX-PH-MONDO:0014432-HP:0001162,MONDO:0014432,HAS_PHENOTYPE,HP:0001162,curated,CLX-HPO-ANNOT,high,https://hpo.jax.org/browse/disease/OMIM:615981,"HPO annotation (PCS): frequency 14/14, reference PMID:20618352;PMID:11285252;PMID:33688495;PMID:26078953.",,,,,,,,,,,"{""frequency"":""14/14"",""information_content"":4.4,""reference"":""PMID:20618352;PMID:11285252;PMID:33688495;PMID:26078953""}"
EDGE:CLX-PH-MONDO:0014432-HP:0001959,MONDO:0014432,HAS_PHENOTYPE,HP:0001959,curated,CLX-HPO-ANNOT,high,https://hpo.jax.org/browse/disease/OMIM:615981,"HPO annotation (PCS): frequency 1/1, reference PMID:20618352.",,,,,,,,,,,"{""frequency"":""1/1"",""information_content"":5.243,""reference"":""PMID:20618352""}"
EDGE:CLX-PH-MONDO:0014432-HP:0007994,MONDO:0014432,HAS_PHENOTYPE,HP:0007994,curated,CLX-HPO-ANNOT,high,https://hpo.jax.org/browse/disease/OMIM:615981,"HPO annotation (PCS): frequency 1/1, reference PMID:20618352.",,,,,,,,,,,"{""frequency"":""1/1"",""information_content"":5.879,""reference"":""PMID:20618352""}"
EDGE:CLX-PH-MONDO:0014432-HP:0000103,MONDO:0014432,HAS_PHENOTYPE,HP:0000103,curated,CLX-HPO-ANNOT,high,https://hpo.jax.org/browse/disease/OMIM:615981,"HPO annotation (PCS): frequency 1/1, reference PMID:20618352.",,,,,,,,,,,"{""frequency"":""1/1"",""information_content"":5.612,""reference"":""PMID:20618352""}"
EDGE:CLX-PH-MONDO:0014432-HP:0001830,MONDO:0014432,HAS_PHENOTYPE,HP:0001830,curated,CLX-HPO-ANNOT,high,https://hpo.jax.org/browse/disease/OMIM:615981,"HPO annotation (PCS): frequency 13/14, reference PMID:20618352;PMID:11285252;PMID:33688495;PMID:26078953.",,,,,,,,,,,"{""frequency"":""13/14"",""information_content"":5.186,""reference"":""PMID:20618352;PMID:11285252;PMID:33688495;PMID:26078953""}"
EDGE:CLX-PH-MONDO:0014432-HP:0001513,MONDO:0014432,HAS_PHENOTYPE,HP:0001513,curated,CLX-HPO-ANNOT,high,https://hpo.jax.org/browse/disease/OMIM:615981,"HPO annotation (PCS): frequency 14/14, reference PMID:20618352;PMID:11285252;PMID:33688495;PMID:26078953.",,,,,,,,,,,"{""frequency"":""14/14"",""information_content"":3.463,""reference"":""PMID:20618352;PMID:11285252;PMID:33688495;PMID:26078953""}"
EDGE:CLX-PH-MONDO:0011963-HP:0000083,MONDO:0011963,HAS_PHENOTYPE,HP:0000083,curated,CLX-HPO-ANNOT,high,https://hpo.jax.org/browse/disease/OMIM:608091,"HPO annotation (PCS): frequency 2/13, reference PMID:20036350.",,,,,,,,,,,"{""frequency"":""2/13"",""information_content"":3.188,""reference"":""PMID:20036350""}"
EDGE:CLX-PH-MONDO:0011963-HP:0002084,MONDO:0011963,HAS_PHENOTYPE,HP:0002084,curated,CLX-HPO-ANNOT,high,https://hpo.jax.org/browse/disease/OMIM:608091,HPO annotation (IEA): reference OMIM:608091.,,,,,,,,,,,"{""frequency"":"""",""information_content"":4.7,""reference"":""OMIM:608091""}"
EDGE:CLX-PH-MONDO:0011963-HP:0011933,MONDO:0011963,HAS_PHENOTYPE,HP:0011933,curated,CLX-HPO-ANNOT,high,https://hpo.jax.org/browse/disease/OMIM:608091,HPO annotation (TAS): reference OMIM:608091.,,,,,,,,,,,"{""frequency"":"""",""information_content"":7.16,""reference"":""OMIM:608091""}"
EDGE:CLX-PH-MONDO:0011963-HP:0002419,MONDO:0011963,HAS_PHENOTYPE,HP:0002419,curated,CLX-HPO-ANNOT,high,https://hpo.jax.org/browse/disease/OMIM:608091,"HPO annotation (PCS): frequency 13/13, reference PMID:20036350.",,,,,,,,,,,"{""frequency"":""13/13"",""information_content"":5.419,""reference"":""PMID:20036350""}"
EDGE:CLX-PH-MONDO:0011963-HP:0002876,MONDO:0011963,HAS_PHENOTYPE,HP:0002876,curated,CLX-HPO-ANNOT,high,https://hpo.jax.org/browse/disease/OMIM:608091,HPO annotation (IEA): reference OMIM:608091.,,,,,,,,,,,"{""frequency"":"""",""information_content"":6.823,""reference"":""OMIM:608091""}"
EDGE:CLX-PH-MONDO:0011963-HP:0000556,MONDO:0011963,HAS_PHENOTYPE,HP:0000556,curated,CLX-HPO-ANNOT,high,https://hpo.jax.org/browse/disease/OMIM:608091,HPO annotation (IEA): reference OMIM:608091.,,,,,,,,,,,"{""frequency"":"""",""information_content"":3.501,""reference"":""OMIM:608091""}"
EDGE:CLX-PH-MONDO:0011963-HP:0002335,MONDO:0011963,HAS_PHENOTYPE,HP:0002335,curated,CLX-HPO-ANNOT,high,https://hpo.jax.org/browse/disease/OMIM:608091,HPO annotation (PCS): reference PMID:20036350.,,,,,,,,,,,"{""frequency"":"""",""information_content"":6.028,""reference"":""PMID:20036350""}"
EDGE:CLX-PH-MONDO:0011963-HP:0001583,MONDO:0011963,HAS_PHENOTYPE,HP:0001583,curated,CLX-HPO-ANNOT,high,https://hpo.jax.org/browse/disease/OMIM:608091,"HPO annotation (PCS): frequency 11/13, reference PMID:20036350.",,,,,,,,,,,"{""frequency"":""11/13"",""information_content"":6.028,""reference"":""PMID:20036350""}"
EDGE:CLX-PH-MONDO:0011963-HP:0001162,MONDO:0011963,HAS_PHENOTYPE,HP:0001162,curated,CLX-HPO-ANNOT,high,https://hpo.jax.org/browse/disease/OMIM:608091,"HPO annotation (PCS): frequency 2/13, reference PMID:20036350.",,,,,,,,,,,"{""frequency"":""2/13"",""information_content"":4.4,""reference"":""PMID:20036350""}"
EDGE:CLX-PH-MONDO:0011963-HP:0002195,MONDO:0011963,HAS_PHENOTYPE,HP:0002195,curated,CLX-HPO-ANNOT,high,https://hpo.jax.org/browse/disease/OMIM:608091,HPO annotation (PCS): reference PMID:20036350.,,,,,,,,,,,"{""frequency"":"""",""information_content"":7.265,""reference"":""PMID:20036350""}"
EDGE:CLX-PH-MONDO:0011963-HP:0002790,MONDO:0011963,HAS_PHENOTYPE,HP:0002790,curated,CLX-HPO-ANNOT,high,https://hpo.jax.org/browse/disease/OMIM:608091,HPO annotation (IEA): reference OMIM:608091.,,,,,,,,,,,"{""frequency"":"""",""information_content"":7.853,""reference"":""OMIM:608091""}"
EDGE:CLX-PH-MONDO:0011963-HP:0000090,MONDO:0011963,HAS_PHENOTYPE,HP:0000090,curated,CLX-HPO-ANNOT,high,https://hpo.jax.org/browse/disease/OMIM:608091,HPO annotation (IEA): reference OMIM:608091.,,,,,,,,,,,"{""frequency"":"""",""information_content"":5.634,""reference"":""OMIM:608091""}"
EDGE:CLX-PH-MONDO:0011963-HP:0100951,MONDO:0011963,HAS_PHENOTYPE,HP:0100951,curated,CLX-HPO-ANNOT,high,https://hpo.jax.org/browse/disease/OMIM:608091,HPO annotation (PCS): reference OMIM:608091.,,,,,,,,,,,"{""frequency"":"""",""information_content"":8.076,""reference"":""OMIM:608091""}"
EDGE:CLX-PH-MONDO:0011963-HP:0002508,MONDO:0011963,HAS_PHENOTYPE,HP:0002508,curated,CLX-HPO-ANNOT,high,https://hpo.jax.org/browse/disease/OMIM:608091,HPO annotation (IEA): reference OMIM:608091.,,,,,,,,,,,"{""frequency"":"""",""information_content"":7.671,""reference"":""OMIM:608091""}"
EDGE:CLX-PH-MONDO:0011963-HP:0000107,MONDO:0011963,HAS_PHENOTYPE,HP:0000107,curated,CLX-HPO-ANNOT,high,https://hpo.jax.org/browse/disease/OMIM:608091,HPO annotation (IEA): reference OMIM:608091.,,,,,,,,,,,"{""frequency"":"""",""information_content"":3.704,""reference"":""OMIM:608091""}"
EDGE:CLX-PH-MONDO:0011963-HP:0000505,MONDO:0011963,HAS_PHENOTYPE,HP:0000505,curated,CLX-HPO-ANNOT,high,https://hpo.jax.org/browse/disease/OMIM:608091,HPO annotation (IEA): reference OMIM:608091.,,,,,,,,,,,"{""frequency"":"""",""information_content"":2.17,""reference"":""OMIM:608091""}"
EDGE:CLX-PH-MONDO:0011963-HP:0001830,MONDO:0011963,HAS_PHENOTYPE,HP:0001830,curated,CLX-HPO-ANNOT,high,https://hpo.jax.org/browse/disease/OMIM:608091,"HPO annotation (PCS): frequency 3/13, reference PMID:20036350.",,,,,,,,,,,"{""frequency"":""3/13"",""information_content"":5.186,""reference"":""PMID:20036350""}"
EDGE:CLX-PH-MONDO:0011963-HP:0002404,MONDO:0011963,HAS_PHENOTYPE,HP:0002404,curated,CLX-HPO-ANNOT,high,https://hpo.jax.org/browse/disease/OMIM:608091,HPO annotation (TAS): reference OMIM:608091.,,,,,,,,,,,"{""frequency"":"""",""information_content"":8.076,""reference"":""OMIM:608091""}"
EDGE:CLX-PH-MONDO:0010006-HP:0002267,MONDO:0010006,HAS_PHENOTYPE,HP:0002267,curated,CLX-HPO-ANNOT,high,https://hpo.jax.org/browse/disease/OMIM:268800,"HPO annotation (PCS): frequency 5/5, reference PMID:33407268.",,,,,,,,,,,"{""frequency"":""5/5"",""information_content"":5.678,""reference"":""PMID:33407268""}"
EDGE:CLX-PH-MONDO:0010006-HP:0004343,MONDO:0010006,HAS_PHENOTYPE,HP:0004343,curated,CLX-HPO-ANNOT,high,https://hpo.jax.org/browse/disease/OMIM:268800,HPO annotation (IEA): reference OMIM:268800.,,,,,,,,,,,"{""frequency"":"""",""information_content"":6.823,""reference"":""OMIM:268800""}"
EDGE:CLX-PH-MONDO:0010006-HP:0010829,MONDO:0010006,HAS_PHENOTYPE,HP:0010829,curated,CLX-HPO-ANNOT,high,https://hpo.jax.org/browse/disease/OMIM:268800,HPO annotation (IEA): reference OMIM:268800.,,,,,,,,,,,"{""frequency"":"""",""information_content"":5.749,""reference"":""OMIM:268800""}"
EDGE:CLX-PH-MONDO:0010006-HP:0010729,MONDO:0010006,HAS_PHENOTYPE,HP:0010729,curated,CLX-HPO-ANNOT,high,https://hpo.jax.org/browse/disease/OMIM:268800,"HPO annotation (PCS): frequency 5/5, reference PMID:33407268.",,,,,,,,,,,"{""frequency"":""5/5"",""information_content"":6.167,""reference"":""PMID:33407268""}"
EDGE:CLX-PH-MONDO:0010006-HP:0000975,MONDO:0010006,HAS_PHENOTYPE,HP:0000975,curated,CLX-HPO-ANNOT,high,https://hpo.jax.org/browse/disease/OMIM:268800,HPO annotation (IEA): reference OMIM:268800.,,,,,,,,,,,"{""frequency"":"""",""information_content"":4.221,""reference"":""OMIM:268800""}"
EDGE:CLX-PH-MONDO:0010006-HP:0002574,MONDO:0010006,HAS_PHENOTYPE,HP:0002574,curated,CLX-HPO-ANNOT,high,https://hpo.jax.org/browse/disease/OMIM:268800,HPO annotation (IEA): reference OMIM:268800.,,,,,,,,,,,"{""frequency"":"""",""information_content"":5.852,""reference"":""OMIM:268800""}"
EDGE:CLX-PH-MONDO:0010006-HP:6000122,MONDO:0010006,HAS_PHENOTYPE,HP:6000122,curated,CLX-HPO-ANNOT,high,https://hpo.jax.org/browse/disease/OMIM:268800,HPO annotation (TAS): reference OMIM:268800.,,,,,,,,,,,"{""frequency"":"""",""information_content"":9.462,""reference"":""OMIM:268800""}"
EDGE:CLX-PH-MONDO:0010006-HP:0033978,MONDO:0010006,HAS_PHENOTYPE,HP:0033978,curated,CLX-HPO-ANNOT,high,https://hpo.jax.org/browse/disease/OMIM:268800,"HPO annotation (PCS): frequency 5/5, reference PMID:33407268.",,,,,,,,,,,"{""frequency"":""5/5"",""information_content"":8.076,""reference"":""PMID:33407268""}"
EDGE:CLX-PH-MONDO:0010006-HP:0007272,MONDO:0010006,HAS_PHENOTYPE,HP:0007272,curated,CLX-HPO-ANNOT,high,https://hpo.jax.org/browse/disease/OMIM:268800,HPO annotation (IEA): reference OMIM:268800.,,,,,,,,,,,"{""frequency"":"""",""information_content"":6.823,""reference"":""OMIM:268800""}"
EDGE:CLX-PH-MONDO:0009218-HP:0010729,MONDO:0009218,HAS_PHENOTYPE,HP:0010729,curated,CLX-HPO-ANNOT,high,https://hpo.jax.org/browse/disease/OMIM:228000,HPO annotation (IEA): reference OMIM:228000.,,,,,,,,,,,"{""frequency"":"""",""information_content"":6.167,""reference"":""OMIM:228000""}"
EDGE:CLX-PH-MONDO:0009218-HP:0040139,MONDO:0009218,HAS_PHENOTYPE,HP:0040139,curated,CLX-HPO-ANNOT,high,https://hpo.jax.org/browse/disease/OMIM:228000,HPO annotation (IEA): reference OMIM:228000.,,,,,,,,,,,"{""frequency"":"""",""information_content"":9.462,""reference"":""OMIM:228000""}"
EDGE:CLX-PH-MONDO:0009218-HP:0001187,MONDO:0009218,HAS_PHENOTYPE,HP:0001187,curated,CLX-HPO-ANNOT,high,https://hpo.jax.org/browse/disease/OMIM:228000,"HPO annotation (PCS): frequency 1/1, reference PMID:26945816.",,,,,,,,,,,"{""frequency"":""1/1"",""information_content"":6.028,""reference"":""PMID:26945816""}"
EDGE:CLX-PH-MONDO:0009218-HP:0003049,MONDO:0009218,HAS_PHENOTYPE,HP:0003049,curated,CLX-HPO-ANNOT,high,https://hpo.jax.org/browse/disease/OMIM:228000,"HPO annotation (PCS): frequency 1/1, reference PMID:26945816.",,,,,,,,,,,"{""frequency"":""1/1"",""information_content"":6.629,""reference"":""PMID:26945816""}"
EDGE:CLX-PH-MONDO:0009218-HP:0007470,MONDO:0009218,HAS_PHENOTYPE,HP:0007470,curated,CLX-HPO-ANNOT,high,https://hpo.jax.org/browse/disease/OMIM:228000,HPO annotation (PCS): reference PMID:26945816.,,,,,,,,,,,"{""frequency"":"""",""information_content"":7.853,""reference"":""PMID:26945816""}"
EDGE:CLX-PH-MONDO:0009218-HP:0034053,MONDO:0009218,HAS_PHENOTYPE,HP:0034053,curated,CLX-HPO-ANNOT,high,https://hpo.jax.org/browse/disease/OMIM:228000,HPO annotation (PCS): reference PMID:30029679.,,,,,,,,,,,"{""frequency"":"""",""information_content"":9.462,""reference"":""PMID:30029679""}"
EDGE:CLX-PH-MONDO:0009218-HP:0009134,MONDO:0009218,HAS_PHENOTYPE,HP:0009134,curated,CLX-HPO-ANNOT,high,https://hpo.jax.org/browse/disease/OMIM:228000,"HPO annotation (PCS): frequency 1/1, reference PMID:26945816.",,,,,,,,,,,"{""frequency"":""1/1"",""information_content"":6.467,""reference"":""PMID:26945816""}"
EDGE:CLX-PH-MONDO:0009218-HP:0001615,MONDO:0009218,HAS_PHENOTYPE,HP:0001615,curated,CLX-HPO-ANNOT,high,https://hpo.jax.org/browse/disease/OMIM:228000,HPO annotation (IEA): reference OMIM:228000.,,,,,,,,,,,"{""frequency"":"""",""information_content"":6.69,""reference"":""OMIM:228000""}"
EDGE:CLX-PH-MONDO:0013379-HP:0001054,MONDO:0013379,HAS_PHENOTYPE,HP:0001054,curated,CLX-HPO-ANNOT,high,https://hpo.jax.org/browse/disease/OMIM:613706,"HPO annotation (PCS): frequency 2/5, reference PMID:19206169.",,,,,,,,,,,"{""frequency"":""2/5"",""information_content"":6.897,""reference"":""PMID:19206169""}"
EDGE:CLX-PH-MONDO:0013379-HP:0002162,MONDO:0013379,HAS_PHENOTYPE,HP:0002162,curated,CLX-HPO-ANNOT,high,https://hpo.jax.org/browse/disease/OMIM:613706,"HPO annotation (PCS): frequency 2/5, reference PMID:19206169.",,,,,,,,,,,"{""frequency"":""2/5"",""information_content"":4.432,""reference"":""PMID:19206169""}"
EDGE:CLX-PH-MONDO:0013379-HP:0030939,MONDO:0013379,HAS_PHENOTYPE,HP:0030939,curated,CLX-HPO-ANNOT,high,https://hpo.jax.org/browse/disease/OMIM:613706,"HPO annotation (PCS): frequency 2/5, reference PMID:19206169.",,,,,,,,,,,"{""frequency"":""2/5"",""information_content"":7.517,""reference"":""PMID:19206169""}"
EDGE:CLX-PH-MONDO:0013379-HP:0006191,MONDO:0013379,HAS_PHENOTYPE,HP:0006191,curated,CLX-HPO-ANNOT,high,https://hpo.jax.org/browse/disease/OMIM:613706,"HPO annotation (PCS): frequency 1/5, reference PMID:19206169.",,,,,,,,,,,"{""frequency"":""1/5"",""information_content"":5.701,""reference"":""PMID:19206169""}"
EDGE:CLX-PH-MONDO:0013379-HP:0000914,MONDO:0013379,HAS_PHENOTYPE,HP:0000914,curated,CLX-HPO-ANNOT,high,https://hpo.jax.org/browse/disease/OMIM:613706,"HPO annotation (PCS): frequency 3/5, reference PMID:19206169.",,,,,,,,,,,"{""frequency"":""3/5"",""information_content"":6.167,""reference"":""PMID:19206169""}"
EDGE:CLX-PH-MONDO:0013379-HP:0000975,MONDO:0013379,HAS_PHENOTYPE,HP:0000975,curated,CLX-HPO-ANNOT,high,https://hpo.jax.org/browse/disease/OMIM:613706,"HPO annotation (PCS): frequency 1/5, reference PMID:19206169.",,,,,,,,,,,"{""frequency"":""1/5"",""information_content"":4.221,""reference"":""PMID:19206169""}"
EDGE:CLX-PH-MONDO:0013379-HP:0001642,MONDO:0013379,HAS_PHENOTYPE,HP:0001642,curated,CLX-HPO-ANNOT,high,https://hpo.jax.org/browse/disease/OMIM:613706,"HPO annotation (PCS): frequency 3/10, reference PMID:19206169.",,,,,,,,,,,"{""frequency"":""3/10"",""information_content"":4.169,""reference"":""PMID:19206169""}"
EDGE:CLX-PH-MONDO:0013379-HP:0002212,MONDO:0013379,HAS_PHENOTYPE,HP:0002212,curated,CLX-HPO-ANNOT,high,https://hpo.jax.org/browse/disease/OMIM:613706,"HPO annotation (PCS): frequency 1/5, reference PMID:19206169.",,,,,,,,,,,"{""frequency"":""1/5"",""information_content"":5.492,""reference"":""PMID:19206169""}"
EDGE:CLX-PH-MONDO:0013379-HP:0001520,MONDO:0013379,HAS_PHENOTYPE,HP:0001520,curated,CLX-HPO-ANNOT,high,https://hpo.jax.org/browse/disease/OMIM:613706,"HPO annotation (PCS): frequency 2/4, reference PMID:19206169.",,,,,,,,,,,"{""frequency"":""2/4"",""information_content"":5.304,""reference"":""PMID:19206169""}"
EDGE:CLX-PH-MONDO:0013379-HP:0000391,MONDO:0013379,HAS_PHENOTYPE,HP:0000391,curated,CLX-HPO-ANNOT,high,https://hpo.jax.org/browse/disease/OMIM:613706,"HPO annotation (PCS): frequency 4/5, reference PMID:19206169.",,,,,,,,,,,"{""frequency"":""4/5"",""information_content"":5.591,""reference"":""PMID:19206169""}"
EDGE:CLX-PH-MONDO:0013379-HP:0012059,MONDO:0013379,HAS_PHENOTYPE,HP:0012059,curated,CLX-HPO-ANNOT,high,https://hpo.jax.org/browse/disease/OMIM:613706,"HPO annotation (PCS): frequency 3/5, reference PMID:19206169.",,,,,,,,,,,"{""frequency"":""3/5"",""information_content"":9.462,""reference"":""PMID:19206169""}"
EDGE:CLX-PH-MONDO:0013379-HP:0011470,MONDO:0013379,HAS_PHENOTYPE,HP:0011470,curated,CLX-HPO-ANNOT,high,https://hpo.jax.org/browse/disease/OMIM:613706,"HPO annotation (PCS): frequency 2/5, reference PMID:19206169.",,,,,,,,,,,"{""frequency"":""2/5"",""information_content"":5.907,""reference"":""PMID:19206169""}"
EDGE:CLX-PH-MONDO:0013379-HP:0031162,MONDO:0013379,HAS_PHENOTYPE,HP:0031162,curated,CLX-HPO-ANNOT,high,https://hpo.jax.org/browse/disease/OMIM:613706,"HPO annotation (PCS): frequency 4/5, reference PMID:19206169.",,,,,,,,,,,"{""frequency"":""4/5"",""information_content"":7.265,""reference"":""PMID:19206169""}"
EDGE:CLX-PH-MONDO:0013379-HP:0001639,MONDO:0013379,HAS_PHENOTYPE,HP:0001639,curated,CLX-HPO-ANNOT,high,https://hpo.jax.org/browse/disease/OMIM:613706,"HPO annotation (PCS): frequency 0/5, reference PMID:19206169.",,,,,,,,,,,"{""frequency"":""0/5"",""information_content"":3.921,""reference"":""PMID:19206169""}"
EDGE:CLX-PH-MONDO:0013379-HP:0002967,MONDO:0013379,HAS_PHENOTYPE,HP:0002967,curated,CLX-HPO-ANNOT,high,https://hpo.jax.org/browse/disease/OMIM:613706,"HPO annotation (PCS): frequency 3/5, reference PMID:19206169.",,,,,,,,,,,"{""frequency"":""3/5"",""information_content"":5.008,""reference"":""PMID:19206169""}"
EDGE:CLX-PH-MONDO:0013379-HP:0000465,MONDO:0013379,HAS_PHENOTYPE,HP:0000465,curated,CLX-HPO-ANNOT,high,https://hpo.jax.org/browse/disease/OMIM:613706,"HPO annotation (PCS): frequency 2/5, reference PMID:19206169.",,,,,,,,,,,"{""frequency"":""2/5"",""information_content"":4.394,""reference"":""PMID:19206169""}"
EDGE:CLX-PH-MONDO:0009756-HP:0010729,MONDO:0009756,HAS_PHENOTYPE,HP:0010729,curated,CLX-HPO-ANNOT,high,https://hpo.jax.org/browse/disease/OMIM:257200,"HPO annotation (PCS): frequency 10/10, reference PMID:16434659.",,,,,,,,,,,"{""frequency"":""10/10"",""information_content"":6.167,""reference"":""PMID:16434659""}"
EDGE:CLX-PH-MONDO:0009756-HP:0003609,MONDO:0009756,HAS_PHENOTYPE,HP:0003609,curated,CLX-HPO-ANNOT,high,https://hpo.jax.org/browse/disease/OMIM:257200,HPO annotation (IEA): reference OMIM:257200.,,,,,,,,,,,"{""frequency"":"""",""information_content"":8.076,""reference"":""OMIM:257200""}"
EDGE:CLX-PH-MONDO:0009756-HP:0001982,MONDO:0009756,HAS_PHENOTYPE,HP:0001982,curated,CLX-HPO-ANNOT,high,https://hpo.jax.org/browse/disease/OMIM:257200,HPO annotation (IEA): reference OMIM:257200.,,,,,,,,,,,"{""frequency"":"""",""information_content"":7.671,""reference"":""OMIM:257200""}"
EDGE:CLX-PH-MONDO:0009756-HP:0004333,MONDO:0009756,HAS_PHENOTYPE,HP:0004333,curated,CLX-HPO-ANNOT,high,https://hpo.jax.org/browse/disease/OMIM:257200,HPO annotation (IEA): reference OMIM:257200.,,,,,,,,,,,"{""frequency"":"""",""information_content"":7.265,""reference"":""OMIM:257200""}"
EDGE:CLX-PH-MONDO:0009756-HP:0000991,MONDO:0009756,HAS_PHENOTYPE,HP:0000991,curated,CLX-HPO-ANNOT,high,https://hpo.jax.org/browse/disease/OMIM:257200,HPO annotation (TAS): reference OMIM:257200.,,,,,,,,,,,"{""frequency"":"""",""information_content"":5.571,""reference"":""OMIM:257200""}"
EDGE:CLX-PH-MONDO:0009756-HP:0002207,MONDO:0009756,HAS_PHENOTYPE,HP:0002207,curated,CLX-HPO-ANNOT,high,https://hpo.jax.org/browse/disease/OMIM:257200,HPO annotation (IEA): reference OMIM:257200.,,,,,,,,,,,"{""frequency"":"""",""information_content"":7.383,""reference"":""OMIM:257200""}"
EDGE:CLX-PH-MONDO:0009756-HP:0001538,MONDO:0009756,HAS_PHENOTYPE,HP:0001538,curated,CLX-HPO-ANNOT,high,https://hpo.jax.org/browse/disease/OMIM:257200,HPO annotation (IEA): reference OMIM:257200.,,,,,,,,,,,"{""frequency"":"""",""information_content"":5.511,""reference"":""OMIM:257200""}"
EDGE:CLX-PH-MONDO:0009756-HP:6001380,MONDO:0009756,HAS_PHENOTYPE,HP:6001380,curated,CLX-HPO-ANNOT,high,https://hpo.jax.org/browse/disease/OMIM:257200,HPO annotation (PCS): reference PMID:36348386.,,,,,,,,,,,"{""frequency"":"""",""information_content"":8.769,""reference"":""PMID:36348386""}"
EDGE:CLX-PH-MONDO:0014438-HP:0001256,MONDO:0014438,HAS_PHENOTYPE,HP:0001256,curated,CLX-HPO-ANNOT,high,https://hpo.jax.org/browse/disease/OMIM:615987,"HPO annotation (PCS): frequency 1/1, reference PMID:34900151.",,,,,,,,,,,"{""frequency"":""1/1"",""information_content"":3.272,""reference"":""PMID:34900151""}"
EDGE:CLX-PH-MONDO:0014438-HP:0000083,MONDO:0014438,HAS_PHENOTYPE,HP:0000083,curated,CLX-HPO-ANNOT,high,https://hpo.jax.org/browse/disease/OMIM:615987,HPO annotation (TAS): reference OMIM:615987.,,,,,,,,,,,"{""frequency"":"""",""information_content"":3.188,""reference"":""OMIM:615987""}"
EDGE:CLX-PH-MONDO:0014438-HP:0000107,MONDO:0014438,HAS_PHENOTYPE,HP:0000107,curated,CLX-HPO-ANNOT,high,https://hpo.jax.org/browse/disease/OMIM:615987,HPO annotation (TAS): reference OMIM:615987.,,,,,,,,,,,"{""frequency"":"""",""information_content"":3.704,""reference"":""OMIM:615987""}"
EDGE:CLX-PH-MONDO:0014438-HP:0010442,MONDO:0014438,HAS_PHENOTYPE,HP:0010442,curated,CLX-HPO-ANNOT,high,https://hpo.jax.org/browse/disease/OMIM:615987,"HPO annotation (PCS): frequency 0/1, reference PMID:34900151.",,,,,,,,,,,"{""frequency"":""0/1"",""information_content"":3.38,""reference"":""PMID:34900151""}"
EDGE:CLX-PH-MONDO:0014438-HP:0000510,MONDO:0014438,HAS_PHENOTYPE,HP:0000510,curated,CLX-HPO-ANNOT,high,https://hpo.jax.org/browse/disease/OMIM:615987,"HPO annotation (PCS): frequency 1/1, reference PMID:34900151.",,,,,,,,,,,"{""frequency"":""1/1"",""information_content"":4.029,""reference"":""PMID:34900151""}"
EDGE:CLX-PH-MONDO:0014438-HP:0000135,MONDO:0014438,HAS_PHENOTYPE,HP:0000135,curated,CLX-HPO-ANNOT,high,https://hpo.jax.org/browse/disease/OMIM:615987,HPO annotation (TAS): reference OMIM:615987.,,,,,,,,,,,"{""frequency"":"""",""information_content"":3.571,""reference"":""OMIM:615987""}"
EDGE:CLX-PH-MONDO:0014438-HP:0001513,MONDO:0014438,HAS_PHENOTYPE,HP:0001513,curated,CLX-HPO-ANNOT,high,https://hpo.jax.org/browse/disease/OMIM:615987,"HPO annotation (PCS): frequency 1/1, reference PMID:34900151.",,,,,,,,,,,"{""frequency"":""1/1"",""information_content"":3.463,""reference"":""PMID:34900151""}"
EDGE:CLX-PH-MONDO:0014438-HP:0000556,MONDO:0014438,HAS_PHENOTYPE,HP:0000556,curated,CLX-HPO-ANNOT,high,https://hpo.jax.org/browse/disease/OMIM:615987,"HPO annotation (PCS): frequency 1/1, reference PMID:34900151.",,,,,,,,,,,"{""frequency"":""1/1"",""information_content"":3.501,""reference"":""PMID:34900151""}"
EDGE:CLX-PH-MONDO:0009499-HP:0006801,MONDO:0009499,HAS_PHENOTYPE,HP:0006801,curated,CLX-HPO-ANNOT,high,https://hpo.jax.org/browse/disease/OMIM:245200,HPO annotation (PCS): reference OMIM:245200.,,,,,,,,,,,"{""frequency"":"""",""information_content"":5.825,""reference"":""OMIM:245200""}"
EDGE:CLX-PH-MONDO:0009499-HP:0002180,MONDO:0009499,HAS_PHENOTYPE,HP:0002180,curated,CLX-HPO-ANNOT,high,https://hpo.jax.org/browse/disease/OMIM:245200,HPO annotation (IEA): reference OMIM:245200.,,,,,,,,,,,"{""frequency"":"""",""information_content"":5.531,""reference"":""OMIM:245200""}"
EDGE:CLX-PH-MONDO:0009499-HP:0034322,MONDO:0009499,HAS_PHENOTYPE,HP:0034322,curated,CLX-HPO-ANNOT,high,https://hpo.jax.org/browse/disease/OMIM:245200,"HPO annotation (PCS): frequency 29/29, reference PMID:20886637.",,,,,,,,,,,"{""frequency"":""29/29"",""information_content"":7.853,""reference"":""PMID:20886637""}"
EDGE:CLX-PH-MONDO:0009499-HP:0007305,MONDO:0009499,HAS_PHENOTYPE,HP:0007305,curated,CLX-HPO-ANNOT,high,https://hpo.jax.org/browse/disease/OMIM:245200,"HPO annotation (PCS): frequency 5/22, reference PMID:20886637.",,,,,,,,,,,"{""frequency"":""5/22"",""information_content"":5.385,""reference"":""PMID:20886637""}"
EDGE:CLX-PH-MONDO:0009499-HP:0002333,MONDO:0009499,HAS_PHENOTYPE,HP:0002333,curated,CLX-HPO-ANNOT,high,https://hpo.jax.org/browse/disease/OMIM:245200,HPO annotation (IEA): reference OMIM:245200.,,,,,,,,,,,"{""frequency"":"""",""information_content"":6.467,""reference"":""OMIM:245200""}"
EDGE:CLX-PH-MONDO:0009499-HP:0007928,MONDO:0009499,HAS_PHENOTYPE,HP:0007928,curated,CLX-HPO-ANNOT,high,https://hpo.jax.org/browse/disease/OMIM:245200,HPO annotation (IEA): reference OMIM:245200.,,,,,,,,,,,"{""frequency"":"""",""information_content"":7.671,""reference"":""OMIM:245200""}"
EDGE:CLX-PH-MONDO:0009499-HP:0025013,MONDO:0009499,HAS_PHENOTYPE,HP:0025013,curated,CLX-HPO-ANNOT,high,https://hpo.jax.org/browse/disease/OMIM:245200,HPO annotation (TAS): reference OMIM:245200.,,,,,,,,,,,"{""frequency"":"""",""information_content"":6.978,""reference"":""OMIM:245200""}"
EDGE:CLX-PH-MONDO:0009499-HP:0002191,MONDO:0009499,HAS_PHENOTYPE,HP:0002191,curated,CLX-HPO-ANNOT,high,https://hpo.jax.org/browse/disease/OMIM:245200,"HPO annotation (PCS): frequency 30/30, reference PMID:20886637.",,,,,,,,,,,"{""frequency"":""30/30"",""information_content"":5.749,""reference"":""PMID:20886637""}"
EDGE:CLX-PH-MONDO:0009499-HP:0002506,MONDO:0009499,HAS_PHENOTYPE,HP:0002506,curated,CLX-HPO-ANNOT,high,https://hpo.jax.org/browse/disease/OMIM:245200,HPO annotation (IEA): reference OMIM:245200.,,,,,,,,,,,"{""frequency"":"""",""information_content"":5.656,""reference"":""OMIM:245200""}"
EDGE:CLX-PH-MONDO:0018975-HP:0001256,MONDO:0018975,HAS_PHENOTYPE,HP:0001256,curated,CLX-HPO-ANNOT,high,https://hpo.jax.org/browse/disease/OMIM:162200,HPO annotation (IEA): reference OMIM:162200.,,,,,,,,,,,"{""frequency"":"""",""information_content"":3.272,""reference"":""OMIM:162200""}"
EDGE:CLX-PH-MONDO:0018975-HP:6001124,MONDO:0018975,HAS_PHENOTYPE,HP:6001124,curated,CLX-HPO-ANNOT,high,https://hpo.jax.org/browse/disease/OMIM:162200,HPO annotation (TAS): reference OMIM:162200.,,,,,,,,,,,"{""frequency"":"""",""information_content"":9.462,""reference"":""OMIM:162200""}"
EDGE:CLX-PH-MONDO:0018975-HP:0000997,MONDO:0018975,HAS_PHENOTYPE,HP:0000997,curated,CLX-HPO-ANNOT,high,https://hpo.jax.org/browse/disease/OMIM:162200,"HPO annotation (PCS): frequency 435/546, reference PMID:7607663;PMID:26178382;PMID:36659944;PMID:38596211;PMID:9101303;PMID:8664912;PMID:10204844;PMID:29290338.",,,,,,,,,,,"{""frequency"":""435/546"",""information_content"":6.978,""reference"":""PMID:7607663;PMID:26178382;PMID:36659944;PMID:38596211;PMID:9101303;PMID:8664912;PMID:10204844;PMID:29290338""}"
EDGE:CLX-PH-MONDO:0018975-HP:0002859,MONDO:0018975,HAS_PHENOTYPE,HP:0002859,curated,CLX-HPO-ANNOT,high,https://hpo.jax.org/browse/disease/OMIM:162200,HPO annotation (IEA): reference OMIM:162200.,,,,,,,,,,,"{""frequency"":"""",""information_content"":6.418,""reference"":""OMIM:162200""}"
EDGE:CLX-PH-MONDO:0018975-HP:0001642,MONDO:0018975,HAS_PHENOTYPE,HP:0001642,curated,CLX-HPO-ANNOT,high,https://hpo.jax.org/browse/disease/OMIM:162200,"HPO annotation (PCS): frequency 18/267, reference PMID:26178382;PMID:29290338;PMID:17160901.",,,,,,,,,,,"{""frequency"":""18/267"",""information_content"":4.169,""reference"":""PMID:26178382;PMID:29290338;PMID:17160901""}"
EDGE:CLX-PH-MONDO:0018975-HP:0001067,MONDO:0018975,HAS_PHENOTYPE,HP:0001067,curated,CLX-HPO-ANNOT,high,https://hpo.jax.org/browse/disease/OMIM:162200,"HPO annotation (PCS): frequency 297/457, reference PMID:7607663;PMID:20513137;PMID:26178382;PMID:38596211;PMID:9101303;PMID:8664912;PMID:10204844;PMID:29290338.",,,,,,,,,,,"{""frequency"":""297/457"",""information_content"":6.327,""reference"":""PMID:7607663;PMID:20513137;PMID:26178382;PMID:38596211;PMID:9101303;PMID:8664912;PMID:10204844;PMID:29290338""}"
EDGE:CLX-PH-MONDO:0018975-HP:0010795,MONDO:0018975,HAS_PHENOTYPE,HP:0010795,curated,CLX-HPO-ANNOT,high,https://hpo.jax.org/browse/disease/OMIM:162200,"HPO annotation (PCS): frequency 2/163, reference PMID:7607663;PMID:38596211;PMID:36659944;PMID:9101303;PMID:8664912;PMID:29290338.",,,,,,,,,,,"{""frequency"":""2/163"",""information_content"":8.769,""reference"":""PMID:7607663;PMID:38596211;PMID:36659944;PMID:9101303;PMID:8664912;PMID:29290338""}"
EDGE:CLX-PH-MONDO:0018975-HP:0100697,MONDO:0018975,HAS_PHENOTYPE,HP:0100697,curated,CLX-HPO-ANNOT,high,https://hpo.jax.org/browse/disease/OMIM:162200,HPO annotation (PCS): reference OMIM:162200.,,,,,,,,,,,"{""frequency"":"""",""information_content"":7.853,""reference"":""OMIM:162200""}"
EDGE:CLX-PH-MONDO:0018975-HP:0009732,MONDO:0018975,HAS_PHENOTYPE,HP:0009732,curated,CLX-HPO-ANNOT,high,https://hpo.jax.org/browse/disease/OMIM:162200,"HPO annotation (PCS): frequency 139/554, reference PMID:7607663;PMID:20513137;PMID:23035791;PMID:26178382;PMID:36659944;PMID:38596211;PMID:9101303;PMID:8664912;PMID:29290338;PMID:17160901.",,,,,,,,,,,"{""frequency"":""139/554"",""information_content"":7.383,""reference"":""PMID:7607663;PMID:20513137;PMID:23035791;PMID:26178382;PMID:36659944;PMID:38596211;PMID:9101303;PMID:8664912;PMID:29290338;PMID:17160901""}"
EDGE:CLX-PH-MONDO:0018975-HP:0009735,MONDO:0018975,HAS_PHENOTYPE,HP:0009735,curated,CLX-HPO-ANNOT,high,https://hpo.jax.org/browse/disease/OMIM:162200,"HPO annotation (PCS): frequency 34/354, reference PMID:10204844;PMID:29290338.",,,,,,,,,,,"{""frequency"":""34/354"",""information_content"":7.671,""reference"":""PMID:10204844;PMID:29290338""}"
EDGE:CLX-PH-MONDO:0018975-HP:0006743,MONDO:0018975,HAS_PHENOTYPE,HP:0006743,curated,CLX-HPO-ANNOT,high,https://hpo.jax.org/browse/disease/OMIM:162200,"HPO annotation (PCS): frequency 3/148, reference PMID:7607663;PMID:36659944;PMID:9101303;PMID:8664912;PMID:29290338.",,,,,,,,,,,"{""frequency"":""3/148"",""information_content"":7.853,""reference"":""PMID:7607663;PMID:36659944;PMID:9101303;PMID:8664912;PMID:29290338""}"
EDGE:CLX-PH-MONDO:0018975-HP:0009736,MONDO:0018975,HAS_PHENOTYPE,HP:0009736,curated,CLX-HPO-ANNOT,high,https://hpo.jax.org/browse/disease/OMIM:162200,"HPO annotation (PCS): frequency 10/300, reference PMID:10204844.",,,,,,,,,,,"{""frequency"":""10/300"",""information_content"":9.462,""reference"":""PMID:10204844""}"
EDGE:CLX-PH-MONDO:0018975-HP:0001480,MONDO:0018975,HAS_PHENOTYPE,HP:0001480,curated,CLX-HPO-ANNOT,high,https://hpo.jax.org/browse/disease/OMIM:162200,"HPO annotation (PCS): frequency 146/224, reference PMID:20513137;PMID:26178382;PMID:29290338;PMID:17160901.",,,,,,,,,,,"{""frequency"":""146/224"",""information_content"":5.612,""reference"":""PMID:20513137;PMID:26178382;PMID:29290338;PMID:17160901""}"
EDGE:CLX-PH-MONDO:0018975-HP:0033680,MONDO:0018975,HAS_PHENOTYPE,HP:0033680,curated,CLX-HPO-ANNOT,high,https://hpo.jax.org/browse/disease/OMIM:162200,"HPO annotation (PCS): frequency 1/148, reference PMID:7607663;PMID:36659944;PMID:9101303;PMID:8664912;PMID:29290338.",,,,,,,,,,,"{""frequency"":""1/148"",""information_content"":9.462,""reference"":""PMID:7607663;PMID:36659944;PMID:9101303;PMID:8664912;PMID:29290338""}"
EDGE:CLX-PH-MONDO:0018975-HP:0001639,MONDO:0018975,HAS_PHENOTYPE,HP:0001639,curated,CLX-HPO-ANNOT,high,https://hpo.jax.org/browse/disease/OMIM:162200,"HPO annotation (PCS): frequency 1/118, reference PMID:29290338.",,,,,,,,,,,"{""frequency"":""1/118"",""information_content"":3.921,""reference"":""PMID:29290338""}"
EDGE:CLX-PH-MONDO:0018975-HP:0030052,MONDO:0018975,HAS_PHENOTYPE,HP:0030052,curated,CLX-HPO-ANNOT,high,https://hpo.jax.org/browse/disease/OMIM:162200,"HPO annotation (PCS): frequency 151/357, reference PMID:10204844.",,,,,,,,,,,"{""frequency"":""151/357"",""information_content"":7.16,""reference"":""PMID:10204844""}"
EDGE:CLX-PH-MONDO:0018975-HP:0000465,MONDO:0018975,HAS_PHENOTYPE,HP:0000465,curated,CLX-HPO-ANNOT,high,https://hpo.jax.org/browse/disease/OMIM:162200,"HPO annotation (PCS): frequency 1/15, reference PMID:38596211.",,,,,,,,,,,"{""frequency"":""1/15"",""information_content"":4.394,""reference"":""PMID:38596211""}"
EDGE:CLX-PH-MONDO:0012371-HP:0004442,MONDO:0012371,HAS_PHENOTYPE,HP:0004442,curated,CLX-HPO-ANNOT,high,https://hpo.jax.org/browse/disease/OMIM:609942,"HPO annotation (PCS): frequency 2/7, reference PMID:16474405;PMID:19396835.",,,,,,,,,,,"{""frequency"":""2/7"",""information_content"":5.852,""reference"":""PMID:16474405;PMID:19396835""}"
EDGE:CLX-PH-MONDO:0012371-HP:0006191,MONDO:0012371,HAS_PHENOTYPE,HP:0006191,curated,CLX-HPO-ANNOT,high,https://hpo.jax.org/browse/disease/OMIM:609942,"HPO annotation (PCS): frequency 0/7, reference PMID:17056636.",,,,,,,,,,,"{""frequency"":""0/7"",""information_content"":5.701,""reference"":""PMID:17056636""}"
EDGE:CLX-PH-MONDO:0012371-HP:0000914,MONDO:0012371,HAS_PHENOTYPE,HP:0000914,curated,CLX-HPO-ANNOT,high,https://hpo.jax.org/browse/disease/OMIM:609942,"HPO annotation (PCS): frequency 2/12, reference PMID:17056636;PMID:16474405.",,,,,,,,,,,"{""frequency"":""2/12"",""information_content"":6.167,""reference"":""PMID:17056636;PMID:16474405""}"
EDGE:CLX-PH-MONDO:0012371-HP:0001642,MONDO:0012371,HAS_PHENOTYPE,HP:0001642,curated,CLX-HPO-ANNOT,high,https://hpo.jax.org/browse/disease/OMIM:609942,"HPO annotation (PCS): frequency 1/5, reference PMID:16474405.",,,,,,,,,,,"{""frequency"":""1/5"",""information_content"":4.169,""reference"":""PMID:16474405""}"
EDGE:CLX-PH-MONDO:0012371-HP:0002162,MONDO:0012371,HAS_PHENOTYPE,HP:0002162,curated,CLX-HPO-ANNOT,high,https://hpo.jax.org/browse/disease/OMIM:609942,"HPO annotation (PCS): frequency 0/7, reference PMID:17056636.",,,,,,,,,,,"{""frequency"":""0/7"",""information_content"":4.432,""reference"":""PMID:17056636""}"
EDGE:CLX-PH-MONDO:0012371-HP:0012209,MONDO:0012371,HAS_PHENOTYPE,HP:0012209,curated,CLX-HPO-ANNOT,high,https://hpo.jax.org/browse/disease/OMIM:609942,"HPO annotation (PCS): frequency 1/5, reference PMID:16474405.",,,,,,,,,,,"{""frequency"":""1/5"",""information_content"":7.671,""reference"":""PMID:16474405""}"
EDGE:CLX-PH-MONDO:0012371-HP:0011321,MONDO:0012371,HAS_PHENOTYPE,HP:0011321,curated,CLX-HPO-ANNOT,high,https://hpo.jax.org/browse/disease/OMIM:609942,"HPO annotation (PCS): frequency 1/2, reference PMID:19396835.",,,,,,,,,,,"{""frequency"":""1/2"",""information_content"":8.769,""reference"":""PMID:19396835""}"
EDGE:CLX-PH-MONDO:0012371-HP:0001305,MONDO:0012371,HAS_PHENOTYPE,HP:0001305,curated,CLX-HPO-ANNOT,high,https://hpo.jax.org/browse/disease/OMIM:609942,"HPO annotation (PCS): frequency 0/7, reference PMID:17056636.",,,,,,,,,,,"{""frequency"":""0/7"",""information_content"":4.425,""reference"":""PMID:17056636""}"
EDGE:CLX-PH-MONDO:0012371-HP:0001869,MONDO:0012371,HAS_PHENOTYPE,HP:0001869,curated,CLX-HPO-ANNOT,high,https://hpo.jax.org/browse/disease/OMIM:609942,"HPO annotation (PCS): frequency 0/7, reference PMID:17056636.",,,,,,,,,,,"{""frequency"":""0/7"",""information_content"":6.204,""reference"":""PMID:17056636""}"
EDGE:CLX-PH-MONDO:0012371-HP:0001704,MONDO:0012371,HAS_PHENOTYPE,HP:0001704,curated,CLX-HPO-ANNOT,high,https://hpo.jax.org/browse/disease/OMIM:609942,"HPO annotation (PCS): frequency 1/5, reference PMID:16474405.",,,,,,,,,,,"{""frequency"":""1/5"",""information_content"":6.518,""reference"":""PMID:16474405""}"
EDGE:CLX-PH-MONDO:0012371-HP:0000391,MONDO:0012371,HAS_PHENOTYPE,HP:0000391,curated,CLX-HPO-ANNOT,high,https://hpo.jax.org/browse/disease/OMIM:609942,"HPO annotation (PCS): frequency 1/2, reference PMID:19396835.",,,,,,,,,,,"{""frequency"":""1/2"",""information_content"":5.591,""reference"":""PMID:19396835""}"
EDGE:CLX-PH-MONDO:0012371-HP:0005281,MONDO:0012371,HAS_PHENOTYPE,HP:0005281,curated,CLX-HPO-ANNOT,high,https://hpo.jax.org/browse/disease/OMIM:609942,HPO annotation (IEA): reference OMIM:609942.,,,,,,,,,,,"{""frequency"":"""",""information_content"":7.383,""reference"":""OMIM:609942""}"
EDGE:CLX-PH-MONDO:0012371-HP:0001639,MONDO:0012371,HAS_PHENOTYPE,HP:0001639,curated,CLX-HPO-ANNOT,high,https://hpo.jax.org/browse/disease/OMIM:609942,"HPO annotation (PCS): frequency 2/12, reference PMID:17056636;PMID:16474405.",,,,,,,,,,,"{""frequency"":""2/12"",""information_content"":3.921,""reference"":""PMID:17056636;PMID:16474405""}"
EDGE:CLX-PH-MONDO:0012371-HP:0002967,MONDO:0012371,HAS_PHENOTYPE,HP:0002967,curated,CLX-HPO-ANNOT,high,https://hpo.jax.org/browse/disease/OMIM:609942,"HPO annotation (PCS): frequency 1/7, reference PMID:17056636.",,,,,,,,,,,"{""frequency"":""1/7"",""information_content"":5.008,""reference"":""PMID:17056636""}"
EDGE:CLX-PH-MONDO:0012371-HP:0000465,MONDO:0012371,HAS_PHENOTYPE,HP:0000465,curated,CLX-HPO-ANNOT,high,https://hpo.jax.org/browse/disease/OMIM:609942,"HPO annotation (PCS): frequency 5/9, reference PMID:17056636;PMID:19396835.",,,,,,,,,,,"{""frequency"":""5/9"",""information_content"":4.394,""reference"":""PMID:17056636;PMID:19396835""}"
EDGE:CLX-PH-MONDO:0009571-HP:0001408,MONDO:0009571,HAS_PHENOTYPE,HP:0001408,curated,CLX-HPO-ANNOT,high,https://hpo.jax.org/browse/disease/OMIM:249000,HPO annotation (IEA): reference OMIM:249000.,,,,,,,,,,,"{""frequency"":"""",""information_content"":6.061,""reference"":""OMIM:249000""}"
EDGE:CLX-PH-MONDO:0009571-HP:0002419,MONDO:0009571,HAS_PHENOTYPE,HP:0002419,curated,CLX-HPO-ANNOT,high,https://hpo.jax.org/browse/disease/OMIM:249000,"HPO annotation (PCS): frequency 2/2, reference PMID:27377014;PMID:33193692.",,,,,,,,,,,"{""frequency"":""2/2"",""information_content"":5.419,""reference"":""PMID:27377014;PMID:33193692""}"
EDGE:CLX-PH-MONDO:0009571-HP:0004639,MONDO:0009571,HAS_PHENOTYPE,HP:0004639,curated,CLX-HPO-ANNOT,high,https://hpo.jax.org/browse/disease/OMIM:249000,HPO annotation (TAS): reference OMIM:249000.,,,,,,,,,,,"{""frequency"":"""",""information_content"":7.853,""reference"":""OMIM:249000""}"
EDGE:CLX-PH-MONDO:0009571-HP:0001341,MONDO:0009571,HAS_PHENOTYPE,HP:0001341,curated,CLX-HPO-ANNOT,high,https://hpo.jax.org/browse/disease/OMIM:249000,HPO annotation (IEA): reference OMIM:249000.,,,,,,,,,,,"{""frequency"":"""",""information_content"":7.853,""reference"":""OMIM:249000""}"
EDGE:CLX-PH-MONDO:0009571-HP:0001583,MONDO:0009571,HAS_PHENOTYPE,HP:0001583,curated,CLX-HPO-ANNOT,high,https://hpo.jax.org/browse/disease/OMIM:249000,"HPO annotation (PCS): frequency 1/1, reference PMID:27377014.",,,,,,,,,,,"{""frequency"":""1/1"",""information_content"":6.028,""reference"":""PMID:27377014""}"
EDGE:CLX-PH-MONDO:0009571-HP:0005343,MONDO:0009571,HAS_PHENOTYPE,HP:0005343,curated,CLX-HPO-ANNOT,high,https://hpo.jax.org/browse/disease/OMIM:249000,HPO annotation (IEA): reference OMIM:249000.,,,,,,,,,,,"{""frequency"":"""",""information_content"":7.065,""reference"":""OMIM:249000""}"
EDGE:CLX-PH-MONDO:0009571-HP:0000800,MONDO:0009571,HAS_PHENOTYPE,HP:0000800,curated,CLX-HPO-ANNOT,high,https://hpo.jax.org/browse/disease/OMIM:249000,"HPO annotation (PCS): frequency 0/3, reference PMID:35360848.",,,,,,,,,,,"{""frequency"":""0/3"",""information_content"":6.823,""reference"":""PMID:35360848""}"
EDGE:CLX-PH-MONDO:0009571-HP:0009931,MONDO:0009571,HAS_PHENOTYPE,HP:0009931,curated,CLX-HPO-ANNOT,high,https://hpo.jax.org/browse/disease/OMIM:249000,"HPO annotation (PCS): frequency 1/1, reference PMID:27377014.",,,,,,,,,,,"{""frequency"":""1/1"",""information_content"":7.383,""reference"":""PMID:27377014""}"
EDGE:CLX-PH-MONDO:0009571-HP:0006267,MONDO:0009571,HAS_PHENOTYPE,HP:0006267,curated,CLX-HPO-ANNOT,high,https://hpo.jax.org/browse/disease/OMIM:249000,HPO annotation (IEA): reference OMIM:249000.,,,,,,,,,,,"{""frequency"":"""",""information_content"":6.978,""reference"":""OMIM:249000""}"
EDGE:CLX-PH-MONDO:0009571-HP:0002323,MONDO:0009571,HAS_PHENOTYPE,HP:0002323,curated,CLX-HPO-ANNOT,high,https://hpo.jax.org/browse/disease/OMIM:249000,HPO annotation (IEA): reference OMIM:249000.,,,,,,,,,,,"{""frequency"":"""",""information_content"":5.656,""reference"":""OMIM:249000""}"
EDGE:CLX-PH-MONDO:0009571-HP:0000061,MONDO:0009571,HAS_PHENOTYPE,HP:0000061,curated,CLX-HPO-ANNOT,high,https://hpo.jax.org/browse/disease/OMIM:249000,HPO annotation (IEA): reference OMIM:249000.,,,,,,,,,,,"{""frequency"":"""",""information_content"":6.823,""reference"":""OMIM:249000""}"
EDGE:CLX-PH-MONDO:0009571-HP:0001305,MONDO:0009571,HAS_PHENOTYPE,HP:0001305,curated,CLX-HPO-ANNOT,high,https://hpo.jax.org/browse/disease/OMIM:249000,HPO annotation (IEA): reference OMIM:249000.,,,,,,,,,,,"{""frequency"":"""",""information_content"":4.425,""reference"":""OMIM:249000""}"
EDGE:CLX-PH-MONDO:0009571-HP:0000154,MONDO:0009571,HAS_PHENOTYPE,HP:0000154,curated,CLX-HPO-ANNOT,high,https://hpo.jax.org/browse/disease/OMIM:249000,HPO annotation (IEA): reference OMIM:249000.,,,,,,,,,,,"{""frequency"":"""",""information_content"":3.752,""reference"":""OMIM:249000""}"
EDGE:CLX-PH-MONDO:0009571-HP:0001162,MONDO:0009571,HAS_PHENOTYPE,HP:0001162,curated,CLX-HPO-ANNOT,high,https://hpo.jax.org/browse/disease/OMIM:249000,"HPO annotation (PCS): frequency 4/6, reference PMID:17377820;PMID:33193692.",,,,,,,,,,,"{""frequency"":""4/6"",""information_content"":4.4,""reference"":""PMID:17377820;PMID:33193692""}"
EDGE:CLX-PH-MONDO:0009571-HP:0006563,MONDO:0009571,HAS_PHENOTYPE,HP:0006563,curated,CLX-HPO-ANNOT,high,https://hpo.jax.org/browse/disease/OMIM:249000,"HPO annotation (PCS): frequency 1/1, reference PMID:17377820.",,,,,,,,,,,"{""frequency"":""1/1"",""information_content"":7.16,""reference"":""PMID:17377820""}"
EDGE:CLX-PH-MONDO:0009571-HP:0001830,MONDO:0009571,HAS_PHENOTYPE,HP:0001830,curated,CLX-HPO-ANNOT,high,https://hpo.jax.org/browse/disease/OMIM:249000,"HPO annotation (PCS): frequency 5/5, reference PMID:17377820.",,,,,,,,,,,"{""frequency"":""5/5"",""information_content"":5.186,""reference"":""PMID:17377820""}"
EDGE:CLX-PH-MONDO:0009571-HP:0000465,MONDO:0009571,HAS_PHENOTYPE,HP:0000465,curated,CLX-HPO-ANNOT,high,https://hpo.jax.org/browse/disease/OMIM:249000,HPO annotation (IEA): reference OMIM:249000.,,,,,,,,,,,"{""frequency"":"""",""information_content"":4.394,""reference"":""OMIM:249000""}"
EDGE:CLX-PH-MONDO:0009260-HP:0003510,MONDO:0009260,HAS_PHENOTYPE,HP:0003510,curated,CLX-HPO-ANNOT,high,https://hpo.jax.org/browse/disease/OMIM:230500,HPO annotation (IEA): reference OMIM:230500.,,,,,,,,,,,"{""frequency"":"""",""information_content"":4.425,""reference"":""OMIM:230500""}"
EDGE:CLX-PH-MONDO:0009260-HP:0010729,MONDO:0009260,HAS_PHENOTYPE,HP:0010729,curated,CLX-HPO-ANNOT,high,https://hpo.jax.org/browse/disease/OMIM:230500,"HPO annotation (PCS): frequency 50/84, reference PMID:18524657.",,,,,,,,,,,"{""frequency"":""50/84"",""information_content"":6.167,""reference"":""PMID:18524657""}"
EDGE:CLX-PH-MONDO:0009260-HP:0001071,MONDO:0009260,HAS_PHENOTYPE,HP:0001071,curated,CLX-HPO-ANNOT,high,https://hpo.jax.org/browse/disease/OMIM:230500,HPO annotation (IEA): reference OMIM:230500.,,,,,,,,,,,"{""frequency"":"""",""information_content"":7.671,""reference"":""OMIM:230500""}"
EDGE:CLX-PH-MONDO:0009260-HP:0001922,MONDO:0009260,HAS_PHENOTYPE,HP:0001922,curated,CLX-HPO-ANNOT,high,https://hpo.jax.org/browse/disease/OMIM:230500,HPO annotation (PCS): reference PMID:18524657.,,,,,,,,,,,"{""frequency"":"""",""information_content"":6.823,""reference"":""PMID:18524657""}"
EDGE:CLX-PH-MONDO:0009260-HP:0008479,MONDO:0009260,HAS_PHENOTYPE,HP:0008479,curated,CLX-HPO-ANNOT,high,https://hpo.jax.org/browse/disease/OMIM:230500,HPO annotation (IEA): reference OMIM:230500.,,,,,,,,,,,"{""frequency"":"""",""information_content"":6.284,""reference"":""OMIM:230500""}"
EDGE:CLX-PH-MONDO:0009260-HP:0001639,MONDO:0009260,HAS_PHENOTYPE,HP:0001639,curated,CLX-HPO-ANNOT,high,https://hpo.jax.org/browse/disease/OMIM:230500,HPO annotation (IEA): reference OMIM:230500.,,,,,,,,,,,"{""frequency"":"""",""information_content"":3.921,""reference"":""OMIM:230500""}"
EDGE:CLX-PH-MONDO:0009260-HP:0008166,MONDO:0009260,HAS_PHENOTYPE,HP:0008166,curated,CLX-HPO-ANNOT,high,https://hpo.jax.org/browse/disease/OMIM:230500,HPO annotation (IEA): reference OMIM:230500.,,,,,,,,,,,"{""frequency"":"""",""information_content"":7.383,""reference"":""OMIM:230500""}"
EDGE:CLX-PH-MONDO:0009260-HP:0000943,MONDO:0009260,HAS_PHENOTYPE,HP:0000943,curated,CLX-HPO-ANNOT,high,https://hpo.jax.org/browse/disease/OMIM:230500,"HPO annotation (PCS): frequency 4/4, reference PMID:22234367.",,,,,,,,,,,"{""frequency"":""4/4"",""information_content"":5.774,""reference"":""PMID:22234367""}"
EDGE:CLX-PH-MONDO:0009260-HP:0007313,MONDO:0009260,HAS_PHENOTYPE,HP:0007313,curated,CLX-HPO-ANNOT,high,https://hpo.jax.org/browse/disease/OMIM:230500,HPO annotation (IEA): reference OMIM:230500.,,,,,,,,,,,"{""frequency"":"""",""information_content"":8.364,""reference"":""OMIM:230500""}"
EDGE:CLX-PH-MONDO:0009260-HP:0000900,MONDO:0009260,HAS_PHENOTYPE,HP:0000900,curated,CLX-HPO-ANNOT,high,https://hpo.jax.org/browse/disease/OMIM:230500,HPO annotation (TAS): reference OMIM:230500.,,,,,,,,,,,"{""frequency"":"""",""information_content"":7.517,""reference"":""OMIM:230500""}"
EDGE:CLX-SIM-MONDO:0009260-MONDO:0009261,MONDO:0009260,SHARES_CAUSAL_GENE,MONDO:0009261,inferred,CLX-SIMDIS,high,,Same causal gene and similar symptoms (subtypes of one condition).,,,,,,,,,,"A shared gene does not mean the same variants, severity or treatment response.","{""combined_score"":0.9803,""comparison_set"":""lysosomal storage"",""mechanism_score"":1.0,""method"":""disease_similarity_reactome_idf_jaccard_mondo_group_hpo_simgic_v0.4"",""phenotype_percentile"":0.9605,""phenotype_score"":0.2773,""relation_class"":""same_gene_similar_presentation"",""shared_genes"":[""GLB1""],""shared_mondo_class"":[{""id"":""MONDO:0002561"",""label"":""lysosomal storage disease""}],""shared_mondo_group"":[""MONDO:0018149""],""shared_pathways"":[{""id"":""R-HSA-2024101"",""label"":""CS/DS degradation""},{""id"":""R-HSA-4085001"",""label"":""Sialic acid metabolism""},{""id"":""R-HSA-2022857"",""label"":""Keratan sulfate degradation""},{""id"":""R-HSA-6798695"",""label"":""Neutrophil degranulation""},{""id"":""R-HSA-9840310"",""label"":""Glycosphingolipid catabolism""}],""shared_phenotypes"":[{""ic"":""6.28"",""id"":""HP:0008479"",""label"":""Hypoplastic vertebral bodies""},{""ic"":""5.77"",""id"":""HP:0000943"",""label"":""Dysostosis multiplex""},{""ic"":""5.63"",""id"":""HP:0004568"",""label"":""Beaking of vertebral bodies""},{""ic"":""4.51"",""id"":""HP:0000212"",""label"":""Gingival overgrowth""},{""ic"":""4.03"",""id"":""HP:0001387"",""label"":""Joint stiffness""},{""ic"":""3.63"",""id"":""HP:0000280"",""label"":""Coarse facial features""}],""undirected"":true}"
EDGE:CLX-SIM-MONDO:0009260-MONDO:0009262,MONDO:0009260,SHARES_CAUSAL_GENE,MONDO:0009262,inferred,CLX-SIMDIS,high,,Same causal gene and similar symptoms (subtypes of one condition).,,,,,,,,,,"A shared gene does not mean the same variants, severity or treatment response.","{""combined_score"":0.9724,""comparison_set"":""lysosomal storage"",""mechanism_score"":1.0,""method"":""disease_similarity_reactome_idf_jaccard_mondo_group_hpo_simgic_v0.4"",""phenotype_percentile"":0.9447,""phenotype_score"":0.2514,""relation_class"":""same_gene_similar_presentation"",""shared_genes"":[""GLB1""],""shared_mondo_class"":[{""id"":""MONDO:0002561"",""label"":""lysosomal storage disease""}],""shared_mondo_group"":[""MONDO:0018149""],""shared_pathways"":[{""id"":""R-HSA-2024101"",""label"":""CS/DS degradation""},{""id"":""R-HSA-4085001"",""label"":""Sialic acid metabolism""},{""id"":""R-HSA-2022857"",""label"":""Keratan sulfate degradation""},{""id"":""R-HSA-6798695"",""label"":""Neutrophil degranulation""},{""id"":""R-HSA-9840310"",""label"":""Glycosphingolipid catabolism""}],""shared_phenotypes"":[{""ic"":""6.17"",""id"":""HP:0010729"",""label"":""Cherry red spot of the macula""},{""ic"":""5.63"",""id"":""HP:0004568"",""label"":""Beaking of vertebral bodies""},{""ic"":""3.63"",""id"":""HP:0000280"",""label"":""Coarse facial features""},{""ic"":""2.95"",""id"":""HP:0001744"",""label"":""Splenomegaly""},{""ic"":""2.92"",""id"":""HP:0002808"",""label"":""Kyphosis""},{""ic"":""2.76"",""id"":""HP:0007369"",""label"":""Atrophy/Degeneration affecting the cerebrum""}],""undirected"":true}"
EDGE:CLX-SIM-MONDO:0008854-MONDO:0014432,MONDO:0008854,MECHANISM_NEIGHBOR,MONDO:0014432,inferred,CLX-SIMDIS,medium,,"Different genes in the same biological pathways, with an overlapping, distinctive symptom pattern.",,,,,,,,,,Pathway overlap is computed from Reactome membership of the causal genes. It suggests a shared biological process to investigate; it is not evidence that a therapy transfers.,"{""combined_score"":0.9583,""comparison_set"":""ciliopathies"",""mechanism_score"":1.0,""method"":""disease_similarity_reactome_idf_jaccard_mondo_group_hpo_simgic_v0.4"",""phenotype_percentile"":0.9167,""phenotype_score"":0.2543,""relation_class"":""mechanism_and_phenotype_neighbor"",""shared_genes"":[],""shared_mondo_class"":[{""id"":""MONDO:0005308"",""label"":""ciliopathy""}],""shared_mondo_group"":[""MONDO:0015229""],""shared_pathways"":[{""id"":""R-HSA-5620922"",""label"":""BBSome-mediated cargo-targeting to cilium""}],""shared_phenotypes"":[{""ic"":""5.88"",""id"":""HP:0007994"",""label"":""Peripheral visual field loss""},{""ic"":""5.19"",""id"":""HP:0001830"",""label"":""Postaxial foot polydactyly""},{""ic"":""4.40"",""id"":""HP:0001162"",""label"":""Postaxial hand polydactyly""},{""ic"":""4.31"",""id"":""HP:0000678"",""label"":""Dental crowding""},{""ic"":""4.03"",""id"":""HP:0000662"",""label"":""Nyctalopia""},{""ic"":""4.03"",""id"":""HP:0000510"",""label"":""Rod-cone dystrophy""}],""undirected"":true}"
EDGE:CLX-SIM-MONDO:0009266-MONDO:0009267,MONDO:0009266,SHARES_CAUSAL_GENE,MONDO:0009267,inferred,CLX-SIMDIS,high,,Same causal gene and similar symptoms (subtypes of one condition).,,,,,,,,,,"A shared gene does not mean the same variants, severity or treatment response.","{""combined_score"":0.9539,""comparison_set"":""lysosomal storage"",""mechanism_score"":1.0,""method"":""disease_similarity_reactome_idf_jaccard_mondo_group_hpo_simgic_v0.4"",""phenotype_percentile"":0.9079,""phenotype_score"":0.2173,""relation_class"":""same_gene_similar_presentation"",""shared_genes"":[""GBA1""],""shared_mondo_class"":[{""id"":""MONDO:0002561"",""label"":""lysosomal storage disease""}],""shared_mondo_group"":[],""shared_pathways"":[{""id"":""R-HSA-390471"",""label"":""Association of TriC/CCT with target proteins during biosynthesis""},{""id"":""R-HSA-9840310"",""label"":""Glycosphingolipid catabolism""}],""shared_phenotypes"":[{""ic"":""5.06"",""id"":""HP:0002344"",""label"":""Progressive neurologic deterioration""},{""ic"":""3.20"",""id"":""HP:0001873"",""label"":""Thrombocytopenia""},{""ic"":""2.95"",""id"":""HP:0001744"",""label"":""Splenomegaly""},{""ic"":""2.66"",""id"":""HP:0002240"",""label"":""Hepatomegaly""},{""ic"":""2.27"",""id"":""HP:0001257"",""label"":""Spasticity""},{""ic"":""2.25"",""id"":""HP:0033353"",""label"":""Abnormal blood vessel morphology""}],""undirected"":true}"
EDGE:CLX-SIM-MONDO:0009261-MONDO:0009262,MONDO:0009261,SHARES_CAUSAL_GENE,MONDO:0009262,inferred,CLX-SIMDIS,high,,Same causal gene and similar symptoms (subtypes of one condition).,,,,,,,,,,"A shared gene does not mean the same variants, severity or treatment response.","{""combined_score"":0.9382,""comparison_set"":""lysosomal storage"",""mechanism_score"":1.0,""method"":""disease_similarity_reactome_idf_jaccard_mondo_group_hpo_simgic_v0.4"",""phenotype_percentile"":0.8763,""phenotype_score"":0.1991,""relation_class"":""same_gene_similar_presentation"",""shared_genes"":[""GLB1""],""shared_mondo_class"":[{""id"":""MONDO:0002561"",""label"":""lysosomal storage disease""}],""shared_mondo_group"":[""MONDO:0018149""],""shared_pathways"":[{""id"":""R-HSA-2024101"",""label"":""CS/DS degradation""},{""id"":""R-HSA-4085001"",""label"":""Sialic acid metabolism""},{""id"":""R-HSA-2022857"",""label"":""Keratan sulfate degradation""},{""id"":""R-HSA-6798695"",""label"":""Neutrophil degranulation""},{""id"":""R-HSA-9840310"",""label"":""Glycosphingolipid catabolism""}],""shared_phenotypes"":[{""ic"":""5.63"",""id"":""HP:0004568"",""label"":""Beaking of vertebral bodies""},{""ic"":""3.99"",""id"":""HP:0000926"",""label"":""Platyspondyly""},{""ic"":""3.63"",""id"":""HP:0000280"",""label"":""Coarse facial features""},{""ic"":""2.95"",""id"":""HP:0001744"",""label"":""Splenomegaly""},{""ic"":""2.92"",""id"":""HP:0002808"",""label"":""Kyphosis""},{""ic"":""2.80"",""id"":""HP:0002059"",""label"":""Cerebral atrophy""}],""undirected"":true}"
EDGE:CLX-SIM-MONDO:0012432-MONDO:0012433,MONDO:0012432,SHARES_CAUSAL_GENE,MONDO:0012433,inferred,CLX-SIMDIS,high,,Same causal gene and similar symptoms (subtypes of one condition).,,,,,,,,,,"A shared gene does not mean the same variants, severity or treatment response.","{""combined_score"":0.9356,""comparison_set"":""ciliopathies"",""mechanism_score"":1.0,""method"":""disease_similarity_reactome_idf_jaccard_mondo_group_hpo_simgic_v0.4"",""phenotype_percentile"":0.8712,""phenotype_score"":0.196,""relation_class"":""same_gene_similar_presentation"",""shared_genes"":[""CEP290""],""shared_mondo_class"":[{""id"":""MONDO:0005308"",""label"":""ciliopathy""}],""shared_mondo_group"":[],""shared_pathways"":[{""id"":""R-HSA-6798695"",""label"":""Neutrophil degranulation""},{""id"":""R-HSA-2565942"",""label"":""Regulation of PLK1 Activity at G2/M Transition""},{""id"":""R-HSA-380259"",""label"":""Loss of Nlp from mitotic centrosomes""},{""id"":""R-HSA-380270"",""label"":""Recruitment of mitotic centrosome proteins and complexes""},{""id"":""R-HSA-380284"",""label"":""Loss of proteins required for interphase microtubule organization from the centrosome""},{""id"":""R-HSA-380320"",""label"":""Recruitment of NuMA to mitotic centrosomes""},{""id"":""R-HSA-8854518"",""label"":""AURKA Activation by TPX2""},{""id"":""R-HSA-5620912"",""label"":""Anchoring of the basal body to the plasma membrane""}],""shared_phenotypes"":[{""ic"":""4.26"",""id"":""HP:0003774"",""label"":""Stage 5 chronic kidney disease""},{""ic"":""4.03"",""id"":""HP:0000510"",""label"":""Rod-cone dystrophy""},{""ic"":""3.52"",""id"":""HP:0006817"",""label"":""Aplasia/Hypoplasia of the cerebellar vermis""},{""ic"":""2.91"",""id"":""HP:0007663"",""label"":""Reduced visual acuity""}],""undirected"":true}"
EDGE:CLX-SIM-MONDO:0010006-MONDO:0010100,MONDO:0010006,MECHANISM_NEIGHBOR,MONDO:0010100,inferred,CLX-SIMDIS,medium,,"Different genes in the same biological pathways, with an overlapping, distinctive symptom pattern.",,,,,,,,,,Pathway overlap is computed from Reactome membership of the causal genes. It suggests a shared biological process to investigate; it is not evidence that a therapy transfers.,"{""combined_score"":0.9063,""comparison_set"":""lysosomal storage"",""mechanism_score"":0.9101,""method"":""disease_similarity_reactome_idf_jaccard_mondo_group_hpo_simgic_v0.4"",""phenotype_percentile"":0.9026,""phenotype_score"":0.2118,""relation_class"":""mechanism_and_phenotype_neighbor"",""shared_genes"":[],""shared_mondo_class"":[{""id"":""MONDO:0002561"",""label"":""lysosomal storage disease""}],""shared_mondo_group"":[""MONDO:0017720""],""shared_pathways"":[{""id"":""R-HSA-2160916"",""label"":""Hyaluronan degradation""},{""id"":""R-HSA-2024101"",""label"":""CS/DS degradation""},{""id"":""R-HSA-2022857"",""label"":""Keratan sulfate degradation""},{""id"":""R-HSA-9840310"",""label"":""Glycosphingolipid catabolism""}],""shared_phenotypes"":[{""ic"":""6.17"",""id"":""HP:0010729"",""label"":""Cherry red spot of the macula""},{""ic"":""5.68"",""id"":""HP:0002267"",""label"":""Exaggerated startle response""},{""ic"":""4.15"",""id"":""HP:0000618"",""label"":""Blindness""},{""ic"":""3.28"",""id"":""HP:0001268"",""label"":""Mental deterioration""},{""ic"":""2.08"",""id"":""HP:0001324"",""label"":""Muscle weakness""},{""ic"":""2.01"",""id"":""HP:0001276"",""label"":""Hypertonia""}],""undirected"":true}"
EDGE:CLX-SIM-MONDO:0012432-MONDO:0012626,MONDO:0012432,SHARES_CAUSAL_GENE,MONDO:0012626,inferred,CLX-SIMDIS,high,,Same causal gene and similar symptoms (subtypes of one condition).,,,,,,,,,,"A shared gene does not mean the same variants, severity or treatment response.","{""combined_score"":0.8977,""comparison_set"":""ciliopathies"",""mechanism_score"":1.0,""method"":""disease_similarity_reactome_idf_jaccard_mondo_group_hpo_simgic_v0.4"",""phenotype_percentile"":0.7955,""phenotype_score"":0.1642,""relation_class"":""same_gene_similar_presentation"",""shared_genes"":[""CEP290""],""shared_mondo_class"":[{""id"":""MONDO:0005308"",""label"":""ciliopathy""}],""shared_mondo_group"":[],""shared_pathways"":[{""id"":""R-HSA-6798695"",""label"":""Neutrophil degranulation""},{""id"":""R-HSA-2565942"",""label"":""Regulation of PLK1 Activity at G2/M Transition""},{""id"":""R-HSA-380259"",""label"":""Loss of Nlp from mitotic centrosomes""},{""id"":""R-HSA-380270"",""label"":""Recruitment of mitotic centrosome proteins and complexes""},{""id"":""R-HSA-380284"",""label"":""Loss of proteins required for interphase microtubule organization from the centrosome""},{""id"":""R-HSA-380320"",""label"":""Recruitment of NuMA to mitotic centrosomes""},{""id"":""R-HSA-8854518"",""label"":""AURKA Activation by TPX2""},{""id"":""R-HSA-5620912"",""label"":""Anchoring of the basal body to the plasma membrane""}],""shared_phenotypes"":[{""ic"":""6.03"",""id"":""HP:0002335"",""label"":""Agenesis of cerebellar vermis""},{""ic"":""5.42"",""id"":""HP:0002419"",""label"":""Molar tooth sign on MRI""},{""ic"":""4.70"",""id"":""HP:0002084"",""label"":""Encephalocele""},{""ic"":""3.70"",""id"":""HP:0000107"",""label"":""Renal cyst""},{""ic"":""2.66"",""id"":""HP:0000175"",""label"":""Cleft palate""}],""undirected"":true}"
EDGE:CLX-SIM-MONDO:0008104-MONDO:0100082,MONDO:0008104,SHARES_CAUSAL_GENE,MONDO:0100082,inferred,CLX-SIMDIS,high,,Same causal gene and similar symptoms (subtypes of one condition).,,,,,,,,,,"A shared gene does not mean the same variants, severity or treatment response.","{""combined_score"":0.8955,""comparison_set"":""RASopathies"",""mechanism_score"":1.0,""method"":""disease_similarity_reactome_idf_jaccard_mondo_group_hpo_simgic_v0.4"",""phenotype_percentile"":0.7909,""phenotype_score"":0.2573,""relation_class"":""same_gene_similar_presentation"",""shared_genes"":[""PTPN11""],""shared_mondo_class"":[{""id"":""MONDO:0021060"",""label"":""RASopathy""}],""shared_mondo_group"":[],""shared_pathways"":[{""id"":""R-HSA-1059683"",""label"":""Interleukin-6 signaling""},{""id"":""R-HSA-109704"",""label"":""PI3K Cascade""},{""id"":""R-HSA-112411"",""label"":""MAPK1 (ERK2) activation""},{""id"":""R-HSA-114604"",""label"":""GPVI-mediated activation cascade""},{""id"":""R-HSA-1170546"",""label"":""Prolactin receptor signaling""},{""id"":""R-HSA-1257604"",""label"":""PIP3 activates AKT signaling""},{""id"":""R-HSA-180292"",""label"":""GAB1 signalosome""},{""id"":""R-HSA-210990"",""label"":""PECAM1 interactions""},{""id"":""R-HSA-2586552"",""label"":""Signaling by Leptin""},{""id"":""R-HSA-389513"",""label"":""Co-inhibition by CTLA4""},{""id"":""R-HSA-389948"",""label"":""Co-inhibition by PD-1""},{""id"":""R-HSA-391160"",""label"":""Signal regulatory protein family interactions""},{""id"":""R-HSA-418886"",""label"":""Netrin mediated repulsion signals""},{""id"":""R-HSA-432142"",""label"":""Platelet sensitization by LDL""},{""id"":""R-HSA-512988"",""label"":""Interleukin-3, Interleukin-5 and GM-CSF signaling""},{""id"":""R-HSA-5654689"",""label"":""PI-3K cascade:FGFR1""},{""id"":""R-HSA-5654695"",""label"":""PI-3K cascade:FGFR2""},{""id"":""R-HSA-5654710"",""label"":""PI-3K cascade:FGFR3""},{""id"":""R-HSA-5654720"",""label"":""PI-3K cascade:FGFR4""},{""id"":""R-HSA-5654726"",""label"":""Negative regulation of FGFR1 signaling""},{""id"":""R-HSA-5654727"",""label"":""Negative regulation of FGFR2 signaling""},{""id"":""R-HSA-5654732"",""label"":""Negative regulation of FGFR3 signaling""},{""id"":""R-HSA-5654733"",""label"":""Negative regulation of FGFR4 signaling""},{""id"":""R-HSA-6811558"",""label"":""PI5P, PP2A and IER3 Regulate PI3K/AKT Signaling""},{""id"":""R-HSA-877312"",""label"":""Regulation of IFNG signaling""},{""id"":""R-HSA-8854691"",""label"":""Interleukin-20 family signaling""},{""id"":""R-HSA-8865999"",""label"":""MET activates PTPN11""},{""id"":""R-HSA-8934593"",""label"":""Regulation of RUNX1 Expression and Activity""},{""id"":""R-HSA-9008059"",""label"":""Interleukin-37 signaling""},{""id"":""R-HSA-909733"",""label"":""Interferon alpha/beta signaling""},{""id"":""R-HSA-912694"",""label"":""Regulation of IFNA/IFNB signaling""},{""id"":""R-HSA-936964"",""label"":""Activation of IRF3, IRF7 mediated by TBK1, IKKε (IKBKE)""},{""id"":""R-HSA-9645135"",""label"":""STAT5 Activation""},{""id"":""R-HSA-9927353"",""label"":""Co-inhibition by BTLA""},{""id"":""R-HSA-110056"",""label"":""MAPK3 (ERK1) activation""},{""id"":""R-HSA-1295596"",""label"":""Spry regulation of FGF signaling""},{""id"":""R-HSA-8853659"",""label"":""RET signaling""},{""id"":""R-HSA-9674555"",""label"":""Signaling by CSF3 (G-CSF)""},{""id"":""R-HSA-9680350"",""label"":""Signaling by CSF1 (M-CSF) in myeloid cells""},{""id"":""R-HSA-1433557"",""label"":""Signaling by SCF-KIT""},{""id"":""R-HSA-186763"",""label"":""Downstream signal transduction""},{""id"":""R-HSA-210993"",""label"":""Tie2 Signaling""},{""id"":""R-HSA-5654693"",""label"":""FRS-mediated FGFR1 signaling""},{""id"":""R-HSA-5654700"",""label"":""FRS-mediated FGFR2 signaling""},{""id"":""R-HSA-5654706"",""label"":""FRS-mediated FGFR3 signaling""},{""id"":""R-HSA-5654712"",""label"":""FRS-mediated FGFR4 signaling""},{""id"":""R-HSA-9028731"",""label"":""Activated NTRK2 signals through FRS2 and FRS3""},{""id"":""R-HSA-9607240"",""label"":""FLT3 Signaling""}],""shared_phenotypes"":[{""ic"":""5.01"",""id"":""HP:0002967"",""label"":""Cubitus valgus""},{""ic"":""4.39"",""id"":""HP:0000465"",""label"":""Webbed neck""},{""ic"":""4.34"",""id"":""HP:0000957"",""label"":""Cafe-au-lait spot""},{""ic"":""4.17"",""id"":""HP:0001642"",""label"":""Pulmonic stenosis""},{""ic"":""3.99"",""id"":""HP:0000325"",""label"":""Triangular face""},{""ic"":""3.96"",""id"":""HP:0000768"",""label"":""Pectus carinatum""}],""undirected"":true}"
EDGE:CLX-SIM-MONDO:0014432-MONDO:0014438,MONDO:0014432,MECHANISM_NEIGHBOR,MONDO:0014438,inferred,CLX-SIMDIS,medium,,"Different genes in the same biological pathways, with an overlapping, distinctive symptom pattern.",,,,,,,,,,Pathway overlap is computed from Reactome membership of the causal genes. It suggests a shared biological process to investigate; it is not evidence that a therapy transfers.,"{""combined_score"":0.875,""comparison_set"":""ciliopathies"",""mechanism_score"":1.0,""method"":""disease_similarity_reactome_idf_jaccard_mondo_group_hpo_simgic_v0.4"",""phenotype_percentile"":0.75,""phenotype_score"":0.1538,""relation_class"":""mechanism_and_phenotype_neighbor"",""shared_genes"":[],""shared_mondo_class"":[{""id"":""MONDO:0005308"",""label"":""ciliopathy""}],""shared_mondo_group"":[""MONDO:0015229""],""shared_pathways"":[{""id"":""R-HSA-5620922"",""label"":""BBSome-mediated cargo-targeting to cilium""}],""shared_phenotypes"":[{""ic"":""4.03"",""id"":""HP:0000510"",""label"":""Rod-cone dystrophy""},{""ic"":""3.70"",""id"":""HP:0000107"",""label"":""Renal cyst""},{""ic"":""3.57"",""id"":""HP:0000135"",""label"":""Hypogonadism""},{""ic"":""3.46"",""id"":""HP:0001513"",""label"":""Obesity""},{""ic"":""3.38"",""id"":""HP:0010442"",""label"":""Polydactyly""},{""ic"":""3.19"",""id"":""HP:0000083"",""label"":""Renal insufficiency""}],""undirected"":true}"
EDGE:CLX-SIM-MONDO:0009262-MONDO:0009660,MONDO:0009262,SHARES_CAUSAL_GENE,MONDO:0009660,inferred,CLX-SIMDIS,high,,"Same causal gene, but a clearly different symptom pattern: one gene can cause different diseases.",,,,,,,,,,"A shared gene does not mean the same variants, severity or treatment response.","{""combined_score"":0.8566,""comparison_set"":""lysosomal storage"",""mechanism_score"":1.0,""method"":""disease_similarity_reactome_idf_jaccard_mondo_group_hpo_simgic_v0.4"",""phenotype_percentile"":0.7132,""phenotype_score"":0.1505,""relation_class"":""same_gene_different_presentation"",""shared_genes"":[""GLB1""],""shared_mondo_class"":[{""id"":""MONDO:0002561"",""label"":""lysosomal storage disease""}],""shared_mondo_group"":[],""shared_pathways"":[{""id"":""R-HSA-2024101"",""label"":""CS/DS degradation""},{""id"":""R-HSA-4085001"",""label"":""Sialic acid metabolism""},{""id"":""R-HSA-2022857"",""label"":""Keratan sulfate degradation""},{""id"":""R-HSA-6798695"",""label"":""Neutrophil degranulation""},{""id"":""R-HSA-9840310"",""label"":""Glycosphingolipid catabolism""}],""shared_phenotypes"":[{""ic"":""4.91"",""id"":""HP:0011867"",""label"":""Abnormal iliac wing morphology""},{""ic"":""4.63"",""id"":""HP:0007759"",""label"":""Opacification of the corneal stroma""},{""ic"":""3.99"",""id"":""HP:0000926"",""label"":""Platyspondyly""},{""ic"":""3.63"",""id"":""HP:0000280"",""label"":""Coarse facial features""},{""ic"":""2.95"",""id"":""HP:0011004"",""label"":""Abnormal systemic arterial morphology""},{""ic"":""2.92"",""id"":""HP:0002808"",""label"":""Kyphosis""}],""undirected"":true}"
EDGE:CLX-SIM-MONDO:0009260-MONDO:0009660,MONDO:0009260,SHARES_CAUSAL_GENE,MONDO:0009660,inferred,CLX-SIMDIS,high,,"Same causal gene, but a clearly different symptom pattern: one gene can cause different diseases.",,,,,,,,,,"A shared gene does not mean the same variants, severity or treatment response.","{""combined_score"":0.8539,""comparison_set"":""lysosomal storage"",""mechanism_score"":1.0,""method"":""disease_similarity_reactome_idf_jaccard_mondo_group_hpo_simgic_v0.4"",""phenotype_percentile"":0.7079,""phenotype_score"":0.1505,""relation_class"":""same_gene_different_presentation"",""shared_genes"":[""GLB1""],""shared_mondo_class"":[{""id"":""MONDO:0002561"",""label"":""lysosomal storage disease""}],""shared_mondo_group"":[],""shared_pathways"":[{""id"":""R-HSA-2024101"",""label"":""CS/DS degradation""},{""id"":""R-HSA-4085001"",""label"":""Sialic acid metabolism""},{""id"":""R-HSA-2022857"",""label"":""Keratan sulfate degradation""},{""id"":""R-HSA-6798695"",""label"":""Neutrophil degranulation""},{""id"":""R-HSA-9840310"",""label"":""Glycosphingolipid catabolism""}],""shared_phenotypes"":[{""ic"":""5.77"",""id"":""HP:0000943"",""label"":""Dysostosis multiplex""},{""ic"":""4.74"",""id"":""HP:0008518"",""label"":""Aplasia/Hypoplasia involving the vertebral column""},{""ic"":""4.03"",""id"":""HP:0001387"",""label"":""Joint stiffness""},{""ic"":""3.63"",""id"":""HP:0000280"",""label"":""Coarse facial features""},{""ic"":""3.39"",""id"":""HP:0000023"",""label"":""Inguinal hernia""},{""ic"":""3.31"",""id"":""HP:0000772"",""label"":""Abnormal rib morphology""}],""undirected"":true}"
EDGE:CLX-SIM-MONDO:0009026-MONDO:0012371,MONDO:0009026,MECHANISM_NEIGHBOR,MONDO:0012371,inferred,CLX-SIMDIS,medium,,"Different genes in the same biological pathways, with an overlapping, distinctive symptom pattern.",,,,,,,,,,Pathway overlap is computed from Reactome membership of the causal genes. It suggests a shared biological process to investigate; it is not evidence that a therapy transfers.,"{""combined_score"":0.851,""comparison_set"":""RASopathies"",""mechanism_score"":0.8384,""method"":""disease_similarity_reactome_idf_jaccard_mondo_group_hpo_simgic_v0.4"",""phenotype_percentile"":0.8636,""phenotype_score"":0.2912,""relation_class"":""mechanism_and_phenotype_neighbor"",""shared_genes"":[],""shared_mondo_class"":[{""id"":""MONDO:0021060"",""label"":""RASopathy""}],""shared_mondo_group"":[],""shared_pathways"":[{""id"":""R-HSA-1169092"",""label"":""Activation of RAS in B cells""},{""id"":""R-HSA-171007"",""label"":""p38MAPK events""},{""id"":""R-HSA-442982"",""label"":""Ras activation upon Ca2+ influx through NMDA receptor""},{""id"":""R-HSA-5218921"",""label"":""VEGFR2 mediated cell proliferation""},{""id"":""R-HSA-8849471"",""label"":""PTK6 Regulates RHO GTPases, RAS GTPase and MAP kinases""},{""id"":""R-HSA-9634635"",""label"":""Estrogen-stimulated signaling through PRKCZ""},{""id"":""R-HSA-9648002"",""label"":""RAS processing""},{""id"":""R-HSA-112412"",""label"":""SOS-mediated signalling""},{""id"":""R-HSA-1250196"",""label"":""SHC1 events in ERBB2 signaling""},{""id"":""R-HSA-1250347"",""label"":""SHC1 events in ERBB4 signaling""},{""id"":""R-HSA-167044"",""label"":""Signalling to RAS""},{""id"":""R-HSA-179812"",""label"":""GRB2 events in EGFR signaling""},{""id"":""R-HSA-180336"",""label"":""SHC1 events in EGFR signaling""},{""id"":""R-HSA-1963640"",""label"":""GRB2 events in ERBB2 signaling""},{""id"":""R-HSA-2179392"",""label"":""EGFR Transactivation by Gastrin""},{""id"":""R-HSA-2424491"",""label"":""DAP12 signaling""},{""id"":""R-HSA-2428933"",""label"":""SHC-related events triggered by IGF1R""},{""id"":""R-HSA-2871796"",""label"":""FCERI mediated MAPK activation""},{""id"":""R-HSA-375165"",""label"":""NCAM signaling for neurite out-growth""},{""id"":""R-HSA-5621575"",""label"":""CD209 (DC-SIGN) signaling""},{""id"":""R-HSA-5654688"",""label"":""SHC-mediated cascade:FGFR1""},{""id"":""R-HSA-5654699"",""label"":""SHC-mediated cascade:FGFR2""},{""id"":""R-HSA-5654704"",""label"":""SHC-mediated cascade:FGFR3""},{""id"":""R-HSA-5654719"",""label"":""SHC-mediated cascade:FGFR4""},{""id"":""R-HSA-5673001"",""label"":""RAF/MAP kinase cascade""},{""id"":""R-HSA-74751"",""label"":""Insulin receptor signalling cascade""},{""id"":""R-HSA-8851805"",""label"":""MET activates RAS signaling""},{""id"":""R-HSA-9026519"",""label"":""Activated NTRK2 signals through RAS""},{""id"":""R-HSA-9027284"",""label"":""Erythropoietin activates RAS""},{""id"":""R-HSA-9034864"",""label"":""Activated NTRK3 signals through RAS""},{""id"":""R-HSA-1433557"",""label"":""Signaling by SCF-KIT""},{""id"":""R-HSA-186763"",""label"":""Downstream signal transduction""},{""id"":""R-HSA-210993"",""label"":""Tie2 Signaling""},{""id"":""R-HSA-5654693"",""label"":""FRS-mediated FGFR1 signaling""},{""id"":""R-HSA-5654700"",""label"":""FRS-mediated FGFR2 signaling""},{""id"":""R-HSA-5654706"",""label"":""FRS-mediated FGFR3 signaling""},{""id"":""R-HSA-5654712"",""label"":""FRS-mediated FGFR4 signaling""},{""id"":""R-HSA-5658442"",""label"":""Regulation of RAS by GAPs""},{""id"":""R-HSA-5675221"",""label"":""Negative regulation of MAPK pathway""},{""id"":""R-HSA-9028731"",""label"":""Activated NTRK2 signals through FRS2 and FRS3""},{""id"":""R-HSA-9607240"",""label"":""FLT3 Signaling""},{""id"":""R-HSA-5673000"",""label"":""RAF activation""},{""id"":""R-HSA-5674135"",""label"":""MAP2K and MAPK activation""}],""shared_phenotypes"":[{""ic"":""6.20"",""id"":""HP:0001869"",""label"":""Deep plantar creases""},{""ic"":""5.70"",""id"":""HP:0006191"",""label"":""Deep palmar crease""},{""ic"":""5.27"",""id"":""HP:0007099"",""label"":""Chiari type I malformation""},{""ic"":""5.02"",""id"":""HP:0100625"",""label"":""Enlarged thorax""},{""ic"":""4.88"",""id"":""HP:0001582"",""label"":""Redundant skin""},{""ic"":""4.48"",""id"":""HP:0001634"",""label"":""Mitral valve prolapse""}],""undirected"":true}"
EDGE:CLX-SIM-MONDO:0009261-MONDO:0009660,MONDO:0009261,SHARES_CAUSAL_GENE,MONDO:0009660,inferred,CLX-SIMDIS,high,,"Same causal gene, but a clearly different symptom pattern: one gene can cause different diseases.",,,,,,,,,,"A shared gene does not mean the same variants, severity or treatment response.","{""combined_score"":0.8408,""comparison_set"":""lysosomal storage"",""mechanism_score"":1.0,""method"":""disease_similarity_reactome_idf_jaccard_mondo_group_hpo_simgic_v0.4"",""phenotype_percentile"":0.6816,""phenotype_score"":0.1451,""relation_class"":""same_gene_different_presentation"",""shared_genes"":[""GLB1""],""shared_mondo_class"":[{""id"":""MONDO:0002561"",""label"":""lysosomal storage disease""}],""shared_mondo_group"":[],""shared_pathways"":[{""id"":""R-HSA-2024101"",""label"":""CS/DS degradation""},{""id"":""R-HSA-4085001"",""label"":""Sialic acid metabolism""},{""id"":""R-HSA-2022857"",""label"":""Keratan sulfate degradation""},{""id"":""R-HSA-6798695"",""label"":""Neutrophil degranulation""},{""id"":""R-HSA-9840310"",""label"":""Glycosphingolipid catabolism""}],""shared_phenotypes"":[{""ic"":""5.77"",""id"":""HP:0000943"",""label"":""Dysostosis multiplex""},{""ic"":""4.74"",""id"":""HP:0008518"",""label"":""Aplasia/Hypoplasia involving the vertebral column""},{""ic"":""4.69"",""id"":""HP:0002673"",""label"":""Coxa valga""},{""ic"":""4.03"",""id"":""HP:0001387"",""label"":""Joint stiffness""},{""ic"":""3.99"",""id"":""HP:0000926"",""label"":""Platyspondyly""},{""ic"":""3.63"",""id"":""HP:0000280"",""label"":""Coarse facial features""}],""undirected"":true}"
EDGE:CLX-SIM-MONDO:0009265-MONDO:0009267,MONDO:0009265,SHARES_CAUSAL_GENE,MONDO:0009267,inferred,CLX-SIMDIS,high,,"Same causal gene, but a clearly different symptom pattern: one gene can cause different diseases.",,,,,,,,,,"A shared gene does not mean the same variants, severity or treatment response.","{""combined_score"":0.8145,""comparison_set"":""lysosomal storage"",""mechanism_score"":1.0,""method"":""disease_similarity_reactome_idf_jaccard_mondo_group_hpo_simgic_v0.4"",""phenotype_percentile"":0.6289,""phenotype_score"":0.1314,""relation_class"":""same_gene_different_presentation"",""shared_genes"":[""GBA1""],""shared_mondo_class"":[{""id"":""MONDO:0002561"",""label"":""lysosomal storage disease""}],""shared_mondo_group"":[],""shared_pathways"":[{""id"":""R-HSA-390471"",""label"":""Association of TriC/CCT with target proteins during biosynthesis""},{""id"":""R-HSA-9840310"",""label"":""Glycosphingolipid catabolism""}],""shared_phenotypes"":[{""ic"":""4.41"",""id"":""HP:0001876"",""label"":""Pancytopenia""},{""ic"":""3.20"",""id"":""HP:0001873"",""label"":""Thrombocytopenia""},{""ic"":""2.95"",""id"":""HP:0001744"",""label"":""Splenomegaly""},{""ic"":""2.66"",""id"":""HP:0002240"",""label"":""Hepatomegaly""}],""undirected"":true}"
EDGE:CLX-SIM-MONDO:0009265-MONDO:0009266,MONDO:0009265,SHARES_CAUSAL_GENE,MONDO:0009266,inferred,CLX-SIMDIS,high,,"Same causal gene, but a clearly different symptom pattern: one gene can cause different diseases.",,,,,,,,,,"A shared gene does not mean the same variants, severity or treatment response.","{""combined_score"":0.8013,""comparison_set"":""lysosomal storage"",""mechanism_score"":1.0,""method"":""disease_similarity_reactome_idf_jaccard_mondo_group_hpo_simgic_v0.4"",""phenotype_percentile"":0.6026,""phenotype_score"":0.1236,""relation_class"":""same_gene_different_presentation"",""shared_genes"":[""GBA1""],""shared_mondo_class"":[{""id"":""MONDO:0002561"",""label"":""lysosomal storage disease""}],""shared_mondo_group"":[],""shared_pathways"":[{""id"":""R-HSA-390471"",""label"":""Association of TriC/CCT with target proteins during biosynthesis""},{""id"":""R-HSA-9840310"",""label"":""Glycosphingolipid catabolism""}],""shared_phenotypes"":[{""ic"":""3.20"",""id"":""HP:0001873"",""label"":""Thrombocytopenia""},{""ic"":""2.95"",""id"":""HP:0001744"",""label"":""Splenomegaly""},{""ic"":""2.69"",""id"":""HP:0001903"",""label"":""Anemia""},{""ic"":""2.69"",""id"":""HP:0002793"",""label"":""Abnormal pattern of respiration""},{""ic"":""2.66"",""id"":""HP:0002240"",""label"":""Hepatomegaly""},{""ic"":""2.03"",""id"":""HP:0002088"",""label"":""Abnormal lung morphology""}],""undirected"":true}"
EDGE:CLX-SIM-MONDO:0008944-MONDO:0011963,MONDO:0008944,MECHANISM_NEIGHBOR,MONDO:0011963,inferred,CLX-SIMDIS,medium,,"Different genes in the same biological pathways, with an overlapping, distinctive symptom pattern.",,,,,,,,,,Pathway overlap is computed from Reactome membership of the causal genes. It suggests a shared biological process to investigate; it is not evidence that a therapy transfers.,"{""combined_score"":0.7962,""comparison_set"":""ciliopathies"",""mechanism_score"":0.6,""method"":""disease_similarity_reactome_idf_jaccard_mondo_group_hpo_simgic_v0.4"",""phenotype_percentile"":0.9924,""phenotype_score"":0.485,""relation_class"":""mechanism_and_phenotype_neighbor"",""shared_genes"":[],""shared_mondo_class"":[{""id"":""MONDO:0005308"",""label"":""ciliopathy""}],""shared_mondo_group"":[""MONDO:0018772""],""shared_pathways"":[],""shared_phenotypes"":[{""ic"":""8.08"",""id"":""HP:0100951"",""label"":""Enlarged fossa interpeduncularis""},{""ic"":""7.85"",""id"":""HP:0002790"",""label"":""Neonatal breathing dysregulation""},{""ic"":""7.67"",""id"":""HP:0002508"",""label"":""Brainstem dysplasia""},{""ic"":""7.27"",""id"":""HP:0002195"",""label"":""Dysgenesis of the cerebellar vermis""},{""ic"":""7.16"",""id"":""HP:0011933"",""label"":""Elongated superior cerebellar peduncle""},{""ic"":""6.82"",""id"":""HP:0002876"",""label"":""Episodic tachypnea""}],""undirected"":true}"
EDGE:CLX-SIM-MONDO:0012547-MONDO:0012690,MONDO:0012547,MECHANISM_NEIGHBOR,MONDO:0012690,inferred,CLX-SIMDIS,medium,,"Different genes in the same biological pathways, with an overlapping, distinctive symptom pattern.",,,,,,,,,,Pathway overlap is computed from Reactome membership of the causal genes. It suggests a shared biological process to investigate; it is not evidence that a therapy transfers.,"{""combined_score"":0.7955,""comparison_set"":""RASopathies"",""mechanism_score"":0.6,""method"":""disease_similarity_reactome_idf_jaccard_mondo_group_hpo_simgic_v0.4"",""phenotype_percentile"":0.9909,""phenotype_score"":0.431,""relation_class"":""mechanism_and_phenotype_neighbor"",""shared_genes"":[],""shared_mondo_class"":[{""id"":""MONDO:0021060"",""label"":""RASopathy""}],""shared_mondo_group"":[""MONDO:0018997""],""shared_pathways"":[],""shared_phenotypes"":[{""ic"":""5.61"",""id"":""HP:0032152"",""label"":""Keratosis pilaris""},{""ic"":""5.59"",""id"":""HP:0000391"",""label"":""Thickened helices""},{""ic"":""5.49"",""id"":""HP:0002212"",""label"":""Curly hair""},{""ic"":""5.30"",""id"":""HP:0001520"",""label"":""Large for gestational age""},{""ic"":""5.01"",""id"":""HP:0002967"",""label"":""Cubitus valgus""},{""ic"":""4.39"",""id"":""HP:0000465"",""label"":""Webbed neck""}],""undirected"":true}"
EDGE:CLX-SIM-MONDO:0011963-MONDO:0012432,MONDO:0011963,MECHANISM_NEIGHBOR,MONDO:0012432,inferred,CLX-SIMDIS,medium,,"Different genes in the same biological pathways, with an overlapping, distinctive symptom pattern.",,,,,,,,,,Pathway overlap is computed from Reactome membership of the causal genes. It suggests a shared biological process to investigate; it is not evidence that a therapy transfers.,"{""combined_score"":0.7886,""comparison_set"":""ciliopathies"",""mechanism_score"":0.6,""method"":""disease_similarity_reactome_idf_jaccard_mondo_group_hpo_simgic_v0.4"",""phenotype_percentile"":0.9773,""phenotype_score"":0.362,""relation_class"":""mechanism_and_phenotype_neighbor"",""shared_genes"":[],""shared_mondo_class"":[{""id"":""MONDO:0005308"",""label"":""ciliopathy""}],""shared_mondo_group"":[""MONDO:0018772""],""shared_pathways"":[{""id"":""R-HSA-5620912"",""label"":""Anchoring of the basal body to the plasma membrane""}],""shared_phenotypes"":[{""ic"":""8.08"",""id"":""HP:0002404"",""label"":""Thickened superior cerebellar peduncle""},{""ic"":""7.85"",""id"":""HP:0002790"",""label"":""Neonatal breathing dysregulation""},{""ic"":""6.82"",""id"":""HP:0002876"",""label"":""Episodic tachypnea""},{""ic"":""6.03"",""id"":""HP:0002335"",""label"":""Agenesis of cerebellar vermis""},{""ic"":""5.94"",""id"":""HP:0002871"",""label"":""Central apnea""},{""ic"":""5.63"",""id"":""HP:0000090"",""label"":""Nephronophthisis""}],""undirected"":true}"
EDGE:CLX-SIM-MONDO:0012690-MONDO:0013379,MONDO:0012690,MECHANISM_NEIGHBOR,MONDO:0013379,inferred,CLX-SIMDIS,medium,,"Different genes in the same biological pathways, with an overlapping, distinctive symptom pattern.",,,,,,,,,,Pathway overlap is computed from Reactome membership of the causal genes. It suggests a shared biological process to investigate; it is not evidence that a therapy transfers.,"{""combined_score"":0.7864,""comparison_set"":""RASopathies"",""mechanism_score"":0.6,""method"":""disease_similarity_reactome_idf_jaccard_mondo_group_hpo_simgic_v0.4"",""phenotype_percentile"":0.9727,""phenotype_score"":0.3714,""relation_class"":""mechanism_and_phenotype_neighbor"",""shared_genes"":[],""shared_mondo_class"":[{""id"":""MONDO:0021060"",""label"":""RASopathy""}],""shared_mondo_group"":[""MONDO:0018997""],""shared_pathways"":[{""id"":""R-HSA-5674499"",""label"":""Negative feedback regulation of MAPK pathway""},{""id"":""R-HSA-5675221"",""label"":""Negative regulation of MAPK pathway""},{""id"":""R-HSA-5673000"",""label"":""RAF activation""},{""id"":""R-HSA-5674135"",""label"":""MAP2K and MAPK activation""}],""shared_phenotypes"":[{""ic"":""5.59"",""id"":""HP:0000391"",""label"":""Thickened helices""},{""ic"":""5.49"",""id"":""HP:0002212"",""label"":""Curly hair""},{""ic"":""5.30"",""id"":""HP:0001520"",""label"":""Large for gestational age""},{""ic"":""5.01"",""id"":""HP:0002967"",""label"":""Cubitus valgus""},{""ic"":""4.39"",""id"":""HP:0000465"",""label"":""Webbed neck""},{""ic"":""4.19"",""id"":""HP:0003764"",""label"":""Nevus""}],""undirected"":true}"
EDGE:CLX-SIM-MONDO:0010099-MONDO:0010100,MONDO:0010099,MECHANISM_NEIGHBOR,MONDO:0010100,inferred,CLX-SIMDIS,medium,,"Different genes in the same biological pathways, with an overlapping, distinctive symptom pattern.",,,,,,,,,,Pathway overlap is computed from Reactome membership of the causal genes. It suggests a shared biological process to investigate; it is not evidence that a therapy transfers.,"{""combined_score"":0.7829,""comparison_set"":""lysosomal storage"",""mechanism_score"":0.6,""method"":""disease_similarity_reactome_idf_jaccard_mondo_group_hpo_simgic_v0.4"",""phenotype_percentile"":0.9658,""phenotype_score"":0.2798,""relation_class"":""mechanism_and_phenotype_neighbor"",""shared_genes"":[],""shared_mondo_class"":[{""id"":""MONDO:0002561"",""label"":""lysosomal storage disease""}],""shared_mondo_group"":[""MONDO:0017720""],""shared_pathways"":[{""id"":""R-HSA-9840310"",""label"":""Glycosphingolipid catabolism""}],""shared_phenotypes"":[{""ic"":""5.68"",""id"":""HP:0002267"",""label"":""Exaggerated startle response""},{""ic"":""5.66"",""id"":""HP:0002835"",""label"":""Aspiration""},{""ic"":""5.12"",""id"":""HP:0000741"",""label"":""Apathy""},{""ic"":""4.29"",""id"":""HP:0002421"",""label"":""Poor head control""},{""ic"":""4.15"",""id"":""HP:0000618"",""label"":""Blindness""},{""ic"":""3.87"",""id"":""HP:0000726"",""label"":""Dementia""}],""undirected"":true}"
EDGE:CLX-SIM-MONDO:0008944-MONDO:0012432,MONDO:0008944,MECHANISM_NEIGHBOR,MONDO:0012432,inferred,CLX-SIMDIS,medium,,"Different genes in the same biological pathways, with an overlapping, distinctive symptom pattern.",,,,,,,,,,Pathway overlap is computed from Reactome membership of the causal genes. It suggests a shared biological process to investigate; it is not evidence that a therapy transfers.,"{""combined_score"":0.7811,""comparison_set"":""ciliopathies"",""mechanism_score"":0.6,""method"":""disease_similarity_reactome_idf_jaccard_mondo_group_hpo_simgic_v0.4"",""phenotype_percentile"":0.9621,""phenotype_score"":0.2741,""relation_class"":""mechanism_and_phenotype_neighbor"",""shared_genes"":[],""shared_mondo_class"":[{""id"":""MONDO:0005308"",""label"":""ciliopathy""}],""shared_mondo_group"":[""MONDO:0018772""],""shared_pathways"":[],""shared_phenotypes"":[{""ic"":""7.85"",""id"":""HP:0002790"",""label"":""Neonatal breathing dysregulation""},{""ic"":""6.98"",""id"":""HP:0011932"",""label"":""Abnormal superior cerebellar peduncle morphology""},{""ic"":""6.82"",""id"":""HP:0002876"",""label"":""Episodic tachypnea""},{""ic"":""6.03"",""id"":""HP:0002335"",""label"":""Agenesis of cerebellar vermis""},{""ic"":""5.94"",""id"":""HP:0002871"",""label"":""Central apnea""},{""ic"":""5.42"",""id"":""HP:0002419"",""label"":""Molar tooth sign on MRI""}],""undirected"":true}"
EDGE:CLX-SIM-MONDO:0008104-MONDO:0012371,MONDO:0008104,MECHANISM_NEIGHBOR,MONDO:0012371,inferred,CLX-SIMDIS,medium,,"Different genes in the same biological pathways, with an overlapping, distinctive symptom pattern.",,,,,,,,,,Pathway overlap is computed from Reactome membership of the causal genes. It suggests a shared biological process to investigate; it is not evidence that a therapy transfers.,"{""combined_score"":0.7773,""comparison_set"":""RASopathies"",""mechanism_score"":0.6,""method"":""disease_similarity_reactome_idf_jaccard_mondo_group_hpo_simgic_v0.4"",""phenotype_percentile"":0.9545,""phenotype_score"":0.3457,""relation_class"":""mechanism_and_phenotype_neighbor"",""shared_genes"":[],""shared_mondo_class"":[{""id"":""MONDO:0021060"",""label"":""RASopathy""}],""shared_mondo_group"":[""MONDO:0018997""],""shared_pathways"":[{""id"":""R-HSA-9674555"",""label"":""Signaling by CSF3 (G-CSF)""},{""id"":""R-HSA-9680350"",""label"":""Signaling by CSF1 (M-CSF) in myeloid cells""},{""id"":""R-HSA-1433557"",""label"":""Signaling by SCF-KIT""},{""id"":""R-HSA-186763"",""label"":""Downstream signal transduction""},{""id"":""R-HSA-210993"",""label"":""Tie2 Signaling""},{""id"":""R-HSA-5654693"",""label"":""FRS-mediated FGFR1 signaling""},{""id"":""R-HSA-5654700"",""label"":""FRS-mediated FGFR2 signaling""},{""id"":""R-HSA-5654706"",""label"":""FRS-mediated FGFR3 signaling""},{""id"":""R-HSA-5654712"",""label"":""FRS-mediated FGFR4 signaling""},{""id"":""R-HSA-9028731"",""label"":""Activated NTRK2 signals through FRS2 and FRS3""},{""id"":""R-HSA-9607240"",""label"":""FLT3 Signaling""}],""shared_phenotypes"":[{""ic"":""7.67"",""id"":""HP:0012209"",""label"":""Juvenile myelomonocytic leukemia""},{""ic"":""6.17"",""id"":""HP:0000914"",""label"":""Shield chest""},{""ic"":""5.42"",""id"":""HP:0000476"",""label"":""Cystic hygroma""},{""ic"":""5.01"",""id"":""HP:0002967"",""label"":""Cubitus valgus""},{""ic"":""4.43"",""id"":""HP:0002162"",""label"":""Low posterior hairline""},{""ic"":""4.39"",""id"":""HP:0000465"",""label"":""Webbed neck""}],""undirected"":true}"
EDGE:CLX-SIM-MONDO:0008104-MONDO:0012547,MONDO:0008104,MECHANISM_NEIGHBOR,MONDO:0012547,inferred,CLX-SIMDIS,medium,,"Different genes in the same biological pathways, with an overlapping, distinctive symptom pattern.",,,,,,,,,,Pathway overlap is computed from Reactome membership of the causal genes. It suggests a shared biological process to investigate; it is not evidence that a therapy transfers.,"{""combined_score"":0.7682,""comparison_set"":""RASopathies"",""mechanism_score"":0.6,""method"":""disease_similarity_reactome_idf_jaccard_mondo_group_hpo_simgic_v0.4"",""phenotype_percentile"":0.9364,""phenotype_score"":0.342,""relation_class"":""mechanism_and_phenotype_neighbor"",""shared_genes"":[],""shared_mondo_class"":[{""id"":""MONDO:0021060"",""label"":""RASopathy""}],""shared_mondo_group"":[""MONDO:0018997""],""shared_pathways"":[{""id"":""R-HSA-8853659"",""label"":""RET signaling""},{""id"":""R-HSA-9680350"",""label"":""Signaling by CSF1 (M-CSF) in myeloid cells""},{""id"":""R-HSA-1433557"",""label"":""Signaling by SCF-KIT""},{""id"":""R-HSA-186763"",""label"":""Downstream signal transduction""},{""id"":""R-HSA-210993"",""label"":""Tie2 Signaling""},{""id"":""R-HSA-5654693"",""label"":""FRS-mediated FGFR1 signaling""},{""id"":""R-HSA-5654700"",""label"":""FRS-mediated FGFR2 signaling""},{""id"":""R-HSA-5654706"",""label"":""FRS-mediated FGFR3 signaling""},{""id"":""R-HSA-5654712"",""label"":""FRS-mediated FGFR4 signaling""},{""id"":""R-HSA-9028731"",""label"":""Activated NTRK2 signals through FRS2 and FRS3""},{""id"":""R-HSA-9607240"",""label"":""FLT3 Signaling""}],""shared_phenotypes"":[{""ic"":""7.85"",""id"":""HP:0000915"",""label"":""Pectus excavatum of inferior sternum""},{""ic"":""5.24"",""id"":""HP:0010989"",""label"":""Abnormality of the intrinsic pathway""},{""ic"":""5.01"",""id"":""HP:0002967"",""label"":""Cubitus valgus""},{""ic"":""4.39"",""id"":""HP:0000465"",""label"":""Webbed neck""},{""ic"":""4.37"",""id"":""HP:0006610"",""label"":""Wide intermamillary distance""},{""ic"":""4.34"",""id"":""HP:0000689"",""label"":""Dental malocclusion""}],""undirected"":true}"
EDGE:CLX-SIM-MONDO:0009571-MONDO:0012626,MONDO:0009571,MECHANISM_NEIGHBOR,MONDO:0012626,inferred,CLX-SIMDIS,medium,,"Different genes in the same biological pathways, with an overlapping, distinctive symptom pattern.",,,,,,,,,,Pathway overlap is computed from Reactome membership of the causal genes. It suggests a shared biological process to investigate; it is not evidence that a therapy transfers.,"{""combined_score"":0.7659,""comparison_set"":""ciliopathies"",""mechanism_score"":0.6,""method"":""disease_similarity_reactome_idf_jaccard_mondo_group_hpo_simgic_v0.4"",""phenotype_percentile"":0.9318,""phenotype_score"":0.2543,""relation_class"":""mechanism_and_phenotype_neighbor"",""shared_genes"":[],""shared_mondo_class"":[{""id"":""MONDO:0005308"",""label"":""ciliopathy""}],""shared_mondo_group"":[""MONDO:0018921""],""shared_pathways"":[{""id"":""R-HSA-5620912"",""label"":""Anchoring of the basal body to the plasma membrane""}],""shared_phenotypes"":[{""ic"":""6.06"",""id"":""HP:0001408"",""label"":""Bile duct proliferation""},{""ic"":""5.66"",""id"":""HP:0002323"",""label"":""Anencephaly""},{""ic"":""5.42"",""id"":""HP:0002419"",""label"":""Molar tooth sign on MRI""},{""ic"":""4.70"",""id"":""HP:0002084"",""label"":""Encephalocele""},{""ic"":""4.43"",""id"":""HP:0001305"",""label"":""Dandy-Walker malformation""},{""ic"":""4.40"",""id"":""HP:0001162"",""label"":""Postaxial hand polydactyly""}],""undirected"":true}"
EDGE:CLX-SIM-MONDO:0012371-MONDO:0012547,MONDO:0012371,MECHANISM_NEIGHBOR,MONDO:0012547,inferred,CLX-SIMDIS,medium,,"Different genes in the same biological pathways, with an overlapping, distinctive symptom pattern.",,,,,,,,,,Pathway overlap is computed from Reactome membership of the causal genes. It suggests a shared biological process to investigate; it is not evidence that a therapy transfers.,"{""combined_score"":0.7591,""comparison_set"":""RASopathies"",""mechanism_score"":0.6,""method"":""disease_similarity_reactome_idf_jaccard_mondo_group_hpo_simgic_v0.4"",""phenotype_percentile"":0.9182,""phenotype_score"":0.3367,""relation_class"":""mechanism_and_phenotype_neighbor"",""shared_genes"":[],""shared_mondo_class"":[{""id"":""MONDO:0021060"",""label"":""RASopathy""}],""shared_mondo_group"":[""MONDO:0018997""],""shared_pathways"":[{""id"":""R-HSA-112412"",""label"":""SOS-mediated signalling""},{""id"":""R-HSA-1250196"",""label"":""SHC1 events in ERBB2 signaling""},{""id"":""R-HSA-1250347"",""label"":""SHC1 events in ERBB4 signaling""},{""id"":""R-HSA-167044"",""label"":""Signalling to RAS""},{""id"":""R-HSA-179812"",""label"":""GRB2 events in EGFR signaling""},{""id"":""R-HSA-180336"",""label"":""SHC1 events in EGFR signaling""},{""id"":""R-HSA-1963640"",""label"":""GRB2 events in ERBB2 signaling""},{""id"":""R-HSA-2179392"",""label"":""EGFR Transactivation by Gastrin""},{""id"":""R-HSA-2424491"",""label"":""DAP12 signaling""},{""id"":""R-HSA-2428933"",""label"":""SHC-related events triggered by IGF1R""},{""id"":""R-HSA-2871796"",""label"":""FCERI mediated MAPK activation""},{""id"":""R-HSA-375165"",""label"":""NCAM signaling for neurite out-growth""},{""id"":""R-HSA-5654688"",""label"":""SHC-mediated cascade:FGFR1""},{""id"":""R-HSA-5654699"",""label"":""SHC-mediated cascade:FGFR2""},{""id"":""R-HSA-5654704"",""label"":""SHC-mediated cascade:FGFR3""},{""id"":""R-HSA-5654719"",""label"":""SHC-mediated cascade:FGFR4""},{""id"":""R-HSA-5673001"",""label"":""RAF/MAP kinase cascade""},{""id"":""R-HSA-74751"",""label"":""Insulin receptor signalling cascade""},{""id"":""R-HSA-8851805"",""label"":""MET activates RAS signaling""},{""id"":""R-HSA-9026519"",""label"":""Activated NTRK2 signals through RAS""},{""id"":""R-HSA-9027284"",""label"":""Erythropoietin activates RAS""},{""id"":""R-HSA-9034864"",""label"":""Activated NTRK3 signals through RAS""},{""id"":""R-HSA-9680350"",""label"":""Signaling by CSF1 (M-CSF) in myeloid cells""},{""id"":""R-HSA-1433557"",""label"":""Signaling by SCF-KIT""},{""id"":""R-HSA-186763"",""label"":""Downstream signal transduction""},{""id"":""R-HSA-210993"",""label"":""Tie2 Signaling""},{""id"":""R-HSA-5654693"",""label"":""FRS-mediated FGFR1 signaling""},{""id"":""R-HSA-5654700"",""label"":""FRS-mediated FGFR2 signaling""},{""id"":""R-HSA-5654706"",""label"":""FRS-mediated FGFR3 signaling""},{""id"":""R-HSA-5654712"",""label"":""FRS-mediated FGFR4 signaling""},{""id"":""R-HSA-9028731"",""label"":""Activated NTRK2 signals through FRS2 and FRS3""},{""id"":""R-HSA-9607240"",""label"":""FLT3 Signaling""}],""shared_phenotypes"":[{""ic"":""5.59"",""id"":""HP:0000391"",""label"":""Thickened helices""},{""ic"":""5.01"",""id"":""HP:0002967"",""label"":""Cubitus valgus""},{""ic"":""4.39"",""id"":""HP:0000465"",""label"":""Webbed neck""},{""ic"":""4.37"",""id"":""HP:0006610"",""label"":""Wide intermamillary distance""},{""ic"":""4.22"",""id"":""HP:0000978"",""label"":""Bruising susceptibility""},{""ic"":""4.17"",""id"":""HP:0001642"",""label"":""Pulmonic stenosis""}],""undirected"":true}"
EDGE:CLX-SIM-MONDO:0012547-MONDO:0013379,MONDO:0012547,MECHANISM_NEIGHBOR,MONDO:0013379,inferred,CLX-SIMDIS,medium,,"Different genes in the same biological pathways, with an overlapping, distinctive symptom pattern.",,,,,,,,,,Pathway overlap is computed from Reactome membership of the causal genes. It suggests a shared biological process to investigate; it is not evidence that a therapy transfers.,"{""combined_score"":0.75,""comparison_set"":""RASopathies"",""mechanism_score"":0.6,""method"":""disease_similarity_reactome_idf_jaccard_mondo_group_hpo_simgic_v0.4"",""phenotype_percentile"":0.9,""phenotype_score"":0.3233,""relation_class"":""mechanism_and_phenotype_neighbor"",""shared_genes"":[],""shared_mondo_class"":[{""id"":""MONDO:0021060"",""label"":""RASopathy""}],""shared_mondo_group"":[""MONDO:0018997""],""shared_pathways"":[],""shared_phenotypes"":[{""ic"":""5.59"",""id"":""HP:0000391"",""label"":""Thickened helices""},{""ic"":""5.49"",""id"":""HP:0002212"",""label"":""Curly hair""},{""ic"":""5.30"",""id"":""HP:0001520"",""label"":""Large for gestational age""},{""ic"":""5.01"",""id"":""HP:0002967"",""label"":""Cubitus valgus""},{""ic"":""4.39"",""id"":""HP:0000465"",""label"":""Webbed neck""},{""ic"":""4.17"",""id"":""HP:0001642"",""label"":""Pulmonic stenosis""}],""undirected"":true}"
EDGE:CLX-SIM-MONDO:0012371-MONDO:0013379,MONDO:0012371,MECHANISM_NEIGHBOR,MONDO:0013379,inferred,CLX-SIMDIS,medium,,"Different genes in the same biological pathways, with an overlapping, distinctive symptom pattern.",,,,,,,,,,Pathway overlap is computed from Reactome membership of the causal genes. It suggests a shared biological process to investigate; it is not evidence that a therapy transfers.,"{""combined_score"":0.7409,""comparison_set"":""RASopathies"",""mechanism_score"":0.6,""method"":""disease_similarity_reactome_idf_jaccard_mondo_group_hpo_simgic_v0.4"",""phenotype_percentile"":0.8818,""phenotype_score"":0.3203,""relation_class"":""mechanism_and_phenotype_neighbor"",""shared_genes"":[],""shared_mondo_class"":[{""id"":""MONDO:0021060"",""label"":""RASopathy""}],""shared_mondo_group"":[""MONDO:0018997""],""shared_pathways"":[{""id"":""R-HSA-5675221"",""label"":""Negative regulation of MAPK pathway""},{""id"":""R-HSA-5673000"",""label"":""RAF activation""},{""id"":""R-HSA-5674135"",""label"":""MAP2K and MAPK activation""}],""shared_phenotypes"":[{""ic"":""6.17"",""id"":""HP:0000914"",""label"":""Shield chest""},{""ic"":""5.70"",""id"":""HP:0006191"",""label"":""Deep palmar crease""},{""ic"":""5.59"",""id"":""HP:0000391"",""label"":""Thickened helices""},{""ic"":""5.01"",""id"":""HP:0002967"",""label"":""Cubitus valgus""},{""ic"":""4.43"",""id"":""HP:0002162"",""label"":""Low posterior hairline""},{""ic"":""4.39"",""id"":""HP:0000465"",""label"":""Webbed neck""}],""undirected"":true}"
EDGE:CLX-SIM-MONDO:0009262-MONDO:0009738,MONDO:0009262,MECHANISM_NEIGHBOR,MONDO:0009738,inferred,CLX-SIMDIS,medium,,"Different genes in the same biological pathways, with an overlapping, distinctive symptom pattern.",,,,,,,,,,Pathway overlap is computed from Reactome membership of the causal genes. It suggests a shared biological process to investigate; it is not evidence that a therapy transfers.,"{""combined_score"":0.7182,""comparison_set"":""lysosomal storage"",""mechanism_score"":0.4443,""method"":""disease_similarity_reactome_idf_jaccard_mondo_group_hpo_simgic_v0.4"",""phenotype_percentile"":0.9921,""phenotype_score"":0.3226,""relation_class"":""mechanism_and_phenotype_neighbor"",""shared_genes"":[],""shared_mondo_class"":[{""id"":""MONDO:0002561"",""label"":""lysosomal storage disease""}],""shared_mondo_group"":[],""shared_pathways"":[{""id"":""R-HSA-4085001"",""label"":""Sialic acid metabolism""},{""id"":""R-HSA-6798695"",""label"":""Neutrophil degranulation""},{""id"":""R-HSA-9840310"",""label"":""Glycosphingolipid catabolism""}],""shared_phenotypes"":[{""ic"":""6.33"",""id"":""HP:0003651"",""label"":""Foam cells""},{""ic"":""6.17"",""id"":""HP:0010729"",""label"":""Cherry red spot of the macula""},{""ic"":""5.23"",""id"":""HP:0001350"",""label"":""Slurred speech""},{""ic"":""3.63"",""id"":""HP:0000280"",""label"":""Coarse facial features""},{""ic"":""3.46"",""id"":""HP:0001336"",""label"":""Myoclonus""},{""ic"":""2.95"",""id"":""HP:0001744"",""label"":""Splenomegaly""}],""undirected"":true}"
EDGE:CLX-SIM-MONDO:0009262-MONDO:0010006,MONDO:0009262,MECHANISM_NEIGHBOR,MONDO:0010006,inferred,CLX-SIMDIS,medium,,"Different genes in the same biological pathways, with an overlapping, distinctive symptom pattern.",,,,,,,,,,Pathway overlap is computed from Reactome membership of the causal genes. It suggests a shared biological process to investigate; it is not evidence that a therapy transfers.,"{""combined_score"":0.7106,""comparison_set"":""lysosomal storage"",""mechanism_score"":0.5028,""method"":""disease_similarity_reactome_idf_jaccard_mondo_group_hpo_simgic_v0.4"",""phenotype_percentile"":0.9184,""phenotype_score"":0.2177,""relation_class"":""mechanism_and_phenotype_neighbor"",""shared_genes"":[],""shared_mondo_class"":[{""id"":""MONDO:0002561"",""label"":""lysosomal storage disease""}],""shared_mondo_group"":[],""shared_pathways"":[{""id"":""R-HSA-2024101"",""label"":""CS/DS degradation""},{""id"":""R-HSA-2022857"",""label"":""Keratan sulfate degradation""},{""id"":""R-HSA-6798695"",""label"":""Neutrophil degranulation""},{""id"":""R-HSA-9840310"",""label"":""Glycosphingolipid catabolism""}],""shared_phenotypes"":[{""ic"":""6.17"",""id"":""HP:0010729"",""label"":""Cherry red spot of the macula""},{""ic"":""3.63"",""id"":""HP:0000280"",""label"":""Coarse facial features""},{""ic"":""2.95"",""id"":""HP:0001744"",""label"":""Splenomegaly""},{""ic"":""2.76"",""id"":""HP:0001260"",""label"":""Dysarthria""},{""ic"":""2.71"",""id"":""HP:0003202"",""label"":""Skeletal muscle atrophy""},{""ic"":""2.66"",""id"":""HP:0002240"",""label"":""Hepatomegaly""}],""undirected"":true}"
EDGE:CLX-SIM-MONDO:0008854-MONDO:0014438,MONDO:0008854,MECHANISM_NEIGHBOR,MONDO:0014438,inferred,CLX-SIMDIS,low,,"Different genes in the same pathways, but the symptom patterns differ.",,,,,,,,,,Pathway overlap is computed from Reactome membership of the causal genes. It suggests a shared biological process to investigate; it is not evidence that a therapy transfers.,"{""combined_score"":0.7083,""comparison_set"":""ciliopathies"",""mechanism_score"":1.0,""method"":""disease_similarity_reactome_idf_jaccard_mondo_group_hpo_simgic_v0.4"",""phenotype_percentile"":0.4167,""phenotype_score"":0.0938,""relation_class"":""mechanism_neighbor_different_presentation"",""shared_genes"":[],""shared_mondo_class"":[{""id"":""MONDO:0005308"",""label"":""ciliopathy""}],""shared_mondo_group"":[""MONDO:0015229""],""shared_pathways"":[{""id"":""R-HSA-5620922"",""label"":""BBSome-mediated cargo-targeting to cilium""}],""shared_phenotypes"":[{""ic"":""4.03"",""id"":""HP:0000510"",""label"":""Rod-cone dystrophy""},{""ic"":""3.57"",""id"":""HP:0000135"",""label"":""Hypogonadism""},{""ic"":""3.46"",""id"":""HP:0001513"",""label"":""Obesity""},{""ic"":""3.38"",""id"":""HP:0010442"",""label"":""Polydactyly""}],""undirected"":true}"
EDGE:CLX-SIM-MONDO:0009260-MONDO:0009738,MONDO:0009260,MECHANISM_NEIGHBOR,MONDO:0009738,inferred,CLX-SIMDIS,medium,,"Different genes in the same biological pathways, with an overlapping, distinctive symptom pattern.",,,,,,,,,,Pathway overlap is computed from Reactome membership of the causal genes. It suggests a shared biological process to investigate; it is not evidence that a therapy transfers.,"{""combined_score"":0.7077,""comparison_set"":""lysosomal storage"",""mechanism_score"":0.4443,""method"":""disease_similarity_reactome_idf_jaccard_mondo_group_hpo_simgic_v0.4"",""phenotype_percentile"":0.9711,""phenotype_score"":0.2874,""relation_class"":""mechanism_and_phenotype_neighbor"",""shared_genes"":[],""shared_mondo_class"":[{""id"":""MONDO:0002561"",""label"":""lysosomal storage disease""}],""shared_mondo_group"":[],""shared_pathways"":[{""id"":""R-HSA-4085001"",""label"":""Sialic acid metabolism""},{""id"":""R-HSA-6798695"",""label"":""Neutrophil degranulation""},{""id"":""R-HSA-9840310"",""label"":""Glycosphingolipid catabolism""}],""shared_phenotypes"":[{""ic"":""6.82"",""id"":""HP:0001922"",""label"":""Vacuolated lymphocytes""},{""ic"":""6.17"",""id"":""HP:0010729"",""label"":""Cherry red spot of the macula""},{""ic"":""5.77"",""id"":""HP:0000943"",""label"":""Dysostosis multiplex""},{""ic"":""3.63"",""id"":""HP:0000280"",""label"":""Coarse facial features""},{""ic"":""3.39"",""id"":""HP:0000023"",""label"":""Inguinal hernia""},{""ic"":""2.96"",""id"":""HP:0001638"",""label"":""Cardiomyopathy""}],""undirected"":true}"
EDGE:CLX-SIM-MONDO:0012371-MONDO:0012690,MONDO:0012371,MECHANISM_NEIGHBOR,MONDO:0012690,inferred,CLX-SIMDIS,medium,,"Different genes in the same biological pathways, with an overlapping, distinctive symptom pattern.",,,,,,,,,,Pathway overlap is computed from Reactome membership of the causal genes. It suggests a shared biological process to investigate; it is not evidence that a therapy transfers.,"{""combined_score"":0.7045,""comparison_set"":""RASopathies"",""mechanism_score"":0.6,""method"":""disease_similarity_reactome_idf_jaccard_mondo_group_hpo_simgic_v0.4"",""phenotype_percentile"":0.8091,""phenotype_score"":0.2727,""relation_class"":""mechanism_and_phenotype_neighbor"",""shared_genes"":[],""shared_mondo_class"":[{""id"":""MONDO:0021060"",""label"":""RASopathy""}],""shared_mondo_group"":[""MONDO:0018997""],""shared_pathways"":[{""id"":""R-HSA-5621575"",""label"":""CD209 (DC-SIGN) signaling""},{""id"":""R-HSA-5675221"",""label"":""Negative regulation of MAPK pathway""},{""id"":""R-HSA-5673000"",""label"":""RAF activation""},{""id"":""R-HSA-5674135"",""label"":""MAP2K and MAPK activation""}],""shared_phenotypes"":[{""ic"":""5.59"",""id"":""HP:0000391"",""label"":""Thickened helices""},{""ic"":""5.01"",""id"":""HP:0002967"",""label"":""Cubitus valgus""},{""ic"":""4.39"",""id"":""HP:0000465"",""label"":""Webbed neck""},{""ic"":""4.17"",""id"":""HP:0001642"",""label"":""Pulmonic stenosis""},{""ic"":""3.92"",""id"":""HP:0001639"",""label"":""Hypertrophic cardiomyopathy""},{""ic"":""3.91"",""id"":""HP:0045075"",""label"":""Sparse eyebrow""}],""undirected"":true}"
EDGE:CLX-SIM-MONDO:0012433-MONDO:0012626,MONDO:0012433,SHARES_CAUSAL_GENE,MONDO:0012626,inferred,CLX-SIMDIS,high,,"Same causal gene, but a clearly different symptom pattern: one gene can cause different diseases.",,,,,,,,,,"A shared gene does not mean the same variants, severity or treatment response.","{""combined_score"":0.6856,""comparison_set"":""ciliopathies"",""mechanism_score"":1.0,""method"":""disease_similarity_reactome_idf_jaccard_mondo_group_hpo_simgic_v0.4"",""phenotype_percentile"":0.3712,""phenotype_score"":0.0841,""relation_class"":""same_gene_different_presentation"",""shared_genes"":[""CEP290""],""shared_mondo_class"":[{""id"":""MONDO:0005308"",""label"":""ciliopathy""}],""shared_mondo_group"":[],""shared_pathways"":[{""id"":""R-HSA-6798695"",""label"":""Neutrophil degranulation""},{""id"":""R-HSA-2565942"",""label"":""Regulation of PLK1 Activity at G2/M Transition""},{""id"":""R-HSA-380259"",""label"":""Loss of Nlp from mitotic centrosomes""},{""id"":""R-HSA-380270"",""label"":""Recruitment of mitotic centrosome proteins and complexes""},{""id"":""R-HSA-380284"",""label"":""Loss of proteins required for interphase microtubule organization from the centrosome""},{""id"":""R-HSA-380320"",""label"":""Recruitment of NuMA to mitotic centrosomes""},{""id"":""R-HSA-8854518"",""label"":""AURKA Activation by TPX2""},{""id"":""R-HSA-5620912"",""label"":""Anchoring of the basal body to the plasma membrane""}],""shared_phenotypes"":[{""ic"":""3.52"",""id"":""HP:0006817"",""label"":""Aplasia/Hypoplasia of the cerebellar vermis""}],""undirected"":true}"
EDGE:CLX-SIM-MONDO:0008104-MONDO:0012690,MONDO:0008104,MECHANISM_NEIGHBOR,MONDO:0012690,inferred,CLX-SIMDIS,medium,,"Different genes in the same biological pathways, with an overlapping, distinctive symptom pattern.",,,,,,,,,,Pathway overlap is computed from Reactome membership of the causal genes. It suggests a shared biological process to investigate; it is not evidence that a therapy transfers.,"{""combined_score"":0.6773,""comparison_set"":""RASopathies"",""mechanism_score"":0.6,""method"":""disease_similarity_reactome_idf_jaccard_mondo_group_hpo_simgic_v0.4"",""phenotype_percentile"":0.7545,""phenotype_score"":0.2544,""relation_class"":""mechanism_and_phenotype_neighbor"",""shared_genes"":[],""shared_mondo_class"":[{""id"":""MONDO:0021060"",""label"":""RASopathy""}],""shared_mondo_group"":[""MONDO:0018997""],""shared_pathways"":[],""shared_phenotypes"":[{""ic"":""5.01"",""id"":""HP:0002967"",""label"":""Cubitus valgus""},{""ic"":""4.39"",""id"":""HP:0000465"",""label"":""Webbed neck""},{""ic"":""4.34"",""id"":""HP:0000957"",""label"":""Cafe-au-lait spot""},{""ic"":""4.17"",""id"":""HP:0001642"",""label"":""Pulmonic stenosis""},{""ic"":""4.08"",""id"":""HP:0000958"",""label"":""Dry skin""},{""ic"":""3.92"",""id"":""HP:0001639"",""label"":""Hypertrophic cardiomyopathy""}],""undirected"":true}"
EDGE:CLX-SIM-MONDO:0009659-MONDO:0009660,MONDO:0009659,MECHANISM_NEIGHBOR,MONDO:0009660,inferred,CLX-SIMDIS,medium,,"Different genes in the same biological pathways, with an overlapping, distinctive symptom pattern.",,,,,,,,,,Pathway overlap is computed from Reactome membership of the causal genes. It suggests a shared biological process to investigate; it is not evidence that a therapy transfers.,"{""combined_score"":0.6724,""comparison_set"":""lysosomal storage"",""mechanism_score"":0.3474,""method"":""disease_similarity_reactome_idf_jaccard_mondo_group_hpo_simgic_v0.4"",""phenotype_percentile"":0.9974,""phenotype_score"":0.6621,""relation_class"":""mechanism_and_phenotype_neighbor"",""shared_genes"":[],""shared_mondo_class"":[{""id"":""MONDO:0002561"",""label"":""lysosomal storage disease""}],""shared_mondo_group"":[],""shared_pathways"":[{""id"":""R-HSA-2022857"",""label"":""Keratan sulfate degradation""},{""id"":""R-HSA-6798695"",""label"":""Neutrophil degranulation""}],""shared_phenotypes"":[{""ic"":""8.77"",""id"":""HP:0001223"",""label"":""Pointed proximal second through fifth metacarpals""},{""ic"":""8.77"",""id"":""HP:0003277"",""label"":""Constricted iliac wing""},{""ic"":""8.36"",""id"":""HP:0003053"",""label"":""Epiphyseal deformities of tubular bones""},{""ic"":""7.85"",""id"":""HP:0000683"",""label"":""Grayish enamel""},{""ic"":""6.98"",""id"":""HP:0000904"",""label"":""Flaring of rib cage""},{""ic"":""6.98"",""id"":""HP:0002318"",""label"":""Cervical myelopathy""}],""undirected"":true}"
EDGE:CLX-SIM-MONDO:0008104-MONDO:0013379,MONDO:0008104,MECHANISM_NEIGHBOR,MONDO:0013379,inferred,CLX-SIMDIS,low,,"Different genes in the same pathways, but the symptom patterns differ.",,,,,,,,,,Pathway overlap is computed from Reactome membership of the causal genes. It suggests a shared biological process to investigate; it is not evidence that a therapy transfers.,"{""combined_score"":0.6682,""comparison_set"":""RASopathies"",""mechanism_score"":0.6,""method"":""disease_similarity_reactome_idf_jaccard_mondo_group_hpo_simgic_v0.4"",""phenotype_percentile"":0.7364,""phenotype_score"":0.2532,""relation_class"":""mechanism_neighbor_different_presentation"",""shared_genes"":[],""shared_mondo_class"":[{""id"":""MONDO:0021060"",""label"":""RASopathy""}],""shared_mondo_group"":[""MONDO:0018997""],""shared_pathways"":[{""id"":""R-HSA-1295596"",""label"":""Spry regulation of FGF signaling""}],""shared_phenotypes"":[{""ic"":""6.17"",""id"":""HP:0000914"",""label"":""Shield chest""},{""ic"":""5.01"",""id"":""HP:0002967"",""label"":""Cubitus valgus""},{""ic"":""4.43"",""id"":""HP:0002162"",""label"":""Low posterior hairline""},{""ic"":""4.39"",""id"":""HP:0000465"",""label"":""Webbed neck""},{""ic"":""4.17"",""id"":""HP:0001642"",""label"":""Pulmonic stenosis""},{""ic"":""3.96"",""id"":""HP:0000768"",""label"":""Pectus carinatum""}],""undirected"":true}"
EDGE:CLX-SIM-MONDO:0009261-MONDO:0010006,MONDO:0009261,MECHANISM_NEIGHBOR,MONDO:0010006,inferred,CLX-SIMDIS,medium,,"Different genes in the same biological pathways, with an overlapping, distinctive symptom pattern.",,,,,,,,,,Pathway overlap is computed from Reactome membership of the causal genes. It suggests a shared biological process to investigate; it is not evidence that a therapy transfers.,"{""combined_score"":0.6501,""comparison_set"":""lysosomal storage"",""mechanism_score"":0.5028,""method"":""disease_similarity_reactome_idf_jaccard_mondo_group_hpo_simgic_v0.4"",""phenotype_percentile"":0.7974,""phenotype_score"":0.1721,""relation_class"":""mechanism_and_phenotype_neighbor"",""shared_genes"":[],""shared_mondo_class"":[{""id"":""MONDO:0002561"",""label"":""lysosomal storage disease""}],""shared_mondo_group"":[],""shared_pathways"":[{""id"":""R-HSA-2024101"",""label"":""CS/DS degradation""},{""id"":""R-HSA-2022857"",""label"":""Keratan sulfate degradation""},{""id"":""R-HSA-6798695"",""label"":""Neutrophil degranulation""},{""id"":""R-HSA-9840310"",""label"":""Glycosphingolipid catabolism""}],""shared_phenotypes"":[{""ic"":""6.82"",""id"":""HP:0007272"",""label"":""Progressive psychomotor deterioration""},{""ic"":""3.78"",""id"":""HP:0032794"",""label"":""Myoclonic seizure""},{""ic"":""3.63"",""id"":""HP:0000280"",""label"":""Coarse facial features""},{""ic"":""3.44"",""id"":""HP:0002376"",""label"":""Developmental regression""},{""ic"":""3.36"",""id"":""HP:0030809"",""label"":""Abnormal tongue morphology""},{""ic"":""2.95"",""id"":""HP:0001744"",""label"":""Splenomegaly""}],""undirected"":true}"
EDGE:CLX-SIM-MONDO:0009260-MONDO:0010006,MONDO:0009260,MECHANISM_NEIGHBOR,MONDO:0010006,inferred,CLX-SIMDIS,medium,,"Different genes in the same biological pathways, with an overlapping, distinctive symptom pattern.",,,,,,,,,,Pathway overlap is computed from Reactome membership of the causal genes. It suggests a shared biological process to investigate; it is not evidence that a therapy transfers.,"{""combined_score"":0.6475,""comparison_set"":""lysosomal storage"",""mechanism_score"":0.5028,""method"":""disease_similarity_reactome_idf_jaccard_mondo_group_hpo_simgic_v0.4"",""phenotype_percentile"":0.7921,""phenotype_score"":0.1691,""relation_class"":""mechanism_and_phenotype_neighbor"",""shared_genes"":[],""shared_mondo_class"":[{""id"":""MONDO:0002561"",""label"":""lysosomal storage disease""}],""shared_mondo_group"":[],""shared_pathways"":[{""id"":""R-HSA-2024101"",""label"":""CS/DS degradation""},{""id"":""R-HSA-2022857"",""label"":""Keratan sulfate degradation""},{""id"":""R-HSA-6798695"",""label"":""Neutrophil degranulation""},{""id"":""R-HSA-9840310"",""label"":""Glycosphingolipid catabolism""}],""shared_phenotypes"":[{""ic"":""6.17"",""id"":""HP:0010729"",""label"":""Cherry red spot of the macula""},{""ic"":""3.63"",""id"":""HP:0000280"",""label"":""Coarse facial features""},{""ic"":""2.95"",""id"":""HP:0001744"",""label"":""Splenomegaly""},{""ic"":""2.66"",""id"":""HP:0002240"",""label"":""Hepatomegaly""},{""ic"":""2.01"",""id"":""HP:0001276"",""label"":""Hypertonia""}],""undirected"":true}"
EDGE:CLX-SIM-MONDO:0009737-MONDO:0009738,MONDO:0009737,MECHANISM_NEIGHBOR,MONDO:0009738,inferred,CLX-SIMDIS,medium,,"Different genes in the same biological pathways, with an overlapping, distinctive symptom pattern.",,,,,,,,,,Pathway overlap is computed from Reactome membership of the causal genes. It suggests a shared biological process to investigate; it is not evidence that a therapy transfers.,"{""combined_score"":0.6392,""comparison_set"":""lysosomal storage"",""mechanism_score"":0.302,""method"":""disease_similarity_reactome_idf_jaccard_mondo_group_hpo_simgic_v0.4"",""phenotype_percentile"":0.9763,""phenotype_score"":0.2903,""relation_class"":""mechanism_and_phenotype_neighbor"",""shared_genes"":[],""shared_mondo_class"":[{""id"":""MONDO:0002561"",""label"":""lysosomal storage disease""}],""shared_mondo_group"":[],""shared_pathways"":[{""id"":""R-HSA-4085001"",""label"":""Sialic acid metabolism""},{""id"":""R-HSA-6798695"",""label"":""Neutrophil degranulation""},{""id"":""R-HSA-9840310"",""label"":""Glycosphingolipid catabolism""}],""shared_phenotypes"":[{""ic"":""6.17"",""id"":""HP:0010729"",""label"":""Cherry red spot of the macula""},{""ic"":""5.77"",""id"":""HP:0000943"",""label"":""Dysostosis multiplex""},{""ic"":""3.63"",""id"":""HP:0000280"",""label"":""Coarse facial features""},{""ic"":""2.95"",""id"":""HP:0001744"",""label"":""Splenomegaly""},{""ic"":""2.66"",""id"":""HP:0002240"",""label"":""Hepatomegaly""}],""undirected"":true}"
EDGE:CLX-SIM-MONDO:0010006-MONDO:0010099,MONDO:0010006,MECHANISM_NEIGHBOR,MONDO:0010099,inferred,CLX-SIMDIS,low,,"Different genes in the same pathways, but the symptom patterns differ.",,,,,,,,,,Pathway overlap is computed from Reactome membership of the causal genes. It suggests a shared biological process to investigate; it is not evidence that a therapy transfers.,"{""combined_score"":0.6276,""comparison_set"":""lysosomal storage"",""mechanism_score"":0.6,""method"":""disease_similarity_reactome_idf_jaccard_mondo_group_hpo_simgic_v0.4"",""phenotype_percentile"":0.6553,""phenotype_score"":0.1377,""relation_class"":""mechanism_neighbor_different_presentation"",""shared_genes"":[],""shared_mondo_class"":[{""id"":""MONDO:0002561"",""label"":""lysosomal storage disease""}],""shared_mondo_group"":[""MONDO:0017720""],""shared_pathways"":[{""id"":""R-HSA-6798695"",""label"":""Neutrophil degranulation""},{""id"":""R-HSA-9840310"",""label"":""Glycosphingolipid catabolism""}],""shared_phenotypes"":[{""ic"":""5.68"",""id"":""HP:0002267"",""label"":""Exaggerated startle response""},{""ic"":""4.15"",""id"":""HP:0000618"",""label"":""Blindness""},{""ic"":""3.78"",""id"":""HP:0032794"",""label"":""Myoclonic seizure""},{""ic"":""3.28"",""id"":""HP:0001268"",""label"":""Mental deterioration""},{""ic"":""2.58"",""id"":""HP:0001347"",""label"":""Hyperreflexia""},{""ic"":""2.27"",""id"":""HP:0001257"",""label"":""Spasticity""}],""undirected"":true}"
EDGE:CLX-SIM-MONDO:0009261-MONDO:0009738,MONDO:0009261,MECHANISM_NEIGHBOR,MONDO:0009738,inferred,CLX-SIMDIS,medium,,"Different genes in the same biological pathways, with an overlapping, distinctive symptom pattern.",,,,,,,,,,Pathway overlap is computed from Reactome membership of the causal genes. It suggests a shared biological process to investigate; it is not evidence that a therapy transfers.,"{""combined_score"":0.605,""comparison_set"":""lysosomal storage"",""mechanism_score"":0.4443,""method"":""disease_similarity_reactome_idf_jaccard_mondo_group_hpo_simgic_v0.4"",""phenotype_percentile"":0.7658,""phenotype_score"":0.1629,""relation_class"":""mechanism_and_phenotype_neighbor"",""shared_genes"":[],""shared_mondo_class"":[{""id"":""MONDO:0002561"",""label"":""lysosomal storage disease""}],""shared_mondo_group"":[],""shared_pathways"":[{""id"":""R-HSA-4085001"",""label"":""Sialic acid metabolism""},{""id"":""R-HSA-6798695"",""label"":""Neutrophil degranulation""},{""id"":""R-HSA-9840310"",""label"":""Glycosphingolipid catabolism""}],""shared_phenotypes"":[{""ic"":""5.77"",""id"":""HP:0000943"",""label"":""Dysostosis multiplex""},{""ic"":""5.20"",""id"":""HP:0004311"",""label"":""Abnormal macrophage morphology""},{""ic"":""3.63"",""id"":""HP:0000280"",""label"":""Coarse facial features""},{""ic"":""2.95"",""id"":""HP:0001744"",""label"":""Splenomegaly""},{""ic"":""2.86"",""id"":""HP:0001290"",""label"":""Generalized hypotonia""},{""ic"":""2.66"",""id"":""HP:0002240"",""label"":""Hepatomegaly""}],""undirected"":true}"
EDGE:CLX-SIM-MONDO:0009262-MONDO:0009737,MONDO:0009262,PHENOTYPE_NEIGHBOR,MONDO:0009737,inferred,CLX-SIMDIS,medium,,"Distinctive symptoms overlap and they share a biological process or a mechanism-defined disease class, but the specific mechanism link is weak; needs review.",,,,,,,,,,"Strong symptom overlap and one specific shared process, but weak overall pathway overlap; needs expert review before use.","{""combined_score"":0.603,""comparison_set"":""lysosomal storage"",""mechanism_score"":0.2192,""method"":""disease_similarity_reactome_idf_jaccard_mondo_group_hpo_simgic_v0.4"",""phenotype_percentile"":0.9868,""phenotype_score"":0.3083,""relation_class"":""phenotype_neighbor_weak_mechanism"",""shared_genes"":[],""shared_mondo_class"":[{""id"":""MONDO:0002561"",""label"":""lysosomal storage disease""}],""shared_mondo_group"":[],""shared_pathways"":[{""id"":""R-HSA-4085001"",""label"":""Sialic acid metabolism""},{""id"":""R-HSA-6798695"",""label"":""Neutrophil degranulation""},{""id"":""R-HSA-9840310"",""label"":""Glycosphingolipid catabolism""}],""shared_phenotypes"":[{""ic"":""6.17"",""id"":""HP:0010729"",""label"":""Cherry red spot of the macula""},{""ic"":""4.63"",""id"":""HP:0007759"",""label"":""Opacification of the corneal stroma""},{""ic"":""3.63"",""id"":""HP:0000280"",""label"":""Coarse facial features""},{""ic"":""2.95"",""id"":""HP:0001744"",""label"":""Splenomegaly""},{""ic"":""2.66"",""id"":""HP:0002240"",""label"":""Hepatomegaly""}],""undirected"":true}"
EDGE:CLX-SIM-MONDO:0009260-MONDO:0009737,MONDO:0009260,PHENOTYPE_NEIGHBOR,MONDO:0009737,inferred,CLX-SIMDIS,medium,,"Distinctive symptoms overlap and they share a biological process or a mechanism-defined disease class, but the specific mechanism link is weak; needs review.",,,,,,,,,,"Strong symptom overlap and one specific shared process, but weak overall pathway overlap; needs expert review before use.","{""combined_score"":0.5846,""comparison_set"":""lysosomal storage"",""mechanism_score"":0.2192,""method"":""disease_similarity_reactome_idf_jaccard_mondo_group_hpo_simgic_v0.4"",""phenotype_percentile"":0.95,""phenotype_score"":0.2622,""relation_class"":""phenotype_neighbor_weak_mechanism"",""shared_genes"":[],""shared_mondo_class"":[{""id"":""MONDO:0002561"",""label"":""lysosomal storage disease""}],""shared_mondo_group"":[],""shared_pathways"":[{""id"":""R-HSA-4085001"",""label"":""Sialic acid metabolism""},{""id"":""R-HSA-6798695"",""label"":""Neutrophil degranulation""},{""id"":""R-HSA-9840310"",""label"":""Glycosphingolipid catabolism""}],""shared_phenotypes"":[{""ic"":""6.17"",""id"":""HP:0010729"",""label"":""Cherry red spot of the macula""},{""ic"":""5.77"",""id"":""HP:0000943"",""label"":""Dysostosis multiplex""},{""ic"":""4.43"",""id"":""HP:0003510"",""label"":""Severe short stature""},{""ic"":""3.63"",""id"":""HP:0000280"",""label"":""Coarse facial features""},{""ic"":""2.95"",""id"":""HP:0001744"",""label"":""Splenomegaly""},{""ic"":""2.80"",""id"":""HP:0011276"",""label"":""Vascular skin abnormality""}],""undirected"":true}"
EDGE:CLX-SIM-MONDO:0008763-MONDO:0012432,MONDO:0008763,MECHANISM_NEIGHBOR,MONDO:0012432,inferred,CLX-SIMDIS,low,,"Different genes in the same pathways, but the symptom patterns differ.",,,,,,,,,,Pathway overlap is computed from Reactome membership of the causal genes. It suggests a shared biological process to investigate; it is not evidence that a therapy transfers.,"{""combined_score"":0.5774,""comparison_set"":""ciliopathies"",""mechanism_score"":0.8139,""method"":""disease_similarity_reactome_idf_jaccard_mondo_group_hpo_simgic_v0.4"",""phenotype_percentile"":0.3409,""phenotype_score"":0.082,""relation_class"":""mechanism_neighbor_different_presentation"",""shared_genes"":[],""shared_mondo_class"":[{""id"":""MONDO:0005308"",""label"":""ciliopathy""}],""shared_mondo_group"":[],""shared_pathways"":[{""id"":""R-HSA-2565942"",""label"":""Regulation of PLK1 Activity at G2/M Transition""},{""id"":""R-HSA-380259"",""label"":""Loss of Nlp from mitotic centrosomes""},{""id"":""R-HSA-380270"",""label"":""Recruitment of mitotic centrosome proteins and complexes""},{""id"":""R-HSA-380284"",""label"":""Loss of proteins required for interphase microtubule organization from the centrosome""},{""id"":""R-HSA-380320"",""label"":""Recruitment of NuMA to mitotic centrosomes""},{""id"":""R-HSA-8854518"",""label"":""AURKA Activation by TPX2""},{""id"":""R-HSA-5620912"",""label"":""Anchoring of the basal body to the plasma membrane""}],""shared_phenotypes"":[{""ic"":""4.15"",""id"":""HP:0000618"",""label"":""Blindness""},{""ic"":""3.50"",""id"":""HP:0000556"",""label"":""Retinal dystrophy""},{""ic"":""3.19"",""id"":""HP:0000083"",""label"":""Renal insufficiency""},{""ic"":""2.29"",""id"":""HP:0000639"",""label"":""Nystagmus""},{""ic"":""2.16"",""id"":""HP:0012210"",""label"":""Abnormal renal morphology""}],""undirected"":true}"
EDGE:CLX-SIM-MONDO:0009738-MONDO:0009756,MONDO:0009738,PHENOTYPE_NEIGHBOR,MONDO:0009756,inferred,CLX-SIMDIS,medium,,"Distinctive symptoms overlap and they share a biological process or a mechanism-defined disease class, but the specific mechanism link is weak; needs review.",,,,,,,,,,"Strong symptom overlap and one specific shared process, but weak overall pathway overlap; needs expert review before use.","{""combined_score"":0.5658,""comparison_set"":""lysosomal storage"",""mechanism_score"":0.15,""method"":""disease_similarity_reactome_idf_jaccard_mondo_group_hpo_simgic_v0.4"",""phenotype_percentile"":0.9816,""phenotype_score"":0.3044,""relation_class"":""phenotype_neighbor_weak_mechanism"",""shared_genes"":[],""shared_mondo_class"":[{""id"":""MONDO:0002561"",""label"":""lysosomal storage disease""}],""shared_mondo_group"":[],""shared_pathways"":[{""id"":""R-HSA-9840310"",""label"":""Glycosphingolipid catabolism""}],""shared_phenotypes"":[{""ic"":""7.27"",""id"":""HP:0004333"",""label"":""Bone-marrow foam cells""},{""ic"":""6.17"",""id"":""HP:0010729"",""label"":""Cherry red spot of the macula""},{""ic"":""4.34"",""id"":""HP:0001541"",""label"":""Ascites""},{""ic"":""2.95"",""id"":""HP:0001744"",""label"":""Splenomegaly""},{""ic"":""2.71"",""id"":""HP:0003202"",""label"":""Skeletal muscle atrophy""},{""ic"":""2.66"",""id"":""HP:0002240"",""label"":""Hepatomegaly""}],""undirected"":true}"
EDGE:CLX-SIM-MONDO:0009262-MONDO:0010100,MONDO:0009262,MECHANISM_NEIGHBOR,MONDO:0010100,inferred,CLX-SIMDIS,low,,"Different genes in the same pathways, but the symptom patterns differ.",,,,,,,,,,Pathway overlap is computed from Reactome membership of the causal genes. It suggests a shared biological process to investigate; it is not evidence that a therapy transfers.,"{""combined_score"":0.5598,""comparison_set"":""lysosomal storage"",""mechanism_score"":0.4327,""method"":""disease_similarity_reactome_idf_jaccard_mondo_group_hpo_simgic_v0.4"",""phenotype_percentile"":0.6868,""phenotype_score"":0.1458,""relation_class"":""mechanism_neighbor_different_presentation"",""shared_genes"":[],""shared_mondo_class"":[{""id"":""MONDO:0002561"",""label"":""lysosomal storage disease""}],""shared_mondo_group"":[],""shared_pathways"":[{""id"":""R-HSA-2024101"",""label"":""CS/DS degradation""},{""id"":""R-HSA-2022857"",""label"":""Keratan sulfate degradation""},{""id"":""R-HSA-9840310"",""label"":""Glycosphingolipid catabolism""}],""shared_phenotypes"":[{""ic"":""6.17"",""id"":""HP:0010729"",""label"":""Cherry red spot of the macula""}],""undirected"":true}"
EDGE:CLX-SIM-MONDO:0009756-MONDO:0009757,MONDO:0009756,PHENOTYPE_NEIGHBOR,MONDO:0009757,inferred,CLX-SIMDIS,medium,,"Distinctive symptoms overlap and they share a biological process or a mechanism-defined disease class, but the specific mechanism link is weak; needs review.",,,,,,,,,,"Strong symptom overlap and one specific shared process, but weak overall pathway overlap; needs expert review before use.","{""combined_score"":0.5526,""comparison_set"":""lysosomal storage"",""mechanism_score"":0.15,""method"":""disease_similarity_reactome_idf_jaccard_mondo_group_hpo_simgic_v0.4"",""phenotype_percentile"":0.9553,""phenotype_score"":0.2698,""relation_class"":""phenotype_neighbor_weak_mechanism"",""shared_genes"":[],""shared_mondo_class"":[{""id"":""MONDO:0002561"",""label"":""lysosomal storage disease""}],""shared_mondo_group"":[],""shared_pathways"":[],""shared_phenotypes"":[{""ic"":""7.67"",""id"":""HP:0001982"",""label"":""Sea-blue histiocytosis""},{""ic"":""7.27"",""id"":""HP:0004333"",""label"":""Bone-marrow foam cells""},{""ic"":""5.06"",""id"":""HP:0006579"",""label"":""Prolonged neonatal jaundice""},{""ic"":""4.34"",""id"":""HP:0001541"",""label"":""Ascites""},{""ic"":""2.95"",""id"":""HP:0001744"",""label"":""Splenomegaly""},{""ic"":""2.66"",""id"":""HP:0002240"",""label"":""Hepatomegaly""}],""undirected"":true}"
EDGE:CLX-SIM-MONDO:0012433-MONDO:0014438,MONDO:0012433,PHENOTYPE_NEIGHBOR,MONDO:0014438,inferred,CLX-SIMDIS,medium,,"Distinctive symptoms overlap and they share a biological process or a mechanism-defined disease class, but the specific mechanism link is weak; needs review.",,,,,,,,,,"Strong symptom overlap and one specific shared process, but weak overall pathway overlap; needs expert review before use.","{""combined_score"":0.5485,""comparison_set"":""ciliopathies"",""mechanism_score"":0.15,""method"":""disease_similarity_reactome_idf_jaccard_mondo_group_hpo_simgic_v0.4"",""phenotype_percentile"":0.947,""phenotype_score"":0.2554,""relation_class"":""phenotype_neighbor_weak_mechanism"",""shared_genes"":[],""shared_mondo_class"":[{""id"":""MONDO:0005308"",""label"":""ciliopathy""}],""shared_mondo_group"":[],""shared_pathways"":[],""shared_phenotypes"":[{""ic"":""4.03"",""id"":""HP:0000510"",""label"":""Rod-cone dystrophy""},{""ic"":""3.19"",""id"":""HP:0000083"",""label"":""Renal insufficiency""}],""undirected"":true}"
EDGE:CLX-SIM-MONDO:0009738-MONDO:0010006,MONDO:0009738,PHENOTYPE_NEIGHBOR,MONDO:0010006,inferred,CLX-SIMDIS,medium,,"Distinctive symptoms overlap and they share a biological process or a mechanism-defined disease class, but the specific mechanism link is weak; needs review.",,,,,,,,,,"Strong symptom overlap and one specific shared process, but weak overall pathway overlap; needs expert review before use.","{""combined_score"":0.5421,""comparison_set"":""lysosomal storage"",""mechanism_score"":0.15,""method"":""disease_similarity_reactome_idf_jaccard_mondo_group_hpo_simgic_v0.4"",""phenotype_percentile"":0.9342,""phenotype_score"":0.2262,""relation_class"":""phenotype_neighbor_weak_mechanism"",""shared_genes"":[],""shared_mondo_class"":[{""id"":""MONDO:0002561"",""label"":""lysosomal storage disease""}],""shared_mondo_group"":[],""shared_pathways"":[{""id"":""R-HSA-6798695"",""label"":""Neutrophil degranulation""},{""id"":""R-HSA-9840310"",""label"":""Glycosphingolipid catabolism""}],""shared_phenotypes"":[{""ic"":""6.17"",""id"":""HP:0010729"",""label"":""Cherry red spot of the macula""},{""ic"":""4.56"",""id"":""HP:0001640"",""label"":""Cardiomegaly""},{""ic"":""3.63"",""id"":""HP:0000280"",""label"":""Coarse facial features""},{""ic"":""2.95"",""id"":""HP:0001744"",""label"":""Splenomegaly""},{""ic"":""2.71"",""id"":""HP:0003202"",""label"":""Skeletal muscle atrophy""},{""ic"":""2.66"",""id"":""HP:0002240"",""label"":""Hepatomegaly""}],""undirected"":true}"
EDGE:CLX-SIM-MONDO:0009738-MONDO:0009757,MONDO:0009738,PHENOTYPE_NEIGHBOR,MONDO:0009757,inferred,CLX-SIMDIS,medium,,"Distinctive symptoms overlap and they share a biological process or a mechanism-defined disease class, but the specific mechanism link is weak; needs review.",,,,,,,,,,"Strong symptom overlap and one specific shared process, but weak overall pathway overlap; needs expert review before use.","{""combined_score"":0.5395,""comparison_set"":""lysosomal storage"",""mechanism_score"":0.15,""method"":""disease_similarity_reactome_idf_jaccard_mondo_group_hpo_simgic_v0.4"",""phenotype_percentile"":0.9289,""phenotype_score"":0.2222,""relation_class"":""phenotype_neighbor_weak_mechanism"",""shared_genes"":[],""shared_mondo_class"":[{""id"":""MONDO:0002561"",""label"":""lysosomal storage disease""}],""shared_mondo_group"":[],""shared_pathways"":[],""shared_phenotypes"":[{""ic"":""7.27"",""id"":""HP:0004333"",""label"":""Bone-marrow foam cells""},{""ic"":""4.34"",""id"":""HP:0001541"",""label"":""Ascites""},{""ic"":""2.95"",""id"":""HP:0001744"",""label"":""Splenomegaly""},{""ic"":""2.86"",""id"":""HP:0001290"",""label"":""Generalized hypotonia""},{""ic"":""2.66"",""id"":""HP:0002240"",""label"":""Hepatomegaly""},{""ic"":""2.19"",""id"":""HP:0001251"",""label"":""Ataxia""}],""undirected"":true}"
EDGE:CLX-SIM-MONDO:0009260-MONDO:0010100,MONDO:0009260,MECHANISM_NEIGHBOR,MONDO:0010100,inferred,CLX-SIMDIS,low,,"Different genes in the same pathways, but the symptom patterns differ.",,,,,,,,,,Pathway overlap is computed from Reactome membership of the causal genes. It suggests a shared biological process to investigate; it is not evidence that a therapy transfers.,"{""combined_score"":0.5387,""comparison_set"":""lysosomal storage"",""mechanism_score"":0.4327,""method"":""disease_similarity_reactome_idf_jaccard_mondo_group_hpo_simgic_v0.4"",""phenotype_percentile"":0.6447,""phenotype_score"":0.137,""relation_class"":""mechanism_neighbor_different_presentation"",""shared_genes"":[],""shared_mondo_class"":[{""id"":""MONDO:0002561"",""label"":""lysosomal storage disease""}],""shared_mondo_group"":[],""shared_pathways"":[{""id"":""R-HSA-2024101"",""label"":""CS/DS degradation""},{""id"":""R-HSA-2022857"",""label"":""Keratan sulfate degradation""},{""id"":""R-HSA-9840310"",""label"":""Glycosphingolipid catabolism""}],""shared_phenotypes"":[{""ic"":""6.17"",""id"":""HP:0010729"",""label"":""Cherry red spot of the macula""},{""ic"":""2.01"",""id"":""HP:0001276"",""label"":""Hypertonia""}],""undirected"":true}"
EDGE:CLX-SIM-MONDO:0009260-MONDO:0009659,MONDO:0009260,MECHANISM_NEIGHBOR,MONDO:0009659,inferred,CLX-SIMDIS,low,,"Different genes in the same pathways, but the symptom patterns differ.",,,,,,,,,,Pathway overlap is computed from Reactome membership of the causal genes. It suggests a shared biological process to investigate; it is not evidence that a therapy transfers.,"{""combined_score"":0.5382,""comparison_set"":""lysosomal storage"",""mechanism_score"":0.3474,""method"":""disease_similarity_reactome_idf_jaccard_mondo_group_hpo_simgic_v0.4"",""phenotype_percentile"":0.7289,""phenotype_score"":0.1542,""relation_class"":""mechanism_neighbor_different_presentation"",""shared_genes"":[],""shared_mondo_class"":[{""id"":""MONDO:0002561"",""label"":""lysosomal storage disease""}],""shared_mondo_group"":[],""shared_pathways"":[{""id"":""R-HSA-2022857"",""label"":""Keratan sulfate degradation""},{""id"":""R-HSA-6798695"",""label"":""Neutrophil degranulation""}],""shared_phenotypes"":[{""ic"":""5.77"",""id"":""HP:0000943"",""label"":""Dysostosis multiplex""},{""ic"":""5.63"",""id"":""HP:0004568"",""label"":""Beaking of vertebral bodies""},{""ic"":""4.74"",""id"":""HP:0008518"",""label"":""Aplasia/Hypoplasia involving the vertebral column""},{""ic"":""3.63"",""id"":""HP:0000280"",""label"":""Coarse facial features""},{""ic"":""3.39"",""id"":""HP:0000023"",""label"":""Inguinal hernia""},{""ic"":""3.38"",""id"":""HP:0001654"",""label"":""Abnormal heart valve morphology""}],""undirected"":true}"
EDGE:CLX-SIM-MONDO:0009262-MONDO:0009756,MONDO:0009262,PHENOTYPE_NEIGHBOR,MONDO:0009756,inferred,CLX-SIMDIS,medium,,"Distinctive symptoms overlap and they share a biological process or a mechanism-defined disease class, but the specific mechanism link is weak; needs review.",,,,,,,,,,"Strong symptom overlap and one specific shared process, but weak overall pathway overlap; needs expert review before use.","{""combined_score"":0.5368,""comparison_set"":""lysosomal storage"",""mechanism_score"":0.15,""method"":""disease_similarity_reactome_idf_jaccard_mondo_group_hpo_simgic_v0.4"",""phenotype_percentile"":0.9237,""phenotype_score"":0.2204,""relation_class"":""phenotype_neighbor_weak_mechanism"",""shared_genes"":[],""shared_mondo_class"":[{""id"":""MONDO:0002561"",""label"":""lysosomal storage disease""}],""shared_mondo_group"":[],""shared_pathways"":[{""id"":""R-HSA-9840310"",""label"":""Glycosphingolipid catabolism""}],""shared_phenotypes"":[{""ic"":""6.33"",""id"":""HP:0003651"",""label"":""Foam cells""},{""ic"":""6.17"",""id"":""HP:0010729"",""label"":""Cherry red spot of the macula""},{""ic"":""2.95"",""id"":""HP:0001744"",""label"":""Splenomegaly""},{""ic"":""2.71"",""id"":""HP:0003202"",""label"":""Skeletal muscle atrophy""},{""ic"":""2.66"",""id"":""HP:0002240"",""label"":""Hepatomegaly""},{""ic"":""2.18"",""id"":""HP:0004305"",""label"":""Involuntary movements""}],""undirected"":true}"
EDGE:CLX-SIM-MONDO:0009218-MONDO:0009737,MONDO:0009218,PHENOTYPE_NEIGHBOR,MONDO:0009737,inferred,CLX-SIMDIS,medium,,"Distinctive symptoms overlap and they share a biological process or a mechanism-defined disease class, but the specific mechanism link is weak; needs review.",,,,,,,,,,"Strong symptom overlap and one specific shared process, but weak overall pathway overlap; needs expert review before use.","{""combined_score"":0.5316,""comparison_set"":""lysosomal storage"",""mechanism_score"":0.15,""method"":""disease_similarity_reactome_idf_jaccard_mondo_group_hpo_simgic_v0.4"",""phenotype_percentile"":0.9132,""phenotype_score"":0.2174,""relation_class"":""phenotype_neighbor_weak_mechanism"",""shared_genes"":[],""shared_mondo_class"":[{""id"":""MONDO:0002561"",""label"":""lysosomal storage disease""}],""shared_mondo_group"":[],""shared_pathways"":[{""id"":""R-HSA-6798695"",""label"":""Neutrophil degranulation""},{""id"":""R-HSA-9840310"",""label"":""Glycosphingolipid catabolism""}],""shared_phenotypes"":[{""ic"":""6.17"",""id"":""HP:0010729"",""label"":""Cherry red spot of the macula""},{""ic"":""2.95"",""id"":""HP:0001744"",""label"":""Splenomegaly""},{""ic"":""2.66"",""id"":""HP:0002240"",""label"":""Hepatomegaly""}],""undirected"":true}"
EDGE:CLX-SIM-MONDO:0011963-MONDO:0012626,MONDO:0011963,PHENOTYPE_NEIGHBOR,MONDO:0012626,inferred,CLX-SIMDIS,medium,,"Distinctive symptoms overlap and they share a biological process or a mechanism-defined disease class, but the specific mechanism link is weak; needs review.",,,,,,,,,,"Strong symptom overlap and one specific shared process, but weak overall pathway overlap; needs expert review before use.","{""combined_score"":0.5258,""comparison_set"":""ciliopathies"",""mechanism_score"":0.15,""method"":""disease_similarity_reactome_idf_jaccard_mondo_group_hpo_simgic_v0.4"",""phenotype_percentile"":0.9015,""phenotype_score"":0.2392,""relation_class"":""phenotype_neighbor_weak_mechanism"",""shared_genes"":[],""shared_mondo_class"":[{""id"":""MONDO:0005308"",""label"":""ciliopathy""}],""shared_mondo_group"":[],""shared_pathways"":[{""id"":""R-HSA-5620912"",""label"":""Anchoring of the basal body to the plasma membrane""}],""shared_phenotypes"":[{""ic"":""6.03"",""id"":""HP:0002335"",""label"":""Agenesis of cerebellar vermis""},{""ic"":""5.42"",""id"":""HP:0002419"",""label"":""Molar tooth sign on MRI""},{""ic"":""4.70"",""id"":""HP:0002084"",""label"":""Encephalocele""},{""ic"":""4.40"",""id"":""HP:0001162"",""label"":""Postaxial hand polydactyly""},{""ic"":""3.70"",""id"":""HP:0000107"",""label"":""Renal cyst""},{""ic"":""3.43"",""id"":""HP:0000568"",""label"":""Microphthalmia""}],""undirected"":true}"
EDGE:CLX-SIM-MONDO:0009262-MONDO:0009659,MONDO:0009262,MECHANISM_NEIGHBOR,MONDO:0009659,inferred,CLX-SIMDIS,low,,"Different genes in the same pathways, but the symptom patterns differ.",,,,,,,,,,Pathway overlap is computed from Reactome membership of the causal genes. It suggests a shared biological process to investigate; it is not evidence that a therapy transfers.,"{""combined_score"":0.525,""comparison_set"":""lysosomal storage"",""mechanism_score"":0.3474,""method"":""disease_similarity_reactome_idf_jaccard_mondo_group_hpo_simgic_v0.4"",""phenotype_percentile"":0.7026,""phenotype_score"":0.15,""relation_class"":""mechanism_neighbor_different_presentation"",""shared_genes"":[],""shared_mondo_class"":[{""id"":""MONDO:0002561"",""label"":""lysosomal storage disease""}],""shared_mondo_group"":[],""shared_pathways"":[{""id"":""R-HSA-2022857"",""label"":""Keratan sulfate degradation""},{""id"":""R-HSA-6798695"",""label"":""Neutrophil degranulation""}],""shared_phenotypes"":[{""ic"":""7.27"",""id"":""HP:0008430"",""label"":""Anterior beaking of lumbar vertebrae""},{""ic"":""4.91"",""id"":""HP:0011867"",""label"":""Abnormal iliac wing morphology""},{""ic"":""4.63"",""id"":""HP:0007759"",""label"":""Opacification of the corneal stroma""},{""ic"":""3.99"",""id"":""HP:0000926"",""label"":""Platyspondyly""},{""ic"":""3.63"",""id"":""HP:0000280"",""label"":""Coarse facial features""},{""ic"":""2.92"",""id"":""HP:0002808"",""label"":""Kyphosis""}],""undirected"":true}"
EDGE:CLX-SIM-MONDO:0009756-MONDO:0010006,MONDO:0009756,PHENOTYPE_NEIGHBOR,MONDO:0010006,inferred,CLX-SIMDIS,medium,,"Distinctive symptoms overlap and they share a biological process or a mechanism-defined disease class, but the specific mechanism link is weak; needs review.",,,,,,,,,,"Strong symptom overlap and one specific shared process, but weak overall pathway overlap; needs expert review before use.","{""combined_score"":0.5237,""comparison_set"":""lysosomal storage"",""mechanism_score"":0.15,""method"":""disease_similarity_reactome_idf_jaccard_mondo_group_hpo_simgic_v0.4"",""phenotype_percentile"":0.8974,""phenotype_score"":0.2073,""relation_class"":""phenotype_neighbor_weak_mechanism"",""shared_genes"":[],""shared_mondo_class"":[{""id"":""MONDO:0002561"",""label"":""lysosomal storage disease""}],""shared_mondo_group"":[],""shared_pathways"":[{""id"":""R-HSA-9840310"",""label"":""Glycosphingolipid catabolism""}],""shared_phenotypes"":[{""ic"":""6.17"",""id"":""HP:0010729"",""label"":""Cherry red spot of the macula""},{""ic"":""3.44"",""id"":""HP:0002376"",""label"":""Developmental regression""},{""ic"":""3.23"",""id"":""HP:0011400"",""label"":""Abnormal CNS myelination""},{""ic"":""2.97"",""id"":""HP:0000256"",""label"":""Macrocephaly""},{""ic"":""2.95"",""id"":""HP:0001744"",""label"":""Splenomegaly""},{""ic"":""2.71"",""id"":""HP:0003202"",""label"":""Skeletal muscle atrophy""}],""undirected"":true}"
EDGE:CLX-SIM-MONDO:0009218-MONDO:0009756,MONDO:0009218,PHENOTYPE_NEIGHBOR,MONDO:0009756,inferred,CLX-SIMDIS,medium,,"Distinctive symptoms overlap and they share a biological process or a mechanism-defined disease class, but the specific mechanism link is weak; needs review.",,,,,,,,,,"Strong symptom overlap and one specific shared process, but weak overall pathway overlap; needs expert review before use.","{""combined_score"":0.5211,""comparison_set"":""lysosomal storage"",""mechanism_score"":0.15,""method"":""disease_similarity_reactome_idf_jaccard_mondo_group_hpo_simgic_v0.4"",""phenotype_percentile"":0.8921,""phenotype_score"":0.2036,""relation_class"":""phenotype_neighbor_weak_mechanism"",""shared_genes"":[],""shared_mondo_class"":[{""id"":""MONDO:0002561"",""label"":""lysosomal storage disease""}],""shared_mondo_group"":[],""shared_pathways"":[{""id"":""R-HSA-9840310"",""label"":""Glycosphingolipid catabolism""}],""shared_phenotypes"":[{""ic"":""6.17"",""id"":""HP:0010729"",""label"":""Cherry red spot of the macula""},{""ic"":""3.86"",""id"":""HP:0000737"",""label"":""Irritability""},{""ic"":""2.95"",""id"":""HP:0001744"",""label"":""Splenomegaly""},{""ic"":""2.66"",""id"":""HP:0002240"",""label"":""Hepatomegaly""},{""ic"":""2.44"",""id"":""HP:0003330"",""label"":""Abnormal bone structure""},{""ic"":""2.35"",""id"":""HP:0001508"",""label"":""Failure to thrive""}],""undirected"":true}"
EDGE:CLX-SIM-MONDO:0009737-MONDO:0010100,MONDO:0009737,PHENOTYPE_NEIGHBOR,MONDO:0010100,inferred,CLX-SIMDIS,medium,,"Distinctive symptoms overlap and they share a biological process or a mechanism-defined disease class, but the specific mechanism link is weak; needs review.",,,,,,,,,,"Strong symptom overlap and one specific shared process, but weak overall pathway overlap; needs expert review before use.","{""combined_score"":0.5184,""comparison_set"":""lysosomal storage"",""mechanism_score"":0.15,""method"":""disease_similarity_reactome_idf_jaccard_mondo_group_hpo_simgic_v0.4"",""phenotype_percentile"":0.8868,""phenotype_score"":0.2017,""relation_class"":""phenotype_neighbor_weak_mechanism"",""shared_genes"":[],""shared_mondo_class"":[{""id"":""MONDO:0002561"",""label"":""lysosomal storage disease""}],""shared_mondo_group"":[],""shared_pathways"":[{""id"":""R-HSA-9840310"",""label"":""Glycosphingolipid catabolism""}],""shared_phenotypes"":[{""ic"":""6.17"",""id"":""HP:0010729"",""label"":""Cherry red spot of the macula""}],""undirected"":true}"
EDGE:CLX-SIM-MONDO:0008944-MONDO:0012626,MONDO:0008944,PHENOTYPE_NEIGHBOR,MONDO:0012626,inferred,CLX-SIMDIS,medium,,"Distinctive symptoms overlap and they share a biological process or a mechanism-defined disease class, but the specific mechanism link is weak; needs review.",,,,,,,,,,"Strong symptom overlap and one specific shared process, but weak overall pathway overlap; needs expert review before use.","{""combined_score"":0.5182,""comparison_set"":""ciliopathies"",""mechanism_score"":0.15,""method"":""disease_similarity_reactome_idf_jaccard_mondo_group_hpo_simgic_v0.4"",""phenotype_percentile"":0.8864,""phenotype_score"":0.1991,""relation_class"":""phenotype_neighbor_weak_mechanism"",""shared_genes"":[],""shared_mondo_class"":[{""id"":""MONDO:0005308"",""label"":""ciliopathy""}],""shared_mondo_group"":[],""shared_pathways"":[],""shared_phenotypes"":[{""ic"":""6.03"",""id"":""HP:0002335"",""label"":""Agenesis of cerebellar vermis""},{""ic"":""5.77"",""id"":""HP:0002435"",""label"":""Meningocele""},{""ic"":""5.42"",""id"":""HP:0002419"",""label"":""Molar tooth sign on MRI""},{""ic"":""4.40"",""id"":""HP:0001162"",""label"":""Postaxial hand polydactyly""},{""ic"":""3.70"",""id"":""HP:0000107"",""label"":""Renal cyst""},{""ic"":""3.60"",""id"":""HP:0001320"",""label"":""Cerebellar vermis hypoplasia""}],""undirected"":true}"
EDGE:CLX-SIM-MONDO:0008763-MONDO:0012433,MONDO:0008763,MECHANISM_NEIGHBOR,MONDO:0012433,inferred,CLX-SIMDIS,low,,"Different genes in the same pathways, but the symptom patterns differ.",,,,,,,,,,Pathway overlap is computed from Reactome membership of the causal genes. It suggests a shared biological process to investigate; it is not evidence that a therapy transfers.,"{""combined_score"":0.5168,""comparison_set"":""ciliopathies"",""mechanism_score"":0.8139,""method"":""disease_similarity_reactome_idf_jaccard_mondo_group_hpo_simgic_v0.4"",""phenotype_percentile"":0.2197,""phenotype_score"":0.0616,""relation_class"":""mechanism_neighbor_different_presentation"",""shared_genes"":[],""shared_mondo_class"":[{""id"":""MONDO:0005308"",""label"":""ciliopathy""}],""shared_mondo_group"":[],""shared_pathways"":[{""id"":""R-HSA-2565942"",""label"":""Regulation of PLK1 Activity at G2/M Transition""},{""id"":""R-HSA-380259"",""label"":""Loss of Nlp from mitotic centrosomes""},{""id"":""R-HSA-380270"",""label"":""Recruitment of mitotic centrosome proteins and complexes""},{""id"":""R-HSA-380284"",""label"":""Loss of proteins required for interphase microtubule organization from the centrosome""},{""id"":""R-HSA-380320"",""label"":""Recruitment of NuMA to mitotic centrosomes""},{""id"":""R-HSA-8854518"",""label"":""AURKA Activation by TPX2""},{""id"":""R-HSA-5620912"",""label"":""Anchoring of the basal body to the plasma membrane""}],""shared_phenotypes"":[{""ic"":""3.50"",""id"":""HP:0000556"",""label"":""Retinal dystrophy""},{""ic"":""3.19"",""id"":""HP:0000083"",""label"":""Renal insufficiency""},{""ic"":""2.91"",""id"":""HP:0007663"",""label"":""Reduced visual acuity""}],""undirected"":true}"
EDGE:CLX-SIM-MONDO:0009267-MONDO:0009757,MONDO:0009267,PHENOTYPE_NEIGHBOR,MONDO:0009757,inferred,CLX-SIMDIS,medium,,"Distinctive symptoms overlap and they share a biological process or a mechanism-defined disease class, but the specific mechanism link is weak; needs review.",,,,,,,,,,"Strong symptom overlap and one specific shared process, but weak overall pathway overlap; needs expert review before use.","{""combined_score"":0.5158,""comparison_set"":""lysosomal storage"",""mechanism_score"":0.15,""method"":""disease_similarity_reactome_idf_jaccard_mondo_group_hpo_simgic_v0.4"",""phenotype_percentile"":0.8816,""phenotype_score"":0.2005,""relation_class"":""phenotype_neighbor_weak_mechanism"",""shared_genes"":[],""shared_mondo_class"":[{""id"":""MONDO:0002561"",""label"":""lysosomal storage disease""}],""shared_mondo_group"":[],""shared_pathways"":[],""shared_phenotypes"":[{""ic"":""5.14"",""id"":""HP:0000605"",""label"":""Supranuclear gaze palsy""},{""ic"":""3.87"",""id"":""HP:0000726"",""label"":""Dementia""},{""ic"":""2.95"",""id"":""HP:0001744"",""label"":""Splenomegaly""},{""ic"":""2.66"",""id"":""HP:0002240"",""label"":""Hepatomegaly""},{""ic"":""2.27"",""id"":""HP:0001257"",""label"":""Spasticity""},{""ic"":""2.25"",""id"":""HP:0033353"",""label"":""Abnormal blood vessel morphology""}],""undirected"":true}"
EDGE:CLX-SIM-MONDO:0009266-MONDO:0009756,MONDO:0009266,PHENOTYPE_NEIGHBOR,MONDO:0009756,inferred,CLX-SIMDIS,medium,,"Distinctive symptoms overlap and they share a biological process or a mechanism-defined disease class, but the specific mechanism link is weak; needs review.",,,,,,,,,,"Strong symptom overlap and one specific shared process, but weak overall pathway overlap; needs expert review before use.","{""combined_score"":0.5105,""comparison_set"":""lysosomal storage"",""mechanism_score"":0.15,""method"":""disease_similarity_reactome_idf_jaccard_mondo_group_hpo_simgic_v0.4"",""phenotype_percentile"":0.8711,""phenotype_score"":0.197,""relation_class"":""phenotype_neighbor_weak_mechanism"",""shared_genes"":[],""shared_mondo_class"":[{""id"":""MONDO:0002561"",""label"":""lysosomal storage disease""}],""shared_mondo_group"":[],""shared_pathways"":[{""id"":""R-HSA-9840310"",""label"":""Glycosphingolipid catabolism""}],""shared_phenotypes"":[{""ic"":""5.51"",""id"":""HP:0001538"",""label"":""Protuberant abdomen""},{""ic"":""4.02"",""id"":""HP:0002063"",""label"":""Rigidity""},{""ic"":""2.95"",""id"":""HP:0001744"",""label"":""Splenomegaly""},{""ic"":""2.95"",""id"":""HP:0011004"",""label"":""Abnormal systemic arterial morphology""},{""ic"":""2.69"",""id"":""HP:0001903"",""label"":""Anemia""},{""ic"":""2.66"",""id"":""HP:0002240"",""label"":""Hepatomegaly""}],""undirected"":true}"
EDGE:CLX-SIM-MONDO:0008763-MONDO:0012626,MONDO:0008763,MECHANISM_NEIGHBOR,MONDO:0012626,inferred,CLX-SIMDIS,low,,"Different genes in the same pathways, but the symptom patterns differ.",,,,,,,,,,Pathway overlap is computed from Reactome membership of the causal genes. It suggests a shared biological process to investigate; it is not evidence that a therapy transfers.,"{""combined_score"":0.5092,""comparison_set"":""ciliopathies"",""mechanism_score"":0.8139,""method"":""disease_similarity_reactome_idf_jaccard_mondo_group_hpo_simgic_v0.4"",""phenotype_percentile"":0.2045,""phenotype_score"":0.0531,""relation_class"":""mechanism_neighbor_different_presentation"",""shared_genes"":[],""shared_mondo_class"":[{""id"":""MONDO:0005308"",""label"":""ciliopathy""}],""shared_mondo_group"":[],""shared_pathways"":[{""id"":""R-HSA-2565942"",""label"":""Regulation of PLK1 Activity at G2/M Transition""},{""id"":""R-HSA-380259"",""label"":""Loss of Nlp from mitotic centrosomes""},{""id"":""R-HSA-380270"",""label"":""Recruitment of mitotic centrosome proteins and complexes""},{""id"":""R-HSA-380284"",""label"":""Loss of proteins required for interphase microtubule organization from the centrosome""},{""id"":""R-HSA-380320"",""label"":""Recruitment of NuMA to mitotic centrosomes""},{""id"":""R-HSA-8854518"",""label"":""AURKA Activation by TPX2""},{""id"":""R-HSA-5620912"",""label"":""Anchoring of the basal body to the plasma membrane""}],""shared_phenotypes"":[{""ic"":""3.38"",""id"":""HP:0010442"",""label"":""Polydactyly""},{""ic"":""2.16"",""id"":""HP:0012210"",""label"":""Abnormal renal morphology""},{""ic"":""2.14"",""id"":""HP:0001392"",""label"":""Abnormality of the liver""}],""undirected"":true}"
EDGE:CLX-SIM-MONDO:0009261-MONDO:0009659,MONDO:0009261,MECHANISM_NEIGHBOR,MONDO:0009659,inferred,CLX-SIMDIS,low,,"Different genes in the same pathways, but the symptom patterns differ.",,,,,,,,,,Pathway overlap is computed from Reactome membership of the causal genes. It suggests a shared biological process to investigate; it is not evidence that a therapy transfers.,"{""combined_score"":0.5092,""comparison_set"":""lysosomal storage"",""mechanism_score"":0.3474,""method"":""disease_similarity_reactome_idf_jaccard_mondo_group_hpo_simgic_v0.4"",""phenotype_percentile"":0.6711,""phenotype_score"":0.1401,""relation_class"":""mechanism_neighbor_different_presentation"",""shared_genes"":[],""shared_mondo_class"":[{""id"":""MONDO:0002561"",""label"":""lysosomal storage disease""}],""shared_mondo_group"":[],""shared_pathways"":[{""id"":""R-HSA-2022857"",""label"":""Keratan sulfate degradation""},{""id"":""R-HSA-6798695"",""label"":""Neutrophil degranulation""}],""shared_phenotypes"":[{""ic"":""5.77"",""id"":""HP:0000943"",""label"":""Dysostosis multiplex""},{""ic"":""5.63"",""id"":""HP:0004568"",""label"":""Beaking of vertebral bodies""},{""ic"":""5.61"",""id"":""HP:0100712"",""label"":""Abnormal lumbar spine morphology""},{""ic"":""4.74"",""id"":""HP:0008518"",""label"":""Aplasia/Hypoplasia involving the vertebral column""},{""ic"":""4.69"",""id"":""HP:0002673"",""label"":""Coxa valga""},{""ic"":""3.99"",""id"":""HP:0000926"",""label"":""Platyspondyly""}],""undirected"":true}"
EDGE:CLX-SIM-MONDO:0009737-MONDO:0009756,MONDO:0009737,PHENOTYPE_NEIGHBOR,MONDO:0009756,inferred,CLX-SIMDIS,medium,,"Distinctive symptoms overlap and they share a biological process or a mechanism-defined disease class, but the specific mechanism link is weak; needs review.",,,,,,,,,,"Strong symptom overlap and one specific shared process, but weak overall pathway overlap; needs expert review before use.","{""combined_score"":0.5079,""comparison_set"":""lysosomal storage"",""mechanism_score"":0.15,""method"":""disease_similarity_reactome_idf_jaccard_mondo_group_hpo_simgic_v0.4"",""phenotype_percentile"":0.8658,""phenotype_score"":0.1966,""relation_class"":""phenotype_neighbor_weak_mechanism"",""shared_genes"":[],""shared_mondo_class"":[{""id"":""MONDO:0002561"",""label"":""lysosomal storage disease""}],""shared_mondo_group"":[],""shared_pathways"":[{""id"":""R-HSA-9840310"",""label"":""Glycosphingolipid catabolism""}],""shared_phenotypes"":[{""ic"":""6.17"",""id"":""HP:0010729"",""label"":""Cherry red spot of the macula""},{""ic"":""2.95"",""id"":""HP:0001744"",""label"":""Splenomegaly""},{""ic"":""2.66"",""id"":""HP:0002240"",""label"":""Hepatomegaly""},{""ic"":""2.11"",""id"":""HP:0011354"",""label"":""Generalized abnormality of skin""}],""undirected"":true}"
EDGE:CLX-SIM-MONDO:0013379-MONDO:0014113,MONDO:0013379,PHENOTYPE_NEIGHBOR,MONDO:0014113,inferred,CLX-SIMDIS,medium,,"Distinctive symptoms overlap and they share a biological process or a mechanism-defined disease class, but the specific mechanism link is weak; needs review.",,,,,,,,,,"Strong symptom overlap and one specific shared process, but weak overall pathway overlap; needs expert review before use.","{""combined_score"":0.506,""comparison_set"":""RASopathies"",""mechanism_score"":0.2394,""method"":""disease_similarity_reactome_idf_jaccard_mondo_group_hpo_simgic_v0.4"",""phenotype_percentile"":0.7727,""phenotype_score"":0.2562,""relation_class"":""phenotype_neighbor_weak_mechanism"",""shared_genes"":[],""shared_mondo_class"":[{""id"":""MONDO:0021060"",""label"":""RASopathy""}],""shared_mondo_group"":[],""shared_pathways"":[{""id"":""R-HSA-170968"",""label"":""Frs2-mediated activation""},{""id"":""R-HSA-5674499"",""label"":""Negative feedback regulation of MAPK pathway""},{""id"":""R-HSA-5673000"",""label"":""RAF activation""},{""id"":""R-HSA-5674135"",""label"":""MAP2K and MAPK activation""}],""shared_phenotypes"":[{""ic"":""5.49"",""id"":""HP:0002212"",""label"":""Curly hair""},{""ic"":""4.39"",""id"":""HP:0000465"",""label"":""Webbed neck""},{""ic"":""4.22"",""id"":""HP:0000975"",""label"":""Hyperhidrosis""},{""ic"":""4.17"",""id"":""HP:0001642"",""label"":""Pulmonic stenosis""},{""ic"":""3.92"",""id"":""HP:0001639"",""label"":""Hypertrophic cardiomyopathy""},{""ic"":""3.32"",""id"":""HP:0000767"",""label"":""Pectus excavatum""}],""undirected"":true}"
EDGE:CLX-SIM-MONDO:0009261-MONDO:0009757,MONDO:0009261,PHENOTYPE_NEIGHBOR,MONDO:0009757,inferred,CLX-SIMDIS,medium,,"Distinctive symptoms overlap and they share a biological process or a mechanism-defined disease class, but the specific mechanism link is weak; needs review.",,,,,,,,,,"Strong symptom overlap and one specific shared process, but weak overall pathway overlap; needs expert review before use.","{""combined_score"":0.5053,""comparison_set"":""lysosomal storage"",""mechanism_score"":0.15,""method"":""disease_similarity_reactome_idf_jaccard_mondo_group_hpo_simgic_v0.4"",""phenotype_percentile"":0.8605,""phenotype_score"":0.1966,""relation_class"":""phenotype_neighbor_weak_mechanism"",""shared_genes"":[],""shared_mondo_class"":[{""id"":""MONDO:0002561"",""label"":""lysosomal storage disease""}],""shared_mondo_group"":[],""shared_pathways"":[],""shared_phenotypes"":[{""ic"":""7.67"",""id"":""HP:0001982"",""label"":""Sea-blue histiocytosis""},{""ic"":""3.28"",""id"":""HP:0001268"",""label"":""Mental deterioration""},{""ic"":""2.95"",""id"":""HP:0001744"",""label"":""Splenomegaly""},{""ic"":""2.88"",""id"":""HP:0002015"",""label"":""Dysphagia""},{""ic"":""2.86"",""id"":""HP:0001290"",""label"":""Generalized hypotonia""},{""ic"":""2.66"",""id"":""HP:0002240"",""label"":""Hepatomegaly""}],""undirected"":true}"
EDGE:CLX-SIM-MONDO:0009571-MONDO:0011963,MONDO:0009571,PHENOTYPE_NEIGHBOR,MONDO:0011963,inferred,CLX-SIMDIS,medium,,"Distinctive symptoms overlap and they share a biological process or a mechanism-defined disease class, but the specific mechanism link is weak; needs review.",,,,,,,,,,"Strong symptom overlap and one specific shared process, but weak overall pathway overlap; needs expert review before use.","{""combined_score"":0.503,""comparison_set"":""ciliopathies"",""mechanism_score"":0.15,""method"":""disease_similarity_reactome_idf_jaccard_mondo_group_hpo_simgic_v0.4"",""phenotype_percentile"":0.8561,""phenotype_score"":0.1923,""relation_class"":""phenotype_neighbor_weak_mechanism"",""shared_genes"":[],""shared_mondo_class"":[{""id"":""MONDO:0005308"",""label"":""ciliopathy""}],""shared_mondo_group"":[],""shared_pathways"":[{""id"":""R-HSA-5620912"",""label"":""Anchoring of the basal body to the plasma membrane""}],""shared_phenotypes"":[{""ic"":""6.03"",""id"":""HP:0001583"",""label"":""Rotary nystagmus""},{""ic"":""5.42"",""id"":""HP:0002419"",""label"":""Molar tooth sign on MRI""},{""ic"":""5.19"",""id"":""HP:0001830"",""label"":""Postaxial foot polydactyly""},{""ic"":""4.70"",""id"":""HP:0002084"",""label"":""Encephalocele""},{""ic"":""4.40"",""id"":""HP:0001162"",""label"":""Postaxial hand polydactyly""},{""ic"":""3.70"",""id"":""HP:0000107"",""label"":""Renal cyst""}],""undirected"":true}"
EDGE:CLX-SIM-MONDO:0009737-MONDO:0010006,MONDO:0009737,PHENOTYPE_NEIGHBOR,MONDO:0010006,inferred,CLX-SIMDIS,medium,,"Distinctive symptoms overlap and they share a biological process or a mechanism-defined disease class, but the specific mechanism link is weak; needs review.",,,,,,,,,,"Strong symptom overlap and one specific shared process, but weak overall pathway overlap; needs expert review before use.","{""combined_score"":0.5026,""comparison_set"":""lysosomal storage"",""mechanism_score"":0.15,""method"":""disease_similarity_reactome_idf_jaccard_mondo_group_hpo_simgic_v0.4"",""phenotype_percentile"":0.8553,""phenotype_score"":0.1956,""relation_class"":""phenotype_neighbor_weak_mechanism"",""shared_genes"":[],""shared_mondo_class"":[{""id"":""MONDO:0002561"",""label"":""lysosomal storage disease""}],""shared_mondo_group"":[],""shared_pathways"":[{""id"":""R-HSA-6798695"",""label"":""Neutrophil degranulation""},{""id"":""R-HSA-9840310"",""label"":""Glycosphingolipid catabolism""}],""shared_phenotypes"":[{""ic"":""6.17"",""id"":""HP:0010729"",""label"":""Cherry red spot of the macula""},{""ic"":""4.23"",""id"":""HP:0001433"",""label"":""Hepatosplenomegaly""},{""ic"":""3.63"",""id"":""HP:0000280"",""label"":""Coarse facial features""}],""undirected"":true}"
EDGE:CLX-SIM-MONDO:0009499-MONDO:0009591,MONDO:0009499,PHENOTYPE_NEIGHBOR,MONDO:0009591,inferred,CLX-SIMDIS,medium,,"Distinctive symptoms overlap and they share a biological process or a mechanism-defined disease class, but the specific mechanism link is weak; needs review.",,,,,,,,,,"Strong symptom overlap and one specific shared process, but weak overall pathway overlap; needs expert review before use.","{""combined_score"":0.5,""comparison_set"":""lysosomal storage"",""mechanism_score"":0.15,""method"":""disease_similarity_reactome_idf_jaccard_mondo_group_hpo_simgic_v0.4"",""phenotype_percentile"":0.85,""phenotype_score"":0.194,""relation_class"":""phenotype_neighbor_weak_mechanism"",""shared_genes"":[],""shared_mondo_class"":[{""id"":""MONDO:0002561"",""label"":""lysosomal storage disease""}],""shared_mondo_group"":[],""shared_pathways"":[{""id"":""R-HSA-9840310"",""label"":""Glycosphingolipid catabolism""}],""shared_phenotypes"":[{""ic"":""5.35"",""id"":""HP:0011096"",""label"":""Peripheral demyelination""},{""ic"":""4.33"",""id"":""HP:0000762"",""label"":""Decreased nerve conduction velocity""},{""ic"":""3.28"",""id"":""HP:0001268"",""label"":""Mental deterioration""},{""ic"":""3.01"",""id"":""HP:0000648"",""label"":""Optic atrophy""},{""ic"":""2.84"",""id"":""HP:0009830"",""label"":""Peripheral neuropathy""},{""ic"":""2.58"",""id"":""HP:0001347"",""label"":""Hyperreflexia""}],""undirected"":true}"
EDGE:CLX-SIM-MONDO:0012690-MONDO:0100082,MONDO:0012690,PHENOTYPE_NEIGHBOR,MONDO:0100082,inferred,CLX-SIMDIS,medium,,"Distinctive symptoms overlap and they share a biological process or a mechanism-defined disease class, but the specific mechanism link is weak; needs review.",,,,,,,,,,"Strong symptom overlap and one specific shared process, but weak overall pathway overlap; needs expert review before use.","{""combined_score"":0.4977,""comparison_set"":""RASopathies"",""mechanism_score"":0.15,""method"":""disease_similarity_reactome_idf_jaccard_mondo_group_hpo_simgic_v0.4"",""phenotype_percentile"":0.8455,""phenotype_score"":0.2787,""relation_class"":""phenotype_neighbor_weak_mechanism"",""shared_genes"":[],""shared_mondo_class"":[{""id"":""MONDO:0021060"",""label"":""RASopathy""}],""shared_mondo_group"":[],""shared_pathways"":[],""shared_phenotypes"":[{""ic"":""6.28"",""id"":""HP:0001003"",""label"":""Multiple lentigines""},{""ic"":""5.01"",""id"":""HP:0002967"",""label"":""Cubitus valgus""},{""ic"":""4.39"",""id"":""HP:0000465"",""label"":""Webbed neck""},{""ic"":""4.34"",""id"":""HP:0000957"",""label"":""Cafe-au-lait spot""},{""ic"":""4.17"",""id"":""HP:0001642"",""label"":""Pulmonic stenosis""},{""ic"":""3.92"",""id"":""HP:0001639"",""label"":""Hypertrophic cardiomyopathy""}],""undirected"":true}"
EDGE:CLX-SIM-MONDO:0009591-MONDO:0010099,MONDO:0009591,PHENOTYPE_NEIGHBOR,MONDO:0010099,inferred,CLX-SIMDIS,medium,,"Distinctive symptoms overlap and they share a biological process or a mechanism-defined disease class, but the specific mechanism link is weak; needs review.",,,,,,,,,,"Strong symptom overlap and one specific shared process, but weak overall pathway overlap; needs expert review before use.","{""combined_score"":0.4974,""comparison_set"":""lysosomal storage"",""mechanism_score"":0.15,""method"":""disease_similarity_reactome_idf_jaccard_mondo_group_hpo_simgic_v0.4"",""phenotype_percentile"":0.8447,""phenotype_score"":0.1933,""relation_class"":""phenotype_neighbor_weak_mechanism"",""shared_genes"":[],""shared_mondo_class"":[{""id"":""MONDO:0002561"",""label"":""lysosomal storage disease""}],""shared_mondo_group"":[],""shared_pathways"":[{""id"":""R-HSA-6798695"",""label"":""Neutrophil degranulation""},{""id"":""R-HSA-9840310"",""label"":""Glycosphingolipid catabolism""}],""shared_phenotypes"":[{""ic"":""5.85"",""id"":""HP:0002371"",""label"":""Loss of speech""},{""ic"":""4.14"",""id"":""HP:0030182"",""label"":""Tetraplegia/tetraparesis""},{""ic"":""3.77"",""id"":""HP:0002072"",""label"":""Chorea""},{""ic"":""3.28"",""id"":""HP:0001268"",""label"":""Mental deterioration""},{""ic"":""3.05"",""id"":""HP:0007256"",""label"":""Abnormal pyramidal sign""},{""ic"":""2.99"",""id"":""HP:0034353"",""label"":""Appendicular spasticity""}],""undirected"":true}"
EDGE:CLX-SIM-MONDO:0008763-MONDO:0008854,MONDO:0008763,PHENOTYPE_NEIGHBOR,MONDO:0008854,inferred,CLX-SIMDIS,medium,,"Distinctive symptoms overlap and they share a biological process or a mechanism-defined disease class, but the specific mechanism link is weak; needs review.",,,,,,,,,,"Strong symptom overlap and one specific shared process, but weak overall pathway overlap; needs expert review before use.","{""combined_score"":0.4955,""comparison_set"":""ciliopathies"",""mechanism_score"":0.15,""method"":""disease_similarity_reactome_idf_jaccard_mondo_group_hpo_simgic_v0.4"",""phenotype_percentile"":0.8409,""phenotype_score"":0.1908,""relation_class"":""phenotype_neighbor_weak_mechanism"",""shared_genes"":[],""shared_mondo_class"":[{""id"":""MONDO:0005308"",""label"":""ciliopathy""}],""shared_mondo_group"":[],""shared_pathways"":[],""shared_phenotypes"":[{""ic"":""5.30"",""id"":""HP:0001956"",""label"":""Truncal obesity""},{""ic"":""5.08"",""id"":""HP:0000873"",""label"":""Diabetes insipidus""},{""ic"":""4.79"",""id"":""HP:0007843"",""label"":""Attenuation of retinal blood vessels""},{""ic"":""4.65"",""id"":""HP:0001133"",""label"":""Constriction of peripheral visual field""},{""ic"":""4.47"",""id"":""HP:0002099"",""label"":""Asthma""},{""ic"":""4.12"",""id"":""HP:0000580"",""label"":""Pigmentary retinopathy""}],""undirected"":true}"
EDGE:CLX-SIM-MONDO:0009218-MONDO:0009262,MONDO:0009218,PHENOTYPE_NEIGHBOR,MONDO:0009262,inferred,CLX-SIMDIS,medium,,"Distinctive symptoms overlap and they share a biological process or a mechanism-defined disease class, but the specific mechanism link is weak; needs review.",,,,,,,,,,"Strong symptom overlap and one specific shared process, but weak overall pathway overlap; needs expert review before use.","{""combined_score"":0.4947,""comparison_set"":""lysosomal storage"",""mechanism_score"":0.15,""method"":""disease_similarity_reactome_idf_jaccard_mondo_group_hpo_simgic_v0.4"",""phenotype_percentile"":0.8395,""phenotype_score"":0.1924,""relation_class"":""phenotype_neighbor_weak_mechanism"",""shared_genes"":[],""shared_mondo_class"":[{""id"":""MONDO:0002561"",""label"":""lysosomal storage disease""}],""shared_mondo_group"":[],""shared_pathways"":[{""id"":""R-HSA-6798695"",""label"":""Neutrophil degranulation""},{""id"":""R-HSA-9840310"",""label"":""Glycosphingolipid catabolism""}],""shared_phenotypes"":[{""ic"":""6.17"",""id"":""HP:0010729"",""label"":""Cherry red spot of the macula""},{""ic"":""2.95"",""id"":""HP:0001744"",""label"":""Splenomegaly""},{""ic"":""2.66"",""id"":""HP:0002240"",""label"":""Hepatomegaly""},{""ic"":""2.43"",""id"":""HP:0100491"",""label"":""Abnormality of lower limb joint""}],""undirected"":true}"
EDGE:CLX-SIM-MONDO:0009660-MONDO:0009738,MONDO:0009660,MECHANISM_NEIGHBOR,MONDO:0009738,inferred,CLX-SIMDIS,low,,"Different genes in the same pathways, but the symptom patterns differ.",,,,,,,,,,Pathway overlap is computed from Reactome membership of the causal genes. It suggests a shared biological process to investigate; it is not evidence that a therapy transfers.,"{""combined_score"":0.4945,""comparison_set"":""lysosomal storage"",""mechanism_score"":0.4443,""method"":""disease_similarity_reactome_idf_jaccard_mondo_group_hpo_simgic_v0.4"",""phenotype_percentile"":0.5447,""phenotype_score"":0.1165,""relation_class"":""mechanism_neighbor_different_presentation"",""shared_genes"":[],""shared_mondo_class"":[{""id"":""MONDO:0002561"",""label"":""lysosomal storage disease""}],""shared_mondo_group"":[],""shared_pathways"":[{""id"":""R-HSA-4085001"",""label"":""Sialic acid metabolism""},{""id"":""R-HSA-6798695"",""label"":""Neutrophil degranulation""},{""id"":""R-HSA-9840310"",""label"":""Glycosphingolipid catabolism""}],""shared_phenotypes"":[{""ic"":""5.77"",""id"":""HP:0000943"",""label"":""Dysostosis multiplex""},{""ic"":""3.63"",""id"":""HP:0000280"",""label"":""Coarse facial features""},{""ic"":""3.42"",""id"":""HP:0005930"",""label"":""Abnormal epiphysis morphology""},{""ic"":""3.39"",""id"":""HP:0000023"",""label"":""Inguinal hernia""},{""ic"":""2.95"",""id"":""HP:0011004"",""label"":""Abnormal systemic arterial morphology""},{""ic"":""2.66"",""id"":""HP:0002240"",""label"":""Hepatomegaly""}],""undirected"":true}"
EDGE:CLX-SIM-MONDO:0009738-MONDO:0010100,MONDO:0009738,PHENOTYPE_NEIGHBOR,MONDO:0010100,inferred,CLX-SIMDIS,medium,,"Distinctive symptoms overlap and they share a biological process or a mechanism-defined disease class, but the specific mechanism link is weak; needs review.",,,,,,,,,,"Strong symptom overlap and one specific shared process, but weak overall pathway overlap; needs expert review before use.","{""combined_score"":0.4921,""comparison_set"":""lysosomal storage"",""mechanism_score"":0.15,""method"":""disease_similarity_reactome_idf_jaccard_mondo_group_hpo_simgic_v0.4"",""phenotype_percentile"":0.8342,""phenotype_score"":0.1865,""relation_class"":""phenotype_neighbor_weak_mechanism"",""shared_genes"":[],""shared_mondo_class"":[{""id"":""MONDO:0002561"",""label"":""lysosomal storage disease""}],""shared_mondo_group"":[],""shared_pathways"":[{""id"":""R-HSA-9840310"",""label"":""Glycosphingolipid catabolism""}],""shared_phenotypes"":[{""ic"":""6.17"",""id"":""HP:0010729"",""label"":""Cherry red spot of the macula""},{""ic"":""2.86"",""id"":""HP:0001290"",""label"":""Generalized hypotonia""},{""ic"":""2.17"",""id"":""HP:0000505"",""label"":""Visual impairment""},{""ic"":""2.08"",""id"":""HP:0001324"",""label"":""Muscle weakness""}],""undirected"":true}"
EDGE:CLX-SIM-MONDO:0009261-MONDO:0009267,MONDO:0009261,PHENOTYPE_NEIGHBOR,MONDO:0009267,inferred,CLX-SIMDIS,medium,,"Distinctive symptoms overlap and they share a biological process or a mechanism-defined disease class, but the specific mechanism link is weak; needs review.",,,,,,,,,,"Strong symptom overlap and one specific shared process, but weak overall pathway overlap; needs expert review before use.","{""combined_score"":0.4895,""comparison_set"":""lysosomal storage"",""mechanism_score"":0.15,""method"":""disease_similarity_reactome_idf_jaccard_mondo_group_hpo_simgic_v0.4"",""phenotype_percentile"":0.8289,""phenotype_score"":0.1847,""relation_class"":""phenotype_neighbor_weak_mechanism"",""shared_genes"":[],""shared_mondo_class"":[{""id"":""MONDO:0002561"",""label"":""lysosomal storage disease""}],""shared_mondo_group"":[],""shared_pathways"":[{""id"":""R-HSA-9840310"",""label"":""Glycosphingolipid catabolism""}],""shared_phenotypes"":[{""ic"":""5.06"",""id"":""HP:0002344"",""label"":""Progressive neurologic deterioration""},{""ic"":""4.53"",""id"":""HP:0002123"",""label"":""Generalized myoclonic seizure""},{""ic"":""2.99"",""id"":""HP:0034353"",""label"":""Appendicular spasticity""},{""ic"":""2.95"",""id"":""HP:0001744"",""label"":""Splenomegaly""},{""ic"":""2.66"",""id"":""HP:0002240"",""label"":""Hepatomegaly""},{""ic"":""2.25"",""id"":""HP:0033353"",""label"":""Abnormal blood vessel morphology""}],""undirected"":true}"
EDGE:CLX-SIM-MONDO:0012690-MONDO:0014113,MONDO:0012690,PHENOTYPE_NEIGHBOR,MONDO:0014113,inferred,CLX-SIMDIS,medium,,"Distinctive symptoms overlap and they share a biological process or a mechanism-defined disease class, but the specific mechanism link is weak; needs review.",,,,,,,,,,"Strong symptom overlap and one specific shared process, but weak overall pathway overlap; needs expert review before use.","{""combined_score"":0.4886,""comparison_set"":""RASopathies"",""mechanism_score"":0.15,""method"":""disease_similarity_reactome_idf_jaccard_mondo_group_hpo_simgic_v0.4"",""phenotype_percentile"":0.8273,""phenotype_score"":0.2752,""relation_class"":""phenotype_neighbor_weak_mechanism"",""shared_genes"":[],""shared_mondo_class"":[{""id"":""MONDO:0021060"",""label"":""RASopathy""}],""shared_mondo_group"":[],""shared_pathways"":[{""id"":""R-HSA-5674499"",""label"":""Negative feedback regulation of MAPK pathway""},{""id"":""R-HSA-5673000"",""label"":""RAF activation""},{""id"":""R-HSA-5674135"",""label"":""MAP2K and MAPK activation""}],""shared_phenotypes"":[{""ic"":""5.61"",""id"":""HP:0032152"",""label"":""Keratosis pilaris""},{""ic"":""5.49"",""id"":""HP:0002212"",""label"":""Curly hair""},{""ic"":""4.39"",""id"":""HP:0000465"",""label"":""Webbed neck""},{""ic"":""4.17"",""id"":""HP:0001642"",""label"":""Pulmonic stenosis""},{""ic"":""3.92"",""id"":""HP:0001639"",""label"":""Hypertrophic cardiomyopathy""},{""ic"":""3.75"",""id"":""HP:0000154"",""label"":""Wide mouth""}],""undirected"":true}"
EDGE:CLX-SIM-MONDO:0008944-MONDO:0009571,MONDO:0008944,PHENOTYPE_NEIGHBOR,MONDO:0009571,inferred,CLX-SIMDIS,medium,,"Distinctive symptoms overlap and they share a biological process or a mechanism-defined disease class, but the specific mechanism link is weak; needs review.",,,,,,,,,,"Strong symptom overlap and one specific shared process, but weak overall pathway overlap; needs expert review before use.","{""combined_score"":0.4879,""comparison_set"":""ciliopathies"",""mechanism_score"":0.15,""method"":""disease_similarity_reactome_idf_jaccard_mondo_group_hpo_simgic_v0.4"",""phenotype_percentile"":0.8258,""phenotype_score"":0.1792,""relation_class"":""phenotype_neighbor_weak_mechanism"",""shared_genes"":[],""shared_mondo_class"":[{""id"":""MONDO:0005308"",""label"":""ciliopathy""}],""shared_mondo_group"":[],""shared_pathways"":[],""shared_phenotypes"":[{""ic"":""5.42"",""id"":""HP:0002419"",""label"":""Molar tooth sign on MRI""},{""ic"":""5.19"",""id"":""HP:0001830"",""label"":""Postaxial foot polydactyly""},{""ic"":""4.70"",""id"":""HP:0025336"",""label"":""Delayed ability to sit""},{""ic"":""4.40"",""id"":""HP:0001162"",""label"":""Postaxial hand polydactyly""},{""ic"":""3.70"",""id"":""HP:0000107"",""label"":""Renal cyst""},{""ic"":""3.65"",""id"":""HP:0000589"",""label"":""Coloboma""}],""undirected"":true}"
EDGE:CLX-SIM-MONDO:0009260-MONDO:0009756,MONDO:0009260,PHENOTYPE_NEIGHBOR,MONDO:0009756,inferred,CLX-SIMDIS,medium,,"Distinctive symptoms overlap and they share a biological process or a mechanism-defined disease class, but the specific mechanism link is weak; needs review.",,,,,,,,,,"Strong symptom overlap and one specific shared process, but weak overall pathway overlap; needs expert review before use.","{""combined_score"":0.4868,""comparison_set"":""lysosomal storage"",""mechanism_score"":0.15,""method"":""disease_similarity_reactome_idf_jaccard_mondo_group_hpo_simgic_v0.4"",""phenotype_percentile"":0.8237,""phenotype_score"":0.1826,""relation_class"":""phenotype_neighbor_weak_mechanism"",""shared_genes"":[],""shared_mondo_class"":[{""id"":""MONDO:0002561"",""label"":""lysosomal storage disease""}],""shared_mondo_group"":[],""shared_pathways"":[{""id"":""R-HSA-9840310"",""label"":""Glycosphingolipid catabolism""}],""shared_phenotypes"":[{""ic"":""6.17"",""id"":""HP:0010729"",""label"":""Cherry red spot of the macula""},{""ic"":""2.95"",""id"":""HP:0001744"",""label"":""Splenomegaly""},{""ic"":""2.66"",""id"":""HP:0001881"",""label"":""Abnormal leukocyte morphology""},{""ic"":""2.66"",""id"":""HP:0002240"",""label"":""Hepatomegaly""},{""ic"":""2.11"",""id"":""HP:0011354"",""label"":""Generalized abnormality of skin""},{""ic"":""2.01"",""id"":""HP:0001276"",""label"":""Hypertonia""}],""undirected"":true}"
EDGE:CLX-SIM-MONDO:0009262-MONDO:0009757,MONDO:0009262,PHENOTYPE_NEIGHBOR,MONDO:0009757,inferred,CLX-SIMDIS,medium,,"Distinctive symptoms overlap and they share a biological process or a mechanism-defined disease class, but the specific mechanism link is weak; needs review.",,,,,,,,,,"Strong symptom overlap and one specific shared process, but weak overall pathway overlap; needs expert review before use.","{""combined_score"":0.4842,""comparison_set"":""lysosomal storage"",""mechanism_score"":0.15,""method"":""disease_similarity_reactome_idf_jaccard_mondo_group_hpo_simgic_v0.4"",""phenotype_percentile"":0.8184,""phenotype_score"":0.1822,""relation_class"":""phenotype_neighbor_weak_mechanism"",""shared_genes"":[],""shared_mondo_class"":[{""id"":""MONDO:0002561"",""label"":""lysosomal storage disease""}],""shared_mondo_group"":[],""shared_pathways"":[],""shared_phenotypes"":[{""ic"":""6.33"",""id"":""HP:0003651"",""label"":""Foam cells""},{""ic"":""2.95"",""id"":""HP:0001744"",""label"":""Splenomegaly""},{""ic"":""2.83"",""id"":""HP:0001332"",""label"":""Dystonia""},{""ic"":""2.76"",""id"":""HP:0001260"",""label"":""Dysarthria""},{""ic"":""2.66"",""id"":""HP:0002240"",""label"":""Hepatomegaly""},{""ic"":""2.45"",""id"":""HP:0007367"",""label"":""Atrophy/Degeneration affecting the central nervous system""}],""undirected"":true}"
EDGE:CLX-SIM-MONDO:0009261-MONDO:0009266,MONDO:0009261,PHENOTYPE_NEIGHBOR,MONDO:0009266,inferred,CLX-SIMDIS,medium,,"Distinctive symptoms overlap and they share a biological process or a mechanism-defined disease class, but the specific mechanism link is weak; needs review.",,,,,,,,,,"Strong symptom overlap and one specific shared process, but weak overall pathway overlap; needs expert review before use.","{""combined_score"":0.4816,""comparison_set"":""lysosomal storage"",""mechanism_score"":0.15,""method"":""disease_similarity_reactome_idf_jaccard_mondo_group_hpo_simgic_v0.4"",""phenotype_percentile"":0.8132,""phenotype_score"":0.1792,""relation_class"":""phenotype_neighbor_weak_mechanism"",""shared_genes"":[],""shared_mondo_class"":[{""id"":""MONDO:0002561"",""label"":""lysosomal storage disease""}],""shared_mondo_group"":[],""shared_pathways"":[{""id"":""R-HSA-9840310"",""label"":""Glycosphingolipid catabolism""}],""shared_phenotypes"":[{""ic"":""5.06"",""id"":""HP:0002344"",""label"":""Progressive neurologic deterioration""},{""ic"":""2.95"",""id"":""HP:0001744"",""label"":""Splenomegaly""},{""ic"":""2.88"",""id"":""HP:0002015"",""label"":""Dysphagia""},{""ic"":""2.80"",""id"":""HP:0002059"",""label"":""Cerebral atrophy""},{""ic"":""2.66"",""id"":""HP:0002240"",""label"":""Hepatomegaly""},{""ic"":""2.62"",""id"":""HP:0030962"",""label"":""Abnormal morphology of the great vessels""}],""undirected"":true}"
EDGE:CLX-SIM-MONDO:0011963-MONDO:0014432,MONDO:0011963,PHENOTYPE_NEIGHBOR,MONDO:0014432,inferred,CLX-SIMDIS,medium,,"Distinctive symptoms overlap and they share a biological process or a mechanism-defined disease class, but the specific mechanism link is weak; needs review.",,,,,,,,,,"Strong symptom overlap and one specific shared process, but weak overall pathway overlap; needs expert review before use.","{""combined_score"":0.4803,""comparison_set"":""ciliopathies"",""mechanism_score"":0.15,""method"":""disease_similarity_reactome_idf_jaccard_mondo_group_hpo_simgic_v0.4"",""phenotype_percentile"":0.8106,""phenotype_score"":0.1761,""relation_class"":""phenotype_neighbor_weak_mechanism"",""shared_genes"":[],""shared_mondo_class"":[{""id"":""MONDO:0005308"",""label"":""ciliopathy""}],""shared_mondo_group"":[],""shared_pathways"":[],""shared_phenotypes"":[{""ic"":""5.19"",""id"":""HP:0001830"",""label"":""Postaxial foot polydactyly""},{""ic"":""4.40"",""id"":""HP:0001162"",""label"":""Postaxial hand polydactyly""},{""ic"":""3.70"",""id"":""HP:0000107"",""label"":""Renal cyst""},{""ic"":""3.50"",""id"":""HP:0000556"",""label"":""Retinal dystrophy""},{""ic"":""3.19"",""id"":""HP:0000083"",""label"":""Renal insufficiency""},{""ic"":""3.11"",""id"":""HP:0000050"",""label"":""Hypoplastic male external genitalia""}],""undirected"":true}"
EDGE:CLX-SIM-MONDO:0009266-MONDO:0009757,MONDO:0009266,PHENOTYPE_NEIGHBOR,MONDO:0009757,inferred,CLX-SIMDIS,medium,,"Distinctive symptoms overlap and they share a biological process or a mechanism-defined disease class, but the specific mechanism link is weak; needs review.",,,,,,,,,,"Strong symptom overlap and one specific shared process, but weak overall pathway overlap; needs expert review before use.","{""combined_score"":0.4789,""comparison_set"":""lysosomal storage"",""mechanism_score"":0.15,""method"":""disease_similarity_reactome_idf_jaccard_mondo_group_hpo_simgic_v0.4"",""phenotype_percentile"":0.8079,""phenotype_score"":0.1757,""relation_class"":""phenotype_neighbor_weak_mechanism"",""shared_genes"":[],""shared_mondo_class"":[{""id"":""MONDO:0002561"",""label"":""lysosomal storage disease""}],""shared_mondo_group"":[],""shared_pathways"":[],""shared_phenotypes"":[{""ic"":""3.28"",""id"":""HP:0001268"",""label"":""Mental deterioration""},{""ic"":""2.95"",""id"":""HP:0001744"",""label"":""Splenomegaly""},{""ic"":""2.95"",""id"":""HP:0011004"",""label"":""Abnormal systemic arterial morphology""},{""ic"":""2.88"",""id"":""HP:0002015"",""label"":""Dysphagia""},{""ic"":""2.66"",""id"":""HP:0002240"",""label"":""Hepatomegaly""},{""ic"":""2.45"",""id"":""HP:0007367"",""label"":""Atrophy/Degeneration affecting the central nervous system""}],""undirected"":true}"
EDGE:CLX-SIM-MONDO:0009218-MONDO:0009738,MONDO:0009218,PHENOTYPE_NEIGHBOR,MONDO:0009738,inferred,CLX-SIMDIS,medium,,"Distinctive symptoms overlap and they share a biological process or a mechanism-defined disease class, but the specific mechanism link is weak; needs review.",,,,,,,,,,"Strong symptom overlap and one specific shared process, but weak overall pathway overlap; needs expert review before use.","{""combined_score"":0.4763,""comparison_set"":""lysosomal storage"",""mechanism_score"":0.15,""method"":""disease_similarity_reactome_idf_jaccard_mondo_group_hpo_simgic_v0.4"",""phenotype_percentile"":0.8026,""phenotype_score"":0.1726,""relation_class"":""phenotype_neighbor_weak_mechanism"",""shared_genes"":[],""shared_mondo_class"":[{""id"":""MONDO:0002561"",""label"":""lysosomal storage disease""}],""shared_mondo_group"":[],""shared_pathways"":[{""id"":""R-HSA-6798695"",""label"":""Neutrophil degranulation""},{""id"":""R-HSA-9840310"",""label"":""Glycosphingolipid catabolism""}],""shared_phenotypes"":[{""ic"":""6.17"",""id"":""HP:0010729"",""label"":""Cherry red spot of the macula""},{""ic"":""2.95"",""id"":""HP:0001744"",""label"":""Splenomegaly""},{""ic"":""2.66"",""id"":""HP:0002240"",""label"":""Hepatomegaly""},{""ic"":""2.44"",""id"":""HP:0003330"",""label"":""Abnormal bone structure""}],""undirected"":true}"
EDGE:CLX-SIM-MONDO:0009499-MONDO:0010079,MONDO:0009499,PHENOTYPE_LOOKALIKE,MONDO:0010079,inferred,CLX-SIMDIS,low,,"Symptoms overlap, but there is no shared gene, only broad biological processes in common and no shared mechanism class: treat as a look-alike, not a research neighbor.",,,,,,,,,,"Counterexample: symptoms overlap, but the diseases share no gene and only broad biological processes (pathways most of the panel's genes take part in). Do not treat as a research neighbor on symptoms alone.","{""combined_score"":0.4697,""comparison_set"":""lysosomal storage"",""mechanism_score"":0.0,""method"":""disease_similarity_reactome_idf_jaccard_mondo_group_hpo_simgic_v0.4"",""phenotype_percentile"":0.9395,""phenotype_score"":0.2311,""relation_class"":""phenotype_lookalike_different_mechanism"",""shared_genes"":[],""shared_mondo_class"":[],""shared_mondo_group"":[],""shared_pathways"":[],""shared_phenotypes"":[{""ic"":""5.38"",""id"":""HP:0007305"",""label"":""CNS demyelination""},{""ic"":""4.15"",""id"":""HP:0000618"",""label"":""Blindness""},{""ic"":""3.44"",""id"":""HP:0002376"",""label"":""Developmental regression""},{""ic"":""3.01"",""id"":""HP:0000648"",""label"":""Optic atrophy""},{""ic"":""2.99"",""id"":""HP:0002353"",""label"":""EEG abnormality""},{""ic"":""2.59"",""id"":""HP:0012444"",""label"":""Brain atrophy""}],""undirected"":true}"
EDGE:CLX-SIM-MONDO:0009267-MONDO:0010006,MONDO:0009267,PHENOTYPE_NEIGHBOR,MONDO:0010006,inferred,CLX-SIMDIS,medium,,"Distinctive symptoms overlap and they share a biological process or a mechanism-defined disease class, but the specific mechanism link is weak; needs review.",,,,,,,,,,"Strong symptom overlap and one specific shared process, but weak overall pathway overlap; needs expert review before use.","{""combined_score"":0.4684,""comparison_set"":""lysosomal storage"",""mechanism_score"":0.15,""method"":""disease_similarity_reactome_idf_jaccard_mondo_group_hpo_simgic_v0.4"",""phenotype_percentile"":0.7868,""phenotype_score"":0.1682,""relation_class"":""phenotype_neighbor_weak_mechanism"",""shared_genes"":[],""shared_mondo_class"":[{""id"":""MONDO:0002561"",""label"":""lysosomal storage disease""}],""shared_mondo_group"":[],""shared_pathways"":[{""id"":""R-HSA-9840310"",""label"":""Glycosphingolipid catabolism""}],""shared_phenotypes"":[{""ic"":""5.06"",""id"":""HP:0002344"",""label"":""Progressive neurologic deterioration""},{""ic"":""3.78"",""id"":""HP:0032794"",""label"":""Myoclonic seizure""},{""ic"":""2.95"",""id"":""HP:0001744"",""label"":""Splenomegaly""},{""ic"":""2.66"",""id"":""HP:0002240"",""label"":""Hepatomegaly""},{""ic"":""2.27"",""id"":""HP:0001257"",""label"":""Spasticity""},{""ic"":""2.25"",""id"":""HP:0033353"",""label"":""Abnormal blood vessel morphology""}],""undirected"":true}"
EDGE:CLX-SIM-MONDO:0009499-MONDO:0010099,MONDO:0009499,PHENOTYPE_NEIGHBOR,MONDO:0010099,inferred,CLX-SIMDIS,medium,,"Distinctive symptoms overlap and they share a biological process or a mechanism-defined disease class, but the specific mechanism link is weak; needs review.",,,,,,,,,,"Strong symptom overlap and one specific shared process, but weak overall pathway overlap; needs expert review before use.","{""combined_score"":0.4658,""comparison_set"":""lysosomal storage"",""mechanism_score"":0.15,""method"":""disease_similarity_reactome_idf_jaccard_mondo_group_hpo_simgic_v0.4"",""phenotype_percentile"":0.7816,""phenotype_score"":0.1675,""relation_class"":""phenotype_neighbor_weak_mechanism"",""shared_genes"":[],""shared_mondo_class"":[{""id"":""MONDO:0002561"",""label"":""lysosomal storage disease""}],""shared_mondo_group"":[],""shared_pathways"":[{""id"":""R-HSA-9840310"",""label"":""Glycosphingolipid catabolism""}],""shared_phenotypes"":[{""ic"":""5.53"",""id"":""HP:0002180"",""label"":""Neurodegeneration""},{""ic"":""4.15"",""id"":""HP:0000618"",""label"":""Blindness""},{""ic"":""3.53"",""id"":""HP:0008936"",""label"":""Axial hypotonia""},{""ic"":""3.28"",""id"":""HP:0001268"",""label"":""Mental deterioration""},{""ic"":""2.80"",""id"":""HP:0002059"",""label"":""Cerebral atrophy""},{""ic"":""2.58"",""id"":""HP:0001347"",""label"":""Hyperreflexia""}],""undirected"":true}"
EDGE:CLX-SIM-MONDO:0009218-MONDO:0009260,MONDO:0009218,PHENOTYPE_NEIGHBOR,MONDO:0009260,inferred,CLX-SIMDIS,medium,,"Distinctive symptoms overlap and they share a biological process or a mechanism-defined disease class, but the specific mechanism link is weak; needs review.",,,,,,,,,,"Strong symptom overlap and one specific shared process, but weak overall pathway overlap; needs expert review before use.","{""combined_score"":0.4632,""comparison_set"":""lysosomal storage"",""mechanism_score"":0.15,""method"":""disease_similarity_reactome_idf_jaccard_mondo_group_hpo_simgic_v0.4"",""phenotype_percentile"":0.7763,""phenotype_score"":0.1666,""relation_class"":""phenotype_neighbor_weak_mechanism"",""shared_genes"":[],""shared_mondo_class"":[{""id"":""MONDO:0002561"",""label"":""lysosomal storage disease""}],""shared_mondo_group"":[],""shared_pathways"":[{""id"":""R-HSA-6798695"",""label"":""Neutrophil degranulation""},{""id"":""R-HSA-9840310"",""label"":""Glycosphingolipid catabolism""}],""shared_phenotypes"":[{""ic"":""6.17"",""id"":""HP:0010729"",""label"":""Cherry red spot of the macula""},{""ic"":""3.03"",""id"":""HP:0001376"",""label"":""Limitation of joint mobility""},{""ic"":""2.95"",""id"":""HP:0001744"",""label"":""Splenomegaly""},{""ic"":""2.66"",""id"":""HP:0002240"",""label"":""Hepatomegaly""}],""undirected"":true}"
EDGE:CLX-SIM-MONDO:0009266-MONDO:0009499,MONDO:0009266,PHENOTYPE_NEIGHBOR,MONDO:0009499,inferred,CLX-SIMDIS,medium,,"Distinctive symptoms overlap and they share a biological process or a mechanism-defined disease class, but the specific mechanism link is weak; needs review.",,,,,,,,,,"Strong symptom overlap and one specific shared process, but weak overall pathway overlap; needs expert review before use.","{""combined_score"":0.4605,""comparison_set"":""lysosomal storage"",""mechanism_score"":0.15,""method"":""disease_similarity_reactome_idf_jaccard_mondo_group_hpo_simgic_v0.4"",""phenotype_percentile"":0.7711,""phenotype_score"":0.1635,""relation_class"":""phenotype_neighbor_weak_mechanism"",""shared_genes"":[],""shared_mondo_class"":[{""id"":""MONDO:0002561"",""label"":""lysosomal storage disease""}],""shared_mondo_group"":[],""shared_pathways"":[{""id"":""R-HSA-9840310"",""label"":""Glycosphingolipid catabolism""}],""shared_phenotypes"":[{""ic"":""4.02"",""id"":""HP:0002063"",""label"":""Rigidity""},{""ic"":""3.28"",""id"":""HP:0001268"",""label"":""Mental deterioration""},{""ic"":""3.20"",""id"":""HP:0001873"",""label"":""Thrombocytopenia""},{""ic"":""2.80"",""id"":""HP:0002059"",""label"":""Cerebral atrophy""},{""ic"":""2.58"",""id"":""HP:0001347"",""label"":""Hyperreflexia""},{""ic"":""2.35"",""id"":""HP:0001508"",""label"":""Failure to thrive""}],""undirected"":true}"
EDGE:CLX-SIM-MONDO:0008854-MONDO:0011963,MONDO:0008854,PHENOTYPE_NEIGHBOR,MONDO:0011963,inferred,CLX-SIMDIS,medium,,"Distinctive symptoms overlap and they share a biological process or a mechanism-defined disease class, but the specific mechanism link is weak; needs review.",,,,,,,,,,"Strong symptom overlap and one specific shared process, but weak overall pathway overlap; needs expert review before use.","{""combined_score"":0.4576,""comparison_set"":""ciliopathies"",""mechanism_score"":0.15,""method"":""disease_similarity_reactome_idf_jaccard_mondo_group_hpo_simgic_v0.4"",""phenotype_percentile"":0.7652,""phenotype_score"":0.1607,""relation_class"":""phenotype_neighbor_weak_mechanism"",""shared_genes"":[],""shared_mondo_class"":[{""id"":""MONDO:0005308"",""label"":""ciliopathy""}],""shared_mondo_group"":[],""shared_pathways"":[],""shared_phenotypes"":[{""ic"":""5.19"",""id"":""HP:0001830"",""label"":""Postaxial foot polydactyly""},{""ic"":""4.40"",""id"":""HP:0001162"",""label"":""Postaxial hand polydactyly""},{""ic"":""3.50"",""id"":""HP:0000556"",""label"":""Retinal dystrophy""},{""ic"":""3.11"",""id"":""HP:0000050"",""label"":""Hypoplastic male external genitalia""},{""ic"":""2.97"",""id"":""HP:0000256"",""label"":""Macrocephaly""},{""ic"":""2.48"",""id"":""HP:0000218"",""label"":""High palate""}],""undirected"":true}"
EDGE:CLX-SIM-MONDO:0009267-MONDO:0009738,MONDO:0009267,PHENOTYPE_NEIGHBOR,MONDO:0009738,inferred,CLX-SIMDIS,medium,,"Distinctive symptoms overlap and they share a biological process or a mechanism-defined disease class, but the specific mechanism link is weak; needs review.",,,,,,,,,,"Strong symptom overlap and one specific shared process, but weak overall pathway overlap; needs expert review before use.","{""combined_score"":0.4553,""comparison_set"":""lysosomal storage"",""mechanism_score"":0.15,""method"":""disease_similarity_reactome_idf_jaccard_mondo_group_hpo_simgic_v0.4"",""phenotype_percentile"":0.7605,""phenotype_score"":0.1622,""relation_class"":""phenotype_neighbor_weak_mechanism"",""shared_genes"":[],""shared_mondo_class"":[{""id"":""MONDO:0002561"",""label"":""lysosomal storage disease""}],""shared_mondo_group"":[],""shared_pathways"":[{""id"":""R-HSA-9840310"",""label"":""Glycosphingolipid catabolism""}],""shared_phenotypes"":[{""ic"":""3.61"",""id"":""HP:0010766"",""label"":""Ectopic calcification""},{""ic"":""3.46"",""id"":""HP:0001336"",""label"":""Myoclonus""},{""ic"":""2.95"",""id"":""HP:0001744"",""label"":""Splenomegaly""},{""ic"":""2.66"",""id"":""HP:0002240"",""label"":""Hepatomegaly""},{""ic"":""2.25"",""id"":""HP:0033353"",""label"":""Abnormal blood vessel morphology""},{""ic"":""2.19"",""id"":""HP:0001251"",""label"":""Ataxia""}],""undirected"":true}"
EDGE:CLX-SIM-MONDO:0009267-MONDO:0010099,MONDO:0009267,PHENOTYPE_NEIGHBOR,MONDO:0010099,inferred,CLX-SIMDIS,medium,,"Distinctive symptoms overlap and they share a biological process or a mechanism-defined disease class, but the specific mechanism link is weak; needs review.",,,,,,,,,,"Strong symptom overlap and one specific shared process, but weak overall pathway overlap; needs expert review before use.","{""combined_score"":0.4526,""comparison_set"":""lysosomal storage"",""mechanism_score"":0.15,""method"":""disease_similarity_reactome_idf_jaccard_mondo_group_hpo_simgic_v0.4"",""phenotype_percentile"":0.7553,""phenotype_score"":0.1616,""relation_class"":""phenotype_neighbor_weak_mechanism"",""shared_genes"":[],""shared_mondo_class"":[{""id"":""MONDO:0002561"",""label"":""lysosomal storage disease""}],""shared_mondo_group"":[],""shared_pathways"":[{""id"":""R-HSA-9840310"",""label"":""Glycosphingolipid catabolism""}],""shared_phenotypes"":[{""ic"":""3.87"",""id"":""HP:0000726"",""label"":""Dementia""},{""ic"":""3.78"",""id"":""HP:0032794"",""label"":""Myoclonic seizure""},{""ic"":""3.10"",""id"":""HP:0000745"",""label"":""Abnormal diminished volition""},{""ic"":""2.99"",""id"":""HP:0034353"",""label"":""Appendicular spasticity""},{""ic"":""2.98"",""id"":""HP:0010549"",""label"":""Weakness due to upper motor neuron dysfunction""},{""ic"":""2.18"",""id"":""HP:0004305"",""label"":""Involuntary movements""}],""undirected"":true}"
EDGE:CLX-SIM-MONDO:0009218-MONDO:0010100,MONDO:0009218,PHENOTYPE_NEIGHBOR,MONDO:0010100,inferred,CLX-SIMDIS,medium,,"Distinctive symptoms overlap and they share a biological process or a mechanism-defined disease class, but the specific mechanism link is weak; needs review.",,,,,,,,,,"Strong symptom overlap and one specific shared process, but weak overall pathway overlap; needs expert review before use.","{""combined_score"":0.45,""comparison_set"":""lysosomal storage"",""mechanism_score"":0.15,""method"":""disease_similarity_reactome_idf_jaccard_mondo_group_hpo_simgic_v0.4"",""phenotype_percentile"":0.75,""phenotype_score"":0.161,""relation_class"":""phenotype_neighbor_weak_mechanism"",""shared_genes"":[],""shared_mondo_class"":[{""id"":""MONDO:0002561"",""label"":""lysosomal storage disease""}],""shared_mondo_group"":[],""shared_pathways"":[{""id"":""R-HSA-9840310"",""label"":""Glycosphingolipid catabolism""}],""shared_phenotypes"":[{""ic"":""6.17"",""id"":""HP:0010729"",""label"":""Cherry red spot of the macula""},{""ic"":""2.13"",""id"":""HP:0025766"",""label"":""Abnormal affect""}],""undirected"":true}"
EDGE:CLX-SIM-MONDO:0012669-MONDO:0018975,MONDO:0012669,MECHANISM_NEIGHBOR,MONDO:0018975,inferred,CLX-SIMDIS,low,,"Different genes in the same pathways, but the symptom patterns differ.",,,,,,,,,,Pathway overlap is computed from Reactome membership of the causal genes. It suggests a shared biological process to investigate; it is not evidence that a therapy transfers.,"{""combined_score"":0.4469,""comparison_set"":""RASopathies"",""mechanism_score"":0.2847,""method"":""disease_similarity_reactome_idf_jaccard_mondo_group_hpo_simgic_v0.4"",""phenotype_percentile"":0.6091,""phenotype_score"":0.2032,""relation_class"":""mechanism_neighbor_different_presentation"",""shared_genes"":[],""shared_mondo_class"":[{""id"":""MONDO:0021060"",""label"":""RASopathy""}],""shared_mondo_group"":[],""shared_pathways"":[{""id"":""R-HSA-5658442"",""label"":""Regulation of RAS by GAPs""}],""shared_phenotypes"":[{""ic"":""7.16"",""id"":""HP:0030052"",""label"":""Inguinal freckling""},{""ic"":""6.98"",""id"":""HP:0000997"",""label"":""Axillary freckling""},{""ic"":""6.33"",""id"":""HP:0001067"",""label"":""Neurofibroma""},{""ic"":""4.91"",""id"":""HP:0012031"",""label"":""Lipomatous tumor""},{""ic"":""4.34"",""id"":""HP:0000957"",""label"":""Cafe-au-lait spot""},{""ic"":""4.17"",""id"":""HP:0001642"",""label"":""Pulmonic stenosis""}],""undirected"":true}"
EDGE:CLX-SIM-MONDO:0009026-MONDO:0012547,MONDO:0009026,MECHANISM_NEIGHBOR,MONDO:0012547,inferred,CLX-SIMDIS,low,,"Different genes in the same pathways, but the symptom patterns differ.",,,,,,,,,,Pathway overlap is computed from Reactome membership of the causal genes. It suggests a shared biological process to investigate; it is not evidence that a therapy transfers.,"{""combined_score"":0.4202,""comparison_set"":""RASopathies"",""mechanism_score"":0.4131,""method"":""disease_similarity_reactome_idf_jaccard_mondo_group_hpo_simgic_v0.4"",""phenotype_percentile"":0.4273,""phenotype_score"":0.1734,""relation_class"":""mechanism_neighbor_different_presentation"",""shared_genes"":[],""shared_mondo_class"":[{""id"":""MONDO:0021060"",""label"":""RASopathy""}],""shared_mondo_group"":[],""shared_pathways"":[{""id"":""R-HSA-112412"",""label"":""SOS-mediated signalling""},{""id"":""R-HSA-1250196"",""label"":""SHC1 events in ERBB2 signaling""},{""id"":""R-HSA-1250347"",""label"":""SHC1 events in ERBB4 signaling""},{""id"":""R-HSA-167044"",""label"":""Signalling to RAS""},{""id"":""R-HSA-179812"",""label"":""GRB2 events in EGFR signaling""},{""id"":""R-HSA-180336"",""label"":""SHC1 events in EGFR signaling""},{""id"":""R-HSA-1963640"",""label"":""GRB2 events in ERBB2 signaling""},{""id"":""R-HSA-2179392"",""label"":""EGFR Transactivation by Gastrin""},{""id"":""R-HSA-2424491"",""label"":""DAP12 signaling""},{""id"":""R-HSA-2428933"",""label"":""SHC-related events triggered by IGF1R""},{""id"":""R-HSA-2871796"",""label"":""FCERI mediated MAPK activation""},{""id"":""R-HSA-375165"",""label"":""NCAM signaling for neurite out-growth""},{""id"":""R-HSA-5654688"",""label"":""SHC-mediated cascade:FGFR1""},{""id"":""R-HSA-5654699"",""label"":""SHC-mediated cascade:FGFR2""},{""id"":""R-HSA-5654704"",""label"":""SHC-mediated cascade:FGFR3""},{""id"":""R-HSA-5654719"",""label"":""SHC-mediated cascade:FGFR4""},{""id"":""R-HSA-5673001"",""label"":""RAF/MAP kinase cascade""},{""id"":""R-HSA-74751"",""label"":""Insulin receptor signalling cascade""},{""id"":""R-HSA-8851805"",""label"":""MET activates RAS signaling""},{""id"":""R-HSA-9026519"",""label"":""Activated NTRK2 signals through RAS""},{""id"":""R-HSA-9027284"",""label"":""Erythropoietin activates RAS""},{""id"":""R-HSA-9034864"",""label"":""Activated NTRK3 signals through RAS""},{""id"":""R-HSA-1433557"",""label"":""Signaling by SCF-KIT""},{""id"":""R-HSA-186763"",""label"":""Downstream signal transduction""},{""id"":""R-HSA-210993"",""label"":""Tie2 Signaling""},{""id"":""R-HSA-5654693"",""label"":""FRS-mediated FGFR1 signaling""},{""id"":""R-HSA-5654700"",""label"":""FRS-mediated FGFR2 signaling""},{""id"":""R-HSA-5654706"",""label"":""FRS-mediated FGFR3 signaling""},{""id"":""R-HSA-5654712"",""label"":""FRS-mediated FGFR4 signaling""},{""id"":""R-HSA-9028731"",""label"":""Activated NTRK2 signals through FRS2 and FRS3""},{""id"":""R-HSA-9607240"",""label"":""FLT3 Signaling""}],""shared_phenotypes"":[{""ic"":""5.49"",""id"":""HP:0002212"",""label"":""Curly hair""},{""ic"":""4.39"",""id"":""HP:0000465"",""label"":""Webbed neck""},{""ic"":""4.17"",""id"":""HP:0001642"",""label"":""Pulmonic stenosis""},{""ic"":""3.92"",""id"":""HP:0001639"",""label"":""Hypertrophic cardiomyopathy""},{""ic"":""3.56"",""id"":""HP:0012471"",""label"":""Thick vermilion border""},{""ic"":""3.48"",""id"":""HP:0001561"",""label"":""Polyhydramnios""}],""undirected"":true}"
EDGE:CLX-SIM-MONDO:0008300-MONDO:0008854,MONDO:0008300,PHENOTYPE_LOOKALIKE,MONDO:0008854,inferred,CLX-SIMDIS,low,,"Symptoms overlap, but there is no shared gene, only broad biological processes in common and no shared mechanism class: treat as a look-alike, not a research neighbor.",,,,,,,,,,"Counterexample: symptoms overlap, but the diseases share no gene and only broad biological processes (pathways most of the panel's genes take part in). Do not treat as a research neighbor on symptoms alone.","{""combined_score"":0.3902,""comparison_set"":""ciliopathies"",""mechanism_score"":0.0,""method"":""disease_similarity_reactome_idf_jaccard_mondo_group_hpo_simgic_v0.4"",""phenotype_percentile"":0.7803,""phenotype_score"":0.1619,""relation_class"":""phenotype_lookalike_different_mechanism"",""shared_genes"":[],""shared_mondo_class"":[],""shared_mondo_group"":[],""shared_pathways"":[],""shared_phenotypes"":[{""ic"":""6.33"",""id"":""HP:0012743"",""label"":""Abdominal obesity""},{""ic"":""5.24"",""id"":""HP:0009466"",""label"":""Radial deviation of finger""},{""ic"":""4.60"",""id"":""HP:0000786"",""label"":""Primary amenorrhea""},{""ic"":""4.32"",""id"":""HP:0002311"",""label"":""Incoordination""},{""ic"":""4.17"",""id"":""HP:0001773"",""label"":""Short foot""},{""ic"":""3.76"",""id"":""HP:0001328"",""label"":""Specific learning disability""}],""undirected"":true}"
EDGE:CLX-SIM-MONDO:0009660-MONDO:0010006,MONDO:0009660,MECHANISM_NEIGHBOR,MONDO:0010006,inferred,CLX-SIMDIS,low,,"Different genes in the same pathways, but the symptom patterns differ.",,,,,,,,,,Pathway overlap is computed from Reactome membership of the causal genes. It suggests a shared biological process to investigate; it is not evidence that a therapy transfers.,"{""combined_score"":0.3711,""comparison_set"":""lysosomal storage"",""mechanism_score"":0.5028,""method"":""disease_similarity_reactome_idf_jaccard_mondo_group_hpo_simgic_v0.4"",""phenotype_percentile"":0.2395,""phenotype_score"":0.059,""relation_class"":""mechanism_neighbor_different_presentation"",""shared_genes"":[],""shared_mondo_class"":[{""id"":""MONDO:0002561"",""label"":""lysosomal storage disease""}],""shared_mondo_group"":[],""shared_pathways"":[{""id"":""R-HSA-2024101"",""label"":""CS/DS degradation""},{""id"":""R-HSA-2022857"",""label"":""Keratan sulfate degradation""},{""id"":""R-HSA-6798695"",""label"":""Neutrophil degranulation""},{""id"":""R-HSA-9840310"",""label"":""Glycosphingolipid catabolism""}],""shared_phenotypes"":[{""ic"":""3.63"",""id"":""HP:0000280"",""label"":""Coarse facial features""},{""ic"":""2.95"",""id"":""HP:0011004"",""label"":""Abnormal systemic arterial morphology""},{""ic"":""2.66"",""id"":""HP:0002240"",""label"":""Hepatomegaly""},{""ic"":""2.19"",""id"":""HP:0001251"",""label"":""Ataxia""}],""undirected"":true}"
EDGE:CLX-SIM-MONDO:0009261-MONDO:0010100,MONDO:0009261,MECHANISM_NEIGHBOR,MONDO:0010100,inferred,CLX-SIMDIS,low,,"Different genes in the same pathways, but the symptom patterns differ.",,,,,,,,,,Pathway overlap is computed from Reactome membership of the causal genes. It suggests a shared biological process to investigate; it is not evidence that a therapy transfers.,"{""combined_score"":0.3624,""comparison_set"":""lysosomal storage"",""mechanism_score"":0.4327,""method"":""disease_similarity_reactome_idf_jaccard_mondo_group_hpo_simgic_v0.4"",""phenotype_percentile"":0.2921,""phenotype_score"":0.0694,""relation_class"":""mechanism_neighbor_different_presentation"",""shared_genes"":[],""shared_mondo_class"":[{""id"":""MONDO:0002561"",""label"":""lysosomal storage disease""}],""shared_mondo_group"":[],""shared_pathways"":[{""id"":""R-HSA-2024101"",""label"":""CS/DS degradation""},{""id"":""R-HSA-2022857"",""label"":""Keratan sulfate degradation""},{""id"":""R-HSA-9840310"",""label"":""Glycosphingolipid catabolism""}],""shared_phenotypes"":[{""ic"":""3.28"",""id"":""HP:0001268"",""label"":""Mental deterioration""},{""ic"":""2.86"",""id"":""HP:0001290"",""label"":""Generalized hypotonia""},{""ic"":""2.25"",""id"":""HP:0033353"",""label"":""Abnormal blood vessel morphology""},{""ic"":""2.01"",""id"":""HP:0001276"",""label"":""Hypertonia""}],""undirected"":true}"
EDGE:CLX-SIM-MONDO:0009660-MONDO:0010100,MONDO:0009660,MECHANISM_NEIGHBOR,MONDO:0010100,inferred,CLX-SIMDIS,low,,"Different genes in the same pathways, but the symptom patterns differ.",,,,,,,,,,Pathway overlap is computed from Reactome membership of the causal genes. It suggests a shared biological process to investigate; it is not evidence that a therapy transfers.,"{""combined_score"":0.2572,""comparison_set"":""lysosomal storage"",""mechanism_score"":0.4327,""method"":""disease_similarity_reactome_idf_jaccard_mondo_group_hpo_simgic_v0.4"",""phenotype_percentile"":0.0816,""phenotype_score"":0.0281,""relation_class"":""mechanism_neighbor_different_presentation"",""shared_genes"":[],""shared_mondo_class"":[{""id"":""MONDO:0002561"",""label"":""lysosomal storage disease""}],""shared_mondo_group"":[],""shared_pathways"":[{""id"":""R-HSA-2024101"",""label"":""CS/DS degradation""},{""id"":""R-HSA-2022857"",""label"":""Keratan sulfate degradation""},{""id"":""R-HSA-9840310"",""label"":""Glycosphingolipid catabolism""}],""shared_phenotypes"":[{""ic"":""2.95"",""id"":""HP:0011004"",""label"":""Abnormal systemic arterial morphology""}],""undirected"":true}"
EDGE:CLX-SIM-MONDO:0009659-MONDO:0010006,MONDO:0009659,MECHANISM_NEIGHBOR,MONDO:0010006,inferred,CLX-SIMDIS,low,,"Different genes in the same pathways, but the symptom patterns differ.",,,,,,,,,,Pathway overlap is computed from Reactome membership of the causal genes. It suggests a shared biological process to investigate; it is not evidence that a therapy transfers.,"{""combined_score"":0.2416,""comparison_set"":""lysosomal storage"",""mechanism_score"":0.3226,""method"":""disease_similarity_reactome_idf_jaccard_mondo_group_hpo_simgic_v0.4"",""phenotype_percentile"":0.1605,""phenotype_score"":0.0461,""relation_class"":""mechanism_neighbor_different_presentation"",""shared_genes"":[],""shared_mondo_class"":[{""id"":""MONDO:0002561"",""label"":""lysosomal storage disease""}],""shared_mondo_group"":[],""shared_pathways"":[{""id"":""R-HSA-2022857"",""label"":""Keratan sulfate degradation""},{""id"":""R-HSA-6798695"",""label"":""Neutrophil degranulation""}],""shared_phenotypes"":[{""ic"":""3.63"",""id"":""HP:0000280"",""label"":""Coarse facial features""},{""ic"":""2.66"",""id"":""HP:0002240"",""label"":""Hepatomegaly""}],""undirected"":true}"
EDGE:CUR-NCT04395495-MONDO-0018997,NCT:NCT04395495,STUDIES,MONDO:0018997,curated,CUR-NCT04395495,high,https://classic.clinicaltrials.gov/ct2/show/NCT04395495,"Study record includes this disease (checked 2026-10-04). The record names neurofibromatosis 1, Noonan, Costello, cardiofaciocutaneous and Legius syndromes.",,,,,,,,,,,
EDGE:CUR-NCT04395495-MONDO-0009026,NCT:NCT04395495,STUDIES,MONDO:0009026,curated,CUR-NCT04395495,high,https://classic.clinicaltrials.gov/ct2/show/NCT04395495,"Study record includes this disease (checked 2026-10-04). The record names neurofibromatosis 1, Noonan, Costello, cardiofaciocutaneous and Legius syndromes.",,,,,,,,,,,
EDGE:CUR-NCT04395495-MONDO-0014113,NCT:NCT04395495,STUDIES,MONDO:0014113,curated,CUR-NCT04395495,high,https://classic.clinicaltrials.gov/ct2/show/NCT04395495,"Study record includes this disease (checked 2026-10-04). The record names neurofibromatosis 1, Noonan, Costello, cardiofaciocutaneous and Legius syndromes.",,,,,,,,,,,
EDGE:CUR-NCT04395495-MONDO-0018975,NCT:NCT04395495,STUDIES,MONDO:0018975,curated,CUR-NCT04395495,high,https://classic.clinicaltrials.gov/ct2/show/NCT04395495,"Study record includes this disease (checked 2026-10-04). The record names neurofibromatosis 1, Noonan, Costello, cardiofaciocutaneous and Legius syndromes.",,,,,,,,,,,
EDGE:CUR-NCT04395495-MONDO-0012669,NCT:NCT04395495,STUDIES,MONDO:0012669,curated,CUR-NCT04395495,high,https://classic.clinicaltrials.gov/ct2/show/NCT04395495,"Study record includes this disease (checked 2026-10-04). The record names neurofibromatosis 1, Noonan, Costello, cardiofaciocutaneous and Legius syndromes.",,,,,,,,,,,
EDGE:CUR-NCT01362803-MONDO-0018975,NCT:NCT01362803,STUDIES,MONDO:0018975,curated,CUR-NCT01362803,high,https://classic.clinicaltrials.gov/ct2/show/NCT01362803,Study record includes this disease (checked 2026-10-04). Phase 1/2 trial of the MEK inhibitor selumetinib in children with NF1 and inoperable plexiform neurofibromas.,,,,,,,,,,,
EDGE:CUR-NCT03746522-MONDO-0015229,NCT:NCT03746522,STUDIES,MONDO:0015229,curated,CUR-NCT03746522,high,https://classic.clinicaltrials.gov/ct2/show/NCT03746522,Study record includes this disease (checked 2026-10-04). One phase 3 trial enrolled people with Bardet-Biedl syndrome and with Alstrom syndrome.,,,,,,,,,,,
EDGE:CUR-NCT03746522-MONDO-0008763,NCT:NCT03746522,STUDIES,MONDO:0008763,curated,CUR-NCT03746522,high,https://classic.clinicaltrials.gov/ct2/show/NCT03746522,Study record includes this disease (checked 2026-10-04). One phase 3 trial enrolled people with Bardet-Biedl syndrome and with Alstrom syndrome.,,,,,,,,,,,
EDGE:CUR-NCT02329210-MONDO-0015229,NCT:NCT02329210,STUDIES,MONDO:0015229,curated,CUR-NCT02329210,high,https://classic.clinicaltrials.gov/ct2/show/NCT02329210,Study record includes this disease (checked 2026-10-04). International registry of people with Bardet-Biedl syndrome.,,,,,,,,,,,
EDGE:CUR-NCT00068224-MONDO-0018772,NCT:NCT00068224,STUDIES,MONDO:0018772,curated,CUR-NCT00068224,high,https://classic.clinicaltrials.gov/ct2/show/NCT00068224,"Study record includes this disease (checked 2026-10-04). The study description names Joubert syndrome and related disorders, Bardet-Biedl, Meckel-Gruber, nephronophthisis and Alstrom syndromes.",,,,,,,,,,,
EDGE:CUR-NCT00068224-MONDO-0015229,NCT:NCT00068224,STUDIES,MONDO:0015229,curated,CUR-NCT00068224,high,https://classic.clinicaltrials.gov/ct2/show/NCT00068224,"Study record includes this disease (checked 2026-10-04). The study description names Joubert syndrome and related disorders, Bardet-Biedl, Meckel-Gruber, nephronophthisis and Alstrom syndromes.",,,,,,,,,,,
EDGE:CUR-NCT00068224-MONDO-0018921,NCT:NCT00068224,STUDIES,MONDO:0018921,curated,CUR-NCT00068224,high,https://classic.clinicaltrials.gov/ct2/show/NCT00068224,"Study record includes this disease (checked 2026-10-04). The study description names Joubert syndrome and related disorders, Bardet-Biedl, Meckel-Gruber, nephronophthisis and Alstrom syndromes.",,,,,,,,,,,
EDGE:CUR-NCT00068224-MONDO-0009728,NCT:NCT00068224,STUDIES,MONDO:0009728,curated,CUR-NCT00068224,high,https://classic.clinicaltrials.gov/ct2/show/NCT00068224,"Study record includes this disease (checked 2026-10-04). The study description names Joubert syndrome and related disorders, Bardet-Biedl, Meckel-Gruber, nephronophthisis and Alstrom syndromes.",,,,,,,,,,,
EDGE:CUR-NCT00068224-MONDO-0008763,NCT:NCT00068224,STUDIES,MONDO:0008763,curated,CUR-NCT00068224,high,https://classic.clinicaltrials.gov/ct2/show/NCT00068224,"Study record includes this disease (checked 2026-10-04). The study description names Joubert syndrome and related disorders, Bardet-Biedl, Meckel-Gruber, nephronophthisis and Alstrom syndromes.",,,,,,,,,,,
EDGE:CUR-RASOPATHIES-NETWORK-MONDO-0018997,ORG:RASOPATHIES_NETWORK,SUPPORTS,MONDO:0018997,curated,CUR-RASOPATHIES-NETWORK,high,https://rasopathiesnet.org/,"Patient organisation for this disease (checked 2026-10-04). Partnership of RASopathies Network USA and UK, serving the RASopathies.",,,,,,,,,,,
EDGE:CUR-RASOPATHIES-NETWORK-MONDO-0100082,ORG:RASOPATHIES_NETWORK,SUPPORTS,MONDO:0100082,curated,CUR-RASOPATHIES-NETWORK,high,https://rasopathiesnet.org/,"Patient organisation for this disease (checked 2026-10-04). Partnership of RASopathies Network USA and UK, serving the RASopathies.",,,,,,,,,,,
EDGE:CUR-RASOPATHIES-NETWORK-MONDO-0009026,ORG:RASOPATHIES_NETWORK,SUPPORTS,MONDO:0009026,curated,CUR-RASOPATHIES-NETWORK,high,https://rasopathiesnet.org/,"Patient organisation for this disease (checked 2026-10-04). Partnership of RASopathies Network USA and UK, serving the RASopathies.",,,,,,,,,,,
EDGE:CUR-RASOPATHIES-NETWORK-MONDO-0014113,ORG:RASOPATHIES_NETWORK,SUPPORTS,MONDO:0014113,curated,CUR-RASOPATHIES-NETWORK,high,https://rasopathiesnet.org/,"Patient organisation for this disease (checked 2026-10-04). Partnership of RASopathies Network USA and UK, serving the RASopathies.",,,,,,,,,,,
EDGE:CUR-RASOPATHIES-NETWORK-MONDO-0018975,ORG:RASOPATHIES_NETWORK,SUPPORTS,MONDO:0018975,curated,CUR-RASOPATHIES-NETWORK,high,https://rasopathiesnet.org/,"Patient organisation for this disease (checked 2026-10-04). Partnership of RASopathies Network USA and UK, serving the RASopathies.",,,,,,,,,,,
EDGE:CUR-RASOPATHIES-NETWORK-MONDO-0012669,ORG:RASOPATHIES_NETWORK,SUPPORTS,MONDO:0012669,curated,CUR-RASOPATHIES-NETWORK,high,https://rasopathiesnet.org/,"Patient organisation for this disease (checked 2026-10-04). Partnership of RASopathies Network USA and UK, serving the RASopathies.",,,,,,,,,,,
EDGE:CUR-NOONAN-SYNDROME-FOUNDATION-MONDO-0018997,ORG:NOONAN_SYNDROME_FOUNDATION,SUPPORTS,MONDO:0018997,curated,CUR-NOONAN-SYNDROME-FOUNDATION,high,https://www.teamnoonan.org/,Patient organisation for this disease (checked 2026-10-04). Supports individuals and families affected by Noonan and Noonan-like syndromes.,,,,,,,,,,,
EDGE:CUR-CHILDRENS-TUMOR-FOUNDATION-MONDO-0018975,ORG:CHILDRENS_TUMOR_FOUNDATION,SUPPORTS,MONDO:0018975,curated,CUR-CHILDRENS-TUMOR-FOUNDATION,high,https://www.ctf.org/,Patient organisation for this disease (checked 2026-10-04). Drug-discovery foundation for neurofibromatosis type 1 and schwannomatosis.,,,,,,,,,,,
EDGE:CUR-CFC-INTERNATIONAL-MONDO-0014113,ORG:CFC_INTERNATIONAL,SUPPORTS,MONDO:0014113,curated,CUR-CFC-INTERNATIONAL,high,https://www.cfcsyndrome.org/,Patient organisation for this disease (checked 2026-10-04). Supports families and funds research for CFC syndrome.,,,,,,,,,,,
EDGE:CUR-BBS-FOUNDATION-MONDO-0015229,ORG:BBS_FOUNDATION,SUPPORTS,MONDO:0015229,curated,CUR-BBS-FOUNDATION,high,https://www.bardetbiedl.org/,"Patient organisation for this disease (checked 2026-10-04). Connects families and shares information on research, therapies and care for Bardet-Biedl syndrome.",,,,,,,,,,,
EDGE:CUR-JSRDF-MONDO-0018772,ORG:JSRDF,SUPPORTS,MONDO:0018772,curated,CUR-JSRDF,high,https://jsrdf.org/,Patient organisation for this disease (checked 2026-10-04). International support network for families affected by Joubert syndrome and related disorders.,,,,,,,,,,,
EDGE:CUR-ALSTROM-SYNDROME-INTERNATIONAL-MONDO-0008763,ORG:ALSTROM_SYNDROME_INTERNATIONAL,SUPPORTS,MONDO:0008763,curated,CUR-ALSTROM-SYNDROME-INTERNATIONAL,high,https://www.alstrom.org/,Patient organisation for this disease (checked 2026-10-04). Supports research and families affected by Alstrom syndrome.,,,,,,,,,,,
