node_id,node_type,label,external_id,source_url,status,properties_json
MONDO:0018149,Disease,GM1 gangliosidosis,MONDO:0018149,https://mondo.monarchinitiative.org/pages/download/,curated,"{""disease_group"":true,""family"":""lysosomal storage""}"
MONDO:0009261,Disease,GM1 gangliosidosis type 2,MONDO:0009261,https://dismech.monarchinitiative.org/pages/disorders/GM1_Gangliosidosis_Type_2.html,curated,"{""cluster"":{""combined"":""C1"",""mechanism"":""M1"",""panel_rationale"":""GM1 gangliosidosis type 2 (late-infantile/juvenile)"",""panel_role"":""start"",""phenotype"":""P1""},""family"":""lysosomal storage"",""hpo_disease_id"":""OMIM:230600"",""synonyms"":[""gangliosidosis generalised GM1 juvenile type"",""gangliosidosis generalised GM1 type 2"",""gangliosidosis generalized GM1 juvenile type"",""gangliosidosis generalized GM1 type 2"",""gangliosidosis, generalised GM1, juvenile type"",""gangliosidosis, generalised GM1, late-infantile type"",""gangliosidosis, generalised GM1, type 2"",""juvenile GM1 gangliosidosis"",""late-infantile GM1 gangliosidosis""]}"
MONDO:0017720,Disease,GM2 gangliosidosis,MONDO:0017720,https://dismech.monarchinitiative.org/pages/groupings/GM2_Gangliosidoses.html,curated,"{""disease_group"":true,""family"":""lysosomal storage""}"
MONDO:0010100,Disease,Tay-Sachs disease,MONDO:0010100,https://dismech.monarchinitiative.org/pages/groupings/GM2_Gangliosidoses.html,curated,"{""cluster"":{""combined"":""C1"",""mechanism"":""M1"",""panel_rationale"":""GM2 gangliosidosis (HEXA)"",""panel_role"":""positive_neighbor"",""phenotype"":""P1""},""family"":""lysosomal storage"",""hpo_disease_id"":""OMIM:272800"",""synonyms"":[""B variant GM2 gangliosidosis"",""GM2 gangliosidosis, B, B1 variant"",""GM2 gangliosidosis, type 1"",""GM2-gangliosidosis, several forms"",""Hex A pseudodeficiency"",""TSD"",""Tay Sachs Disease"",""Tay-Sachs disease"",""disease, Tay-Sachs"",""gangliosidosis GM2, type 1"",""hexosaminidase A deficiency"",""hexosaminidase alpha-subunit deficiency (variant B)"",""sphingolipidosis, Tay-Sachs""]}"
MONDO:0010006,Disease,Sandhoff disease,MONDO:0010006,https://dismech.monarchinitiative.org/pages/disorders/Sandhoff_Disease.html,curated,"{""cluster"":{""combined"":""C1"",""mechanism"":""M1"",""panel_rationale"":""GM2 gangliosidosis (HEXB)"",""panel_role"":""positive_neighbor"",""phenotype"":""P1""},""family"":""lysosomal storage"",""hpo_disease_id"":""OMIM:268800"",""synonyms"":[""GM2 gangliosidosis 0 variant"",""GM2 gangliosidosis, 0 variant"",""Hexosaminidases A and B deficiency"",""Sandhoff Jatzkewitz disease"",""Sandhoff disease""]}"
MONDO:0009266,Disease,Gaucher disease type II,MONDO:0009266,https://mondo.monarchinitiative.org/pages/download/,curated,"{""cluster"":{""combined"":""C5"",""mechanism"":""M5"",""panel_rationale"":""Gaucher type II: shares a natural-history study with GM1/GM2, but a different enzyme"",""panel_role"":""resource_counterexample"",""phenotype"":""P1""},""family"":""lysosomal storage"",""hpo_disease_id"":""OMIM:230900"",""synonyms"":[""Gaucher disease type II"",""Gaucher disease, acute neuronopathic type"",""Gaucher disease, infantile cerebral"",""Gaucher's disease type II"",""acute neuronopathic Gaucher disease"",""infantile cerebral Gaucher disease""]}"
GENE_SYMBOL:GLB1,Gene,GLB1,GLB1,https://dismech.monarchinitiative.org/pages/disorders/GM1_Gangliosidosis_Type_2.html,provisional_symbol_id,"{""ncbi_gene_id"":""NCBIGene:2720"",""protein"":{""alphafold"":{""mean_plddt"":90.1,""model_id"":""AF-P16278-F1"",""model_url"":""https://alphafold.ebi.ac.uk/files/AF-P16278-F1-model_v6.pdb"",""version"":""6""},""function"":""Cleaves beta-linked terminal galactosyl residues from gangliosides, glycoproteins, and glycosaminoglycans."",""length"":677,""location"":""Lysosome"",""name"":""Beta-galactosidase"",""retrieved_at"":""2026-10-05T00:21:26Z"",""structure_status"":""ok"",""uniprot"":""P16278"",""uniprot_release"":""2026_03""}}"
GENE_SYMBOL:HEXA,Gene,HEXA,HEXA,https://dismech.monarchinitiative.org/pages/groupings/GM2_Gangliosidoses.html,provisional_symbol_id,"{""ncbi_gene_id"":""NCBIGene:3073"",""protein"":{""alphafold"":{""mean_plddt"":93.4,""model_id"":""AF-P06865-F1"",""model_url"":""https://alphafold.ebi.ac.uk/files/AF-P06865-F1-model_v6.pdb"",""version"":""6""},""function"":""Hydrolyzes the non-reducing end N-acetyl-D-hexosamine and/or sulfated N-acetyl-D-hexosamine of glycoconjugates, such as the oligosaccharide moieties from proteins and neutral glycolipids, or from certain mucopolysaccharides. The isozyme S is as active as the isozyme A on the anionic bis-sulfated glycans, the chondroitin-6-sulfate trisaccharide (C6S-3), and the dermatan sulfate pentasaccharide, and the sulfated glycosphingolipid SM2. The isozyme B does not hydrolyze each of these substrates, however hydrolyzes efficiently neutral oligosaccharide."",""length"":529,""location"":""Lysosome"",""name"":""Beta-hexosaminidase subunit alpha"",""retrieved_at"":""2026-10-05T00:21:26Z"",""structure_status"":""ok"",""uniprot"":""P06865"",""uniprot_release"":""2026_03""}}"
GENE_SYMBOL:HEXB,Gene,HEXB,HEXB,https://dismech.monarchinitiative.org/pages/groupings/GM2_Gangliosidoses.html,provisional_symbol_id,"{""ncbi_gene_id"":""NCBIGene:3074"",""protein"":{""alphafold"":{""mean_plddt"":92.9,""model_id"":""AF-P07686-F1"",""model_url"":""https://alphafold.ebi.ac.uk/files/AF-P07686-F1-model_v6.pdb"",""version"":""6""},""function"":""Hydrolyzes the non-reducing end N-acetyl-D-hexosamine and/or sulfated N-acetyl-D-hexosamine of glycoconjugates, such as the oligosaccharide moieties from proteins and neutral glycolipids, or from certain mucopolysaccharides. The isozyme B does not hydrolyze each of these substrates, however hydrolyzes efficiently neutral oligosaccharide. Only the isozyme A is responsible for the degradation of GM2 gangliosides in the presence of GM2A. During fertilization is responsible, at least in part, for the zona block to polyspermy."",""length"":556,""location"":""Lysosome; Cortical granule"",""name"":""Beta-hexosaminidase subunit beta"",""retrieved_at"":""2026-10-05T00:21:26Z"",""structure_status"":""ok"",""uniprot"":""P07686"",""uniprot_release"":""2026_03""}}"
GENE_SYMBOL:GM2A,Gene,GM2A,GM2A,https://dismech.monarchinitiative.org/pages/groupings/GM2_Gangliosidoses.html,provisional_symbol_id,"{""ncbi_gene_id"":""NCBIGene:2760"",""protein"":{""alphafold"":{""mean_plddt"":88.9,""model_id"":""AF-P17900-F1"",""model_url"":""https://alphafold.ebi.ac.uk/files/AF-P17900-F1-model_v6.pdb"",""version"":""6""},""function"":""Lipid-binding and transfer protein essential for lysosomal degradation of ganglioside GM2. Extracts single GM2 molecules from intralysosomal luminal vesicle (ILV) membranes and presents them in soluble form to beta-hexosaminidase A (HEXA) for cleavage of N-acetyl-D-galactosamine and conversion to GM3. Forms a stoichiometric GM2-GM2A complex that serves as the substrate for HEXA. Also stimulates the breakdown of glycolipid GA2 by HEXA. Possesses dual function: membrane lipid mobilization/solubilization and lipid substrate presentation to hydrolases."",""length"":193,""location"":""Lysosome"",""name"":""Ganglioside GM2 activator"",""retrieved_at"":""2026-10-05T00:21:26Z"",""structure_status"":""ok"",""uniprot"":""P17900"",""uniprot_release"":""2026_03""}}"
NCT:NCT05109793,Study,Natural history of GM1 and GM2 gangliosidosis,NCT05109793,https://clinicaltrials.gov/study/NCT05109793,curated,
NCT:NCT00029965,Study,Natural history of glycosphingolipid storage disorders,NCT00029965,https://clinicaltrials.gov/study/NCT00029965,curated,
NCT:NCT07054515,Study,Nizubaglustat master protocol,NCT07054515,https://clinicaltrials.gov/study/NCT07054515,curated,
NCT:NCT04470713,Study,Natural history of GM1 GM2 and Gaucher disease type II,NCT04470713,https://clinicaltrials.gov/study/NCT04470713,curated,
ORG:CURE_GM1,Organization,Cure GM1 Foundation,Cure GM1 Foundation,https://www.curegm1.org/,curated,
ORG:NTSAD,Organization,National Tay-Sachs and Allied Diseases Association,NTSAD,https://ntsad.org/,curated,
EVIDENCE:E-01,Evidence,GM1 type 2 causal gene evidence,E-01,https://dismech.monarchinitiative.org/pages/disorders/GM1_Gangliosidosis_Type_2.html,curated,
EVIDENCE:E-02,Evidence,GM2 grouping ontology evidence,E-02,https://dismech.monarchinitiative.org/pages/groupings/GM2_Gangliosidoses.html,curated,
EVIDENCE:E-03,Evidence,GM2 gene mechanism evidence,E-03,https://dismech.monarchinitiative.org/pages/groupings/GM2_Gangliosidoses.html,curated,
EVIDENCE:E-04,Evidence,GM1 GM2 natural history study,E-04,https://ntsad.org/ntsad-research/research-for-families-and-individuals/natural-history-studies/,curated,
EVIDENCE:E-05,Evidence,NIH glycosphingolipid natural history study,E-05,https://ntsad.org/ntsad-research/research-for-families-and-individuals/natural-history-studies/,curated,
EVIDENCE:E-06,Evidence,Cross-disease trial design asset,E-06,https://ntsad.org/ntsad-research/clinical-trials/,curated,
EVIDENCE:E-07,Evidence,Cure GM1 organization evidence,E-07,https://www.curegm1.org/,curated,
EVIDENCE:E-08,Evidence,NTSAD organization evidence,E-08,https://ntsad.org/about-ntsad/,curated,
EVIDENCE:E-09,Evidence,Gaucher shared natural history asset,E-09,https://ntsad.org/ntsad-research/research-for-families-and-individuals/natural-history-studies/,curated,
UNIPROT:P16278,Protein,Beta-galactosidase,P16278,https://www.uniprot.org/uniprotkb/P16278,curated,
UNIPROT:P06865,Protein,Beta-hexosaminidase subunit alpha,P06865,https://www.uniprot.org/uniprotkb/P06865,curated,
UNIPROT:P07686,Protein,Beta-hexosaminidase subunit beta,P07686,https://www.uniprot.org/uniprotkb/P07686,curated,
UNIPROT:P17900,Protein,Ganglioside GM2 activator,P17900,https://www.uniprot.org/uniprotkb/P17900,curated,
EVIDENCE:P-01,Evidence,UniProt reviewed human protein mapping release 2026_03,P-01,https://rest.uniprot.org/uniprotkb/search,curated,
EVIDENCE:SIMSTRUCT_P06865_P07686,Evidence,HEXA/HEXB sequence-guided AlphaFold structure comparison,SIMSTRUCT:sequence_guided_ca_superposition_horn_quaternion_v0.1:UNIPROT_P06865__UNIPROT_P07686,https://alphafold.ebi.ac.uk/files/AF-P06865-F1-model_v6.pdb;https://alphafold.ebi.ac.uk/files/AF-P07686-F1-model_v6.pdb,inferred_computational,
EVIDENCE:CLX-MONDO,Evidence,MONDO disease identity and is_a hierarchy,v2026-09-01,https://github.com/monarch-initiative/mondo/releases/tag/v2026-09-01,curated_source,"{""source_version"":""v2026-09-01""}"
EVIDENCE:CLX-HPO-ANNOT,Evidence,HPO disease-phenotype annotations (phenotype.hpoa),v2026-09-01,https://github.com/obophenotype/human-phenotype-ontology/releases/download/v2026-09-01/phenotype.hpoa,curated_source,"{""source_version"":""v2026-09-01""}"
EVIDENCE:CLX-HPO-G2D,Evidence,HPO gene-disease associations (genes_to_disease.txt),v2026-09-01,https://github.com/obophenotype/human-phenotype-ontology/releases/download/v2026-09-01/genes_to_disease.txt,curated_source,"{""source_version"":""v2026-09-01""}"
EVIDENCE:CLX-REACTOME,Evidence,Reactome lowest-level pathway membership via UniProt,Reactome v97,https://reactome.org/ContentService,curated_source,"{""source_version"":""Reactome v97""}"
EVIDENCE:CLX-SIMDIS,Evidence,"Computed disease similarity: Reactome pathway Jaccard + HPO simGIC, Louvain clusters",disease_similarity_reactome_idf_jaccard_mondo_group_hpo_simgic_v0.4,data/processed/disease_similarity.csv,inferred_computational,"{""gates"":{""comparison_set"":""pairs inside one disease family are weighted and ranked against that family's genes and pairs; pairs across families are weighted against all panel genes and their phenotype score is ranked against the pooled within-family pairs"",""excluded_phenotype_branches"":[""HP:0001939""],""hpo_aspect"":""P (phenotypic abnormality), NOT-qualified annotations excluded"",""louvain_resolution"":1.0,""louvain_seed"":42,""mechanism_definition"":""max(IDF-weighted Jaccard of Reactome pathways, MONDO_GROUP_WEIGHT if both diseases share a MONDO series parent, MONDO_CLASS_WEIGHT if they share a mechanism-defined MONDO class); pathway overlap is capped below mechanism_none unless at least one shared pathway involves at most half of the comparison set's genes"",""mechanism_high"":0.25,""mechanism_none"":0.1,""mondo_class_ids"":[""MONDO:0002561"",""MONDO:0005308"",""MONDO:0021060""],""mondo_class_weight"":0.15,""mondo_group_weight"":0.6,""phenotype_high_percentile"":0.75,""reactome_disease_pathways_excluded"":true,""scoring_genes"":""used_for_scoring flag from the fetch step (Mendelian HPO genes, restricted to curated genes where the panel names them)"",""shared_term_min_ic"":2.0},""source_version"":""disease_similarity_reactome_idf_jaccard_mondo_group_hpo_simgic_v0.4""}"
MONDO:0009260,Disease,GM1 gangliosidosis type 1,MONDO:0009260,https://monarchinitiative.org/MONDO:0009260,cluster_expansion,"{""cluster"":{""combined"":""C1"",""mechanism"":""M1"",""panel_rationale"":""GM1 gangliosidosis type 1 (infantile)"",""panel_role"":""start"",""phenotype"":""P1""},""family"":""lysosomal storage"",""hpo_disease_id"":""OMIM:230500"",""synonyms"":[""Beta galactosidase deficiency type 1"",""GLB deficiency type 1"",""Norman-Landing disease"",""gangliosidosis generalised GM1 infantile form"",""gangliosidosis generalised GM1 type 1"",""gangliosidosis generalized GM1 infantile form"",""gangliosidosis generalized GM1 type 1"",""gangliosidosis, generalised GM1, infantile form"",""gangliosidosis, generalised GM1, type 1"",""gangliosidosis, generalised GM1, type I, with Cardiac involvement"",""infantile GM1 gangliosidosis""]}"
MONDO:0009262,Disease,GM1 gangliosidosis type 3,MONDO:0009262,https://monarchinitiative.org/MONDO:0009262,cluster_expansion,"{""cluster"":{""combined"":""C1"",""mechanism"":""M1"",""panel_rationale"":""GM1 gangliosidosis type 3 (adult)"",""panel_role"":""start"",""phenotype"":""P1""},""family"":""lysosomal storage"",""hpo_disease_id"":""OMIM:230650"",""synonyms"":[""Beta-galactosidase deficiency type 3"",""adult GM1 gangliosidosis"",""adult-onset GM1 gangliosidosis"",""gangliosidosis GM1 type 3"",""gangliosidosis generalised GM1 chronic type"",""gangliosidosis generalized GM1 chronic type"",""gangliosidosis, generalised GM1, adult type"",""gangliosidosis, generalised GM1, chronic type"",""gangliosidosis, generalised GM1, type 3""]}"
MONDO:0009660,Disease,mucopolysaccharidosis type 4B,MONDO:0009660,https://monarchinitiative.org/MONDO:0009660,cluster_expansion,"{""cluster"":{""combined"":""C1"",""mechanism"":""M1"",""panel_rationale"":""Same gene as GM1 (GLB1) but a skeletal mucopolysaccharidosis presentation"",""panel_role"":""same_gene_contrast"",""phenotype"":""P5""},""family"":""lysosomal storage"",""hpo_disease_id"":""OMIM:253010"",""synonyms"":[""Beta-D-galactosidase deficiency"",""MPS 4B"",""MPS IV B"",""MPS IVB"",""MPS4B"",""MPSIVB"",""Morquio disease type B"",""Morquio syndrome B"",""mucopolysaccharidosis type IVB""]}"
MONDO:0009659,Disease,mucopolysaccharidosis type 4A,MONDO:0009659,https://monarchinitiative.org/MONDO:0009659,cluster_expansion,"{""cluster"":{""combined"":""C1"",""mechanism"":""M1"",""panel_rationale"":""Morquio A (GALNS): different gene, same keratan-sulfate degradation route as Morquio B"",""panel_role"":""mechanism_neighbor"",""phenotype"":""P5""},""family"":""lysosomal storage"",""hpo_disease_id"":""OMIM:253000"",""synonyms"":[""GALNS deficiency"",""MPS IV A"",""MPS IVA"",""MPS4A"",""MPSIVA"",""Morquio A disease"",""Morquio disease type A"",""Morquio syndrome A"",""N-acetylgalactosamine-6-sulfate sulfatase deficiency"",""galactosamine-6-sulfatase deficiency"",""mucopolysaccharidosis type 4A"",""mucopolysaccharidosis type IVA"",""mucopolysaccharidosis, type IVA""]}"
MONDO:0009737,Disease,galactosialidosis,MONDO:0009737,https://monarchinitiative.org/MONDO:0009737,cluster_expansion,"{""cluster"":{""combined"":""C1"",""mechanism"":""M1"",""panel_rationale"":""CTSA protects GLB1 and NEU1 in a lysosomal complex; secondary GLB1 deficiency"",""panel_role"":""mechanism_neighbor"",""phenotype"":""P1""},""family"":""lysosomal storage"",""hpo_disease_id"":""OMIM:256540"",""synonyms"":[""GSL"",""Goldberg syndrome"",""cathepsin A deficiency of"",""galactosialidosis"",""lysosomal protective protein deficiency of"",""neuraminidase deficiency with beta-galactosidase deficiency""]}"
MONDO:0009738,Disease,sialidosis type 2,MONDO:0009738,https://monarchinitiative.org/MONDO:0009738,cluster_expansion,"{""cluster"":{""combined"":""C1"",""mechanism"":""M1"",""panel_rationale"":""NEU1 deficiency; NEU1 belongs to the same lysosomal multienzyme complex"",""panel_role"":""mechanism_neighbor"",""phenotype"":""P1""},""family"":""lysosomal storage"",""hpo_disease_id"":""OMIM:256550"",""synonyms"":[""ML1"",""NEU 1 deficiency"",""NEU1 sialidosis"",""dysmorphic sialidosis"",""dysmorphic sialidosis with renal involvement"",""infantile dysmorphic sialidosis"",""mucolipidosis I"",""mucolipidosis type 1"",""nephrosialidosis"",""sialidosis"",""sialidosis caused by mutation in NEU1"",""sialidosis type II"",""sialidosis, type 2"",""sialidosis, type I"",""sialidosis, type II""]}"
MONDO:0010099,Disease,Tay-Sachs disease AB variant,MONDO:0010099,https://monarchinitiative.org/MONDO:0010099,cluster_expansion,"{""cluster"":{""combined"":""C1"",""mechanism"":""M1"",""panel_rationale"":""GM2 activator deficiency, AB variant (GM2A)"",""panel_role"":""positive_neighbor"",""phenotype"":""P4""},""family"":""lysosomal storage"",""hpo_disease_id"":""OMIM:272750"",""synonyms"":[""hexosaminidase activator deficiency""]}"
MONDO:0009265,Disease,Gaucher disease type I,MONDO:0009265,https://monarchinitiative.org/MONDO:0009265,cluster_expansion,"{""cluster"":{""combined"":""C5"",""mechanism"":""M5"",""panel_rationale"":""Gaucher type I (GBA1)"",""panel_role"":""lysosomal_context"",""phenotype"":""P6""},""family"":""lysosomal storage"",""hpo_disease_id"":""OMIM:230800"",""synonyms"":[""Gaucher disease type I"",""Gaucher disease, noncerebral juvenile"",""Gaucher's disease type I"",""Gba deficiency"",""acid Beta-glucosidase deficiency"",""non-cerebral juvenile Gaucher disease""]}"
MONDO:0009267,Disease,Gaucher disease type III,MONDO:0009267,https://monarchinitiative.org/MONDO:0009267,cluster_expansion,"{""cluster"":{""combined"":""C5"",""mechanism"":""M5"",""panel_rationale"":""Gaucher type III (GBA1)"",""panel_role"":""lysosomal_context"",""phenotype"":""P1""},""family"":""lysosomal storage"",""hpo_disease_id"":""OMIM:231000"",""synonyms"":[""Gaucher disease type III"",""Gaucher disease, Subacute neuronopathic type"",""Gaucher disease, chronic neuronopathic type"",""Gaucher disease, juvenile and adult, cerebral"",""Gaucher disease, subacute neuronopathic type"",""Gaucher's disease type III"",""cerebral juvenile and adult form of Gaucher disease"",""chronic neuronopathic Gaucher disease""]}"
MONDO:0009756,Disease,Niemann-Pick disease type A,MONDO:0009756,https://monarchinitiative.org/MONDO:0009756,cluster_expansion,"{""cluster"":{""combined"":""C12"",""mechanism"":""M12"",""panel_rationale"":""Niemann-Pick type A (SMPD1)"",""panel_role"":""lysosomal_context"",""phenotype"":""P1""},""family"":""lysosomal storage"",""hpo_disease_id"":""OMIM:257200"",""synonyms"":[]}"
MONDO:0009757,Disease,"Niemann-Pick disease, type C1",MONDO:0009757,https://monarchinitiative.org/MONDO:0009757,cluster_expansion,"{""cluster"":{""combined"":""C13"",""mechanism"":""M13"",""panel_rationale"":""Niemann-Pick type C1 (NPC1)"",""panel_role"":""lysosomal_context"",""phenotype"":""P1""},""family"":""lysosomal storage"",""hpo_disease_id"":""OMIM:257220"",""synonyms"":[""NPC1"",""Niemann-Pick disease type C1"",""Niemann-Pick disease, type C1"",""type C1 Niemann-Pick disease""]}"
MONDO:0009499,Disease,Krabbe disease,MONDO:0009499,https://monarchinitiative.org/MONDO:0009499,cluster_expansion,"{""cluster"":{""combined"":""C9"",""mechanism"":""M9"",""panel_rationale"":""Krabbe disease (GALC)"",""panel_role"":""lysosomal_context"",""phenotype"":""P4""},""family"":""lysosomal storage"",""hpo_disease_id"":""OMIM:245200"",""synonyms"":[""GALC deficiency"",""GALC enzyme deficiency"",""GLD"",""Krabbe disease"",""Krabbe leukodystrophy"",""Krabbe's leukodystrophy"",""Leukodystrophy, Krabbe's"",""diffuse globoid body sclerosis"",""galactocerebrosidase deficiency"",""galactosylceramidase deficiency"",""galactosylceramide lipidosis"",""globoid cell leukodystrophy"",""globoid cell leukoencephalopathy"",""later onset Krabbe disease"",""later-onset Krabbe disease""]}"
MONDO:0009591,Disease,"metachromatic leukodystrophy, juvenile form",MONDO:0009591,https://monarchinitiative.org/MONDO:0009591,cluster_expansion,"{""cluster"":{""combined"":""C10"",""mechanism"":""M10"",""panel_rationale"":""Metachromatic leukodystrophy (ARSA)"",""panel_role"":""lysosomal_context"",""phenotype"":""P4""},""family"":""lysosomal storage"",""hpo_disease_id"":""OMIM:250100"",""synonyms"":[""ARSA deficiency"",""MLD"",""MLD, juvenile form"",""arylsulfatase A deficiency"",""arylsulfatase A deficiency, juvenile form"",""cerebral sclerosis diffuse metachromatic form"",""cerebroside sulfatase deficiency"",""leukodystrophy metachromatic"",""metachromatic leukodystrophy, juvenile form"",""metachromatic leukoencephalopathy"",""sulfatide lipidosis""]}"
MONDO:0010526,Disease,Fabry disease,MONDO:0010526,https://monarchinitiative.org/MONDO:0010526,cluster_expansion,"{""cluster"":{""combined"":""C15"",""mechanism"":""M15"",""panel_rationale"":""Fabry disease (GLA)"",""panel_role"":""lysosomal_context"",""phenotype"":""P8""},""family"":""lysosomal storage"",""hpo_disease_id"":""OMIM:301500"",""synonyms"":[""Alpha-galactosidase A deficiency"",""Anderson-Fabry disease"",""FD"",""Fabry disease"",""Fabry's disease"",""Fd"",""angiokeratoma corporis diffusum"",""angiokeratoma, diffuse"",""diffuse angiokeratoma""]}"
MONDO:0009218,Disease,Farber lipogranulomatosis,MONDO:0009218,https://monarchinitiative.org/MONDO:0009218,cluster_expansion,"{""cluster"":{""combined"":""C8"",""mechanism"":""M8"",""panel_rationale"":""Farber lipogranulomatosis (ASAH1)"",""panel_role"":""lysosomal_context"",""phenotype"":""P1""},""family"":""lysosomal storage"",""hpo_disease_id"":""OMIM:228000"",""synonyms"":[""FRBRL"",""Farber disease"",""Farber lipogranulomatosis"",""Farber's disease"",""N-LAURYLSPHINGOSINE deacylase deficiency"",""acid ceramidase deficiency""]}"
MONDO:0010079,Disease,Canavan disease,MONDO:0010079,https://monarchinitiative.org/MONDO:0010079,cluster_expansion,"{""cluster"":{""combined"":""C14"",""mechanism"":""M14"",""panel_rationale"":""Canavan disease (ASPA): an infantile white-matter disease that is not lysosomal; look-alike for Krabbe"",""panel_role"":""phenocopy_counterexample"",""phenotype"":""P4""},""family"":""lysosomal storage"",""hpo_disease_id"":""OMIM:271900"",""synonyms"":[""ACY2 deficiency"",""Canavan disease"",""Canavan-VAN Bogaert-Bertrand disease"",""Von Bogaert-Bertrand disease"",""aminoacylase 2 deficiency"",""aspartoacylase deficiency"",""spongy degeneration of central nervous system"",""spongy degeneration of the brain"",""spongy degeneration of the central nervous system""]}"
MONDO:0008104,Disease,Noonan syndrome 1,MONDO:0008104,https://monarchinitiative.org/MONDO:0008104,cluster_expansion,"{""cluster"":{""combined"":""C2"",""mechanism"":""M2"",""panel_rationale"":""Noonan syndrome 1 (PTPN11), the most common RASopathy"",""panel_role"":""start"",""phenotype"":""P3""},""family"":""RASopathies"",""hpo_disease_id"":""OMIM:163950"",""synonyms"":[""NS1"",""Noonan syndrome 1"",""Noonan syndrome type 1""]}"
MONDO:0012371,Disease,Noonan syndrome 3,MONDO:0012371,https://monarchinitiative.org/MONDO:0012371,cluster_expansion,"{""cluster"":{""combined"":""C2"",""mechanism"":""M2"",""panel_rationale"":""Noonan syndrome 3 (KRAS)"",""panel_role"":""mechanism_neighbor"",""phenotype"":""P3""},""family"":""RASopathies"",""hpo_disease_id"":""OMIM:609942"",""synonyms"":[""KRAS Noonan syndrome"",""KRAS gene related Noonan syndrome"",""NS3"",""Noonan syndrome 3"",""Noonan syndrome caused by mutation in KRAS"",""Noonan syndrome type 3""]}"
MONDO:0012547,Disease,Noonan syndrome 4,MONDO:0012547,https://monarchinitiative.org/MONDO:0012547,cluster_expansion,"{""cluster"":{""combined"":""C2"",""mechanism"":""M2"",""panel_rationale"":""Noonan syndrome 4 (SOS1)"",""panel_role"":""mechanism_neighbor"",""phenotype"":""P3""},""family"":""RASopathies"",""hpo_disease_id"":""OMIM:610733"",""synonyms"":[""NS4"",""Noonan syndrome 4"",""Noonan syndrome caused by mutation in SOS1"",""Noonan syndrome type 4"",""SOS1 Noonan syndrome"",""SOS1 gene related Noonan syndrome""]}"
MONDO:0012690,Disease,Noonan syndrome 5,MONDO:0012690,https://monarchinitiative.org/MONDO:0012690,cluster_expansion,"{""cluster"":{""combined"":""C2"",""mechanism"":""M2"",""panel_rationale"":""Noonan syndrome 5 (RAF1)"",""panel_role"":""mechanism_neighbor"",""phenotype"":""P3""},""family"":""RASopathies"",""hpo_disease_id"":""OMIM:611553"",""synonyms"":[""NS5"",""Noonan syndrome 5"",""Noonan syndrome caused by mutation in RAF1"",""Noonan syndrome type 5"",""RAF1 Noonan syndrome"",""RAF1 gene related Noonan syndrome""]}"
MONDO:0013379,Disease,Noonan syndrome 7,MONDO:0013379,https://monarchinitiative.org/MONDO:0013379,cluster_expansion,"{""cluster"":{""combined"":""C2"",""mechanism"":""M2"",""panel_rationale"":""Noonan syndrome 7 (BRAF)"",""panel_role"":""mechanism_neighbor"",""phenotype"":""P3""},""family"":""RASopathies"",""hpo_disease_id"":""OMIM:613706"",""synonyms"":[""BRAF Noonan syndrome"",""NS7"",""Noonan syndrome 7"",""Noonan syndrome caused by mutation in BRAF"",""Noonan syndrome type 7""]}"
MONDO:0100082,Disease,LEOPARD syndrome 1,MONDO:0100082,https://monarchinitiative.org/MONDO:0100082,cluster_expansion,"{""cluster"":{""combined"":""C2"",""mechanism"":""M2"",""panel_rationale"":""Noonan syndrome with multiple lentigines (LEOPARD 1): same gene as Noonan 1 (PTPN11), different variants"",""panel_role"":""same_gene_contrast"",""phenotype"":""P3""},""family"":""RASopathies"",""hpo_disease_id"":""OMIM:151100"",""synonyms"":[""LEOPARD syndrome 1"",""LEOPARD syndrome type 1"",""LPRD1"",""lentiginosis, cardiomyopathic"",""multiple lentigines syndrome""]}"
MONDO:0009026,Disease,Costello syndrome,MONDO:0009026,https://monarchinitiative.org/MONDO:0009026,cluster_expansion,"{""cluster"":{""combined"":""C2"",""mechanism"":""M2"",""panel_rationale"":""Costello syndrome (HRAS)"",""panel_role"":""mechanism_neighbor"",""phenotype"":""P3""},""family"":""RASopathies"",""hpo_disease_id"":""OMIM:218040"",""synonyms"":[""CSTLO"",""Costello syndrome"",""FCS syndrome"",""congenital myopathy with excess of muscle spindles"",""faciocutaneoskeletal syndrome""]}"
MONDO:0014113,Disease,cardiofaciocutaneous syndrome 3,MONDO:0014113,https://monarchinitiative.org/MONDO:0014113,cluster_expansion,"{""cluster"":{""combined"":""C2"",""mechanism"":""M17"",""panel_rationale"":""Cardiofaciocutaneous syndrome 3 (MAP2K1)"",""panel_role"":""mechanism_neighbor"",""phenotype"":""P3""},""family"":""RASopathies"",""hpo_disease_id"":""OMIM:615279"",""synonyms"":[""CFC3"",""MAP2K1 cardiofaciocutaneous syndrome"",""cardiofaciocutaneous syndrome 3"",""cardiofaciocutaneous syndrome caused by mutation in MAP2K1"",""cardiofaciocutaneous syndrome type 3""]}"
MONDO:0018975,Disease,neurofibromatosis type 1,MONDO:0018975,https://monarchinitiative.org/MONDO:0018975,cluster_expansion,"{""cluster"":{""combined"":""C6"",""mechanism"":""M6"",""panel_rationale"":""Neurofibromatosis type 1 (NF1), a RAS regulator"",""panel_role"":""mechanism_neighbor"",""phenotype"":""P11""},""family"":""RASopathies"",""hpo_disease_id"":""OMIM:162200"",""synonyms"":[""NF1"",""Neurofibromatosis 1"",""Nf1-Microdeletion syndrome"",""Recklinghausen's disease"",""neurofibromatosis"",""neurofibromatosis 1"",""neurofibromatosis type 1"",""neurofibromatosis type i"",""neurofibromatosis, type 1"",""nonmosaic NF1"",""nonmosaic neurofibromatosis type 1"",""peripheral neurofibromatosis"",""type 1 neurofibromatosis""]}"
MONDO:0012669,Disease,Legius syndrome,MONDO:0012669,https://monarchinitiative.org/MONDO:0012669,cluster_expansion,"{""cluster"":{""combined"":""C6"",""mechanism"":""M6"",""panel_rationale"":""Legius syndrome (SPRED1): cafe-au-lait spots like NF1, different gene, same pathway"",""panel_role"":""mechanism_neighbor"",""phenotype"":""P10""},""family"":""RASopathies"",""hpo_disease_id"":""OMIM:611431"",""synonyms"":[""Legius syndrome"",""NF1-like syndrome"",""neurofibromatosis 1-like syndrome"",""neurofibromatosis type 1 like syndrome""]}"
MONDO:0010589,Disease,"Aarskog-Scott syndrome, X-linked",MONDO:0010589,https://monarchinitiative.org/MONDO:0010589,cluster_expansion,"{""cluster"":{""combined"":""C16"",""mechanism"":""M16"",""panel_rationale"":""Aarskog-Scott syndrome (FGD1): short stature and facial features overlap with Noonan, but a different pathway"",""panel_role"":""phenocopy_counterexample"",""phenotype"":""P9""},""family"":""RASopathies"",""hpo_disease_id"":""OMIM:305400"",""synonyms"":[""AAS"",""Aarskog Scott syndrome"",""Aarskog disease"",""Aarskog syndrome"",""Aarskog syndrome, X-linked"",""Aarskog-Scott syndrome"",""Aarskog-Scott syndrome, X-linked"",""Aarskog-Scott syndrome, X-linked recessive"",""Aarskog-like syndrome"",""FGD"",""FGDY"",""MRXS16, included"",""Scott Aarskog syndrome"",""facio-digito-genital dysplasia"",""faciodigitogenital syndrome"",""faciodigitogenital syndrome, recessive"",""faciogenital dysplasia"",""mental retardation, X-linked syndromic 16, X-linked recessive"",""mental retardation, X-linked, syndromic 16"",""mental retardation, X-linked, syndromic 16, included""]}"
MONDO:0008854,Disease,Bardet-Biedl syndrome 1,MONDO:0008854,https://monarchinitiative.org/MONDO:0008854,cluster_expansion,"{""cluster"":{""combined"":""C4"",""mechanism"":""M4"",""panel_rationale"":""Bardet-Biedl syndrome 1 (BBS1, part of the BBSome)"",""panel_role"":""start"",""phenotype"":""P2""},""family"":""ciliopathies"",""hpo_disease_id"":""OMIM:209900"",""synonyms"":[""BBS1"",""Bardet-Biedl syndrome 1"",""Bardet-Biedl syndrome 1, modifier of"",""Bardet-Biedl syndrome type 1""]}"
MONDO:0014432,Disease,Bardet-Biedl syndrome 2,MONDO:0014432,https://monarchinitiative.org/MONDO:0014432,cluster_expansion,"{""cluster"":{""combined"":""C4"",""mechanism"":""M4"",""panel_rationale"":""Bardet-Biedl syndrome 2 (BBS2, BBSome)"",""panel_role"":""mechanism_neighbor"",""phenotype"":""P2""},""family"":""ciliopathies"",""hpo_disease_id"":""OMIM:615981"",""synonyms"":[""BBS"",""BBS2"",""BBS2 Bardet-Biedl syndrome"",""Bardet-Biedl syndrome"",""Bardet-Biedl syndrome 2"",""Bardet-Biedl syndrome caused by mutation in BBS2"",""Bardet-Biedl syndrome type 2""]}"
MONDO:0014438,Disease,Bardet-Biedl syndrome 10,MONDO:0014438,https://monarchinitiative.org/MONDO:0014438,cluster_expansion,"{""cluster"":{""combined"":""C4"",""mechanism"":""M4"",""panel_rationale"":""Bardet-Biedl syndrome 10 (BBS10, chaperonin)"",""panel_role"":""mechanism_neighbor"",""phenotype"":""P2""},""family"":""ciliopathies"",""hpo_disease_id"":""OMIM:615987"",""synonyms"":[""BBS10"",""BBS10 Bardet-Biedl syndrome"",""Bardet-Biedl syndrome 10"",""Bardet-Biedl syndrome caused by mutation in BBS10"",""Bardet-Biedl syndrome type 10""]}"
MONDO:0008944,Disease,Joubert syndrome 1,MONDO:0008944,https://monarchinitiative.org/MONDO:0008944,cluster_expansion,"{""cluster"":{""combined"":""C3"",""mechanism"":""M3"",""panel_rationale"":""Joubert syndrome 1 (INPP5E)"",""panel_role"":""mechanism_neighbor"",""phenotype"":""P2""},""family"":""ciliopathies"",""hpo_disease_id"":""OMIM:213300"",""synonyms"":[""CORS1"",""CPD4"",""INPP5E Joubert syndrome"",""JBTS1"",""Joubert syndrome 1"",""Joubert syndrome caused by mutation in INPP5E"",""Joubert syndrome type 1"",""cerebellooculorenal syndrome 1""]}"
MONDO:0011963,Disease,Joubert syndrome 2,MONDO:0011963,https://monarchinitiative.org/MONDO:0011963,cluster_expansion,"{""cluster"":{""combined"":""C3"",""mechanism"":""M3"",""panel_rationale"":""Joubert syndrome 2 (TMEM216)"",""panel_role"":""mechanism_neighbor"",""phenotype"":""P2""},""family"":""ciliopathies"",""hpo_disease_id"":""OMIM:608091"",""synonyms"":[""CORS2"",""JBTS2"",""Joubert syndrome 2"",""Joubert syndrome caused by mutation in TMEM216"",""Joubert syndrome type 2"",""TMEM216 Joubert syndrome"",""cerebellooculorenal syndrome 2""]}"
MONDO:0012432,Disease,Joubert syndrome 5,MONDO:0012432,https://monarchinitiative.org/MONDO:0012432,cluster_expansion,"{""cluster"":{""combined"":""C3"",""mechanism"":""M3"",""panel_rationale"":""Joubert syndrome 5 (CEP290)"",""panel_role"":""same_gene_contrast"",""phenotype"":""P2""},""family"":""ciliopathies"",""hpo_disease_id"":""OMIM:610188"",""synonyms"":[""CEP290 Joubert syndrome"",""JBTS5"",""Joubert syndrome 5"",""Joubert syndrome caused by mutation in CEP290"",""Joubert syndrome type 5""]}"
MONDO:0012626,Disease,"Meckel syndrome, type 4",MONDO:0012626,https://monarchinitiative.org/MONDO:0012626,cluster_expansion,"{""cluster"":{""combined"":""C3"",""mechanism"":""M3"",""panel_rationale"":""Meckel syndrome 4 (CEP290): same gene as Joubert 5, lethal presentation"",""panel_role"":""same_gene_contrast"",""phenotype"":""P2""},""family"":""ciliopathies"",""hpo_disease_id"":""OMIM:611134"",""synonyms"":[""CEP290 Meckel syndrome"",""MKS4"",""Meckel syndrome caused by mutation in CEP290"",""Meckel syndrome, type 4"",""Meckel-Gruber syndrome, type 4""]}"
MONDO:0012433,Disease,Senior-Loken syndrome 6,MONDO:0012433,https://monarchinitiative.org/MONDO:0012433,cluster_expansion,"{""cluster"":{""combined"":""C3"",""mechanism"":""M3"",""panel_rationale"":""Senior-Loken syndrome 6 (CEP290): kidney and retina"",""panel_role"":""same_gene_contrast"",""phenotype"":""P2""},""family"":""ciliopathies"",""hpo_disease_id"":""OMIM:610189"",""synonyms"":[""CEP290 Senior-Loken syndrome"",""SLSN6"",""Senior-Loken syndrome 6"",""Senior-Loken syndrome caused by mutation in CEP290"",""Senior-Loken syndrome type 6""]}"
MONDO:0009571,Disease,"Meckel syndrome, type 1",MONDO:0009571,https://monarchinitiative.org/MONDO:0009571,cluster_expansion,"{""cluster"":{""combined"":""C3"",""mechanism"":""M3"",""panel_rationale"":""Meckel syndrome 1 (MKS1)"",""panel_role"":""mechanism_neighbor"",""phenotype"":""P2""},""family"":""ciliopathies"",""hpo_disease_id"":""OMIM:249000"",""synonyms"":[""Dysencephalia Splanchnocystica"",""Dysencephalia splachnocystica"",""Gruber syndrome"",""MKS"",""MKS1"",""MKS1 Meckel syndrome"",""Meckel Gruber syndrome"",""Meckel syndrome"",""Meckel syndrome caused by mutation in MKS1"",""Meckel syndrome type1"",""Meckel syndrome, type 1"",""Meckel-Gruber syndrome"",""Meckel-Gruber syndrome, type 1"",""Mes""]}"
MONDO:0009728,Disease,nephronophthisis 1,MONDO:0009728,https://monarchinitiative.org/MONDO:0009728,cluster_expansion,"{""cluster"":{""combined"":""C11"",""mechanism"":""M11"",""panel_rationale"":""Nephronophthisis 1 (NPHP1)"",""panel_role"":""mechanism_neighbor"",""phenotype"":""P7""},""family"":""ciliopathies"",""hpo_disease_id"":""OMIM:256100"",""synonyms"":[""NPH1"",""NPHP1"",""NPHP1 nephronophthisis (disease)"",""familial juvenile nephronophthisis"",""juvenile nephronophthisis"",""nephronophthisis (disease) caused by mutation in NPHP1"",""nephronophthisis 1"",""nephronophthisis 1, juvenile"",""nephronophthisis type 1""]}"
MONDO:0008763,Disease,Alstrom syndrome,MONDO:0008763,https://monarchinitiative.org/MONDO:0008763,cluster_expansion,"{""cluster"":{""combined"":""C3"",""mechanism"":""M3"",""panel_rationale"":""Alstrom syndrome (ALMS1): obesity and retinal dystrophy like BBS"",""panel_role"":""mechanism_neighbor"",""phenotype"":""P2""},""family"":""ciliopathies"",""hpo_disease_id"":""OMIM:203800"",""synonyms"":[""ALMS"",""ALSS"",""Alstrom syndrome"",""Alstrom's syndrome"",""Alström Syndrome"",""Alström syndrome""]}"
MONDO:0008300,Disease,Prader-Willi syndrome,MONDO:0008300,https://monarchinitiative.org/MONDO:0008300,cluster_expansion,"{""cluster"":{""combined"":""C7"",""mechanism"":""M7"",""panel_rationale"":""Prader-Willi syndrome: obesity, low muscle tone and learning disability like BBS, but an imprinting disorder of a chromosome region"",""panel_role"":""phenocopy_counterexample"",""phenotype"":""P2""},""family"":""ciliopathies"",""hpo_disease_id"":""OMIM:176270"",""synonyms"":[""PWS"",""Prader-Labhart-Willi syndrome"",""Prader-Willi syndrome"",""Prader-Willi-Labhart syndrome"",""Willi-Prader syndrome"",""obesity, muscular hypotonia, intellectual disability, short stature, hypogonadotropic hypogonadism, and small hands and feet"",""obesity, muscular hypotonia, mental retardation, short stature, hypogonadotropic hypogonadism, and small hands and feet""]}"
MONDO:0015229,Disease,Bardet-Biedl syndrome,MONDO:0015229,https://monarchinitiative.org/MONDO:0015229,cluster_expansion,"{""disease_group"":true,""family"":""ciliopathies""}"
MONDO:0017842,Disease,Senior-Loken syndrome,MONDO:0017842,https://monarchinitiative.org/MONDO:0017842,cluster_expansion,"{""disease_group"":true,""family"":""ciliopathies""}"
MONDO:0018772,Disease,Joubert syndrome,MONDO:0018772,https://monarchinitiative.org/MONDO:0018772,cluster_expansion,"{""disease_group"":true,""family"":""ciliopathies""}"
MONDO:0018921,Disease,Meckel syndrome,MONDO:0018921,https://monarchinitiative.org/MONDO:0018921,cluster_expansion,"{""disease_group"":true,""family"":""ciliopathies""}"
MONDO:0018997,Disease,Noonan syndrome,MONDO:0018997,https://monarchinitiative.org/MONDO:0018997,cluster_expansion,"{""disease_group"":true,""family"":""RASopathies""}"
MONDO:0019005,Disease,nephronophthisis,MONDO:0019005,https://monarchinitiative.org/MONDO:0019005,cluster_expansion,"{""disease_group"":true,""family"":""ciliopathies""}"
GENE_SYMBOL:ALMS1,Gene,ALMS1,NCBIGene:7840,https://www.ncbi.nlm.nih.gov/gene/7840,cluster_expansion,"{""ncbi_gene_id"":""NCBIGene:7840"",""protein"":{""function"":""Involved in PCM1-dependent intracellular transport. Required, directly or indirectly, for the localization of NCAPD2 to the proximal ends of centrioles. Required for proper formation and/or maintenance of primary cilia (PC), microtubule-based structures that protrude from the surface of epithelial cells."",""length"":4168,""location"":""Cytoplasm; Centrosome; Cilium basal body; Spindle pole"",""name"":""Centrosome-associated protein ALMS1"",""retrieved_at"":""2026-10-05T00:21:26Z"",""structure_status"":""no full-length AlphaFold model"",""uniprot"":""Q8TCU4"",""uniprot_release"":""2026_03""}}"
GENE_SYMBOL:ARSA,Gene,ARSA,NCBIGene:410,https://www.ncbi.nlm.nih.gov/gene/410,cluster_expansion,"{""ncbi_gene_id"":""NCBIGene:410"",""protein"":{""alphafold"":{""mean_plddt"":96.2,""model_id"":""AF-P15289-F1"",""model_url"":""https://alphafold.ebi.ac.uk/files/AF-P15289-F1-model_v6.pdb"",""version"":""6""},""function"":""Lysosomal enzyme that catalyzes the hydrolysis of cerebroside-3-sulfate (N-acyl-1-beta-D-(3-O-sulfo)-galactosyl-sphing-4-enine) into cerebroside and sulfate, a reaction that requires the activator protein saposin B. Also involved in the catabolism of other sulfoglycosphingolipids such as SB1a and SM3 (beta-D-3-sulfogalactosyl-(1->4)-beta-D-glucosyl-(1<->1')-N-acylsphing-4-enine)."",""length"":507,""location"":""Endoplasmic reticulum; Lysosome"",""name"":""Arylsulfatase A"",""retrieved_at"":""2026-10-05T00:21:26Z"",""structure_status"":""ok"",""uniprot"":""P15289"",""uniprot_release"":""2026_03""}}"
GENE_SYMBOL:ASAH1,Gene,ASAH1,NCBIGene:427,https://www.ncbi.nlm.nih.gov/gene/427,cluster_expansion,"{""ncbi_gene_id"":""NCBIGene:427"",""protein"":{""alphafold"":{""mean_plddt"":91.6,""model_id"":""AF-Q13510-F1"",""model_url"":""https://alphafold.ebi.ac.uk/files/AF-Q13510-F1-model_v6.pdb"",""version"":""6""},""function"":""Lysosomal ceramidase that hydrolyzes sphingolipid ceramides into sphingosine and free fatty acids at acidic pH. Ceramides, sphingosine, and its phosphorylated form sphingosine-1-phosphate are bioactive lipids that mediate cellular signaling pathways regulating several biological processes including cell proliferation, apoptosis and differentiation. Has a higher catalytic efficiency towards C12-ceramides versus other ceramides. Also catalyzes the reverse reaction allowing the synthesis of ceramides from fatty acids and sphingosine."",""length"":395,""location"":""Lysosome; Secreted"",""name"":""Acid ceramidase"",""retrieved_at"":""2026-10-05T00:21:26Z"",""structure_status"":""ok"",""uniprot"":""Q13510"",""uniprot_release"":""2026_03""}}"
GENE_SYMBOL:ASPA,Gene,ASPA,NCBIGene:443,https://www.ncbi.nlm.nih.gov/gene/443,cluster_expansion,"{""ncbi_gene_id"":""NCBIGene:443"",""protein"":{""alphafold"":{""mean_plddt"":96.1,""model_id"":""AF-P45381-F1"",""model_url"":""https://alphafold.ebi.ac.uk/files/AF-P45381-F1-model_v6.pdb"",""version"":""6""},""function"":""Catalyzes the deacetylation of N-acetylaspartic acid (NAA) to produce acetate and L-aspartate. NAA occurs in high concentration in brain and its hydrolysis NAA plays a significant part in the maintenance of intact white matter. In other tissues it acts as a scavenger of NAA from body fluids."",""length"":313,""location"":""Cytoplasm; Nucleus"",""name"":""Aspartoacylase"",""retrieved_at"":""2026-10-05T00:21:26Z"",""structure_status"":""ok"",""uniprot"":""P45381"",""uniprot_release"":""2026_03""}}"
GENE_SYMBOL:BBS1,Gene,BBS1,NCBIGene:582,https://www.ncbi.nlm.nih.gov/gene/582,cluster_expansion,"{""ncbi_gene_id"":""NCBIGene:582"",""protein"":{""alphafold"":{""mean_plddt"":89.4,""model_id"":""AF-Q8NFJ9-F1"",""model_url"":""https://alphafold.ebi.ac.uk/files/AF-Q8NFJ9-F1-model_v6.pdb"",""version"":""6""},""function"":""The BBSome complex is thought to function as a coat complex required for sorting of specific membrane proteins to the primary cilia. The BBSome complex is required for ciliogenesis but is dispensable for centriolar satellite function. This ciliogenic function is mediated in part by the Rab8 GDP/GTP exchange factor, which localizes to the basal body and contacts the BBSome. Rab8(GTP) enters the primary cilium and promotes extension of the ciliary membrane."",""length"":593,""location"":""Cilium membrane; Cytoplasm; Centriolar satellite"",""name"":""BBSome complex member BBS1"",""retrieved_at"":""2026-10-05T00:21:26Z"",""structure_status"":""ok"",""uniprot"":""Q8NFJ9"",""uniprot_release"":""2026_03""}}"
GENE_SYMBOL:BBS10,Gene,BBS10,NCBIGene:79738,https://www.ncbi.nlm.nih.gov/gene/79738,cluster_expansion,"{""ncbi_gene_id"":""NCBIGene:79738"",""protein"":{""alphafold"":{""mean_plddt"":71.3,""model_id"":""AF-Q8TAM1-F1"",""model_url"":""https://alphafold.ebi.ac.uk/files/AF-Q8TAM1-F1-model_v6.pdb"",""version"":""6""},""function"":""Probable molecular chaperone that assists the folding of proteins upon ATP hydrolysis. Plays a role in the assembly of BBSome, a complex involved in ciliogenesis regulating transports vesicles to the cilia. Involved in adipogenic differentiation."",""length"":723,""location"":""Cilium"",""name"":""BBSome complex assembly protein BBS10"",""retrieved_at"":""2026-10-05T00:21:26Z"",""structure_status"":""ok"",""uniprot"":""Q8TAM1"",""uniprot_release"":""2026_03""}}"
GENE_SYMBOL:BBS2,Gene,BBS2,NCBIGene:583,https://www.ncbi.nlm.nih.gov/gene/583,cluster_expansion,"{""ncbi_gene_id"":""NCBIGene:583"",""protein"":{""alphafold"":{""mean_plddt"":89.4,""model_id"":""AF-Q9BXC9-F1"",""model_url"":""https://alphafold.ebi.ac.uk/files/AF-Q9BXC9-F1-model_v6.pdb"",""version"":""6""},""function"":""The BBSome complex is thought to function as a coat complex required for sorting of specific membrane proteins to the primary cilia. The BBSome complex is required for ciliogenesis but is dispensable for centriolar satellite function. This ciliogenic function is mediated in part by the Rab8 GDP/GTP exchange factor, which localizes to the basal body and contacts the BBSome. Rab8(GTP) enters the primary cilium and promotes extension of the ciliary membrane."",""length"":721,""location"":""Cilium membrane; Cytoplasm; Centriolar satellite"",""name"":""BBSome complex member BBS2"",""retrieved_at"":""2026-10-05T00:21:26Z"",""structure_status"":""ok"",""uniprot"":""Q9BXC9"",""uniprot_release"":""2026_03""}}"
GENE_SYMBOL:BRAF,Gene,BRAF,NCBIGene:673,https://www.ncbi.nlm.nih.gov/gene/673,cluster_expansion,"{""ncbi_gene_id"":""NCBIGene:673"",""protein"":{""alphafold"":{""mean_plddt"":66.4,""model_id"":""AF-P15056-F1"",""model_url"":""https://alphafold.ebi.ac.uk/files/AF-P15056-F1-model_v6.pdb"",""version"":""6""},""function"":""Protein kinase involved in the transduction of mitogenic signals from the cell membrane to the nucleus. Phosphorylates MAP2K1, and thereby activates the MAP kinase signal transduction pathway. Phosphorylates PFKFB2. May play a role in the postsynaptic responses of hippocampal neurons."",""length"":766,""location"":""Nucleus; Cytoplasm; Cell membrane"",""name"":""Serine/threonine-protein kinase B-raf"",""retrieved_at"":""2026-10-05T00:21:26Z"",""structure_status"":""ok"",""uniprot"":""P15056"",""uniprot_release"":""2026_03""}}"
GENE_SYMBOL:CEP290,Gene,CEP290,NCBIGene:80184,https://www.ncbi.nlm.nih.gov/gene/80184,cluster_expansion,"{""ncbi_gene_id"":""NCBIGene:80184"",""protein"":{""alphafold"":{""mean_plddt"":60.6,""model_id"":""AF-O15078-F1"",""model_url"":""https://alphafold.ebi.ac.uk/files/AF-O15078-F1-model_v6.pdb"",""version"":""6""},""function"":""Involved in early and late steps in cilia formation. Its association with CCP110 is required for inhibition of primary cilia formation by CCP110. May play a role in early ciliogenesis in the disappearance of centriolar satellites and in the transition of primary ciliar vesicles (PCVs) to capped ciliary vesicles (CCVs). Required for the centrosomal recruitment of RAB8A and for the targeting of centriole satellite proteins to centrosomes such as of PCM1."",""length"":2479,""location"":""Centrosome; Centriolar satellite; Nucleus; Cilium; Cilium basal body; Centriole; Cytoplasmic vesicle"",""name"":""Centrosomal protein of 290 kDa"",""retrieved_at"":""2026-10-05T00:21:26Z"",""structure_status"":""ok"",""uniprot"":""O15078"",""uniprot_release"":""2026_03""}}"
GENE_SYMBOL:CTSA,Gene,CTSA,NCBIGene:5476,https://www.ncbi.nlm.nih.gov/gene/5476,cluster_expansion,"{""ncbi_gene_id"":""NCBIGene:5476"",""protein"":{""alphafold"":{""mean_plddt"":94.6,""model_id"":""AF-P10619-F1"",""model_url"":""https://alphafold.ebi.ac.uk/files/AF-P10619-F1-model_v6.pdb"",""version"":""6""},""function"":""Protective protein appears to be essential for both the activity of beta-galactosidase and neuraminidase, it associates with these enzymes and exerts a protective function necessary for their stability and activity. Also functions as an activator of the sialidase NEU1. This protein is also a carboxypeptidase and can deamidate tachykinins."",""length"":480,""location"":""Lysosome"",""name"":""Lysosomal protective protein"",""retrieved_at"":""2026-10-05T00:21:26Z"",""structure_status"":""ok"",""uniprot"":""P10619"",""uniprot_release"":""2026_03""}}"
GENE_SYMBOL:FGD1,Gene,FGD1,NCBIGene:2245,https://www.ncbi.nlm.nih.gov/gene/2245,cluster_expansion,"{""ncbi_gene_id"":""NCBIGene:2245"",""protein"":{""alphafold"":{""mean_plddt"":64.8,""model_id"":""AF-P98174-F1"",""model_url"":""https://alphafold.ebi.ac.uk/files/AF-P98174-F1-model_v6.pdb"",""version"":""6""},""function"":""Activates CDC42, a member of the Ras-like family of Rho- and Rac proteins, by exchanging bound GDP for free GTP. Plays a role in regulating the actin cytoskeleton and cell shape."",""length"":961,""location"":""Cytoplasm; Lamellipodium; Ruffle; Cytoskeleton"",""name"":""FYVE, RhoGEF and PH domain-containing protein 1"",""retrieved_at"":""2026-10-05T00:21:26Z"",""structure_status"":""ok"",""uniprot"":""P98174"",""uniprot_release"":""2026_03""}}"
GENE_SYMBOL:GALC,Gene,GALC,NCBIGene:2581,https://www.ncbi.nlm.nih.gov/gene/2581,cluster_expansion,"{""ncbi_gene_id"":""NCBIGene:2581"",""protein"":{""alphafold"":{""mean_plddt"":94.2,""model_id"":""AF-P54803-F1"",""model_url"":""https://alphafold.ebi.ac.uk/files/AF-P54803-F1-model_v6.pdb"",""version"":""6""},""function"":""Hydrolyzes the galactose ester bonds of glycolipids such as galactosylceramide and galactosylsphingosine. Enzyme with very low activity responsible for the lysosomal catabolism of galactosylceramide, a major lipid in myelin, kidney and epithelial cells of small intestine and colon."",""length"":685,""location"":""Lysosome"",""name"":""Galactocerebrosidase"",""retrieved_at"":""2026-10-05T00:21:26Z"",""structure_status"":""ok"",""uniprot"":""P54803"",""uniprot_release"":""2026_03""}}"
GENE_SYMBOL:GALNS,Gene,GALNS,NCBIGene:2588,https://www.ncbi.nlm.nih.gov/gene/2588,cluster_expansion,"{""ncbi_gene_id"":""NCBIGene:2588"",""protein"":{""alphafold"":{""mean_plddt"":95.9,""model_id"":""AF-P34059-F1"",""model_url"":""https://alphafold.ebi.ac.uk/files/AF-P34059-F1-model_v6.pdb"",""version"":""6""},""function"":""Lysosomal enzyme that hydrolyzes sulfate groups from glycosaminoglycans (GAGs), keratan sulfate (KS) and chondroitin-6-sulfate (C6S)."",""length"":522,""location"":""Lysosome"",""name"":""N-acetylgalactosamine-6-sulfatase"",""retrieved_at"":""2026-10-05T00:21:26Z"",""structure_status"":""ok"",""uniprot"":""P34059"",""uniprot_release"":""2026_03""}}"
GENE_SYMBOL:GBA1,Gene,GBA1,NCBIGene:2629,https://www.ncbi.nlm.nih.gov/gene/2629,cluster_expansion,"{""ncbi_gene_id"":""NCBIGene:2629"",""protein"":{""alphafold"":{""mean_plddt"":93.3,""model_id"":""AF-P04062-F1"",""model_url"":""https://alphafold.ebi.ac.uk/files/AF-P04062-F1-model_v6.pdb"",""version"":""6""},""function"":""Glucosylceramidase that catalyzes, within the lysosomal compartment, the hydrolysis of glucosylceramides/GlcCers (such as beta-D-glucosyl-(1<->1')-N-acylsphing-4-enine) into free ceramides (such as N-acylsphing-4-enine) and glucose. Plays a central role in the degradation of complex lipids and the turnover of cellular membranes. Through the production of ceramides, participates in the PKC-activated salvage pathway of ceramide formation. Catalyzes the glucosylation of cholesterol, through a transglucosylation reaction where glucose is transferred from GlcCer to cholesterol."",""length"":536,""location"":""Lysosome membrane"",""name"":""Lysosomal acid glucosylceramidase"",""retrieved_at"":""2026-10-05T00:21:26Z"",""structure_status"":""ok"",""uniprot"":""P04062"",""uniprot_release"":""2026_03""}}"
GENE_SYMBOL:GLA,Gene,GLA,NCBIGene:2717,https://www.ncbi.nlm.nih.gov/gene/2717,cluster_expansion,"{""ncbi_gene_id"":""NCBIGene:2717"",""protein"":{""alphafold"":{""mean_plddt"":94.4,""model_id"":""AF-P06280-F1"",""model_url"":""https://alphafold.ebi.ac.uk/files/AF-P06280-F1-model_v6.pdb"",""version"":""6""},""function"":""Catalyzes the hydrolysis of glycosphingolipids and participates in their degradation in the lysosome."",""length"":429,""location"":""Lysosome"",""name"":""Alpha-galactosidase A"",""retrieved_at"":""2026-10-05T00:21:26Z"",""structure_status"":""ok"",""uniprot"":""P06280"",""uniprot_release"":""2026_03""}}"
GENE_SYMBOL:HRAS,Gene,HRAS,NCBIGene:3265,https://www.ncbi.nlm.nih.gov/gene/3265,cluster_expansion,"{""ncbi_gene_id"":""NCBIGene:3265"",""protein"":{""alphafold"":{""mean_plddt"":92.0,""model_id"":""AF-P01112-F1"",""model_url"":""https://alphafold.ebi.ac.uk/files/AF-P01112-F1-model_v6.pdb"",""version"":""6""},""function"":""Signal transducer in the Ras-MAPK signaling pathway that regulates cell proliferation and survival. Ras proteins bind GDP/GTP and possess intrinsic GTPase activity. Recognized by LZTR1 that mediates its ubiquitination by a BCR (BTB-CUL3-RBX1) E3 ubiquitin-protein ligase complex."",""length"":189,""location"":""Cell membrane; Golgi apparatus; Golgi apparatus membrane"",""name"":""GTPase HRas"",""retrieved_at"":""2026-10-05T00:21:26Z"",""structure_status"":""ok"",""uniprot"":""P01112"",""uniprot_release"":""2026_03""}}"
GENE_SYMBOL:INPP5E,Gene,INPP5E,NCBIGene:56623,https://www.ncbi.nlm.nih.gov/gene/56623,cluster_expansion,"{""ncbi_gene_id"":""NCBIGene:56623"",""protein"":{""alphafold"":{""mean_plddt"":71.3,""model_id"":""AF-Q9NRR6-F1"",""model_url"":""https://alphafold.ebi.ac.uk/files/AF-Q9NRR6-F1-model_v6.pdb"",""version"":""6""},""function"":""Phosphatidylinositol (PtdIns) phosphatase that specifically hydrolyzes the 5-phosphate of phosphatidylinositol-3,4,5-trisphosphate (PtdIns(3,4,5)P3), phosphatidylinositol 4,5-bisphosphate (PtdIns(4,5)P2) and phosphatidylinositol 3,5-bisphosphate (PtdIns(3,5)P2). Specific for lipid substrates, inactive towards water soluble inositol phosphates. Can also remove the 5-phosphate from 1D-myo-inositol 1,4,5-trisphosphate (Ins(1,4,5)P3). Plays an essential role in the primary cilium by controlling ciliary growth and phosphoinositide 3-kinase (PI3K) signaling and stability."",""length"":644,""location"":""Cilium axoneme; Golgi stack membrane; Cell membrane; Ruffle; Cytoplasm; Nucleus"",""name"":""Phosphatidylinositol polyphosphate 5-phosphatase type IV"",""retrieved_at"":""2026-10-05T00:21:26Z"",""structure_status"":""ok"",""uniprot"":""Q9NRR6"",""uniprot_release"":""2026_03""}}"
GENE_SYMBOL:KRAS,Gene,KRAS,NCBIGene:3845,https://www.ncbi.nlm.nih.gov/gene/3845,cluster_expansion,"{""ncbi_gene_id"":""NCBIGene:3845"",""protein"":{""alphafold"":{""mean_plddt"":91.6,""model_id"":""AF-P01116-F1"",""model_url"":""https://alphafold.ebi.ac.uk/files/AF-P01116-F1-model_v6.pdb"",""version"":""6""},""function"":""Signal transducer in the Ras-MAPK signaling pathway that regulates cell proliferation and survival. Ras proteins bind GDP/GTP and possess intrinsic GTPase activity. Activates MAPK1/MAPK3 resulting in phosphorylation and ultimately degradation of GJA1. Plays a role in promoting oncogenic events by inducing transcriptional silencing of tumor suppressor genes (TSGs) in colorectal cancer (CRC) cells in a ZNF304-dependent manner. Recognized by LZTR1 that mediates its ubiquitination by a BCR (BTB-CUL3-RBX1) E3 ubiquitin-protein ligase complex."",""length"":189,""location"":""Cell membrane; Endomembrane system; Cytoplasm"",""name"":""GTPase KRas"",""retrieved_at"":""2026-10-05T00:21:26Z"",""structure_status"":""ok"",""uniprot"":""P01116"",""uniprot_release"":""2026_03""}}"
GENE_SYMBOL:MAP2K1,Gene,MAP2K1,NCBIGene:5604,https://www.ncbi.nlm.nih.gov/gene/5604,cluster_expansion,"{""ncbi_gene_id"":""NCBIGene:5604"",""protein"":{""alphafold"":{""mean_plddt"":83.2,""model_id"":""AF-Q02750-F1"",""model_url"":""https://alphafold.ebi.ac.uk/files/AF-Q02750-F1-model_v6.pdb"",""version"":""6""},""function"":""Dual specificity protein kinase which acts as an essential component of the MAP kinase signal transduction pathway. Binding of extracellular ligands such as growth factors, cytokines and hormones to their cell-surface receptors activates RAS and this initiates RAF1 activation. RAF1 then further activates the dual-specificity protein kinases MAP2K1/MEK1 and MAP2K2/MEK2."",""length"":393,""location"":""Centrosome; Spindle pole body; Cytoplasm; Nucleus; Membrane"",""name"":""Dual specificity mitogen-activated protein kinase kinase 1"",""retrieved_at"":""2026-10-05T00:21:26Z"",""structure_status"":""ok"",""uniprot"":""Q02750"",""uniprot_release"":""2026_03""}}"
GENE_SYMBOL:MKS1,Gene,MKS1,NCBIGene:54903,https://www.ncbi.nlm.nih.gov/gene/54903,cluster_expansion,"{""ncbi_gene_id"":""NCBIGene:54903"",""protein"":{""alphafold"":{""mean_plddt"":73.5,""model_id"":""AF-Q9NXB0-F1"",""model_url"":""https://alphafold.ebi.ac.uk/files/AF-Q9NXB0-F1-model_v6.pdb"",""version"":""6""},""function"":""Component of the tectonic-like complex, a complex localized at the transition zone of primary cilia and acting as a barrier that prevents diffusion of transmembrane proteins between the cilia and plasma membranes. Involved in centrosome migration to the apical cell surface during early ciliogenesis. Required for ciliary structure and function, including a role in regulating length and appropriate number through modulating centrosome duplication. Required for cell branching morphology."",""length"":559,""location"":""Cilium basal body; Centrosome"",""name"":""Tectonic-like complex member MKS1"",""retrieved_at"":""2026-10-05T00:21:26Z"",""structure_status"":""ok"",""uniprot"":""Q9NXB0"",""uniprot_release"":""2026_03""}}"
GENE_SYMBOL:NEU1,Gene,NEU1,NCBIGene:4758,https://www.ncbi.nlm.nih.gov/gene/4758,cluster_expansion,"{""ncbi_gene_id"":""NCBIGene:4758"",""protein"":{""alphafold"":{""mean_plddt"":89.1,""model_id"":""AF-Q99519-F1"",""model_url"":""https://alphafold.ebi.ac.uk/files/AF-Q99519-F1-model_v6.pdb"",""version"":""6""},""function"":""Lysosomal exo-alpha-sialidase that catalyzes the removal of sialic acid (N-acetylneuraminic acid) moieties from glycoproteins and glycolipids. To be active, it is strictly dependent on its presence in the multienzyme complex. Appears to have a preference for alpha 2-3 and alpha 2-6 sialyl linkage."",""length"":415,""location"":""Lysosome lumen; Lysosome membrane; Cell membrane"",""name"":""Sialidase-1"",""retrieved_at"":""2026-10-05T00:21:26Z"",""structure_status"":""ok"",""uniprot"":""Q99519"",""uniprot_release"":""2026_03""}}"
GENE_SYMBOL:NF1,Gene,NF1,NCBIGene:4763,https://www.ncbi.nlm.nih.gov/gene/4763,cluster_expansion,"{""ncbi_gene_id"":""NCBIGene:4763"",""protein"":{""function"":""Stimulates the GTPase activity of Ras. NF1 shows greater affinity for Ras GAP, but lower specific activity. May be a regulator of Ras activity."",""length"":2839,""location"":""Nucleus; Nucleolus; Cell membrane"",""name"":""Neurofibromin"",""retrieved_at"":""2026-10-05T00:21:26Z"",""structure_status"":""no full-length AlphaFold model"",""uniprot"":""P21359"",""uniprot_release"":""2026_03""}}"
GENE_SYMBOL:NPC1,Gene,NPC1,NCBIGene:4864,https://www.ncbi.nlm.nih.gov/gene/4864,cluster_expansion,"{""ncbi_gene_id"":""NCBIGene:4864"",""protein"":{""alphafold"":{""mean_plddt"":85.1,""model_id"":""AF-O15118-F1"",""model_url"":""https://alphafold.ebi.ac.uk/files/AF-O15118-F1-model_v6.pdb"",""version"":""6""},""function"":""Intracellular cholesterol transporter which acts in concert with NPC2 and plays an important role in the egress of cholesterol from the endosomal/lysosomal compartment. Unesterified cholesterol that has been released from LDLs in the lumen of the late endosomes/lysosomes is transferred by NPC2 to the cholesterol-binding pocket in the N-terminal domain of NPC1. Cholesterol binds to NPC1 with the hydroxyl group buried in the binding pocket."",""length"":1278,""location"":""Late endosome membrane; Lysosome membrane"",""name"":""NPC intracellular cholesterol transporter 1"",""retrieved_at"":""2026-10-05T00:21:26Z"",""structure_status"":""ok"",""uniprot"":""O15118"",""uniprot_release"":""2026_03""}}"
GENE_SYMBOL:NPHP1,Gene,NPHP1,NCBIGene:4867,https://www.ncbi.nlm.nih.gov/gene/4867,cluster_expansion,"{""ncbi_gene_id"":""NCBIGene:4867"",""protein"":{""alphafold"":{""mean_plddt"":75.9,""model_id"":""AF-O15259-F1"",""model_url"":""https://alphafold.ebi.ac.uk/files/AF-O15259-F1-model_v6.pdb"",""version"":""6""},""function"":""Together with BCAR1 it may play a role in the control of epithelial cell polarity. Involved in the organization of apical junctions in kidney cells together with NPHP4 and RPGRIP1L/NPHP8. Does not seem to be strictly required for ciliogenesis. Seems to help to recruit PTK2B/PYK2 to cell matrix adhesions, thereby initiating phosphorylation of PTK2B/PYK2 and PTK2B/PYK2-dependent signaling. May play a role in the regulation of intraflagellar transport (IFT) during cilia assembly. Required for normal retina development."",""length"":732,""location"":""Cell junction; Adherens junction; Cilium; Cilium axoneme; Tight junction"",""name"":""Nephrocystin-1"",""retrieved_at"":""2026-10-05T00:21:26Z"",""structure_status"":""ok"",""uniprot"":""O15259"",""uniprot_release"":""2026_03""}}"
GENE_SYMBOL:PTPN11,Gene,PTPN11,NCBIGene:5781,https://www.ncbi.nlm.nih.gov/gene/5781,cluster_expansion,"{""ncbi_gene_id"":""NCBIGene:5781"",""protein"":{""alphafold"":{""mean_plddt"":85.9,""model_id"":""AF-Q06124-F1"",""model_url"":""https://alphafold.ebi.ac.uk/files/AF-Q06124-F1-model_v6.pdb"",""version"":""6""},""function"":""Acts downstream of various receptor and cytoplasmic protein tyrosine kinases to participate in the signal transduction from the cell surface to the nucleus. Positively regulates MAPK signal transduction pathway. Dephosphorylates GAB1, ARHGAP35 and EGFR. Dephosphorylates ROCK2 at 'Tyr-722' resulting in stimulation of its RhoA binding activity. Dephosphorylates CDC73. Dephosphorylates SOX9 on tyrosine residues, leading to inactivate SOX9 and promote ossification. Dephosphorylates tyrosine-phosphorylated NEDD9/CAS-L."",""length"":593,""location"":""Cytoplasm; Nucleus"",""name"":""Tyrosine-protein phosphatase non-receptor type 11"",""retrieved_at"":""2026-10-05T00:21:26Z"",""structure_status"":""ok"",""uniprot"":""Q06124"",""uniprot_release"":""2026_03""}}"
GENE_SYMBOL:RAF1,Gene,RAF1,NCBIGene:5894,https://www.ncbi.nlm.nih.gov/gene/5894,cluster_expansion,"{""ncbi_gene_id"":""NCBIGene:5894"",""protein"":{""alphafold"":{""mean_plddt"":67.5,""model_id"":""AF-P04049-F1"",""model_url"":""https://alphafold.ebi.ac.uk/files/AF-P04049-F1-model_v6.pdb"",""version"":""6""},""function"":""Serine/threonine-protein kinase that acts as a regulatory link between the membrane-associated Ras GTPases and the MAPK/ERK cascade, and this critical regulatory link functions as a switch determining cell fate decisions including proliferation, differentiation, apoptosis, survival and oncogenic transformation. RAF1 activation initiates a mitogen-activated protein kinase (MAPK) cascade that comprises a sequential phosphorylation of the dual-specific MAPK kinases (MAP2K1/MEK1 and MAP2K2/MEK2) and the extracellular signal-regulated kinases (MAPK3/ERK1 and MAPK1/ERK2)."",""length"":648,""location"":""Cytoplasm; Cell membrane; Mitochondrion; Nucleus"",""name"":""RAF proto-oncogene serine/threonine-protein kinase"",""retrieved_at"":""2026-10-05T00:21:26Z"",""structure_status"":""ok"",""uniprot"":""P04049"",""uniprot_release"":""2026_03""}}"
GENE_SYMBOL:SMPD1,Gene,SMPD1,NCBIGene:6609,https://www.ncbi.nlm.nih.gov/gene/6609,cluster_expansion,"{""ncbi_gene_id"":""NCBIGene:6609"",""protein"":{""alphafold"":{""mean_plddt"":88.1,""model_id"":""AF-P17405-F1"",""model_url"":""https://alphafold.ebi.ac.uk/files/AF-P17405-F1-model_v6.pdb"",""version"":""6""},""function"":""Converts sphingomyelin to ceramide. Exists as two enzymatic forms that arise from alternative trafficking of a single protein precursor, one that is targeted to the endolysosomal compartment, whereas the other is released extracellularly. However, in response to various forms of stress, lysosomal exocytosis may represent a major source of the secretory form. In the lysosomes, converts sphingomyelin to ceramide. Plays an important role in the export of cholesterol from the intraendolysosomal membranes."",""length"":631,""location"":""Lysosome; Lipid droplet; Secreted"",""name"":""Sphingomyelin phosphodiesterase"",""retrieved_at"":""2026-10-05T00:21:26Z"",""structure_status"":""ok"",""uniprot"":""P17405"",""uniprot_release"":""2026_03""}}"
GENE_SYMBOL:SOS1,Gene,SOS1,NCBIGene:6654,https://www.ncbi.nlm.nih.gov/gene/6654,cluster_expansion,"{""ncbi_gene_id"":""NCBIGene:6654"",""protein"":{""alphafold"":{""mean_plddt"":76.4,""model_id"":""AF-Q07889-F1"",""model_url"":""https://alphafold.ebi.ac.uk/files/AF-Q07889-F1-model_v6.pdb"",""version"":""6""},""function"":""Promotes the exchange of Ras-bound GDP by GTP. Probably by promoting Ras activation, regulates phosphorylation of MAP kinase MAPK3/ERK1 in response to EGF. Catalytic component of a trimeric complex that participates in transduction of signals from Ras to Rac by promoting the Rac-specific guanine nucleotide exchange factor (GEF) activity."",""length"":1333,""location"":"""",""name"":""Son of sevenless homolog 1"",""retrieved_at"":""2026-10-05T00:21:26Z"",""structure_status"":""ok"",""uniprot"":""Q07889"",""uniprot_release"":""2026_03""}}"
GENE_SYMBOL:SPRED1,Gene,SPRED1,NCBIGene:161742,https://www.ncbi.nlm.nih.gov/gene/161742,cluster_expansion,"{""ncbi_gene_id"":""NCBIGene:161742"",""protein"":{""alphafold"":{""mean_plddt"":63.7,""model_id"":""AF-Q7Z699-F1"",""model_url"":""https://alphafold.ebi.ac.uk/files/AF-Q7Z699-F1-model_v6.pdb"",""version"":""6""},""function"":""Tyrosine kinase substrate that inhibits growth-factor-mediated activation of MAP kinase. Negatively regulates hematopoiesis of bone marrow. Inhibits fibroblast growth factor (FGF)-induced retinal lens fiber differentiation, probably by inhibiting FGF-mediated phosphorylation of ERK1/2. Attenuates actin stress fiber formation via inhibition of TESK1-mediated phosphorylation of cofilin. Inhibits TGFB-induced epithelial-to-mesenchymal transition in lens epithelial cells."",""length"":444,""location"":""Cell membrane; Caveola; Nucleus"",""name"":""Sprouty-related, EVH1 domain-containing protein 1"",""retrieved_at"":""2026-10-05T00:21:26Z"",""structure_status"":""ok"",""uniprot"":""Q7Z699"",""uniprot_release"":""2026_03""}}"
GENE_SYMBOL:TMEM216,Gene,TMEM216,NCBIGene:51259,https://www.ncbi.nlm.nih.gov/gene/51259,cluster_expansion,"{""ncbi_gene_id"":""NCBIGene:51259"",""protein"":{""alphafold"":{""mean_plddt"":89.1,""model_id"":""AF-Q9P0N5-F1"",""model_url"":""https://alphafold.ebi.ac.uk/files/AF-Q9P0N5-F1-model_v6.pdb"",""version"":""6""},""function"":""Essential for primary ciliogenesis and embryonic development, facilitating the activation of Hedgehog (Hh) signaling pathway. Disrupts the interaction of GLI2 and GLI3 with the negative regulator SUFU. Inhibiting SUFU's interaction with GLI2 promotes the entry of GLI2 into the nucleus, allowing it to activate Hh target gene expression. Disrupting SUFU's interaction with GLI3 prevents its conversion into the repressor form, leading to increased nuclear GLI3 and enhanced Hh signaling."",""length"":145,""location"":""Membrane; Cilium basal body"",""name"":""Transmembrane protein 216"",""retrieved_at"":""2026-10-05T00:21:26Z"",""structure_status"":""ok"",""uniprot"":""Q9P0N5"",""uniprot_release"":""2026_03""}}"
REACTOME:R-HSA-110056,Pathway,MAPK3 (ERK1) activation,R-HSA-110056,https://reactome.org/content/detail/R-HSA-110056,cluster_expansion,"{""human_proteins"":10,""panel_genes"":[""MAP2K1"",""PTPN11""]}"
REACTOME:R-HSA-112412,Pathway,SOS-mediated signalling,R-HSA-112412,https://reactome.org/content/detail/R-HSA-112412,cluster_expansion,"{""human_proteins"":7,""panel_genes"":[""HRAS"",""KRAS"",""SOS1""]}"
REACTOME:R-HSA-1169092,Pathway,Activation of RAS in B cells,R-HSA-1169092,https://reactome.org/content/detail/R-HSA-1169092,cluster_expansion,"{""human_proteins"":5,""panel_genes"":[""HRAS"",""KRAS""]}"
REACTOME:R-HSA-1250196,Pathway,SHC1 events in ERBB2 signaling,R-HSA-1250196,https://reactome.org/content/detail/R-HSA-1250196,cluster_expansion,"{""human_proteins"":22,""panel_genes"":[""HRAS"",""KRAS"",""SOS1""]}"
REACTOME:R-HSA-1250347,Pathway,SHC1 events in ERBB4 signaling,R-HSA-1250347,https://reactome.org/content/detail/R-HSA-1250347,cluster_expansion,"{""human_proteins"":14,""panel_genes"":[""HRAS"",""KRAS"",""SOS1""]}"
REACTOME:R-HSA-1295596,Pathway,Spry regulation of FGF signaling,R-HSA-1295596,https://reactome.org/content/detail/R-HSA-1295596,cluster_expansion,"{""human_proteins"":16,""panel_genes"":[""BRAF"",""PTPN11""]}"
REACTOME:R-HSA-1433557,Pathway,Signaling by SCF-KIT,R-HSA-1433557,https://reactome.org/content/detail/R-HSA-1433557,cluster_expansion,"{""human_proteins"":37,""panel_genes"":[""HRAS"",""KRAS"",""PTPN11"",""SOS1""]}"
REACTOME:R-HSA-167044,Pathway,Signalling to RAS,R-HSA-167044,https://reactome.org/content/detail/R-HSA-167044,cluster_expansion,"{""human_proteins"":10,""panel_genes"":[""HRAS"",""KRAS"",""SOS1""]}"
REACTOME:R-HSA-170968,Pathway,Frs2-mediated activation,R-HSA-170968,https://reactome.org/content/detail/R-HSA-170968,cluster_expansion,"{""human_proteins"":12,""panel_genes"":[""BRAF"",""MAP2K1""]}"
REACTOME:R-HSA-171007,Pathway,p38MAPK events,R-HSA-171007,https://reactome.org/content/detail/R-HSA-171007,cluster_expansion,"{""human_proteins"":13,""panel_genes"":[""HRAS"",""KRAS""]}"
REACTOME:R-HSA-179812,Pathway,GRB2 events in EGFR signaling,R-HSA-179812,https://reactome.org/content/detail/R-HSA-179812,cluster_expansion,"{""human_proteins"":13,""panel_genes"":[""HRAS"",""KRAS"",""SOS1""]}"
REACTOME:R-HSA-180336,Pathway,SHC1 events in EGFR signaling,R-HSA-180336,https://reactome.org/content/detail/R-HSA-180336,cluster_expansion,"{""human_proteins"":14,""panel_genes"":[""HRAS"",""KRAS"",""SOS1""]}"
REACTOME:R-HSA-186763,Pathway,Downstream signal transduction,R-HSA-186763,https://reactome.org/content/detail/R-HSA-186763,cluster_expansion,"{""human_proteins"":29,""panel_genes"":[""HRAS"",""KRAS"",""PTPN11"",""SOS1""]}"
REACTOME:R-HSA-193648,Pathway,NRAGE signals death through JNK,R-HSA-193648,https://reactome.org/content/detail/R-HSA-193648,cluster_expansion,"{""human_proteins"":59,""panel_genes"":[""FGD1"",""SOS1""]}"
REACTOME:R-HSA-1963640,Pathway,GRB2 events in ERBB2 signaling,R-HSA-1963640,https://reactome.org/content/detail/R-HSA-1963640,cluster_expansion,"{""human_proteins"":16,""panel_genes"":[""HRAS"",""KRAS"",""SOS1""]}"
REACTOME:R-HSA-2022857,Pathway,Keratan sulfate degradation,R-HSA-2022857,https://reactome.org/content/detail/R-HSA-2022857,cluster_expansion,"{""human_proteins"":15,""panel_genes"":[""GALNS"",""GLB1"",""HEXA"",""HEXB""]}"
REACTOME:R-HSA-2024101,Pathway,CS/DS degradation,R-HSA-2024101,https://reactome.org/content/detail/R-HSA-2024101,cluster_expansion,"{""human_proteins"":20,""panel_genes"":[""GLB1"",""HEXA"",""HEXB""]}"
REACTOME:R-HSA-210993,Pathway,Tie2 Signaling,R-HSA-210993,https://reactome.org/content/detail/R-HSA-210993,cluster_expansion,"{""human_proteins"":18,""panel_genes"":[""HRAS"",""KRAS"",""PTPN11"",""SOS1""]}"
REACTOME:R-HSA-2160916,Pathway,Hyaluronan degradation,R-HSA-2160916,https://reactome.org/content/detail/R-HSA-2160916,cluster_expansion,"{""human_proteins"":16,""panel_genes"":[""HEXA"",""HEXB""]}"
REACTOME:R-HSA-2179392,Pathway,EGFR Transactivation by Gastrin,R-HSA-2179392,https://reactome.org/content/detail/R-HSA-2179392,cluster_expansion,"{""human_proteins"":9,""panel_genes"":[""HRAS"",""KRAS"",""SOS1""]}"
REACTOME:R-HSA-2424491,Pathway,DAP12 signaling,R-HSA-2424491,https://reactome.org/content/detail/R-HSA-2424491,cluster_expansion,"{""human_proteins"":29,""panel_genes"":[""HRAS"",""KRAS"",""SOS1""]}"
REACTOME:R-HSA-2428933,Pathway,SHC-related events triggered by IGF1R,R-HSA-2428933,https://reactome.org/content/detail/R-HSA-2428933,cluster_expansion,"{""human_proteins"":9,""panel_genes"":[""HRAS"",""KRAS"",""SOS1""]}"
REACTOME:R-HSA-2565942,Pathway,Regulation of PLK1 Activity at G2/M Transition,R-HSA-2565942,https://reactome.org/content/detail/R-HSA-2565942,cluster_expansion,"{""human_proteins"":87,""panel_genes"":[""ALMS1"",""CEP290""]}"
REACTOME:R-HSA-2871796,Pathway,FCERI mediated MAPK activation,R-HSA-2871796,https://reactome.org/content/detail/R-HSA-2871796,cluster_expansion,"{""human_proteins"":118,""panel_genes"":[""HRAS"",""KRAS"",""SOS1""]}"
REACTOME:R-HSA-375165,Pathway,NCAM signaling for neurite out-growth,R-HSA-375165,https://reactome.org/content/detail/R-HSA-375165,cluster_expansion,"{""human_proteins"":22,""panel_genes"":[""HRAS"",""KRAS"",""SOS1""]}"
REACTOME:R-HSA-380259,Pathway,Loss of Nlp from mitotic centrosomes,R-HSA-380259,https://reactome.org/content/detail/R-HSA-380259,cluster_expansion,"{""human_proteins"":69,""panel_genes"":[""ALMS1"",""CEP290""]}"
REACTOME:R-HSA-380270,Pathway,Recruitment of mitotic centrosome proteins and complexes,R-HSA-380270,https://reactome.org/content/detail/R-HSA-380270,cluster_expansion,"{""human_proteins"":81,""panel_genes"":[""ALMS1"",""CEP290""]}"
REACTOME:R-HSA-380284,Pathway,Loss of proteins required for interphase microtubule organization from the centrosome,R-HSA-380284,https://reactome.org/content/detail/R-HSA-380284,cluster_expansion,"{""human_proteins"":69,""panel_genes"":[""ALMS1"",""CEP290""]}"
REACTOME:R-HSA-380320,Pathway,Recruitment of NuMA to mitotic centrosomes,R-HSA-380320,https://reactome.org/content/detail/R-HSA-380320,cluster_expansion,"{""human_proteins"":95,""panel_genes"":[""ALMS1"",""CEP290""]}"
REACTOME:R-HSA-4085001,Pathway,Sialic acid metabolism,R-HSA-4085001,https://reactome.org/content/detail/R-HSA-4085001,cluster_expansion,"{""human_proteins"":33,""panel_genes"":[""CTSA"",""GLB1"",""NEU1""]}"
REACTOME:R-HSA-416482,Pathway,G alpha (12/13) signalling events,R-HSA-416482,https://reactome.org/content/detail/R-HSA-416482,cluster_expansion,"{""human_proteins"":80,""panel_genes"":[""FGD1"",""SOS1""]}"
REACTOME:R-HSA-442982,Pathway,Ras activation upon Ca2+ influx through NMDA receptor,R-HSA-442982,https://reactome.org/content/detail/R-HSA-442982,cluster_expansion,"{""human_proteins"":20,""panel_genes"":[""HRAS"",""KRAS""]}"
REACTOME:R-HSA-5218921,Pathway,VEGFR2 mediated cell proliferation,R-HSA-5218921,https://reactome.org/content/detail/R-HSA-5218921,cluster_expansion,"{""human_proteins"":19,""panel_genes"":[""HRAS"",""KRAS""]}"
REACTOME:R-HSA-5620912,Pathway,Anchoring of the basal body to the plasma membrane,R-HSA-5620912,https://reactome.org/content/detail/R-HSA-5620912,cluster_expansion,"{""human_proteins"":97,""panel_genes"":[""ALMS1"",""CEP290"",""MKS1"",""NPHP1"",""TMEM216""]}"
REACTOME:R-HSA-5620922,Pathway,BBSome-mediated cargo-targeting to cilium,R-HSA-5620922,https://reactome.org/content/detail/R-HSA-5620922,cluster_expansion,"{""human_proteins"":23,""panel_genes"":[""BBS1"",""BBS10"",""BBS2""]}"
REACTOME:R-HSA-5621575,Pathway,CD209 (DC-SIGN) signaling,R-HSA-5621575,https://reactome.org/content/detail/R-HSA-5621575,cluster_expansion,"{""human_proteins"":21,""panel_genes"":[""HRAS"",""KRAS"",""RAF1""]}"
REACTOME:R-HSA-5654688,Pathway,SHC-mediated cascade:FGFR1,R-HSA-5654688,https://reactome.org/content/detail/R-HSA-5654688,cluster_expansion,"{""human_proteins"":21,""panel_genes"":[""HRAS"",""KRAS"",""SOS1""]}"
REACTOME:R-HSA-5654693,Pathway,FRS-mediated FGFR1 signaling,R-HSA-5654693,https://reactome.org/content/detail/R-HSA-5654693,cluster_expansion,"{""human_proteins"":23,""panel_genes"":[""HRAS"",""KRAS"",""PTPN11"",""SOS1""]}"
REACTOME:R-HSA-5654699,Pathway,SHC-mediated cascade:FGFR2,R-HSA-5654699,https://reactome.org/content/detail/R-HSA-5654699,cluster_expansion,"{""human_proteins"":23,""panel_genes"":[""HRAS"",""KRAS"",""SOS1""]}"
REACTOME:R-HSA-5654700,Pathway,FRS-mediated FGFR2 signaling,R-HSA-5654700,https://reactome.org/content/detail/R-HSA-5654700,cluster_expansion,"{""human_proteins"":25,""panel_genes"":[""HRAS"",""KRAS"",""PTPN11"",""SOS1""]}"
REACTOME:R-HSA-5654704,Pathway,SHC-mediated cascade:FGFR3,R-HSA-5654704,https://reactome.org/content/detail/R-HSA-5654704,cluster_expansion,"{""human_proteins"":18,""panel_genes"":[""HRAS"",""KRAS"",""SOS1""]}"
REACTOME:R-HSA-5654706,Pathway,FRS-mediated FGFR3 signaling,R-HSA-5654706,https://reactome.org/content/detail/R-HSA-5654706,cluster_expansion,"{""human_proteins"":20,""panel_genes"":[""HRAS"",""KRAS"",""PTPN11"",""SOS1""]}"
REACTOME:R-HSA-5654712,Pathway,FRS-mediated FGFR4 signaling,R-HSA-5654712,https://reactome.org/content/detail/R-HSA-5654712,cluster_expansion,"{""human_proteins"":22,""panel_genes"":[""HRAS"",""KRAS"",""PTPN11"",""SOS1""]}"
REACTOME:R-HSA-5654719,Pathway,SHC-mediated cascade:FGFR4,R-HSA-5654719,https://reactome.org/content/detail/R-HSA-5654719,cluster_expansion,"{""human_proteins"":20,""panel_genes"":[""HRAS"",""KRAS"",""SOS1""]}"
REACTOME:R-HSA-5658442,Pathway,Regulation of RAS by GAPs,R-HSA-5658442,https://reactome.org/content/detail/R-HSA-5658442,cluster_expansion,"{""human_proteins"":55,""panel_genes"":[""HRAS"",""KRAS"",""NF1"",""SPRED1""]}"
REACTOME:R-HSA-5673000,Pathway,RAF activation,R-HSA-5673000,https://reactome.org/content/detail/R-HSA-5673000,cluster_expansion,"{""human_proteins"":34,""panel_genes"":[""BRAF"",""HRAS"",""KRAS"",""MAP2K1"",""RAF1""]}"
REACTOME:R-HSA-5673001,Pathway,RAF/MAP kinase cascade,R-HSA-5673001,https://reactome.org/content/detail/R-HSA-5673001,cluster_expansion,"{""human_proteins"":131,""panel_genes"":[""HRAS"",""KRAS"",""SOS1""]}"
REACTOME:R-HSA-5674135,Pathway,MAP2K and MAPK activation,R-HSA-5674135,https://reactome.org/content/detail/R-HSA-5674135,cluster_expansion,"{""human_proteins"":40,""panel_genes"":[""BRAF"",""HRAS"",""KRAS"",""MAP2K1"",""RAF1""]}"
REACTOME:R-HSA-5674499,Pathway,Negative feedback regulation of MAPK pathway,R-HSA-5674499,https://reactome.org/content/detail/R-HSA-5674499,cluster_expansion,"{""human_proteins"":6,""panel_genes"":[""BRAF"",""MAP2K1"",""RAF1""]}"
REACTOME:R-HSA-5675221,Pathway,Negative regulation of MAPK pathway,R-HSA-5675221,https://reactome.org/content/detail/R-HSA-5675221,cluster_expansion,"{""human_proteins"":41,""panel_genes"":[""BRAF"",""HRAS"",""KRAS"",""RAF1""]}"
REACTOME:R-HSA-6798695,Pathway,Neutrophil degranulation,R-HSA-6798695,https://reactome.org/content/detail/R-HSA-6798695,cluster_expansion,"{""human_proteins"":478,""panel_genes"":[""ARSA"",""ASAH1"",""CEP290"",""CTSA"",""GALNS"",""GLA"",""GLB1"",""GM2A"",""HEXB"",""NEU1""]}"
REACTOME:R-HSA-74751,Pathway,Insulin receptor signalling cascade,R-HSA-74751,https://reactome.org/content/detail/R-HSA-74751,cluster_expansion,"{""human_proteins"":9,""panel_genes"":[""HRAS"",""KRAS"",""SOS1""]}"
REACTOME:R-HSA-8849471,Pathway,"PTK6 Regulates RHO GTPases, RAS GTPase and MAP kinases",R-HSA-8849471,https://reactome.org/content/detail/R-HSA-8849471,cluster_expansion,"{""human_proteins"":14,""panel_genes"":[""HRAS"",""KRAS""]}"
REACTOME:R-HSA-8851805,Pathway,MET activates RAS signaling,R-HSA-8851805,https://reactome.org/content/detail/R-HSA-8851805,cluster_expansion,"{""human_proteins"":11,""panel_genes"":[""HRAS"",""KRAS"",""SOS1""]}"
REACTOME:R-HSA-8853659,Pathway,RET signaling,R-HSA-8853659,https://reactome.org/content/detail/R-HSA-8853659,cluster_expansion,"{""human_proteins"":41,""panel_genes"":[""PTPN11"",""SOS1""]}"
REACTOME:R-HSA-8854518,Pathway,AURKA Activation by TPX2,R-HSA-8854518,https://reactome.org/content/detail/R-HSA-8854518,cluster_expansion,"{""human_proteins"":72,""panel_genes"":[""ALMS1"",""CEP290""]}"
REACTOME:R-HSA-9026519,Pathway,Activated NTRK2 signals through RAS,R-HSA-9026519,https://reactome.org/content/detail/R-HSA-9026519,cluster_expansion,"{""human_proteins"":9,""panel_genes"":[""HRAS"",""KRAS"",""SOS1""]}"
REACTOME:R-HSA-9027284,Pathway,Erythropoietin activates RAS,R-HSA-9027284,https://reactome.org/content/detail/R-HSA-9027284,cluster_expansion,"{""human_proteins"":14,""panel_genes"":[""HRAS"",""KRAS"",""SOS1""]}"
REACTOME:R-HSA-9028731,Pathway,Activated NTRK2 signals through FRS2 and FRS3,R-HSA-9028731,https://reactome.org/content/detail/R-HSA-9028731,cluster_expansion,"{""human_proteins"":11,""panel_genes"":[""HRAS"",""KRAS"",""PTPN11"",""SOS1""]}"
REACTOME:R-HSA-9034864,Pathway,Activated NTRK3 signals through RAS,R-HSA-9034864,https://reactome.org/content/detail/R-HSA-9034864,cluster_expansion,"{""human_proteins"":8,""panel_genes"":[""HRAS"",""KRAS"",""SOS1""]}"
REACTOME:R-HSA-9607240,Pathway,FLT3 Signaling,R-HSA-9607240,https://reactome.org/content/detail/R-HSA-9607240,cluster_expansion,"{""human_proteins"":19,""panel_genes"":[""HRAS"",""KRAS"",""PTPN11"",""SOS1""]}"
REACTOME:R-HSA-9634635,Pathway,Estrogen-stimulated signaling through PRKCZ,R-HSA-9634635,https://reactome.org/content/detail/R-HSA-9634635,cluster_expansion,"{""human_proteins"":6,""panel_genes"":[""HRAS"",""KRAS""]}"
REACTOME:R-HSA-9648002,Pathway,RAS processing,R-HSA-9648002,https://reactome.org/content/detail/R-HSA-9648002,cluster_expansion,"{""human_proteins"":24,""panel_genes"":[""HRAS"",""KRAS""]}"
REACTOME:R-HSA-9674555,Pathway,Signaling by CSF3 (G-CSF),R-HSA-9674555,https://reactome.org/content/detail/R-HSA-9674555,cluster_expansion,"{""human_proteins"":19,""panel_genes"":[""KRAS"",""PTPN11""]}"
REACTOME:R-HSA-9680350,Pathway,Signaling by CSF1 (M-CSF) in myeloid cells,R-HSA-9680350,https://reactome.org/content/detail/R-HSA-9680350,cluster_expansion,"{""human_proteins"":31,""panel_genes"":[""KRAS"",""PTPN11"",""SOS1""]}"
REACTOME:R-HSA-9840310,Pathway,Glycosphingolipid catabolism,R-HSA-9840310,https://reactome.org/content/detail/R-HSA-9840310,cluster_expansion,"{""human_proteins"":39,""panel_genes"":[""ARSA"",""ASAH1"",""CTSA"",""GALC"",""GBA1"",""GLA"",""GLB1"",""GM2A"",""HEXA"",""HEXB"",""NEU1"",""SMPD1""]}"
HP:0000029,Phenotype,Testicular atrophy,HP:0000029,https://hpo.jax.org/browse/term/HP:0000029,cluster_expansion,"{""information_content"":6.371,""panel_disease_count"":1}"
HP:0000041,Phenotype,Chordee,HP:0000041,https://hpo.jax.org/browse/term/HP:0000041,cluster_expansion,"{""information_content"":6.061,""panel_disease_count"":1}"
HP:0000061,Phenotype,"Ambiguous genitalia, female",HP:0000061,https://hpo.jax.org/browse/term/HP:0000061,cluster_expansion,"{""information_content"":6.823,""panel_disease_count"":1}"
HP:0000064,Phenotype,Hypoplastic labia minora,HP:0000064,https://hpo.jax.org/browse/term/HP:0000064,cluster_expansion,"{""information_content"":6.327,""panel_disease_count"":1}"
HP:0000073,Phenotype,Ureteral duplication,HP:0000073,https://hpo.jax.org/browse/term/HP:0000073,cluster_expansion,"{""information_content"":5.774,""panel_disease_count"":1}"
HP:0000083,Phenotype,Renal insufficiency,HP:0000083,https://hpo.jax.org/browse/term/HP:0000083,cluster_expansion,"{""information_content"":3.188,""panel_disease_count"":5}"
HP:0000090,Phenotype,Nephronophthisis,HP:0000090,https://hpo.jax.org/browse/term/HP:0000090,cluster_expansion,"{""information_content"":5.634,""panel_disease_count"":3}"
HP:0000092,Phenotype,Renal tubular atrophy,HP:0000092,https://hpo.jax.org/browse/term/HP:0000092,cluster_expansion,"{""information_content"":6.095,""panel_disease_count"":1}"
HP:0000103,Phenotype,Polyuria,HP:0000103,https://hpo.jax.org/browse/term/HP:0000103,cluster_expansion,"{""information_content"":5.612,""panel_disease_count"":2}"
HP:0000107,Phenotype,Renal cyst,HP:0000107,https://hpo.jax.org/browse/term/HP:0000107,cluster_expansion,"{""information_content"":3.704,""panel_disease_count"":4}"
HP:0000108,Phenotype,Renal corticomedullary cysts,HP:0000108,https://hpo.jax.org/browse/term/HP:0000108,cluster_expansion,"{""information_content"":7.065,""panel_disease_count"":1}"
HP:0000135,Phenotype,Hypogonadism,HP:0000135,https://hpo.jax.org/browse/term/HP:0000135,cluster_expansion,"{""information_content"":3.571,""panel_disease_count"":4}"
HP:0000148,Phenotype,Vaginal atresia,HP:0000148,https://hpo.jax.org/browse/term/HP:0000148,cluster_expansion,"{""information_content"":6.418,""panel_disease_count"":1}"
HP:0000154,Phenotype,Wide mouth,HP:0000154,https://hpo.jax.org/browse/term/HP:0000154,cluster_expansion,"{""information_content"":3.752,""panel_disease_count"":6}"
HP:0000211,Phenotype,Trismus,HP:0000211,https://hpo.jax.org/browse/term/HP:0000211,cluster_expansion,"{""information_content"":6.13,""panel_disease_count"":1}"
HP:0000230,Phenotype,Gingivitis,HP:0000230,https://hpo.jax.org/browse/term/HP:0000230,cluster_expansion,"{""information_content"":5.774,""panel_disease_count"":1}"
HP:0000242,Phenotype,Parietal bossing,HP:0000242,https://hpo.jax.org/browse/term/HP:0000242,cluster_expansion,"{""information_content"":6.754,""panel_disease_count"":1}"
HP:0000391,Phenotype,Thickened helices,HP:0000391,https://hpo.jax.org/browse/term/HP:0000391,cluster_expansion,"{""information_content"":5.591,""panel_disease_count"":4}"
HP:0000465,Phenotype,Webbed neck,HP:0000465,https://hpo.jax.org/browse/term/HP:0000465,cluster_expansion,"{""information_content"":4.394,""panel_disease_count"":10}"
HP:0000505,Phenotype,Visual impairment,HP:0000505,https://hpo.jax.org/browse/term/HP:0000505,cluster_expansion,"{""information_content"":2.17,""panel_disease_count"":4}"
HP:0000510,Phenotype,Rod-cone dystrophy,HP:0000510,https://hpo.jax.org/browse/term/HP:0000510,cluster_expansion,"{""information_content"":4.029,""panel_disease_count"":5}"
HP:0000524,Phenotype,Conjunctival telangiectasia,HP:0000524,https://hpo.jax.org/browse/term/HP:0000524,cluster_expansion,"{""information_content"":6.518,""panel_disease_count"":1}"
HP:0000556,Phenotype,Retinal dystrophy,HP:0000556,https://hpo.jax.org/browse/term/HP:0000556,cluster_expansion,"{""information_content"":3.501,""panel_disease_count"":4}"
HP:0000635,Phenotype,Blue irides,HP:0000635,https://hpo.jax.org/browse/term/HP:0000635,cluster_expansion,"{""information_content"":5.907,""panel_disease_count"":1}"
HP:0000683,Phenotype,Grayish enamel,HP:0000683,https://hpo.jax.org/browse/term/HP:0000683,cluster_expansion,"{""information_content"":7.853,""panel_disease_count"":2}"
HP:0000726,Phenotype,Dementia,HP:0000726,https://hpo.jax.org/browse/term/HP:0000726,cluster_expansion,"{""information_content"":3.871,""panel_disease_count"":4}"
HP:0000741,Phenotype,Apathy,HP:0000741,https://hpo.jax.org/browse/term/HP:0000741,cluster_expansion,"{""information_content"":5.119,""panel_disease_count"":2}"
HP:0000746,Phenotype,Delusion,HP:0000746,https://hpo.jax.org/browse/term/HP:0000746,cluster_expansion,"{""information_content"":6.028,""panel_disease_count"":1}"
HP:0000800,Phenotype,Cystic renal dysplasia,HP:0000800,https://hpo.jax.org/browse/term/HP:0000800,cluster_expansion,"{""information_content"":6.823,""panel_disease_count"":1}"
HP:0000803,Phenotype,Renal cortical cysts,HP:0000803,https://hpo.jax.org/browse/term/HP:0000803,cluster_expansion,"{""information_content"":6.69,""panel_disease_count"":1}"
HP:0000831,Phenotype,Insulin-resistant diabetes mellitus,HP:0000831,https://hpo.jax.org/browse/term/HP:0000831,cluster_expansion,"{""information_content"":5.936,""panel_disease_count"":1}"
HP:0000858,Phenotype,Irregular menstruation,HP:0000858,https://hpo.jax.org/browse/term/HP:0000858,cluster_expansion,"{""information_content"":5.879,""panel_disease_count"":1}"
HP:0000884,Phenotype,Prominent sternum,HP:0000884,https://hpo.jax.org/browse/term/HP:0000884,cluster_expansion,"{""information_content"":6.823,""panel_disease_count"":2}"
HP:0000900,Phenotype,Thickened ribs,HP:0000900,https://hpo.jax.org/browse/term/HP:0000900,cluster_expansion,"{""information_content"":7.517,""panel_disease_count"":1}"
HP:0000904,Phenotype,Flaring of rib cage,HP:0000904,https://hpo.jax.org/browse/term/HP:0000904,cluster_expansion,"{""information_content"":6.978,""panel_disease_count"":2}"
HP:0000914,Phenotype,Shield chest,HP:0000914,https://hpo.jax.org/browse/term/HP:0000914,cluster_expansion,"{""information_content"":6.167,""panel_disease_count"":3}"
HP:0000915,Phenotype,Pectus excavatum of inferior sternum,HP:0000915,https://hpo.jax.org/browse/term/HP:0000915,cluster_expansion,"{""information_content"":7.853,""panel_disease_count"":2}"
HP:0000917,Phenotype,Superior pectus carinatum,HP:0000917,https://hpo.jax.org/browse/term/HP:0000917,cluster_expansion,"{""information_content"":8.364,""panel_disease_count"":1}"
HP:0000943,Phenotype,Dysostosis multiplex,HP:0000943,https://hpo.jax.org/browse/term/HP:0000943,cluster_expansion,"{""information_content"":5.774,""panel_disease_count"":6}"
HP:0000957,Phenotype,Cafe-au-lait spot,HP:0000957,https://hpo.jax.org/browse/term/HP:0000957,cluster_expansion,"{""information_content"":4.344,""panel_disease_count"":4}"
HP:0000975,Phenotype,Hyperhidrosis,HP:0000975,https://hpo.jax.org/browse/term/HP:0000975,cluster_expansion,"{""information_content"":4.221,""panel_disease_count"":3}"
HP:0000980,Phenotype,Pallor,HP:0000980,https://hpo.jax.org/browse/term/HP:0000980,cluster_expansion,"{""information_content"":4.642,""panel_disease_count"":1}"
HP:0000991,Phenotype,Xanthomatosis,HP:0000991,https://hpo.jax.org/browse/term/HP:0000991,cluster_expansion,"{""information_content"":5.571,""panel_disease_count"":1}"
HP:0000997,Phenotype,Axillary freckling,HP:0000997,https://hpo.jax.org/browse/term/HP:0000997,cluster_expansion,"{""information_content"":6.978,""panel_disease_count"":2}"
HP:0001003,Phenotype,Multiple lentigines,HP:0001003,https://hpo.jax.org/browse/term/HP:0001003,cluster_expansion,"{""information_content"":6.284,""panel_disease_count"":2}"
HP:0001012,Phenotype,Multiple lipomas,HP:0001012,https://hpo.jax.org/browse/term/HP:0001012,cluster_expansion,"{""information_content"":5.335,""panel_disease_count"":1}"
HP:0001014,Phenotype,Angiokeratoma,HP:0001014,https://hpo.jax.org/browse/term/HP:0001014,cluster_expansion,"{""information_content"":7.16,""panel_disease_count"":1}"
HP:0001028,Phenotype,Hemangioma,HP:0001028,https://hpo.jax.org/browse/term/HP:0001028,cluster_expansion,"{""information_content"":4.298,""panel_disease_count"":1}"
HP:0001054,Phenotype,Numerous nevi,HP:0001054,https://hpo.jax.org/browse/term/HP:0001054,cluster_expansion,"{""information_content"":6.897,""panel_disease_count"":1}"
HP:0001067,Phenotype,Neurofibroma,HP:0001067,https://hpo.jax.org/browse/term/HP:0001067,cluster_expansion,"{""information_content"":6.327,""panel_disease_count"":2}"
HP:0001071,Phenotype,Angiokeratoma corporis diffusum,HP:0001071,https://hpo.jax.org/browse/term/HP:0001071,cluster_expansion,"{""information_content"":7.671,""panel_disease_count"":2}"
HP:0001082,Phenotype,Cholecystitis,HP:0001082,https://hpo.jax.org/browse/term/HP:0001082,cluster_expansion,"{""information_content"":6.167,""panel_disease_count"":1}"
HP:0001162,Phenotype,Postaxial hand polydactyly,HP:0001162,https://hpo.jax.org/browse/term/HP:0001162,cluster_expansion,"{""information_content"":4.4,""panel_disease_count"":6}"
HP:0001187,Phenotype,Hyperextensibility of the finger joints,HP:0001187,https://hpo.jax.org/browse/term/HP:0001187,cluster_expansion,"{""information_content"":6.028,""panel_disease_count"":3}"
HP:0001223,Phenotype,Pointed proximal second through fifth metacarpals,HP:0001223,https://hpo.jax.org/browse/term/HP:0001223,cluster_expansion,"{""information_content"":8.769,""panel_disease_count"":2}"
HP:0001256,Phenotype,Mild intellectual disability,HP:0001256,https://hpo.jax.org/browse/term/HP:0001256,cluster_expansion,"{""information_content"":3.272,""panel_disease_count"":5}"
HP:0001283,Phenotype,Bulbar palsy,HP:0001283,https://hpo.jax.org/browse/term/HP:0001283,cluster_expansion,"{""information_content"":5.55,""panel_disease_count"":1}"
HP:0001305,Phenotype,Dandy-Walker malformation,HP:0001305,https://hpo.jax.org/browse/term/HP:0001305,cluster_expansion,"{""information_content"":4.425,""panel_disease_count"":3}"
HP:0001341,Phenotype,Olfactory lobe agenesis,HP:0001341,https://hpo.jax.org/browse/term/HP:0001341,cluster_expansion,"{""information_content"":7.853,""panel_disease_count"":1}"
HP:0001350,Phenotype,Slurred speech,HP:0001350,https://hpo.jax.org/browse/term/HP:0001350,cluster_expansion,"{""information_content"":5.228,""panel_disease_count"":2}"
HP:0001408,Phenotype,Bile duct proliferation,HP:0001408,https://hpo.jax.org/browse/term/HP:0001408,cluster_expansion,"{""information_content"":6.061,""panel_disease_count"":2}"
HP:0001476,Phenotype,Delayed closure of the anterior fontanelle,HP:0001476,https://hpo.jax.org/browse/term/HP:0001476,cluster_expansion,"{""information_content"":5.612,""panel_disease_count"":1}"
HP:0001480,Phenotype,Freckling,HP:0001480,https://hpo.jax.org/browse/term/HP:0001480,cluster_expansion,"{""information_content"":5.612,""panel_disease_count"":2}"
HP:0001513,Phenotype,Obesity,HP:0001513,https://hpo.jax.org/browse/term/HP:0001513,cluster_expansion,"{""information_content"":3.463,""panel_disease_count"":6}"
HP:0001520,Phenotype,Large for gestational age,HP:0001520,https://hpo.jax.org/browse/term/HP:0001520,cluster_expansion,"{""information_content"":5.304,""panel_disease_count"":3}"
HP:0001538,Phenotype,Protuberant abdomen,HP:0001538,https://hpo.jax.org/browse/term/HP:0001538,cluster_expansion,"{""information_content"":5.511,""panel_disease_count"":2}"
HP:0001544,Phenotype,Prominent umbilicus,HP:0001544,https://hpo.jax.org/browse/term/HP:0001544,cluster_expansion,"{""information_content"":7.671,""panel_disease_count"":1}"
HP:0001583,Phenotype,Rotary nystagmus,HP:0001583,https://hpo.jax.org/browse/term/HP:0001583,cluster_expansion,"{""information_content"":6.028,""panel_disease_count"":2}"
HP:0001598,Phenotype,Concave nail,HP:0001598,https://hpo.jax.org/browse/term/HP:0001598,cluster_expansion,"{""information_content"":6.467,""panel_disease_count"":1}"
HP:0001601,Phenotype,Laryngomalacia,HP:0001601,https://hpo.jax.org/browse/term/HP:0001601,cluster_expansion,"{""information_content"":4.771,""panel_disease_count"":1}"
HP:0001615,Phenotype,Hoarse cry,HP:0001615,https://hpo.jax.org/browse/term/HP:0001615,cluster_expansion,"{""information_content"":6.69,""panel_disease_count"":1}"
HP:0001639,Phenotype,Hypertrophic cardiomyopathy,HP:0001639,https://hpo.jax.org/browse/term/HP:0001639,cluster_expansion,"{""information_content"":3.921,""panel_disease_count"":10}"
HP:0001642,Phenotype,Pulmonic stenosis,HP:0001642,https://hpo.jax.org/browse/term/HP:0001642,cluster_expansion,"{""information_content"":4.169,""panel_disease_count"":9}"
HP:0001674,Phenotype,Complete atrioventricular canal defect,HP:0001674,https://hpo.jax.org/browse/term/HP:0001674,cluster_expansion,"{""information_content"":6.284,""panel_disease_count"":1}"
HP:0001682,Phenotype,Subvalvular aortic stenosis,HP:0001682,https://hpo.jax.org/browse/term/HP:0001682,cluster_expansion,"{""information_content"":6.327,""panel_disease_count"":1}"
HP:0001704,Phenotype,Tricuspid valve prolapse,HP:0001704,https://hpo.jax.org/browse/term/HP:0001704,cluster_expansion,"{""information_content"":6.518,""panel_disease_count"":1}"
HP:0001709,Phenotype,Third degree atrioventricular block,HP:0001709,https://hpo.jax.org/browse/term/HP:0001709,cluster_expansion,"{""information_content"":6.572,""panel_disease_count"":1}"
HP:0001769,Phenotype,Broad foot,HP:0001769,https://hpo.jax.org/browse/term/HP:0001769,cluster_expansion,"{""information_content"":5.701,""panel_disease_count"":2}"
HP:0001790,Phenotype,Nonimmune hydrops fetalis,HP:0001790,https://hpo.jax.org/browse/term/HP:0001790,cluster_expansion,"{""information_content"":5.437,""panel_disease_count"":1}"
HP:0001814,Phenotype,Deep-set nails,HP:0001814,https://hpo.jax.org/browse/term/HP:0001814,cluster_expansion,"{""information_content"":7.517,""panel_disease_count"":1}"
HP:0001816,Phenotype,Thin nail,HP:0001816,https://hpo.jax.org/browse/term/HP:0001816,cluster_expansion,"{""information_content"":6.284,""panel_disease_count"":1}"
HP:0001830,Phenotype,Postaxial foot polydactyly,HP:0001830,https://hpo.jax.org/browse/term/HP:0001830,cluster_expansion,"{""information_content"":5.186,""panel_disease_count"":5}"
HP:0001869,Phenotype,Deep plantar creases,HP:0001869,https://hpo.jax.org/browse/term/HP:0001869,cluster_expansion,"{""information_content"":6.204,""panel_disease_count"":2}"
HP:0001876,Phenotype,Pancytopenia,HP:0001876,https://hpo.jax.org/browse/term/HP:0001876,cluster_expansion,"{""information_content"":4.413,""panel_disease_count"":2}"
HP:0001922,Phenotype,Vacuolated lymphocytes,HP:0001922,https://hpo.jax.org/browse/term/HP:0001922,cluster_expansion,"{""information_content"":6.823,""panel_disease_count"":2}"
HP:0001929,Phenotype,Reduced factor XI activity,HP:0001929,https://hpo.jax.org/browse/term/HP:0001929,cluster_expansion,"{""information_content"":6.467,""panel_disease_count"":1}"
HP:0001959,Phenotype,Polydipsia,HP:0001959,https://hpo.jax.org/browse/term/HP:0001959,cluster_expansion,"{""information_content"":5.243,""panel_disease_count"":2}"
HP:0001970,Phenotype,Tubulointerstitial nephritis,HP:0001970,https://hpo.jax.org/browse/term/HP:0001970,cluster_expansion,"{""information_content"":5.725,""panel_disease_count"":1}"
HP:0001971,Phenotype,Hypersplenism,HP:0001971,https://hpo.jax.org/browse/term/HP:0001971,cluster_expansion,"{""information_content"":6.327,""panel_disease_count"":1}"
HP:0001982,Phenotype,Sea-blue histiocytosis,HP:0001982,https://hpo.jax.org/browse/term/HP:0001982,cluster_expansion,"{""information_content"":7.671,""panel_disease_count"":3}"
HP:0002046,Phenotype,Heat intolerance,HP:0002046,https://hpo.jax.org/browse/term/HP:0002046,cluster_expansion,"{""information_content"":5.966,""panel_disease_count"":1}"
HP:0002055,Phenotype,Curved linear dimple below the lower lip,HP:0002055,https://hpo.jax.org/browse/term/HP:0002055,cluster_expansion,"{""information_content"":8.769,""panel_disease_count"":1}"
HP:0002084,Phenotype,Encephalocele,HP:0002084,https://hpo.jax.org/browse/term/HP:0002084,cluster_expansion,"{""information_content"":4.7,""panel_disease_count"":2}"
HP:0002100,Phenotype,Recurrent aspiration pneumonia,HP:0002100,https://hpo.jax.org/browse/term/HP:0002100,cluster_expansion,"{""information_content"":6.167,""panel_disease_count"":1}"
HP:0002113,Phenotype,Pulmonary infiltrates,HP:0002113,https://hpo.jax.org/browse/term/HP:0002113,cluster_expansion,"{""information_content"":5.319,""panel_disease_count"":1}"
HP:0002123,Phenotype,Generalized myoclonic seizure,HP:0002123,https://hpo.jax.org/browse/term/HP:0002123,cluster_expansion,"{""information_content"":4.528,""panel_disease_count"":2}"
HP:0002141,Phenotype,Gait imbalance,HP:0002141,https://hpo.jax.org/browse/term/HP:0002141,cluster_expansion,"{""information_content"":5.385,""panel_disease_count"":1}"
HP:0002162,Phenotype,Low posterior hairline,HP:0002162,https://hpo.jax.org/browse/term/HP:0002162,cluster_expansion,"{""information_content"":4.432,""panel_disease_count"":4}"
HP:0002180,Phenotype,Neurodegeneration,HP:0002180,https://hpo.jax.org/browse/term/HP:0002180,cluster_expansion,"{""information_content"":5.531,""panel_disease_count"":2}"
HP:0002191,Phenotype,Progressive spasticity,HP:0002191,https://hpo.jax.org/browse/term/HP:0002191,cluster_expansion,"{""information_content"":5.749,""panel_disease_count"":1}"
HP:0002195,Phenotype,Dysgenesis of the cerebellar vermis,HP:0002195,https://hpo.jax.org/browse/term/HP:0002195,cluster_expansion,"{""information_content"":7.265,""panel_disease_count"":2}"
HP:0002207,Phenotype,Diffuse reticular or finely nodular infiltrations,HP:0002207,https://hpo.jax.org/browse/term/HP:0002207,cluster_expansion,"{""information_content"":7.383,""panel_disease_count"":1}"
HP:0002212,Phenotype,Curly hair,HP:0002212,https://hpo.jax.org/browse/term/HP:0002212,cluster_expansion,"{""information_content"":5.492,""panel_disease_count"":5}"
HP:0002213,Phenotype,Fine hair,HP:0002213,https://hpo.jax.org/browse/term/HP:0002213,cluster_expansion,"{""information_content"":4.692,""panel_disease_count"":1}"
HP:0002267,Phenotype,Exaggerated startle response,HP:0002267,https://hpo.jax.org/browse/term/HP:0002267,cluster_expansion,"{""information_content"":5.678,""panel_disease_count"":3}"
HP:0002313,Phenotype,Spastic paraparesis,HP:0002313,https://hpo.jax.org/browse/term/HP:0002313,cluster_expansion,"{""information_content"":5.08,""panel_disease_count"":1}"
HP:0002318,Phenotype,Cervical myelopathy,HP:0002318,https://hpo.jax.org/browse/term/HP:0002318,cluster_expansion,"{""information_content"":6.978,""panel_disease_count"":2}"
HP:0002323,Phenotype,Anencephaly,HP:0002323,https://hpo.jax.org/browse/term/HP:0002323,cluster_expansion,"{""information_content"":5.656,""panel_disease_count"":2}"
HP:0002333,Phenotype,Motor deterioration,HP:0002333,https://hpo.jax.org/browse/term/HP:0002333,cluster_expansion,"{""information_content"":6.467,""panel_disease_count"":1}"
HP:0002335,Phenotype,Agenesis of cerebellar vermis,HP:0002335,https://hpo.jax.org/browse/term/HP:0002335,cluster_expansion,"{""information_content"":6.028,""panel_disease_count"":4}"
HP:0002344,Phenotype,Progressive neurologic deterioration,HP:0002344,https://hpo.jax.org/browse/term/HP:0002344,cluster_expansion,"{""information_content"":5.056,""panel_disease_count"":2}"
HP:0002361,Phenotype,Psychomotor deterioration,HP:0002361,https://hpo.jax.org/browse/term/HP:0002361,cluster_expansion,"{""information_content"":6.754,""panel_disease_count"":1}"
HP:0002371,Phenotype,Loss of speech,HP:0002371,https://hpo.jax.org/browse/term/HP:0002371,cluster_expansion,"{""information_content"":5.852,""panel_disease_count"":3}"
HP:0002404,Phenotype,Thickened superior cerebellar peduncle,HP:0002404,https://hpo.jax.org/browse/term/HP:0002404,cluster_expansion,"{""information_content"":8.076,""panel_disease_count"":2}"
HP:0002419,Phenotype,Molar tooth sign on MRI,HP:0002419,https://hpo.jax.org/browse/term/HP:0002419,cluster_expansion,"{""information_content"":5.419,""panel_disease_count"":5}"
HP:0002421,Phenotype,Poor head control,HP:0002421,https://hpo.jax.org/browse/term/HP:0002421,cluster_expansion,"{""information_content"":4.286,""panel_disease_count"":3}"
HP:0002435,Phenotype,Meningocele,HP:0002435,https://hpo.jax.org/browse/term/HP:0002435,cluster_expansion,"{""information_content"":5.774,""panel_disease_count"":1}"
HP:0002476,Phenotype,Primitive reflex,HP:0002476,https://hpo.jax.org/browse/term/HP:0002476,cluster_expansion,"{""information_content"":5.879,""panel_disease_count"":1}"
HP:0002483,Phenotype,Bulbar signs,HP:0002483,https://hpo.jax.org/browse/term/HP:0002483,cluster_expansion,"{""information_content"":6.061,""panel_disease_count"":1}"
HP:0002506,Phenotype,Diffuse cerebral atrophy,HP:0002506,https://hpo.jax.org/browse/term/HP:0002506,cluster_expansion,"{""information_content"":5.656,""panel_disease_count"":2}"
HP:0002508,Phenotype,Brainstem dysplasia,HP:0002508,https://hpo.jax.org/browse/term/HP:0002508,cluster_expansion,"{""information_content"":7.671,""panel_disease_count"":2}"
HP:0002524,Phenotype,Cataplexy,HP:0002524,https://hpo.jax.org/browse/term/HP:0002524,cluster_expansion,"{""information_content"":6.897,""panel_disease_count"":1}"
HP:0002574,Phenotype,Episodic abdominal pain,HP:0002574,https://hpo.jax.org/browse/term/HP:0002574,cluster_expansion,"{""information_content"":5.852,""panel_disease_count"":1}"
HP:0002753,Phenotype,Thin bony cortex,HP:0002753,https://hpo.jax.org/browse/term/HP:0002753,cluster_expansion,"{""information_content"":5.936,""panel_disease_count"":1}"
HP:0002756,Phenotype,Pathologic fracture,HP:0002756,https://hpo.jax.org/browse/term/HP:0002756,cluster_expansion,"{""information_content"":5.492,""panel_disease_count"":1}"
HP:0002790,Phenotype,Neonatal breathing dysregulation,HP:0002790,https://hpo.jax.org/browse/term/HP:0002790,cluster_expansion,"{""information_content"":7.853,""panel_disease_count"":3}"
HP:0002835,Phenotype,Aspiration,HP:0002835,https://hpo.jax.org/browse/term/HP:0002835,cluster_expansion,"{""information_content"":5.656,""panel_disease_count"":2}"
HP:0002859,Phenotype,Rhabdomyosarcoma,HP:0002859,https://hpo.jax.org/browse/term/HP:0002859,cluster_expansion,"{""information_content"":6.418,""panel_disease_count"":2}"
HP:0002862,Phenotype,Bladder carcinoma,HP:0002862,https://hpo.jax.org/browse/term/HP:0002862,cluster_expansion,"{""information_content"":7.383,""panel_disease_count"":1}"
HP:0002869,Phenotype,Flared iliac wing,HP:0002869,https://hpo.jax.org/browse/term/HP:0002869,cluster_expansion,"{""information_content"":6.204,""panel_disease_count"":1}"
HP:0002876,Phenotype,Episodic tachypnea,HP:0002876,https://hpo.jax.org/browse/term/HP:0002876,cluster_expansion,"{""information_content"":6.823,""panel_disease_count"":3}"
HP:0002953,Phenotype,Vertebral compression fracture,HP:0002953,https://hpo.jax.org/browse/term/HP:0002953,cluster_expansion,"{""information_content"":5.879,""panel_disease_count"":1}"
HP:0002967,Phenotype,Cubitus valgus,HP:0002967,https://hpo.jax.org/browse/term/HP:0002967,cluster_expansion,"{""information_content"":5.008,""panel_disease_count"":6}"
HP:0003049,Phenotype,Ulnar deviation of the wrist,HP:0003049,https://hpo.jax.org/browse/term/HP:0003049,cluster_expansion,"{""information_content"":6.629,""panel_disease_count"":3}"
HP:0003053,Phenotype,Epiphyseal deformities of tubular bones,HP:0003053,https://hpo.jax.org/browse/term/HP:0003053,cluster_expansion,"{""information_content"":8.364,""panel_disease_count"":2}"
HP:0003125,Phenotype,Reduced factor VIII activity,HP:0003125,https://hpo.jax.org/browse/term/HP:0003125,cluster_expansion,"{""information_content"":6.572,""panel_disease_count"":1}"
HP:0003158,Phenotype,Hyposthenuria,HP:0003158,https://hpo.jax.org/browse/term/HP:0003158,cluster_expansion,"{""information_content"":6.897,""panel_disease_count"":1}"
HP:0003274,Phenotype,Hypoplastic acetabulae,HP:0003274,https://hpo.jax.org/browse/term/HP:0003274,cluster_expansion,"{""information_content"":7.16,""panel_disease_count"":1}"
HP:0003277,Phenotype,Constricted iliac wing,HP:0003277,https://hpo.jax.org/browse/term/HP:0003277,cluster_expansion,"{""information_content"":8.769,""panel_disease_count"":2}"
HP:0003308,Phenotype,Cervical subluxation,HP:0003308,https://hpo.jax.org/browse/term/HP:0003308,cluster_expansion,"{""information_content"":6.978,""panel_disease_count"":2}"
HP:0003318,Phenotype,Cervical spine hypermobility,HP:0003318,https://hpo.jax.org/browse/term/HP:0003318,cluster_expansion,"{""information_content"":9.462,""panel_disease_count"":1}"
HP:0003349,Phenotype,Low cholesterol esterification rate,HP:0003349,https://hpo.jax.org/browse/term/HP:0003349,cluster_expansion,"{""information_content"":8.364,""panel_disease_count"":1}"
HP:0003461,Phenotype,Increased urinary O-linked sialopeptides,HP:0003461,https://hpo.jax.org/browse/term/HP:0003461,cluster_expansion,"{""information_content"":8.076,""panel_disease_count"":1}"
HP:0003495,Phenotype,GM2-ganglioside accumulation,HP:0003495,https://hpo.jax.org/browse/term/HP:0003495,cluster_expansion,"{""information_content"":8.364,""panel_disease_count"":2}"
HP:0003502,Phenotype,Mild short stature,HP:0003502,https://hpo.jax.org/browse/term/HP:0003502,cluster_expansion,"{""information_content"":6.284,""panel_disease_count"":1}"
HP:0003510,Phenotype,Severe short stature,HP:0003510,https://hpo.jax.org/browse/term/HP:0003510,cluster_expansion,"{""information_content"":4.425,""panel_disease_count"":2}"
HP:0003609,Phenotype,Foam cells with lamellar inclusion bodies,HP:0003609,https://hpo.jax.org/browse/term/HP:0003609,cluster_expansion,"{""information_content"":8.076,""panel_disease_count"":1}"
HP:0003640,Phenotype,CNS foam cells,HP:0003640,https://hpo.jax.org/browse/term/HP:0003640,cluster_expansion,"{""information_content"":8.364,""panel_disease_count"":1}"
HP:0003651,Phenotype,Foam cells,HP:0003651,https://hpo.jax.org/browse/term/HP:0003651,cluster_expansion,"{""information_content"":6.327,""panel_disease_count"":2}"
HP:0003656,Phenotype,Decreased beta-glucocerebrosidase level,HP:0003656,https://hpo.jax.org/browse/term/HP:0003656,cluster_expansion,"{""information_content"":7.671,""panel_disease_count"":1}"
HP:0003774,Phenotype,Stage 5 chronic kidney disease,HP:0003774,https://hpo.jax.org/browse/term/HP:0003774,cluster_expansion,"{""information_content"":4.264,""panel_disease_count"":3}"
HP:0004283,Phenotype,Narrow palm,HP:0004283,https://hpo.jax.org/browse/term/HP:0004283,cluster_expansion,"{""information_content"":6.823,""panel_disease_count"":1}"
HP:0004333,Phenotype,Bone-marrow foam cells,HP:0004333,https://hpo.jax.org/browse/term/HP:0004333,cluster_expansion,"{""information_content"":7.265,""panel_disease_count"":3}"
HP:0004343,Phenotype,Abnormal glycosphingolipid metabolism,HP:0004343,https://hpo.jax.org/browse/term/HP:0004343,cluster_expansion,"{""information_content"":6.823,""panel_disease_count"":1}"
HP:0004409,Phenotype,Hyposmia,HP:0004409,https://hpo.jax.org/browse/term/HP:0004409,cluster_expansion,"{""information_content"":5.997,""panel_disease_count"":1}"
HP:0004438,Phenotype,Hyperostosis frontalis interna,HP:0004438,https://hpo.jax.org/browse/term/HP:0004438,cluster_expansion,"{""information_content"":8.076,""panel_disease_count"":1}"
HP:0004442,Phenotype,Sagittal craniosynostosis,HP:0004442,https://hpo.jax.org/browse/term/HP:0004442,cluster_expansion,"{""information_content"":5.852,""panel_disease_count"":1}"
HP:0004639,Phenotype,Elevated amniotic fluid alpha-fetoprotein concentration,HP:0004639,https://hpo.jax.org/browse/term/HP:0004639,cluster_expansion,"{""information_content"":7.853,""panel_disease_count"":1}"
HP:0004727,Phenotype,Impaired renal concentrating ability,HP:0004727,https://hpo.jax.org/browse/term/HP:0004727,cluster_expansion,"{""information_content"":7.383,""panel_disease_count"":1}"
HP:0004841,Phenotype,Reduced factor XII activity,HP:0004841,https://hpo.jax.org/browse/term/HP:0004841,cluster_expansion,"{""information_content"":7.853,""panel_disease_count"":1}"
HP:0004859,Phenotype,Amegakaryocytic thrombocytopenia,HP:0004859,https://hpo.jax.org/browse/term/HP:0004859,cluster_expansion,"{""information_content"":8.076,""panel_disease_count"":1}"
HP:0004934,Phenotype,Vascular calcification,HP:0004934,https://hpo.jax.org/browse/term/HP:0004934,cluster_expansion,"{""information_content"":6.244,""panel_disease_count"":1}"
HP:0004975,Phenotype,Erlenmeyer flask deformity of the femurs,HP:0004975,https://hpo.jax.org/browse/term/HP:0004975,cluster_expansion,"{""information_content"":7.065,""panel_disease_count"":1}"
HP:0005144,Phenotype,Ventricular septal hypertrophy,HP:0005144,https://hpo.jax.org/browse/term/HP:0005144,cluster_expansion,"{""information_content"":6.572,""panel_disease_count"":1}"
HP:0005281,Phenotype,Hypoplastic nasal bridge,HP:0005281,https://hpo.jax.org/browse/term/HP:0005281,cluster_expansion,"{""information_content"":7.383,""panel_disease_count"":1}"
HP:0005292,Phenotype,Intimal thickening in the coronary arteries,HP:0005292,https://hpo.jax.org/browse/term/HP:0005292,cluster_expansion,"{""information_content"":9.462,""panel_disease_count"":1}"
HP:0005343,Phenotype,Hypoplasia of the bladder,HP:0005343,https://hpo.jax.org/browse/term/HP:0005343,cluster_expansion,"{""information_content"":7.065,""panel_disease_count"":1}"
HP:0005565,Phenotype,Reduced renal corticomedullary differentiation,HP:0005565,https://hpo.jax.org/browse/term/HP:0005565,cluster_expansion,"{""information_content"":6.629,""panel_disease_count"":1}"
HP:0005576,Phenotype,Tubulointerstitial fibrosis,HP:0005576,https://hpo.jax.org/browse/term/HP:0005576,cluster_expansion,"{""information_content"":6.467,""panel_disease_count"":1}"
HP:0005583,Phenotype,Tubular basement membrane disintegration,HP:0005583,https://hpo.jax.org/browse/term/HP:0005583,cluster_expansion,"{""information_content"":8.076,""panel_disease_count"":1}"
HP:0005609,Phenotype,Gallbladder dysfunction,HP:0005609,https://hpo.jax.org/browse/term/HP:0005609,cluster_expansion,"{""information_content"":8.769,""panel_disease_count"":1}"
HP:0005619,Phenotype,Thoracolumbar kyphosis,HP:0005619,https://hpo.jax.org/browse/term/HP:0005619,cluster_expansion,"{""information_content"":6.244,""panel_disease_count"":1}"
HP:0005987,Phenotype,Multinodular goiter,HP:0005987,https://hpo.jax.org/browse/term/HP:0005987,cluster_expansion,"{""information_content"":7.16,""panel_disease_count"":1}"
HP:0006191,Phenotype,Deep palmar crease,HP:0006191,https://hpo.jax.org/browse/term/HP:0006191,cluster_expansion,"{""information_content"":5.701,""panel_disease_count"":3}"
HP:0006267,Phenotype,Large placenta,HP:0006267,https://hpo.jax.org/browse/term/HP:0006267,cluster_expansion,"{""information_content"":6.978,""panel_disease_count"":1}"
HP:0006563,Phenotype,Malformation of the hepatic ductal plate,HP:0006563,https://hpo.jax.org/browse/term/HP:0006563,cluster_expansion,"{""information_content"":7.16,""panel_disease_count"":1}"
HP:0006583,Phenotype,Fatal liver failure in infancy,HP:0006583,https://hpo.jax.org/browse/term/HP:0006583,cluster_expansion,"{""information_content"":7.853,""panel_disease_count"":1}"
HP:0006743,Phenotype,Embryonal rhabdomyosarcoma,HP:0006743,https://hpo.jax.org/browse/term/HP:0006743,cluster_expansion,"{""information_content"":7.853,""panel_disease_count"":1}"
HP:0006775,Phenotype,Multiple myeloma,HP:0006775,https://hpo.jax.org/browse/term/HP:0006775,cluster_expansion,"{""information_content"":6.754,""panel_disease_count"":1}"
HP:0006801,Phenotype,Hyperactive deep tendon reflexes,HP:0006801,https://hpo.jax.org/browse/term/HP:0006801,cluster_expansion,"{""information_content"":5.825,""panel_disease_count"":1}"
HP:0006817,Phenotype,Aplasia/Hypoplasia of the cerebellar vermis,HP:0006817,https://hpo.jax.org/browse/term/HP:0006817,cluster_expansion,"{""information_content"":3.52,""panel_disease_count"":2}"
HP:0007015,Phenotype,Poor gross motor coordination,HP:0007015,https://hpo.jax.org/browse/term/HP:0007015,cluster_expansion,"{""information_content"":7.065,""panel_disease_count"":1}"
HP:0007133,Phenotype,Progressive peripheral neuropathy,HP:0007133,https://hpo.jax.org/browse/term/HP:0007133,cluster_expansion,"{""information_content"":7.265,""panel_disease_count"":1}"
HP:0007271,Phenotype,Occipital myelomeningocele,HP:0007271,https://hpo.jax.org/browse/term/HP:0007271,cluster_expansion,"{""information_content"":9.462,""panel_disease_count"":1}"
HP:0007272,Phenotype,Progressive psychomotor deterioration,HP:0007272,https://hpo.jax.org/browse/term/HP:0007272,cluster_expansion,"{""information_content"":6.823,""panel_disease_count"":2}"
HP:0007281,Phenotype,Developmental stagnation,HP:0007281,https://hpo.jax.org/browse/term/HP:0007281,cluster_expansion,"{""information_content"":6.418,""panel_disease_count"":1}"
HP:0007305,Phenotype,CNS demyelination,HP:0007305,https://hpo.jax.org/browse/term/HP:0007305,cluster_expansion,"{""information_content"":5.385,""panel_disease_count"":2}"
HP:0007313,Phenotype,Cerebral degeneration,HP:0007313,https://hpo.jax.org/browse/term/HP:0007313,cluster_expansion,"{""information_content"":8.364,""panel_disease_count"":1}"
HP:0007401,Phenotype,Macular atrophy,HP:0007401,https://hpo.jax.org/browse/term/HP:0007401,cluster_expansion,"{""information_content"":5.385,""panel_disease_count"":1}"
HP:0007470,Phenotype,Periarticular subcutaneous nodules,HP:0007470,https://hpo.jax.org/browse/term/HP:0007470,cluster_expansion,"{""information_content"":7.853,""panel_disease_count"":1}"
HP:0007663,Phenotype,Reduced visual acuity,HP:0007663,https://hpo.jax.org/browse/term/HP:0007663,cluster_expansion,"{""information_content"":2.908,""panel_disease_count"":3}"
HP:0007759,Phenotype,Opacification of the corneal stroma,HP:0007759,https://hpo.jax.org/browse/term/HP:0007759,cluster_expansion,"{""information_content"":4.626,""panel_disease_count"":4}"
HP:0007817,Phenotype,Horizontal supranuclear gaze palsy,HP:0007817,https://hpo.jax.org/browse/term/HP:0007817,cluster_expansion,"{""information_content"":7.517,""panel_disease_count"":1}"
HP:0007875,Phenotype,Congenital blindness,HP:0007875,https://hpo.jax.org/browse/term/HP:0007875,cluster_expansion,"{""information_content"":7.16,""panel_disease_count"":1}"
HP:0007928,Phenotype,Abnormal flash visual evoked potentials,HP:0007928,https://hpo.jax.org/browse/term/HP:0007928,cluster_expansion,"{""information_content"":7.671,""panel_disease_count"":1}"
HP:0007994,Phenotype,Peripheral visual field loss,HP:0007994,https://hpo.jax.org/browse/term/HP:0007994,cluster_expansion,"{""information_content"":5.879,""panel_disease_count"":2}"
HP:0008166,Phenotype,Decreased beta-galactosidase activity,HP:0008166,https://hpo.jax.org/browse/term/HP:0008166,cluster_expansion,"{""information_content"":7.383,""panel_disease_count"":5}"
HP:0008357,Phenotype,Reduced factor XIII activity,HP:0008357,https://hpo.jax.org/browse/term/HP:0008357,cluster_expansion,"{""information_content"":7.853,""panel_disease_count"":1}"
HP:0008430,Phenotype,Anterior beaking of lumbar vertebrae,HP:0008430,https://hpo.jax.org/browse/term/HP:0008430,cluster_expansion,"{""information_content"":7.265,""panel_disease_count"":2}"
HP:0008479,Phenotype,Hypoplastic vertebral bodies,HP:0008479,https://hpo.jax.org/browse/term/HP:0008479,cluster_expansion,"{""information_content"":6.284,""panel_disease_count"":2}"
HP:0009134,Phenotype,Osteolysis involving bones of the feet,HP:0009134,https://hpo.jax.org/browse/term/HP:0009134,cluster_expansion,"{""information_content"":6.467,""panel_disease_count"":1}"
HP:0009588,Phenotype,Vestibular schwannoma,HP:0009588,https://hpo.jax.org/browse/term/HP:0009588,cluster_expansion,"{""information_content"":7.265,""panel_disease_count"":1}"
HP:0009732,Phenotype,Plexiform neurofibroma,HP:0009732,https://hpo.jax.org/browse/term/HP:0009732,cluster_expansion,"{""information_content"":7.383,""panel_disease_count"":1}"
HP:0009735,Phenotype,Spinal neurofibroma,HP:0009735,https://hpo.jax.org/browse/term/HP:0009735,cluster_expansion,"{""information_content"":7.671,""panel_disease_count"":1}"
HP:0009736,Phenotype,Tibial pseudarthrosis,HP:0009736,https://hpo.jax.org/browse/term/HP:0009736,cluster_expansion,"{""information_content"":9.462,""panel_disease_count"":1}"
HP:0009806,Phenotype,Nephrogenic diabetes insipidus,HP:0009806,https://hpo.jax.org/browse/term/HP:0009806,cluster_expansion,"{""information_content"":6.978,""panel_disease_count"":1}"
HP:0009931,Phenotype,Enlarged naris,HP:0009931,https://hpo.jax.org/browse/term/HP:0009931,cluster_expansion,"{""information_content"":7.383,""panel_disease_count"":1}"
HP:0010307,Phenotype,Stridor,HP:0010307,https://hpo.jax.org/browse/term/HP:0010307,cluster_expansion,"{""information_content"":5.304,""panel_disease_count"":1}"
HP:0010310,Phenotype,Chylothorax,HP:0010310,https://hpo.jax.org/browse/term/HP:0010310,cluster_expansion,"{""information_content"":6.754,""panel_disease_count"":1}"
HP:0010442,Phenotype,Polydactyly,HP:0010442,https://hpo.jax.org/browse/term/HP:0010442,cluster_expansion,"{""information_content"":3.38,""panel_disease_count"":2}"
HP:0010463,Phenotype,Aplasia of the ovary,HP:0010463,https://hpo.jax.org/browse/term/HP:0010463,cluster_expansion,"{""information_content"":7.265,""panel_disease_count"":1}"
HP:0010655,Phenotype,Epiphyseal stippling,HP:0010655,https://hpo.jax.org/browse/term/HP:0010655,cluster_expansion,"{""information_content"":5.591,""panel_disease_count"":1}"
HP:0010729,Phenotype,Cherry red spot of the macula,HP:0010729,https://hpo.jax.org/browse/term/HP:0010729,cluster_expansion,"{""information_content"":6.167,""panel_disease_count"":8}"
HP:0010750,Phenotype,Dermatochalasis,HP:0010750,https://hpo.jax.org/browse/term/HP:0010750,cluster_expansion,"{""information_content"":7.853,""panel_disease_count"":1}"
HP:0010780,Phenotype,Hyperacusis,HP:0010780,https://hpo.jax.org/browse/term/HP:0010780,cluster_expansion,"{""information_content"":6.629,""panel_disease_count"":1}"
HP:0010795,Phenotype,Cerebellar glioma,HP:0010795,https://hpo.jax.org/browse/term/HP:0010795,cluster_expansion,"{""information_content"":8.769,""panel_disease_count"":1}"
HP:0010828,Phenotype,Hemifacial spasm,HP:0010828,https://hpo.jax.org/browse/term/HP:0010828,cluster_expansion,"{""information_content"":8.076,""panel_disease_count"":1}"
HP:0010829,Phenotype,Impaired temperature sensation,HP:0010829,https://hpo.jax.org/browse/term/HP:0010829,cluster_expansion,"{""information_content"":5.749,""panel_disease_count"":1}"
HP:0010841,Phenotype,Multifocal epileptiform discharges,HP:0010841,https://hpo.jax.org/browse/term/HP:0010841,cluster_expansion,"{""information_content"":5.55,""panel_disease_count"":1}"
HP:0011321,Phenotype,Left unilambdoid synostosis,HP:0011321,https://hpo.jax.org/browse/term/HP:0011321,cluster_expansion,"{""information_content"":8.769,""panel_disease_count"":1}"
HP:0011470,Phenotype,Nasogastric tube feeding in infancy,HP:0011470,https://hpo.jax.org/browse/term/HP:0011470,cluster_expansion,"{""information_content"":5.907,""panel_disease_count"":1}"
HP:0011590,Phenotype,Double aortic arch,HP:0011590,https://hpo.jax.org/browse/term/HP:0011590,cluster_expansion,"{""information_content"":7.517,""panel_disease_count"":1}"
HP:0011933,Phenotype,Elongated superior cerebellar peduncle,HP:0011933,https://hpo.jax.org/browse/term/HP:0011933,cluster_expansion,"{""information_content"":7.16,""panel_disease_count"":2}"
HP:0011939,Phenotype,3-4 finger cutaneous syndactyly,HP:0011939,https://hpo.jax.org/browse/term/HP:0011939,cluster_expansion,"{""information_content"":5.997,""panel_disease_count"":1}"
HP:0011950,Phenotype,Unusual bronchiolitis,HP:0011950,https://hpo.jax.org/browse/term/HP:0011950,cluster_expansion,"{""information_content"":6.418,""panel_disease_count"":1}"
HP:0012059,Phenotype,Lentigo maligna melanoma,HP:0012059,https://hpo.jax.org/browse/term/HP:0012059,cluster_expansion,"{""information_content"":9.462,""panel_disease_count"":1}"
HP:0012061,Phenotype,Urinary excretion of sialylated oligosaccharides,HP:0012061,https://hpo.jax.org/browse/term/HP:0012061,cluster_expansion,"{""information_content"":8.769,""panel_disease_count"":1}"
HP:0012069,Phenotype,Keratan sulfate excretion in urine,HP:0012069,https://hpo.jax.org/browse/term/HP:0012069,cluster_expansion,"{""information_content"":7.853,""panel_disease_count"":2}"
HP:0012070,Phenotype,Chondroitin sulfate excretion in urine,HP:0012070,https://hpo.jax.org/browse/term/HP:0012070,cluster_expansion,"{""information_content"":8.076,""panel_disease_count"":2}"
HP:0012081,Phenotype,Enlarged cerebellum,HP:0012081,https://hpo.jax.org/browse/term/HP:0012081,cluster_expansion,"{""information_content"":7.265,""panel_disease_count"":1}"
HP:0012209,Phenotype,Juvenile myelomonocytic leukemia,HP:0012209,https://hpo.jax.org/browse/term/HP:0012209,cluster_expansion,"{""information_content"":7.671,""panel_disease_count"":2}"
HP:0012569,Phenotype,Delayed menarche,HP:0012569,https://hpo.jax.org/browse/term/HP:0012569,cluster_expansion,"{""information_content"":6.978,""panel_disease_count"":1}"
HP:0012702,Phenotype,Tenesmus,HP:0012702,https://hpo.jax.org/browse/term/HP:0012702,cluster_expansion,"{""information_content"":7.517,""panel_disease_count"":1}"
HP:0012743,Phenotype,Abdominal obesity,HP:0012743,https://hpo.jax.org/browse/term/HP:0012743,cluster_expansion,"{""information_content"":6.327,""panel_disease_count"":2}"
HP:0012774,Phenotype,Increased upper to lower segment ratio,HP:0012774,https://hpo.jax.org/browse/term/HP:0012774,cluster_expansion,"{""information_content"":7.383,""panel_disease_count"":1}"
HP:0025013,Phenotype,Decerebrate rigidity,HP:0025013,https://hpo.jax.org/browse/term/HP:0025013,cluster_expansion,"{""information_content"":6.978,""panel_disease_count"":1}"
HP:0025053,Phenotype,Elevated brain N-acetyl aspartate level by MRS,HP:0025053,https://hpo.jax.org/browse/term/HP:0025053,cluster_expansion,"{""information_content"":7.853,""panel_disease_count"":1}"
HP:0025501,Phenotype,Class III obesity,HP:0025501,https://hpo.jax.org/browse/term/HP:0025501,cluster_expansion,"{""information_content"":8.769,""panel_disease_count"":1}"
HP:0030052,Phenotype,Inguinal freckling,HP:0030052,https://hpo.jax.org/browse/term/HP:0030052,cluster_expansion,"{""information_content"":7.16,""panel_disease_count"":2}"
HP:0030631,Phenotype,Hyperautofluorescent macular lesion,HP:0030631,https://hpo.jax.org/browse/term/HP:0030631,cluster_expansion,"{""information_content"":7.383,""panel_disease_count"":1}"
HP:0030865,Phenotype,Large elbow,HP:0030865,https://hpo.jax.org/browse/term/HP:0030865,cluster_expansion,"{""information_content"":8.364,""panel_disease_count"":1}"
HP:0030918,Phenotype,Low 1-minute APGAR score,HP:0030918,https://hpo.jax.org/browse/term/HP:0030918,cluster_expansion,"{""information_content"":7.517,""panel_disease_count"":1}"
HP:0030919,Phenotype,Low 5-minute APGAR score,HP:0030919,https://hpo.jax.org/browse/term/HP:0030919,cluster_expansion,"{""information_content"":7.517,""panel_disease_count"":1}"
HP:0030939,Phenotype,Palpebral thickening,HP:0030939,https://hpo.jax.org/browse/term/HP:0030939,cluster_expansion,"{""information_content"":7.517,""panel_disease_count"":1}"
HP:0031162,Phenotype,Impaired oropharyngeal swallow response,HP:0031162,https://hpo.jax.org/browse/term/HP:0031162,cluster_expansion,"{""information_content"":7.265,""panel_disease_count"":1}"
HP:0031624,Phenotype,Moderate myopia,HP:0031624,https://hpo.jax.org/browse/term/HP:0031624,cluster_expansion,"{""information_content"":7.16,""panel_disease_count"":1}"
HP:0031842,Phenotype,Lymphangiectasis,HP:0031842,https://hpo.jax.org/browse/term/HP:0031842,cluster_expansion,"{""information_content"":6.572,""panel_disease_count"":1}"
HP:0031878,Phenotype,Acromicria,HP:0031878,https://hpo.jax.org/browse/term/HP:0031878,cluster_expansion,"{""information_content"":7.853,""panel_disease_count"":1}"
HP:0032152,Phenotype,Keratosis pilaris,HP:0032152,https://hpo.jax.org/browse/term/HP:0032152,cluster_expansion,"{""information_content"":5.612,""panel_disease_count"":3}"
HP:0032273,Phenotype,Increased circulating N-acetylaspartic acid concentration,HP:0032273,https://hpo.jax.org/browse/term/HP:0032273,cluster_expansion,"{""information_content"":9.462,""panel_disease_count"":1}"
HP:0032274,Phenotype,Increased CSF N-acetylaspartic acid concentration,HP:0032274,https://hpo.jax.org/browse/term/HP:0032274,cluster_expansion,"{""information_content"":9.462,""panel_disease_count"":1}"
HP:0032277,Phenotype,Lozenge-shaped umbilicus,HP:0032277,https://hpo.jax.org/browse/term/HP:0032277,cluster_expansion,"{""information_content"":8.769,""panel_disease_count"":1}"
HP:0032285,Phenotype,Ultra-low vision with retained light projection,HP:0032285,https://hpo.jax.org/browse/term/HP:0032285,cluster_expansion,"{""information_content"":9.462,""panel_disease_count"":1}"
HP:0032567,Phenotype,Lipiduria,HP:0032567,https://hpo.jax.org/browse/term/HP:0032567,cluster_expansion,"{""information_content"":9.462,""panel_disease_count"":1}"
HP:0032568,Phenotype,Urinary mulberry cells,HP:0032568,https://hpo.jax.org/browse/term/HP:0032568,cluster_expansion,"{""information_content"":9.462,""panel_disease_count"":1}"
HP:0033044,Phenotype,Motor regression,HP:0033044,https://hpo.jax.org/browse/term/HP:0033044,cluster_expansion,"{""information_content"":6.327,""panel_disease_count"":1}"
HP:0033595,Phenotype,Elevated circulating globotriaosylceramide concentration,HP:0033595,https://hpo.jax.org/browse/term/HP:0033595,cluster_expansion,"{""information_content"":8.769,""panel_disease_count"":1}"
HP:0033680,Phenotype,Pilocytic astrocytoma,HP:0033680,https://hpo.jax.org/browse/term/HP:0033680,cluster_expansion,"{""information_content"":9.462,""panel_disease_count"":1}"
HP:0033978,Phenotype,Reduced beta-hexosaminidase B activity,HP:0033978,https://hpo.jax.org/browse/term/HP:0033978,cluster_expansion,"{""information_content"":8.076,""panel_disease_count"":1}"
HP:0034053,Phenotype,Decreased acid ceramidase activity,HP:0034053,https://hpo.jax.org/browse/term/HP:0034053,cluster_expansion,"{""information_content"":9.462,""panel_disease_count"":1}"
HP:0034322,Phenotype,Reduced tissue galactocerebrosidase activity,HP:0034322,https://hpo.jax.org/browse/term/HP:0034322,cluster_expansion,"{""information_content"":7.853,""panel_disease_count"":1}"
HP:0034349,Phenotype,Supravalvar pulmonary stenosis,HP:0034349,https://hpo.jax.org/browse/term/HP:0034349,cluster_expansion,"{""information_content"":7.853,""panel_disease_count"":1}"
HP:0034649,Phenotype,Elevated urine N-acetylaspartic acid level,HP:0034649,https://hpo.jax.org/browse/term/HP:0034649,cluster_expansion,"{""information_content"":8.364,""panel_disease_count"":1}"
HP:0034687,Phenotype,Impaired cerebroside sulfate hydrolysis,HP:0034687,https://hpo.jax.org/browse/term/HP:0034687,cluster_expansion,"{""information_content"":9.462,""panel_disease_count"":1}"
HP:0034863,Phenotype,Reduced leukocyte arylsulfatase A activity,HP:0034863,https://hpo.jax.org/browse/term/HP:0034863,cluster_expansion,"{""information_content"":9.462,""panel_disease_count"":1}"
HP:0034864,Phenotype,Decreased alpha-galactosidase A activity,HP:0034864,https://hpo.jax.org/browse/term/HP:0034864,cluster_expansion,"{""information_content"":8.769,""panel_disease_count"":1}"
HP:0040139,Phenotype,Lipogranulomatosis,HP:0040139,https://hpo.jax.org/browse/term/HP:0040139,cluster_expansion,"{""information_content"":9.462,""panel_disease_count"":1}"
HP:0040217,Phenotype,Elevated hemoglobin A1c,HP:0040217,https://hpo.jax.org/browse/term/HP:0040217,cluster_expansion,"{""information_content"":6.284,""panel_disease_count"":1}"
HP:0100697,Phenotype,Malignant peripheral nerve sheath tumor,HP:0100697,https://hpo.jax.org/browse/term/HP:0100697,cluster_expansion,"{""information_content"":7.853,""panel_disease_count"":2}"
HP:0100951,Phenotype,Enlarged fossa interpeduncularis,HP:0100951,https://hpo.jax.org/browse/term/HP:0100951,cluster_expansion,"{""information_content"":8.076,""panel_disease_count"":2}"
HP:0200096,Phenotype,Triangular-shaped open mouth,HP:0200096,https://hpo.jax.org/browse/term/HP:0200096,cluster_expansion,"{""information_content"":8.364,""panel_disease_count"":1}"
HP:0200120,Phenotype,Chronic active hepatitis,HP:0200120,https://hpo.jax.org/browse/term/HP:0200120,cluster_expansion,"{""information_content"":8.076,""panel_disease_count"":1}"
HP:6000122,Phenotype,Increased urinary N-acetylglucosamine-rich oligosaccharide level,HP:6000122,https://hpo.jax.org/browse/term/HP:6000122,cluster_expansion,"{""information_content"":9.462,""panel_disease_count"":1}"
HP:6000158,Phenotype,Unesterified cholesterol accumulation in cultured fibroblasts,HP:6000158,https://hpo.jax.org/browse/term/HP:6000158,cluster_expansion,"{""information_content"":9.462,""panel_disease_count"":1}"
HP:6000354,Phenotype,Reduced aspartoacylase activity in cultured fibroblasts,HP:6000354,https://hpo.jax.org/browse/term/HP:6000354,cluster_expansion,"{""information_content"":9.462,""panel_disease_count"":1}"
HP:6000911,Phenotype,Reduced tissue neuraminidase activity,HP:6000911,https://hpo.jax.org/browse/term/HP:6000911,cluster_expansion,"{""information_content"":9.462,""panel_disease_count"":1}"
HP:6001124,Phenotype,Sphenoid wing dysplasia,HP:6001124,https://hpo.jax.org/browse/term/HP:6001124,cluster_expansion,"{""information_content"":9.462,""panel_disease_count"":1}"
HP:6001185,Phenotype,Elevated circulating glucosylsphingosine concentration,HP:6001185,https://hpo.jax.org/browse/term/HP:6001185,cluster_expansion,"{""information_content"":8.364,""panel_disease_count"":1}"
HP:6001353,Phenotype,Elevated circulating C-triol concentration,HP:6001353,https://hpo.jax.org/browse/term/HP:6001353,cluster_expansion,"{""information_content"":8.769,""panel_disease_count"":1}"
HP:6001380,Phenotype,Elevated circulating lysosphingomyelin concentration,HP:6001380,https://hpo.jax.org/browse/term/HP:6001380,cluster_expansion,"{""information_content"":8.769,""panel_disease_count"":1}"
NCT:NCT04395495,Study,RASopathy Biorepository,NCT04395495,https://clinicaltrials.gov/study/NCT04395495,curated_resource,"{""checked_on"": ""2026-10-04"", ""checked_via"": ""https://classic.clinicaltrials.gov/ct2/show/NCT04395495"", ""claim"": ""The record names neurofibromatosis 1, Noonan, Costello, cardiofaciocutaneous and Legius syndromes."", ""short_name"": ""RASopathy Biorepository"", ""study"": {""brief_title"": ""RASopathy Biorepository"", ""completion_date"": ""2065-12 (estimated)"", ""conditions"": ""Neurofibromatosis 1; Noonan syndrome; Costello syndrome; cardiofaciocutaneous syndrome; Legius syndrome"", ""lead_sponsor"": ""Children's Hospital Medical Center, Cincinnati"", ""overall_status"": ""RECRUITING"", ""primary_completion_date"": """", ""retrieved_at"": ""2026-10-04"", ""source_url"": ""https://clinicaltrials.gov/study/NCT04395495"", ""study_start_date"": ""2017-06-27"", ""study_type"": ""OBSERVATIONAL""}}"
EVIDENCE:CUR-NCT04395495,Evidence,RASopathy Biorepository: checked 2026-10-04,CUR-NCT04395495,https://classic.clinicaltrials.gov/ct2/show/NCT04395495,curated_resource,"{""checked_on"": ""2026-10-04"", ""claim"": ""The record names neurofibromatosis 1, Noonan, Costello, cardiofaciocutaneous and Legius syndromes.""}"
NCT:NCT01362803,Study,Selumetinib for children with NF1 plexiform neurofibromas (SPRINT),NCT01362803,https://clinicaltrials.gov/study/NCT01362803,curated_resource,"{""checked_on"": ""2026-10-04"", ""checked_via"": ""https://classic.clinicaltrials.gov/ct2/show/NCT01362803"", ""claim"": ""Phase 1/2 trial of the MEK inhibitor selumetinib in children with NF1 and inoperable plexiform neurofibromas."", ""short_name"": ""SPRINT"", ""study"": {""brief_title"": ""Selumetinib for children with NF1 plexiform neurofibromas (SPRINT)"", ""completion_date"": ""2032-01 (estimated)"", ""conditions"": ""Neurofibromatosis type 1; plexiform neurofibromas"", ""lead_sponsor"": ""National Cancer Institute (NCI)"", ""overall_status"": ""ACTIVE_NOT_RECRUITING"", ""primary_completion_date"": """", ""retrieved_at"": ""2026-10-04"", ""source_url"": ""https://clinicaltrials.gov/study/NCT01362803"", ""study_start_date"": ""2011-09-21"", ""study_type"": ""INTERVENTIONAL""}}"
EVIDENCE:CUR-NCT01362803,Evidence,SPRINT: checked 2026-10-04,CUR-NCT01362803,https://classic.clinicaltrials.gov/ct2/show/NCT01362803,curated_resource,"{""checked_on"": ""2026-10-04"", ""claim"": ""Phase 1/2 trial of the MEK inhibitor selumetinib in children with NF1 and inoperable plexiform neurofibromas.""}"
NCT:NCT03746522,Study,Setmelanotide in Bardet-Biedl and Alstrom syndrome with obesity,NCT03746522,https://clinicaltrials.gov/study/NCT03746522,curated_resource,"{""checked_on"": ""2026-10-04"", ""checked_via"": ""https://classic.clinicaltrials.gov/ct2/show/NCT03746522"", ""claim"": ""One phase 3 trial enrolled people with Bardet-Biedl syndrome and with Alstrom syndrome."", ""short_name"": ""Setmelanotide phase 3"", ""study"": {""brief_title"": ""Setmelanotide in Bardet-Biedl and Alstrom syndrome with obesity"", ""completion_date"": ""2021-03-08"", ""conditions"": ""Bardet-Biedl syndrome; Alstrom syndrome"", ""lead_sponsor"": ""Rhythm Pharmaceuticals, Inc."", ""overall_status"": ""COMPLETED"", ""primary_completion_date"": """", ""retrieved_at"": ""2026-10-04"", ""source_url"": ""https://clinicaltrials.gov/study/NCT03746522"", ""study_start_date"": ""2018-11-23"", ""study_type"": ""INTERVENTIONAL""}}"
EVIDENCE:CUR-NCT03746522,Evidence,Setmelanotide phase 3: checked 2026-10-04,CUR-NCT03746522,https://classic.clinicaltrials.gov/ct2/show/NCT03746522,curated_resource,"{""checked_on"": ""2026-10-04"", ""claim"": ""One phase 3 trial enrolled people with Bardet-Biedl syndrome and with Alstrom syndrome.""}"
NCT:NCT02329210,Study,Clinical Registry Investigating Bardet-Biedl Syndrome (CRIBBS),NCT02329210,https://clinicaltrials.gov/study/NCT02329210,curated_resource,"{""checked_on"": ""2026-10-04"", ""checked_via"": ""https://classic.clinicaltrials.gov/ct2/show/NCT02329210"", ""claim"": ""International registry of people with Bardet-Biedl syndrome."", ""short_name"": ""CRIBBS"", ""study"": {""brief_title"": ""Clinical Registry Investigating Bardet-Biedl Syndrome (CRIBBS)"", ""completion_date"": ""2030-12 (estimated)"", ""conditions"": ""Bardet-Biedl syndrome"", ""lead_sponsor"": ""Marshfield Clinic Research Foundation"", ""overall_status"": ""RECRUITING"", ""primary_completion_date"": """", ""retrieved_at"": ""2026-10-04"", ""source_url"": ""https://clinicaltrials.gov/study/NCT02329210"", ""study_start_date"": ""2014-06"", ""study_type"": ""OBSERVATIONAL""}}"
EVIDENCE:CUR-NCT02329210,Evidence,CRIBBS: checked 2026-10-04,CUR-NCT02329210,https://classic.clinicaltrials.gov/ct2/show/NCT02329210,curated_resource,"{""checked_on"": ""2026-10-04"", ""claim"": ""International registry of people with Bardet-Biedl syndrome.""}"
NCT:NCT00068224,Study,Clinical and Molecular Investigations Into Ciliopathies (NIH),NCT00068224,https://clinicaltrials.gov/study/NCT00068224,curated_resource,"{""checked_on"": ""2026-10-04"", ""checked_via"": ""https://classic.clinicaltrials.gov/ct2/show/NCT00068224"", ""claim"": ""The study description names Joubert syndrome and related disorders, Bardet-Biedl, Meckel-Gruber, nephronophthisis and Alstrom syndromes."", ""short_name"": ""NIH ciliopathy study"", ""study"": {""brief_title"": ""Clinical and Molecular Investigations Into Ciliopathies (NIH)"", ""completion_date"": ""2021-02-18"", ""conditions"": ""Ciliopathy; the description names nephronophthisis, Joubert syndrome and related disorders, Bardet-Biedl, Meckel-Gruber and Alstrom syndromes"", ""lead_sponsor"": ""National Human Genome Research Institute (NHGRI)"", ""overall_status"": ""COMPLETED"", ""primary_completion_date"": """", ""retrieved_at"": ""2026-10-04"", ""source_url"": ""https://clinicaltrials.gov/study/NCT00068224"", ""study_start_date"": ""2003-03-16"", ""study_type"": ""OBSERVATIONAL""}}"
EVIDENCE:CUR-NCT00068224,Evidence,NIH ciliopathy study: checked 2026-10-04,CUR-NCT00068224,https://classic.clinicaltrials.gov/ct2/show/NCT00068224,curated_resource,"{""checked_on"": ""2026-10-04"", ""claim"": ""The study description names Joubert syndrome and related disorders, Bardet-Biedl, Meckel-Gruber, nephronophthisis and Alstrom syndromes.""}"
ORG:RASOPATHIES_NETWORK,Organization,RASopathies Network,RASopathies Network,https://rasopathiesnet.org/,curated_resource,"{""checked_on"": ""2026-10-04"", ""checked_via"": ""https://rasopathiesnet.org/"", ""claim"": ""Partnership of RASopathies Network USA and UK, serving the RASopathies."", ""short_name"": ""RASopathies Network""}"
EVIDENCE:CUR-RASOPATHIES-NETWORK,Evidence,RASopathies Network: checked 2026-10-04,CUR-RASOPATHIES-NETWORK,https://rasopathiesnet.org/,curated_resource,"{""checked_on"": ""2026-10-04"", ""claim"": ""Partnership of RASopathies Network USA and UK, serving the RASopathies.""}"
ORG:NOONAN_SYNDROME_FOUNDATION,Organization,Noonan Syndrome Foundation,Noonan Syndrome Foundation,https://www.teamnoonan.org/,curated_resource,"{""checked_on"": ""2026-10-04"", ""checked_via"": ""https://www.teamnoonan.org/"", ""claim"": ""Supports individuals and families affected by Noonan and Noonan-like syndromes."", ""short_name"": ""Noonan Syndrome Foundation""}"
EVIDENCE:CUR-NOONAN-SYNDROME-FOUNDATION,Evidence,Noonan Syndrome Foundation: checked 2026-10-04,CUR-NOONAN-SYNDROME-FOUNDATION,https://www.teamnoonan.org/,curated_resource,"{""checked_on"": ""2026-10-04"", ""claim"": ""Supports individuals and families affected by Noonan and Noonan-like syndromes.""}"
ORG:CHILDRENS_TUMOR_FOUNDATION,Organization,Children's Tumor Foundation,Children's Tumor Foundation,https://www.ctf.org/,curated_resource,"{""checked_on"": ""2026-10-04"", ""checked_via"": ""https://www.ctf.org/"", ""claim"": ""Drug-discovery foundation for neurofibromatosis type 1 and schwannomatosis."", ""short_name"": ""Children's Tumor Foundation""}"
EVIDENCE:CUR-CHILDRENS-TUMOR-FOUNDATION,Evidence,Children's Tumor Foundation: checked 2026-10-04,CUR-CHILDRENS-TUMOR-FOUNDATION,https://www.ctf.org/,curated_resource,"{""checked_on"": ""2026-10-04"", ""claim"": ""Drug-discovery foundation for neurofibromatosis type 1 and schwannomatosis.""}"
ORG:CFC_INTERNATIONAL,Organization,Cardio Facio Cutaneous Syndrome International,CFC International,https://www.cfcsyndrome.org/,curated_resource,"{""checked_on"": ""2026-10-04"", ""checked_via"": ""https://www.cfcsyndrome.org/"", ""claim"": ""Supports families and funds research for CFC syndrome."", ""short_name"": ""CFC International""}"
EVIDENCE:CUR-CFC-INTERNATIONAL,Evidence,CFC International: checked 2026-10-04,CUR-CFC-INTERNATIONAL,https://www.cfcsyndrome.org/,curated_resource,"{""checked_on"": ""2026-10-04"", ""claim"": ""Supports families and funds research for CFC syndrome.""}"
ORG:BBS_FOUNDATION,Organization,Bardet Biedl Syndrome Foundation,BBS Foundation,https://www.bardetbiedl.org/,curated_resource,"{""checked_on"": ""2026-10-04"", ""checked_via"": ""https://www.bardetbiedl.org/"", ""claim"": ""Connects families and shares information on research, therapies and care for Bardet-Biedl syndrome."", ""short_name"": ""BBS Foundation""}"
EVIDENCE:CUR-BBS-FOUNDATION,Evidence,BBS Foundation: checked 2026-10-04,CUR-BBS-FOUNDATION,https://www.bardetbiedl.org/,curated_resource,"{""checked_on"": ""2026-10-04"", ""claim"": ""Connects families and shares information on research, therapies and care for Bardet-Biedl syndrome.""}"
ORG:JSRDF,Organization,Joubert Syndrome & Related Disorders Foundation,JSRDF,https://jsrdf.org/,curated_resource,"{""checked_on"": ""2026-10-04"", ""checked_via"": ""https://jsrdf.org/"", ""claim"": ""International support network for families affected by Joubert syndrome and related disorders."", ""short_name"": ""JSRDF""}"
EVIDENCE:CUR-JSRDF,Evidence,JSRDF: checked 2026-10-04,CUR-JSRDF,https://jsrdf.org/,curated_resource,"{""checked_on"": ""2026-10-04"", ""claim"": ""International support network for families affected by Joubert syndrome and related disorders.""}"
ORG:ALSTROM_SYNDROME_INTERNATIONAL,Organization,Alstrom Syndrome International,Alstrom Syndrome International,https://www.alstrom.org/,curated_resource,"{""checked_on"": ""2026-10-04"", ""checked_via"": ""https://www.alstrom.org/"", ""claim"": ""Supports research and families affected by Alstrom syndrome."", ""short_name"": ""Alstrom Syndrome International""}"
EVIDENCE:CUR-ALSTROM-SYNDROME-INTERNATIONAL,Evidence,Alstrom Syndrome International: checked 2026-10-04,CUR-ALSTROM-SYNDROME-INTERNATIONAL,https://www.alstrom.org/,curated_resource,"{""checked_on"": ""2026-10-04"", ""claim"": ""Supports research and families affected by Alstrom syndrome.""}"
